{
  "type": "FeatureCollection",
  "name": "03_Foehr_ges_Quer",
  "features": [
    {
      "type": "Feature",
      "id": "101",
      "geometry": {
        "type": "Point",
        "coordinates": [
          8.569505,
          54.687188
        ]
      },
      "properties": {
        "id": "101",
        "typ": "Bohrbrunnen",
        "menge_l_min": null,
        "quellkarte": "03_Foehr_ges_Quer.pdf",
        "ortsname": "Föhr",
        "ortsquelle": "03_Foehr_ges_Quer.pdf",
        "zuordnungsabstand_relativ": 1.499,
        "pdf_x_pt": 3176.736,
        "pdf_y_von_oben_pt": 2093.815,
        "koordinatenquelle": "eingebettete GeoPDF-Georeferenzierung",
        "lagehinweis": "kartografische Symbolposition; nicht vermessungstechnisch oder vor Ort bestätigt",
        "marker-color": "#f9a825",
        "marker-symbol": "water",
        "marker-size": "medium",
        "title": "101 - Bohrbrunnen"
      }
    },
    {
      "type": "Feature",
      "id": "103",
      "geometry": {
        "type": "Point",
        "coordinates": [
          8.569192,
          54.686636
        ]
      },
      "properties": {
        "id": "103",
        "typ": "Hydrant",
        "menge_l_min": 1600,
        "quellkarte": "03_Foehr_ges_Quer.pdf",
        "ortsname": "Föhr",
        "ortsquelle": "03_Foehr_ges_Quer.pdf",
        "zuordnungsabstand_relativ": 0.878,
        "pdf_x_pt": 3170.9,
        "pdf_y_von_oben_pt": 2111.174,
        "koordinatenquelle": "eingebettete GeoPDF-Georeferenzierung",
        "lagehinweis": "kartografische Symbolposition; nicht vermessungstechnisch oder vor Ort bestätigt",
        "marker-color": "#1565c0",
        "marker-symbol": "fire-station",
        "marker-size": "medium",
        "title": "103 - Hydrant"
      }
    },
    {
      "type": "Feature",
      "id": "104",
      "geometry": {
        "type": "Point",
        "coordinates": [
          8.56904,
          54.686389
        ]
      },
      "properties": {
        "id": "104",
        "typ": "Hydrant",
        "menge_l_min": 1600,
        "quellkarte": "03_Foehr_ges_Quer.pdf",
        "ortsname": "Föhr",
        "ortsquelle": "03_Foehr_ges_Quer.pdf",
        "zuordnungsabstand_relativ": 1.386,
        "pdf_x_pt": 3168.078,
        "pdf_y_von_oben_pt": 2118.931,
        "koordinatenquelle": "eingebettete GeoPDF-Georeferenzierung",
        "lagehinweis": "kartografische Symbolposition; nicht vermessungstechnisch oder vor Ort bestätigt",
        "marker-color": "#1565c0",
        "marker-symbol": "fire-station",
        "marker-size": "medium",
        "title": "104 - Hydrant"
      }
    },
    {
      "type": "Feature",
      "id": "105",
      "geometry": {
        "type": "Point",
        "coordinates": [
          8.568909,
          54.688639
        ]
      },
      "properties": {
        "id": "105",
        "typ": "Hydrant",
        "menge_l_min": 1600,
        "quellkarte": "03_Foehr_ges_Quer.pdf",
        "ortsname": "Föhr",
        "ortsquelle": "03_Foehr_ges_Quer.pdf",
        "zuordnungsabstand_relativ": 2.092,
        "pdf_x_pt": 3166.125,
        "pdf_y_von_oben_pt": 2047.984,
        "koordinatenquelle": "eingebettete GeoPDF-Georeferenzierung",
        "lagehinweis": "kartografische Symbolposition; nicht vermessungstechnisch oder vor Ort bestätigt",
        "marker-color": "#1565c0",
        "marker-symbol": "fire-station",
        "marker-size": "medium",
        "title": "105 - Hydrant"
      }
    },
    {
      "type": "Feature",
      "id": "108",
      "geometry": {
        "type": "Point",
        "coordinates": [
          8.567633,
          54.686791
        ]
      },
      "properties": {
        "id": "108",
        "typ": "Hydrant",
        "menge_l_min": 1600,
        "quellkarte": "03_Foehr_ges_Quer.pdf",
        "ortsname": "Föhr",
        "ortsquelle": "03_Foehr_ges_Quer.pdf",
        "zuordnungsabstand_relativ": 0.826,
        "pdf_x_pt": 3142.445,
        "pdf_y_von_oben_pt": 2106.068,
        "koordinatenquelle": "eingebettete GeoPDF-Georeferenzierung",
        "lagehinweis": "kartografische Symbolposition; nicht vermessungstechnisch oder vor Ort bestätigt",
        "marker-color": "#1565c0",
        "marker-symbol": "fire-station",
        "marker-size": "medium",
        "title": "108 - Hydrant"
      }
    },
    {
      "type": "Feature",
      "id": "109",
      "geometry": {
        "type": "Point",
        "coordinates": [
          8.568811,
          54.688128
        ]
      },
      "properties": {
        "id": "109",
        "typ": "Hydrant",
        "menge_l_min": 1600,
        "quellkarte": "03_Foehr_ges_Quer.pdf",
        "ortsname": "Föhr",
        "ortsquelle": "03_Foehr_ges_Quer.pdf",
        "zuordnungsabstand_relativ": 0.797,
        "pdf_x_pt": 3164.23,
        "pdf_y_von_oben_pt": 2064.071,
        "koordinatenquelle": "eingebettete GeoPDF-Georeferenzierung",
        "lagehinweis": "kartografische Symbolposition; nicht vermessungstechnisch oder vor Ort bestätigt",
        "marker-color": "#1565c0",
        "marker-symbol": "fire-station",
        "marker-size": "medium",
        "title": "109 - Hydrant"
      }
    },
    {
      "type": "Feature",
      "id": "110",
      "geometry": {
        "type": "Point",
        "coordinates": [
          8.570057,
          54.688278
        ]
      },
      "properties": {
        "id": "110",
        "typ": "Hydrant",
        "menge_l_min": 1600,
        "quellkarte": "03_Foehr_ges_Quer.pdf",
        "ortsname": "Föhr",
        "ortsquelle": "03_Foehr_ges_Quer.pdf",
        "zuordnungsabstand_relativ": 0.897,
        "pdf_x_pt": 3187.03,
        "pdf_y_von_oben_pt": 2059.515,
        "koordinatenquelle": "eingebettete GeoPDF-Georeferenzierung",
        "lagehinweis": "kartografische Symbolposition; nicht vermessungstechnisch oder vor Ort bestätigt",
        "marker-color": "#1565c0",
        "marker-symbol": "fire-station",
        "marker-size": "medium",
        "title": "110 - Hydrant"
      }
    },
    {
      "type": "Feature",
      "id": "112",
      "geometry": {
        "type": "Point",
        "coordinates": [
          8.568312,
          54.687565
        ]
      },
      "properties": {
        "id": "112",
        "typ": "Hydrant",
        "menge_l_min": 1600,
        "quellkarte": "03_Foehr_ges_Quer.pdf",
        "ortsname": "Föhr",
        "ortsquelle": "03_Foehr_ges_Quer.pdf",
        "zuordnungsabstand_relativ": 0.628,
        "pdf_x_pt": 3155.01,
        "pdf_y_von_oben_pt": 2081.744,
        "koordinatenquelle": "eingebettete GeoPDF-Georeferenzierung",
        "lagehinweis": "kartografische Symbolposition; nicht vermessungstechnisch oder vor Ort bestätigt",
        "marker-color": "#1565c0",
        "marker-symbol": "fire-station",
        "marker-size": "medium",
        "title": "112 - Hydrant"
      }
    },
    {
      "type": "Feature",
      "id": "113",
      "geometry": {
        "type": "Point",
        "coordinates": [
          8.566584,
          54.687098
        ]
      },
      "properties": {
        "id": "113",
        "typ": "Hydrant",
        "menge_l_min": 1600,
        "quellkarte": "03_Foehr_ges_Quer.pdf",
        "ortsname": "Föhr",
        "ortsquelle": "03_Foehr_ges_Quer.pdf",
        "zuordnungsabstand_relativ": 1.14,
        "pdf_x_pt": 3123.343,
        "pdf_y_von_oben_pt": 2096.244,
        "koordinatenquelle": "eingebettete GeoPDF-Georeferenzierung",
        "lagehinweis": "kartografische Symbolposition; nicht vermessungstechnisch oder vor Ort bestätigt",
        "marker-color": "#1565c0",
        "marker-symbol": "fire-station",
        "marker-size": "medium",
        "title": "113 - Hydrant"
      }
    },
    {
      "type": "Feature",
      "id": "114",
      "geometry": {
        "type": "Point",
        "coordinates": [
          8.565667,
          54.68755
        ]
      },
      "properties": {
        "id": "114",
        "typ": "Hydrant",
        "menge_l_min": 1600,
        "quellkarte": "03_Foehr_ges_Quer.pdf",
        "ortsname": "Föhr",
        "ortsquelle": "03_Foehr_ges_Quer.pdf",
        "zuordnungsabstand_relativ": 1.075,
        "pdf_x_pt": 3106.677,
        "pdf_y_von_oben_pt": 2081.861,
        "koordinatenquelle": "eingebettete GeoPDF-Georeferenzierung",
        "lagehinweis": "kartografische Symbolposition; nicht vermessungstechnisch oder vor Ort bestätigt",
        "marker-color": "#1565c0",
        "marker-symbol": "fire-station",
        "marker-size": "medium",
        "title": "114 - Hydrant"
      }
    },
    {
      "type": "Feature",
      "id": "115",
      "geometry": {
        "type": "Point",
        "coordinates": [
          8.565223,
          54.688686
        ]
      },
      "properties": {
        "id": "115",
        "typ": "Hydrant",
        "menge_l_min": 1600,
        "quellkarte": "03_Foehr_ges_Quer.pdf",
        "ortsname": "Föhr",
        "ortsquelle": "03_Foehr_ges_Quer.pdf",
        "zuordnungsabstand_relativ": 1.116,
        "pdf_x_pt": 3098.798,
        "pdf_y_von_oben_pt": 2046.004,
        "koordinatenquelle": "eingebettete GeoPDF-Georeferenzierung",
        "lagehinweis": "kartografische Symbolposition; nicht vermessungstechnisch oder vor Ort bestätigt",
        "marker-color": "#1565c0",
        "marker-symbol": "fire-station",
        "marker-size": "medium",
        "title": "115 - Hydrant"
      }
    },
    {
      "type": "Feature",
      "id": "119",
      "geometry": {
        "type": "Point",
        "coordinates": [
          8.568485,
          54.685549
        ]
      },
      "properties": {
        "id": "119",
        "typ": "Hydrant",
        "menge_l_min": 1600,
        "quellkarte": "03_Foehr_ges_Quer.pdf",
        "ortsname": "Föhr",
        "ortsquelle": "03_Foehr_ges_Quer.pdf",
        "zuordnungsabstand_relativ": 0.8,
        "pdf_x_pt": 3157.787,
        "pdf_y_von_oben_pt": 2145.352,
        "koordinatenquelle": "eingebettete GeoPDF-Georeferenzierung",
        "lagehinweis": "kartografische Symbolposition; nicht vermessungstechnisch oder vor Ort bestätigt",
        "marker-color": "#1565c0",
        "marker-symbol": "fire-station",
        "marker-size": "medium",
        "title": "119 - Hydrant"
      }
    },
    {
      "type": "Feature",
      "id": "120",
      "geometry": {
        "type": "Point",
        "coordinates": [
          8.568447,
          54.68475
        ]
      },
      "properties": {
        "id": "120",
        "typ": "Hydrant",
        "menge_l_min": 1600,
        "quellkarte": "03_Foehr_ges_Quer.pdf",
        "ortsname": "Föhr",
        "ortsquelle": "03_Foehr_ges_Quer.pdf",
        "zuordnungsabstand_relativ": 0.893,
        "pdf_x_pt": 3156.931,
        "pdf_y_von_oben_pt": 2170.547,
        "koordinatenquelle": "eingebettete GeoPDF-Georeferenzierung",
        "lagehinweis": "kartografische Symbolposition; nicht vermessungstechnisch oder vor Ort bestätigt",
        "marker-color": "#1565c0",
        "marker-symbol": "fire-station",
        "marker-size": "medium",
        "title": "120 - Hydrant"
      }
    },
    {
      "type": "Feature",
      "id": "121",
      "geometry": {
        "type": "Point",
        "coordinates": [
          8.568463,
          54.684217
        ]
      },
      "properties": {
        "id": "121",
        "typ": "Hydrant",
        "menge_l_min": 1600,
        "quellkarte": "03_Foehr_ges_Quer.pdf",
        "ortsname": "Föhr",
        "ortsquelle": "03_Foehr_ges_Quer.pdf",
        "zuordnungsabstand_relativ": 0.864,
        "pdf_x_pt": 3157.122,
        "pdf_y_von_oben_pt": 2187.352,
        "koordinatenquelle": "eingebettete GeoPDF-Georeferenzierung",
        "lagehinweis": "kartografische Symbolposition; nicht vermessungstechnisch oder vor Ort bestätigt",
        "marker-color": "#1565c0",
        "marker-symbol": "fire-station",
        "marker-size": "medium",
        "title": "121 - Hydrant"
      }
    },
    {
      "type": "Feature",
      "id": "122",
      "geometry": {
        "type": "Point",
        "coordinates": [
          8.567305,
          54.683706
        ]
      },
      "properties": {
        "id": "122",
        "typ": "Hydrant",
        "menge_l_min": 1600,
        "quellkarte": "03_Foehr_ges_Quer.pdf",
        "ortsname": "Föhr",
        "ortsquelle": "03_Foehr_ges_Quer.pdf",
        "zuordnungsabstand_relativ": 0.963,
        "pdf_x_pt": 3135.855,
        "pdf_y_von_oben_pt": 2203.305,
        "koordinatenquelle": "eingebettete GeoPDF-Georeferenzierung",
        "lagehinweis": "kartografische Symbolposition; nicht vermessungstechnisch oder vor Ort bestätigt",
        "marker-color": "#1565c0",
        "marker-symbol": "fire-station",
        "marker-size": "medium",
        "title": "122 - Hydrant"
      }
    },
    {
      "type": "Feature",
      "id": "123",
      "geometry": {
        "type": "Point",
        "coordinates": [
          8.567017,
          54.686191
        ]
      },
      "properties": {
        "id": "123",
        "typ": "Hydrant",
        "menge_l_min": 1600,
        "quellkarte": "03_Foehr_ges_Quer.pdf",
        "ortsname": "Föhr",
        "ortsquelle": "03_Foehr_ges_Quer.pdf",
        "zuordnungsabstand_relativ": 1.102,
        "pdf_x_pt": 3131.089,
        "pdf_y_von_oben_pt": 2124.898,
        "koordinatenquelle": "eingebettete GeoPDF-Georeferenzierung",
        "lagehinweis": "kartografische Symbolposition; nicht vermessungstechnisch oder vor Ort bestätigt",
        "marker-color": "#1565c0",
        "marker-symbol": "fire-station",
        "marker-size": "medium",
        "title": "123 - Hydrant"
      }
    },
    {
      "type": "Feature",
      "id": "124",
      "geometry": {
        "type": "Point",
        "coordinates": [
          8.566445,
          54.685522
        ]
      },
      "properties": {
        "id": "124",
        "typ": "Hydrant",
        "menge_l_min": 1600,
        "quellkarte": "03_Foehr_ges_Quer.pdf",
        "ortsname": "Föhr",
        "ortsquelle": "03_Foehr_ges_Quer.pdf",
        "zuordnungsabstand_relativ": 0.793,
        "pdf_x_pt": 3120.511,
        "pdf_y_von_oben_pt": 2145.925,
        "koordinatenquelle": "eingebettete GeoPDF-Georeferenzierung",
        "lagehinweis": "kartografische Symbolposition; nicht vermessungstechnisch oder vor Ort bestätigt",
        "marker-color": "#1565c0",
        "marker-symbol": "fire-station",
        "marker-size": "medium",
        "title": "124 - Hydrant"
      }
    },
    {
      "type": "Feature",
      "id": "125",
      "geometry": {
        "type": "Point",
        "coordinates": [
          8.565792,
          54.6848
        ]
      },
      "properties": {
        "id": "125",
        "typ": "Hydrant",
        "menge_l_min": 1600,
        "quellkarte": "03_Foehr_ges_Quer.pdf",
        "ortsname": "Föhr",
        "ortsquelle": "03_Foehr_ges_Quer.pdf",
        "zuordnungsabstand_relativ": 0.817,
        "pdf_x_pt": 3108.428,
        "pdf_y_von_oben_pt": 2168.603,
        "koordinatenquelle": "eingebettete GeoPDF-Georeferenzierung",
        "lagehinweis": "kartografische Symbolposition; nicht vermessungstechnisch oder vor Ort bestätigt",
        "marker-color": "#1565c0",
        "marker-symbol": "fire-station",
        "marker-size": "medium",
        "title": "125 - Hydrant"
      }
    },
    {
      "type": "Feature",
      "id": "126",
      "geometry": {
        "type": "Point",
        "coordinates": [
          8.565279,
          54.684319
        ]
      },
      "properties": {
        "id": "126",
        "typ": "Hydrant",
        "menge_l_min": 1600,
        "quellkarte": "03_Foehr_ges_Quer.pdf",
        "ortsname": "Föhr",
        "ortsquelle": "03_Foehr_ges_Quer.pdf",
        "zuordnungsabstand_relativ": 0.985,
        "pdf_x_pt": 3098.958,
        "pdf_y_von_oben_pt": 2183.698,
        "koordinatenquelle": "eingebettete GeoPDF-Georeferenzierung",
        "lagehinweis": "kartografische Symbolposition; nicht vermessungstechnisch oder vor Ort bestätigt",
        "marker-color": "#1565c0",
        "marker-symbol": "fire-station",
        "marker-size": "medium",
        "title": "126 - Hydrant"
      }
    },
    {
      "type": "Feature",
      "id": "127",
      "geometry": {
        "type": "Point",
        "coordinates": [
          8.565672,
          54.686049
        ]
      },
      "properties": {
        "id": "127",
        "typ": "Hydrant",
        "menge_l_min": 1600,
        "quellkarte": "03_Foehr_ges_Quer.pdf",
        "ortsname": "Föhr",
        "ortsquelle": "03_Foehr_ges_Quer.pdf",
        "zuordnungsabstand_relativ": 0.881,
        "pdf_x_pt": 3106.475,
        "pdf_y_von_oben_pt": 2129.198,
        "koordinatenquelle": "eingebettete GeoPDF-Georeferenzierung",
        "lagehinweis": "kartografische Symbolposition; nicht vermessungstechnisch oder vor Ort bestätigt",
        "marker-color": "#1565c0",
        "marker-symbol": "fire-station",
        "marker-size": "medium",
        "title": "127 - Hydrant"
      }
    },
    {
      "type": "Feature",
      "id": "128",
      "geometry": {
        "type": "Point",
        "coordinates": [
          8.565187,
          54.685531
        ]
      },
      "properties": {
        "id": "128",
        "typ": "Hydrant",
        "menge_l_min": 1600,
        "quellkarte": "03_Foehr_ges_Quer.pdf",
        "ortsname": "Föhr",
        "ortsquelle": "03_Foehr_ges_Quer.pdf",
        "zuordnungsabstand_relativ": 0.835,
        "pdf_x_pt": 3097.519,
        "pdf_y_von_oben_pt": 2145.488,
        "koordinatenquelle": "eingebettete GeoPDF-Georeferenzierung",
        "lagehinweis": "kartografische Symbolposition; nicht vermessungstechnisch oder vor Ort bestätigt",
        "marker-color": "#1565c0",
        "marker-symbol": "fire-station",
        "marker-size": "medium",
        "title": "128 - Hydrant"
      }
    },
    {
      "type": "Feature",
      "id": "129",
      "geometry": {
        "type": "Point",
        "coordinates": [
          8.564864,
          54.685528
        ]
      },
      "properties": {
        "id": "129",
        "typ": "Hydrant",
        "menge_l_min": 1600,
        "quellkarte": "03_Foehr_ges_Quer.pdf",
        "ortsname": "Föhr",
        "ortsquelle": "03_Foehr_ges_Quer.pdf",
        "zuordnungsabstand_relativ": 0.962,
        "pdf_x_pt": 3091.62,
        "pdf_y_von_oben_pt": 2145.511,
        "koordinatenquelle": "eingebettete GeoPDF-Georeferenzierung",
        "lagehinweis": "kartografische Symbolposition; nicht vermessungstechnisch oder vor Ort bestätigt",
        "marker-color": "#1565c0",
        "marker-symbol": "fire-station",
        "marker-size": "medium",
        "title": "129 - Hydrant"
      }
    },
    {
      "type": "Feature",
      "id": "130",
      "geometry": {
        "type": "Point",
        "coordinates": [
          8.56385,
          54.684849
        ]
      },
      "properties": {
        "id": "130",
        "typ": "Hydrant",
        "menge_l_min": 1600,
        "quellkarte": "03_Foehr_ges_Quer.pdf",
        "ortsname": "Föhr",
        "ortsquelle": "03_Foehr_ges_Quer.pdf",
        "zuordnungsabstand_relativ": 0.959,
        "pdf_x_pt": 3072.957,
        "pdf_y_von_oben_pt": 2166.798,
        "koordinatenquelle": "eingebettete GeoPDF-Georeferenzierung",
        "lagehinweis": "kartografische Symbolposition; nicht vermessungstechnisch oder vor Ort bestätigt",
        "marker-color": "#1565c0",
        "marker-symbol": "fire-station",
        "marker-size": "medium",
        "title": "130 - Hydrant"
      }
    },
    {
      "type": "Feature",
      "id": "131",
      "geometry": {
        "type": "Point",
        "coordinates": [
          8.563349,
          54.685204
        ]
      },
      "properties": {
        "id": "131",
        "typ": "E-Bohrbrunnen",
        "menge_l_min": null,
        "quellkarte": "03_Foehr_ges_Quer.pdf",
        "ortsname": "Föhr",
        "ortsquelle": "03_Foehr_ges_Quer.pdf",
        "zuordnungsabstand_relativ": 1.276,
        "pdf_x_pt": 3063.884,
        "pdf_y_von_oben_pt": 2155.527,
        "koordinatenquelle": "eingebettete GeoPDF-Georeferenzierung",
        "lagehinweis": "kartografische Symbolposition; nicht vermessungstechnisch oder vor Ort bestätigt",
        "marker-color": "#8e24aa",
        "marker-symbol": "industrial",
        "marker-size": "medium",
        "title": "131 - E-Bohrbrunnen"
      }
    },
    {
      "type": "Feature",
      "id": "133",
      "geometry": {
        "type": "Point",
        "coordinates": [
          8.563726,
          54.687005
        ]
      },
      "properties": {
        "id": "133",
        "typ": "Hydrant",
        "menge_l_min": 1600,
        "quellkarte": "03_Foehr_ges_Quer.pdf",
        "ortsname": "Föhr",
        "ortsquelle": "03_Foehr_ges_Quer.pdf",
        "zuordnungsabstand_relativ": 0.869,
        "pdf_x_pt": 3071.109,
        "pdf_y_von_oben_pt": 2098.796,
        "koordinatenquelle": "eingebettete GeoPDF-Georeferenzierung",
        "lagehinweis": "kartografische Symbolposition; nicht vermessungstechnisch oder vor Ort bestätigt",
        "marker-color": "#1565c0",
        "marker-symbol": "fire-station",
        "marker-size": "medium",
        "title": "133 - Hydrant"
      }
    },
    {
      "type": "Feature",
      "id": "134",
      "geometry": {
        "type": "Point",
        "coordinates": [
          8.562393,
          54.685763
        ]
      },
      "properties": {
        "id": "134",
        "typ": "Hydrant",
        "menge_l_min": 1600,
        "quellkarte": "03_Foehr_ges_Quer.pdf",
        "ortsname": "Föhr",
        "ortsquelle": "03_Foehr_ges_Quer.pdf",
        "zuordnungsabstand_relativ": 0.79,
        "pdf_x_pt": 3046.516,
        "pdf_y_von_oben_pt": 2137.774,
        "koordinatenquelle": "eingebettete GeoPDF-Georeferenzierung",
        "lagehinweis": "kartografische Symbolposition; nicht vermessungstechnisch oder vor Ort bestätigt",
        "marker-color": "#1565c0",
        "marker-symbol": "fire-station",
        "marker-size": "medium",
        "title": "134 - Hydrant"
      }
    },
    {
      "type": "Feature",
      "id": "135",
      "geometry": {
        "type": "Point",
        "coordinates": [
          8.567064,
          54.681978
        ]
      },
      "properties": {
        "id": "135",
        "typ": "Hydrant",
        "menge_l_min": 1600,
        "quellkarte": "03_Foehr_ges_Quer.pdf",
        "ortsname": "Föhr",
        "ortsquelle": "03_Foehr_ges_Quer.pdf",
        "zuordnungsabstand_relativ": 0.877,
        "pdf_x_pt": 3131.127,
        "pdf_y_von_oben_pt": 2257.755,
        "koordinatenquelle": "eingebettete GeoPDF-Georeferenzierung",
        "lagehinweis": "kartografische Symbolposition; nicht vermessungstechnisch oder vor Ort bestätigt",
        "marker-color": "#1565c0",
        "marker-symbol": "fire-station",
        "marker-size": "medium",
        "title": "135 - Hydrant"
      }
    },
    {
      "type": "Feature",
      "id": "136",
      "geometry": {
        "type": "Point",
        "coordinates": [
          8.56633,
          54.681195
        ]
      },
      "properties": {
        "id": "136",
        "typ": "Hydrant",
        "menge_l_min": 1600,
        "quellkarte": "03_Foehr_ges_Quer.pdf",
        "ortsname": "Föhr",
        "ortsquelle": "03_Foehr_ges_Quer.pdf",
        "zuordnungsabstand_relativ": 0.789,
        "pdf_x_pt": 3117.564,
        "pdf_y_von_oben_pt": 2282.339,
        "koordinatenquelle": "eingebettete GeoPDF-Georeferenzierung",
        "lagehinweis": "kartografische Symbolposition; nicht vermessungstechnisch oder vor Ort bestätigt",
        "marker-color": "#1565c0",
        "marker-symbol": "fire-station",
        "marker-size": "medium",
        "title": "136 - Hydrant"
      }
    },
    {
      "type": "Feature",
      "id": "137",
      "geometry": {
        "type": "Point",
        "coordinates": [
          8.564521,
          54.681192
        ]
      },
      "properties": {
        "id": "137",
        "typ": "Hydrant",
        "menge_l_min": 1600,
        "quellkarte": "03_Foehr_ges_Quer.pdf",
        "ortsname": "Föhr",
        "ortsquelle": "03_Foehr_ges_Quer.pdf",
        "zuordnungsabstand_relativ": 0.891,
        "pdf_x_pt": 3084.5,
        "pdf_y_von_oben_pt": 2282.213,
        "koordinatenquelle": "eingebettete GeoPDF-Georeferenzierung",
        "lagehinweis": "kartografische Symbolposition; nicht vermessungstechnisch oder vor Ort bestätigt",
        "marker-color": "#1565c0",
        "marker-symbol": "fire-station",
        "marker-size": "medium",
        "title": "137 - Hydrant"
      }
    },
    {
      "type": "Feature",
      "id": "138",
      "geometry": {
        "type": "Point",
        "coordinates": [
          8.564436,
          54.681938
        ]
      },
      "properties": {
        "id": "138",
        "typ": "Hydrant",
        "menge_l_min": 1600,
        "quellkarte": "03_Foehr_ges_Quer.pdf",
        "ortsname": "Föhr",
        "ortsquelle": "03_Foehr_ges_Quer.pdf",
        "zuordnungsabstand_relativ": 1.084,
        "pdf_x_pt": 3083.098,
        "pdf_y_von_oben_pt": 2258.673,
        "koordinatenquelle": "eingebettete GeoPDF-Georeferenzierung",
        "lagehinweis": "kartografische Symbolposition; nicht vermessungstechnisch oder vor Ort bestätigt",
        "marker-color": "#1565c0",
        "marker-symbol": "fire-station",
        "marker-size": "medium",
        "title": "138 - Hydrant"
      }
    },
    {
      "type": "Feature",
      "id": "139",
      "geometry": {
        "type": "Point",
        "coordinates": [
          8.563518,
          54.682083
        ]
      },
      "properties": {
        "id": "139",
        "typ": "Hydrant",
        "menge_l_min": 1600,
        "quellkarte": "03_Foehr_ges_Quer.pdf",
        "ortsname": "Föhr",
        "ortsquelle": "03_Foehr_ges_Quer.pdf",
        "zuordnungsabstand_relativ": 0.828,
        "pdf_x_pt": 3066.354,
        "pdf_y_von_oben_pt": 2253.962,
        "koordinatenquelle": "eingebettete GeoPDF-Georeferenzierung",
        "lagehinweis": "kartografische Symbolposition; nicht vermessungstechnisch oder vor Ort bestätigt",
        "marker-color": "#1565c0",
        "marker-symbol": "fire-station",
        "marker-size": "medium",
        "title": "139 - Hydrant"
      }
    },
    {
      "type": "Feature",
      "id": "140",
      "geometry": {
        "type": "Point",
        "coordinates": [
          8.563082,
          54.681726
        ]
      },
      "properties": {
        "id": "140",
        "typ": "Hydrant",
        "menge_l_min": 1600,
        "quellkarte": "03_Foehr_ges_Quer.pdf",
        "ortsname": "Föhr",
        "ortsquelle": "03_Foehr_ges_Quer.pdf",
        "zuordnungsabstand_relativ": 1.548,
        "pdf_x_pt": 3058.309,
        "pdf_y_von_oben_pt": 2265.18,
        "koordinatenquelle": "eingebettete GeoPDF-Georeferenzierung",
        "lagehinweis": "kartografische Symbolposition; nicht vermessungstechnisch oder vor Ort bestätigt",
        "marker-color": "#1565c0",
        "marker-symbol": "fire-station",
        "marker-size": "medium",
        "title": "140 - Hydrant"
      }
    },
    {
      "type": "Feature",
      "id": "141",
      "geometry": {
        "type": "Point",
        "coordinates": [
          8.562472,
          54.682119
        ]
      },
      "properties": {
        "id": "141",
        "typ": "Hydrant",
        "menge_l_min": 1600,
        "quellkarte": "03_Foehr_ges_Quer.pdf",
        "ortsname": "Föhr",
        "ortsquelle": "03_Foehr_ges_Quer.pdf",
        "zuordnungsabstand_relativ": 0.811,
        "pdf_x_pt": 3047.243,
        "pdf_y_von_oben_pt": 2252.695,
        "koordinatenquelle": "eingebettete GeoPDF-Georeferenzierung",
        "lagehinweis": "kartografische Symbolposition; nicht vermessungstechnisch oder vor Ort bestätigt",
        "marker-color": "#1565c0",
        "marker-symbol": "fire-station",
        "marker-size": "medium",
        "title": "141 - Hydrant"
      }
    },
    {
      "type": "Feature",
      "id": "142",
      "geometry": {
        "type": "Point",
        "coordinates": [
          8.56219,
          54.682881
        ]
      },
      "properties": {
        "id": "142",
        "typ": "Hydrant",
        "menge_l_min": 1600,
        "quellkarte": "03_Foehr_ges_Quer.pdf",
        "ortsname": "Föhr",
        "ortsquelle": "03_Foehr_ges_Quer.pdf",
        "zuordnungsabstand_relativ": 0.579,
        "pdf_x_pt": 3042.245,
        "pdf_y_von_oben_pt": 2228.651,
        "koordinatenquelle": "eingebettete GeoPDF-Georeferenzierung",
        "lagehinweis": "kartografische Symbolposition; nicht vermessungstechnisch oder vor Ort bestätigt",
        "marker-color": "#1565c0",
        "marker-symbol": "fire-station",
        "marker-size": "medium",
        "title": "142 - Hydrant"
      }
    },
    {
      "type": "Feature",
      "id": "143",
      "geometry": {
        "type": "Point",
        "coordinates": [
          8.563736,
          54.68303
        ]
      },
      "properties": {
        "id": "143",
        "typ": "Hydrant",
        "menge_l_min": 1600,
        "quellkarte": "03_Foehr_ges_Quer.pdf",
        "ortsname": "Föhr",
        "ortsquelle": "03_Foehr_ges_Quer.pdf",
        "zuordnungsabstand_relativ": 1.075,
        "pdf_x_pt": 3070.517,
        "pdf_y_von_oben_pt": 2224.152,
        "koordinatenquelle": "eingebettete GeoPDF-Georeferenzierung",
        "lagehinweis": "kartografische Symbolposition; nicht vermessungstechnisch oder vor Ort bestätigt",
        "marker-color": "#1565c0",
        "marker-symbol": "fire-station",
        "marker-size": "medium",
        "title": "143 - Hydrant"
      }
    },
    {
      "type": "Feature",
      "id": "144",
      "geometry": {
        "type": "Point",
        "coordinates": [
          8.564308,
          54.683853
        ]
      },
      "properties": {
        "id": "144",
        "typ": "Hydrant",
        "menge_l_min": 800,
        "quellkarte": "03_Foehr_ges_Quer.pdf",
        "ortsname": "Föhr",
        "ortsquelle": "03_Foehr_ges_Quer.pdf",
        "zuordnungsabstand_relativ": 1.096,
        "pdf_x_pt": 3081.135,
        "pdf_y_von_oben_pt": 2198.284,
        "koordinatenquelle": "eingebettete GeoPDF-Georeferenzierung",
        "lagehinweis": "kartografische Symbolposition; nicht vermessungstechnisch oder vor Ort bestätigt",
        "marker-color": "#1565c0",
        "marker-symbol": "fire-station",
        "marker-size": "medium",
        "title": "144 - Hydrant"
      }
    },
    {
      "type": "Feature",
      "id": "145",
      "geometry": {
        "type": "Point",
        "coordinates": [
          8.563072,
          54.683965
        ]
      },
      "properties": {
        "id": "145",
        "typ": "Hydrant",
        "menge_l_min": 1600,
        "quellkarte": "03_Foehr_ges_Quer.pdf",
        "ortsname": "Föhr",
        "ortsquelle": "03_Foehr_ges_Quer.pdf",
        "zuordnungsabstand_relativ": 0.993,
        "pdf_x_pt": 3058.567,
        "pdf_y_von_oben_pt": 2194.569,
        "koordinatenquelle": "eingebettete GeoPDF-Georeferenzierung",
        "lagehinweis": "kartografische Symbolposition; nicht vermessungstechnisch oder vor Ort bestätigt",
        "marker-color": "#1565c0",
        "marker-symbol": "fire-station",
        "marker-size": "medium",
        "title": "145 - Hydrant"
      }
    },
    {
      "type": "Feature",
      "id": "146",
      "geometry": {
        "type": "Point",
        "coordinates": [
          8.561584,
          54.684839
        ]
      },
      "properties": {
        "id": "146",
        "typ": "Hydrant",
        "menge_l_min": 1600,
        "quellkarte": "03_Foehr_ges_Quer.pdf",
        "ortsname": "Föhr",
        "ortsquelle": "03_Foehr_ges_Quer.pdf",
        "zuordnungsabstand_relativ": 0.945,
        "pdf_x_pt": 3031.55,
        "pdf_y_von_oben_pt": 2166.824,
        "koordinatenquelle": "eingebettete GeoPDF-Georeferenzierung",
        "lagehinweis": "kartografische Symbolposition; nicht vermessungstechnisch oder vor Ort bestätigt",
        "marker-color": "#1565c0",
        "marker-symbol": "fire-station",
        "marker-size": "medium",
        "title": "146 - Hydrant"
      }
    },
    {
      "type": "Feature",
      "id": "147",
      "geometry": {
        "type": "Point",
        "coordinates": [
          8.560806,
          54.683971
        ]
      },
      "properties": {
        "id": "147",
        "typ": "Hydrant",
        "menge_l_min": 1600,
        "quellkarte": "03_Foehr_ges_Quer.pdf",
        "ortsname": "Föhr",
        "ortsquelle": "03_Foehr_ges_Quer.pdf",
        "zuordnungsabstand_relativ": 0.855,
        "pdf_x_pt": 3017.175,
        "pdf_y_von_oben_pt": 2194.078,
        "koordinatenquelle": "eingebettete GeoPDF-Georeferenzierung",
        "lagehinweis": "kartografische Symbolposition; nicht vermessungstechnisch oder vor Ort bestätigt",
        "marker-color": "#1565c0",
        "marker-symbol": "fire-station",
        "marker-size": "medium",
        "title": "147 - Hydrant"
      }
    },
    {
      "type": "Feature",
      "id": "148",
      "geometry": {
        "type": "Point",
        "coordinates": [
          8.560216,
          54.683168
        ]
      },
      "properties": {
        "id": "148",
        "typ": "Hydrant",
        "menge_l_min": 1600,
        "quellkarte": "03_Foehr_ges_Quer.pdf",
        "ortsname": "Föhr",
        "ortsquelle": "03_Foehr_ges_Quer.pdf",
        "zuordnungsabstand_relativ": 0.813,
        "pdf_x_pt": 3006.228,
        "pdf_y_von_oben_pt": 2219.309,
        "koordinatenquelle": "eingebettete GeoPDF-Georeferenzierung",
        "lagehinweis": "kartografische Symbolposition; nicht vermessungstechnisch oder vor Ort bestätigt",
        "marker-color": "#1565c0",
        "marker-symbol": "fire-station",
        "marker-size": "medium",
        "title": "148 - Hydrant"
      }
    },
    {
      "type": "Feature",
      "id": "149",
      "geometry": {
        "type": "Point",
        "coordinates": [
          8.559608,
          54.682431
        ]
      },
      "properties": {
        "id": "149",
        "typ": "Hydrant",
        "menge_l_min": 1600,
        "quellkarte": "03_Foehr_ges_Quer.pdf",
        "ortsname": "Föhr",
        "ortsquelle": "03_Foehr_ges_Quer.pdf",
        "zuordnungsabstand_relativ": 0.841,
        "pdf_x_pt": 2994.98,
        "pdf_y_von_oben_pt": 2242.481,
        "koordinatenquelle": "eingebettete GeoPDF-Georeferenzierung",
        "lagehinweis": "kartografische Symbolposition; nicht vermessungstechnisch oder vor Ort bestätigt",
        "marker-color": "#1565c0",
        "marker-symbol": "fire-station",
        "marker-size": "medium",
        "title": "149 - Hydrant"
      }
    },
    {
      "type": "Feature",
      "id": "150",
      "geometry": {
        "type": "Point",
        "coordinates": [
          8.559073,
          54.681673
        ]
      },
      "properties": {
        "id": "150",
        "typ": "Hydrant",
        "menge_l_min": 1600,
        "quellkarte": "03_Foehr_ges_Quer.pdf",
        "ortsname": "Föhr",
        "ortsquelle": "03_Foehr_ges_Quer.pdf",
        "zuordnungsabstand_relativ": 0.843,
        "pdf_x_pt": 2985.048,
        "pdf_y_von_oben_pt": 2266.303,
        "koordinatenquelle": "eingebettete GeoPDF-Georeferenzierung",
        "lagehinweis": "kartografische Symbolposition; nicht vermessungstechnisch oder vor Ort bestätigt",
        "marker-color": "#1565c0",
        "marker-symbol": "fire-station",
        "marker-size": "medium",
        "title": "150 - Hydrant"
      }
    },
    {
      "type": "Feature",
      "id": "152",
      "geometry": {
        "type": "Point",
        "coordinates": [
          8.558342,
          54.680836
        ]
      },
      "properties": {
        "id": "152",
        "typ": "Hydrant",
        "menge_l_min": 1600,
        "quellkarte": "03_Foehr_ges_Quer.pdf",
        "ortsname": "Föhr",
        "ortsquelle": "03_Foehr_ges_Quer.pdf",
        "zuordnungsabstand_relativ": 0.988,
        "pdf_x_pt": 2971.533,
        "pdf_y_von_oben_pt": 2292.599,
        "koordinatenquelle": "eingebettete GeoPDF-Georeferenzierung",
        "lagehinweis": "kartografische Symbolposition; nicht vermessungstechnisch oder vor Ort bestätigt",
        "marker-color": "#1565c0",
        "marker-symbol": "fire-station",
        "marker-size": "medium",
        "title": "152 - Hydrant"
      }
    },
    {
      "type": "Feature",
      "id": "154",
      "geometry": {
        "type": "Point",
        "coordinates": [
          8.564826,
          54.68057
        ]
      },
      "properties": {
        "id": "154",
        "typ": "Hydrant",
        "menge_l_min": 1600,
        "quellkarte": "03_Foehr_ges_Quer.pdf",
        "ortsname": "Föhr",
        "ortsquelle": "03_Foehr_ges_Quer.pdf",
        "zuordnungsabstand_relativ": 0.826,
        "pdf_x_pt": 3089.954,
        "pdf_y_von_oben_pt": 2301.855,
        "koordinatenquelle": "eingebettete GeoPDF-Georeferenzierung",
        "lagehinweis": "kartografische Symbolposition; nicht vermessungstechnisch oder vor Ort bestätigt",
        "marker-color": "#1565c0",
        "marker-symbol": "fire-station",
        "marker-size": "medium",
        "title": "154 - Hydrant"
      }
    },
    {
      "type": "Feature",
      "id": "155",
      "geometry": {
        "type": "Point",
        "coordinates": [
          8.563091,
          54.680415
        ]
      },
      "properties": {
        "id": "155",
        "typ": "Bohrbrunnen",
        "menge_l_min": null,
        "quellkarte": "03_Foehr_ges_Quer.pdf",
        "ortsname": "Föhr",
        "ortsquelle": "03_Foehr_ges_Quer.pdf",
        "zuordnungsabstand_relativ": 0.981,
        "pdf_x_pt": 3058.229,
        "pdf_y_von_oben_pt": 2306.521,
        "koordinatenquelle": "eingebettete GeoPDF-Georeferenzierung",
        "lagehinweis": "kartografische Symbolposition; nicht vermessungstechnisch oder vor Ort bestätigt",
        "marker-color": "#f9a825",
        "marker-symbol": "water",
        "marker-size": "medium",
        "title": "155 - Bohrbrunnen"
      }
    },
    {
      "type": "Feature",
      "id": "156",
      "geometry": {
        "type": "Point",
        "coordinates": [
          8.562486,
          54.680264
        ]
      },
      "properties": {
        "id": "156",
        "typ": "Hydrant",
        "menge_l_min": 1600,
        "quellkarte": "03_Foehr_ges_Quer.pdf",
        "ortsname": "Föhr",
        "ortsquelle": "03_Foehr_ges_Quer.pdf",
        "zuordnungsabstand_relativ": 0.811,
        "pdf_x_pt": 3047.136,
        "pdf_y_von_oben_pt": 2311.187,
        "koordinatenquelle": "eingebettete GeoPDF-Georeferenzierung",
        "lagehinweis": "kartografische Symbolposition; nicht vermessungstechnisch oder vor Ort bestätigt",
        "marker-color": "#1565c0",
        "marker-symbol": "fire-station",
        "marker-size": "medium",
        "title": "156 - Hydrant"
      }
    },
    {
      "type": "Feature",
      "id": "158",
      "geometry": {
        "type": "Point",
        "coordinates": [
          8.56086,
          54.680132
        ]
      },
      "properties": {
        "id": "158",
        "typ": "Hydrant",
        "menge_l_min": 1600,
        "quellkarte": "03_Foehr_ges_Quer.pdf",
        "ortsname": "Föhr",
        "ortsquelle": "03_Foehr_ges_Quer.pdf",
        "zuordnungsabstand_relativ": 0.903,
        "pdf_x_pt": 3017.395,
        "pdf_y_von_oben_pt": 2315.145,
        "koordinatenquelle": "eingebettete GeoPDF-Georeferenzierung",
        "lagehinweis": "kartografische Symbolposition; nicht vermessungstechnisch oder vor Ort bestätigt",
        "marker-color": "#1565c0",
        "marker-symbol": "fire-station",
        "marker-size": "medium",
        "title": "158 - Hydrant"
      }
    },
    {
      "type": "Feature",
      "id": "159",
      "geometry": {
        "type": "Point",
        "coordinates": [
          8.559367,
          54.680102
        ]
      },
      "properties": {
        "id": "159",
        "typ": "Hydrant",
        "menge_l_min": 1600,
        "quellkarte": "03_Foehr_ges_Quer.pdf",
        "ortsname": "Föhr",
        "ortsquelle": "03_Foehr_ges_Quer.pdf",
        "zuordnungsabstand_relativ": 0.868,
        "pdf_x_pt": 2990.111,
        "pdf_y_von_oben_pt": 2315.873,
        "koordinatenquelle": "eingebettete GeoPDF-Georeferenzierung",
        "lagehinweis": "kartografische Symbolposition; nicht vermessungstechnisch oder vor Ort bestätigt",
        "marker-color": "#1565c0",
        "marker-symbol": "fire-station",
        "marker-size": "medium",
        "title": "159 - Hydrant"
      }
    },
    {
      "type": "Feature",
      "id": "160",
      "geometry": {
        "type": "Point",
        "coordinates": [
          8.560456,
          54.68077
        ]
      },
      "properties": {
        "id": "160",
        "typ": "Hydrant",
        "menge_l_min": 1600,
        "quellkarte": "03_Foehr_ges_Quer.pdf",
        "ortsname": "Föhr",
        "ortsquelle": "03_Foehr_ges_Quer.pdf",
        "zuordnungsabstand_relativ": 0.978,
        "pdf_x_pt": 3010.146,
        "pdf_y_von_oben_pt": 2294.975,
        "koordinatenquelle": "eingebettete GeoPDF-Georeferenzierung",
        "lagehinweis": "kartografische Symbolposition; nicht vermessungstechnisch oder vor Ort bestätigt",
        "marker-color": "#1565c0",
        "marker-symbol": "fire-station",
        "marker-size": "medium",
        "title": "160 - Hydrant"
      }
    },
    {
      "type": "Feature",
      "id": "161",
      "geometry": {
        "type": "Point",
        "coordinates": [
          8.557769,
          54.680051
        ]
      },
      "properties": {
        "id": "161",
        "typ": "Hydrant",
        "menge_l_min": 1600,
        "quellkarte": "03_Foehr_ges_Quer.pdf",
        "ortsname": "Föhr",
        "ortsquelle": "03_Foehr_ges_Quer.pdf",
        "zuordnungsabstand_relativ": 0.825,
        "pdf_x_pt": 2960.906,
        "pdf_y_von_oben_pt": 2317.282,
        "koordinatenquelle": "eingebettete GeoPDF-Georeferenzierung",
        "lagehinweis": "kartografische Symbolposition; nicht vermessungstechnisch oder vor Ort bestätigt",
        "marker-color": "#1565c0",
        "marker-symbol": "fire-station",
        "marker-size": "medium",
        "title": "161 - Hydrant"
      }
    },
    {
      "type": "Feature",
      "id": "162",
      "geometry": {
        "type": "Point",
        "coordinates": [
          8.557442,
          54.680964
        ]
      },
      "properties": {
        "id": "162",
        "typ": "Hydrant",
        "menge_l_min": 1600,
        "quellkarte": "03_Foehr_ges_Quer.pdf",
        "ortsname": "Föhr",
        "ortsquelle": "03_Foehr_ges_Quer.pdf",
        "zuordnungsabstand_relativ": 0.952,
        "pdf_x_pt": 2955.117,
        "pdf_y_von_oben_pt": 2288.445,
        "koordinatenquelle": "eingebettete GeoPDF-Georeferenzierung",
        "lagehinweis": "kartografische Symbolposition; nicht vermessungstechnisch oder vor Ort bestätigt",
        "marker-color": "#1565c0",
        "marker-symbol": "fire-station",
        "marker-size": "medium",
        "title": "162 - Hydrant"
      }
    },
    {
      "type": "Feature",
      "id": "163",
      "geometry": {
        "type": "Point",
        "coordinates": [
          8.555421,
          54.680594
        ]
      },
      "properties": {
        "id": "163",
        "typ": "Hydrant",
        "menge_l_min": 1600,
        "quellkarte": "03_Foehr_ges_Quer.pdf",
        "ortsname": "Föhr",
        "ortsquelle": "03_Foehr_ges_Quer.pdf",
        "zuordnungsabstand_relativ": 0.85,
        "pdf_x_pt": 2918.114,
        "pdf_y_von_oben_pt": 2299.858,
        "koordinatenquelle": "eingebettete GeoPDF-Georeferenzierung",
        "lagehinweis": "kartografische Symbolposition; nicht vermessungstechnisch oder vor Ort bestätigt",
        "marker-color": "#1565c0",
        "marker-symbol": "fire-station",
        "marker-size": "medium",
        "title": "163 - Hydrant"
      }
    },
    {
      "type": "Feature",
      "id": "164",
      "geometry": {
        "type": "Point",
        "coordinates": [
          8.553894,
          54.680988
        ]
      },
      "properties": {
        "id": "164",
        "typ": "Hydrant",
        "menge_l_min": 1600,
        "quellkarte": "03_Foehr_ges_Quer.pdf",
        "ortsname": "Föhr",
        "ortsquelle": "03_Foehr_ges_Quer.pdf",
        "zuordnungsabstand_relativ": 0.905,
        "pdf_x_pt": 2890.279,
        "pdf_y_von_oben_pt": 2287.223,
        "koordinatenquelle": "eingebettete GeoPDF-Georeferenzierung",
        "lagehinweis": "kartografische Symbolposition; nicht vermessungstechnisch oder vor Ort bestätigt",
        "marker-color": "#1565c0",
        "marker-symbol": "fire-station",
        "marker-size": "medium",
        "title": "164 - Hydrant"
      }
    },
    {
      "type": "Feature",
      "id": "165",
      "geometry": {
        "type": "Point",
        "coordinates": [
          8.552369,
          54.681444
        ]
      },
      "properties": {
        "id": "165",
        "typ": "Hydrant",
        "menge_l_min": 1600,
        "quellkarte": "03_Foehr_ges_Quer.pdf",
        "ortsname": "Föhr",
        "ortsquelle": "03_Foehr_ges_Quer.pdf",
        "zuordnungsabstand_relativ": 1.198,
        "pdf_x_pt": 2862.505,
        "pdf_y_von_oben_pt": 2272.652,
        "koordinatenquelle": "eingebettete GeoPDF-Georeferenzierung",
        "lagehinweis": "kartografische Symbolposition; nicht vermessungstechnisch oder vor Ort bestätigt",
        "marker-color": "#1565c0",
        "marker-symbol": "fire-station",
        "marker-size": "medium",
        "title": "165 - Hydrant"
      }
    },
    {
      "type": "Feature",
      "id": "166",
      "geometry": {
        "type": "Point",
        "coordinates": [
          8.552868,
          54.681945
        ]
      },
      "properties": {
        "id": "166",
        "typ": "Hydrant",
        "menge_l_min": 1600,
        "quellkarte": "03_Foehr_ges_Quer.pdf",
        "ortsname": "Föhr",
        "ortsquelle": "03_Foehr_ges_Quer.pdf",
        "zuordnungsabstand_relativ": 0.803,
        "pdf_x_pt": 2871.733,
        "pdf_y_von_oben_pt": 2256.893,
        "koordinatenquelle": "eingebettete GeoPDF-Georeferenzierung",
        "lagehinweis": "kartografische Symbolposition; nicht vermessungstechnisch oder vor Ort bestätigt",
        "marker-color": "#1565c0",
        "marker-symbol": "fire-station",
        "marker-size": "medium",
        "title": "166 - Hydrant"
      }
    },
    {
      "type": "Feature",
      "id": "168",
      "geometry": {
        "type": "Point",
        "coordinates": [
          8.551571,
          54.680738
        ]
      },
      "properties": {
        "id": "168",
        "typ": "E-Bohrbrunnen",
        "menge_l_min": null,
        "quellkarte": "03_Foehr_ges_Quer.pdf",
        "ortsname": "Föhr",
        "ortsquelle": "03_Foehr_ges_Quer.pdf",
        "zuordnungsabstand_relativ": 0.958,
        "pdf_x_pt": 2847.78,
        "pdf_y_von_oben_pt": 2294.795,
        "koordinatenquelle": "eingebettete GeoPDF-Georeferenzierung",
        "lagehinweis": "kartografische Symbolposition; nicht vermessungstechnisch oder vor Ort bestätigt",
        "marker-color": "#8e24aa",
        "marker-symbol": "industrial",
        "marker-size": "medium",
        "title": "168 - E-Bohrbrunnen"
      }
    },
    {
      "type": "Feature",
      "id": "169",
      "geometry": {
        "type": "Point",
        "coordinates": [
          8.551197,
          54.680338
        ]
      },
      "properties": {
        "id": "169",
        "typ": "Hydrant",
        "menge_l_min": 1600,
        "quellkarte": "03_Foehr_ges_Quer.pdf",
        "ortsname": "Föhr",
        "ortsquelle": "03_Foehr_ges_Quer.pdf",
        "zuordnungsabstand_relativ": 0.962,
        "pdf_x_pt": 2840.868,
        "pdf_y_von_oben_pt": 2307.358,
        "koordinatenquelle": "eingebettete GeoPDF-Georeferenzierung",
        "lagehinweis": "kartografische Symbolposition; nicht vermessungstechnisch oder vor Ort bestätigt",
        "marker-color": "#1565c0",
        "marker-symbol": "fire-station",
        "marker-size": "medium",
        "title": "169 - Hydrant"
      }
    },
    {
      "type": "Feature",
      "id": "170",
      "geometry": {
        "type": "Point",
        "coordinates": [
          8.550024,
          54.680906
        ]
      },
      "properties": {
        "id": "170",
        "typ": "Hydrant",
        "menge_l_min": 1600,
        "quellkarte": "03_Foehr_ges_Quer.pdf",
        "ortsname": "Föhr",
        "ortsquelle": "03_Foehr_ges_Quer.pdf",
        "zuordnungsabstand_relativ": 0.861,
        "pdf_x_pt": 2819.559,
        "pdf_y_von_oben_pt": 2289.276,
        "koordinatenquelle": "eingebettete GeoPDF-Georeferenzierung",
        "lagehinweis": "kartografische Symbolposition; nicht vermessungstechnisch oder vor Ort bestätigt",
        "marker-color": "#1565c0",
        "marker-symbol": "fire-station",
        "marker-size": "medium",
        "title": "170 - Hydrant"
      }
    },
    {
      "type": "Feature",
      "id": "173",
      "geometry": {
        "type": "Point",
        "coordinates": [
          8.551229,
          54.681779
        ]
      },
      "properties": {
        "id": "173",
        "typ": "Hydrant",
        "menge_l_min": 1600,
        "quellkarte": "03_Foehr_ges_Quer.pdf",
        "ortsname": "Föhr",
        "ortsquelle": "03_Foehr_ges_Quer.pdf",
        "zuordnungsabstand_relativ": 0.835,
        "pdf_x_pt": 2841.758,
        "pdf_y_von_oben_pt": 2261.935,
        "koordinatenquelle": "eingebettete GeoPDF-Georeferenzierung",
        "lagehinweis": "kartografische Symbolposition; nicht vermessungstechnisch oder vor Ort bestätigt",
        "marker-color": "#1565c0",
        "marker-symbol": "fire-station",
        "marker-size": "medium",
        "title": "173 - Hydrant"
      }
    },
    {
      "type": "Feature",
      "id": "174",
      "geometry": {
        "type": "Point",
        "coordinates": [
          8.549808,
          54.682159
        ]
      },
      "properties": {
        "id": "174",
        "typ": "Hydrant",
        "menge_l_min": 1600,
        "quellkarte": "03_Foehr_ges_Quer.pdf",
        "ortsname": "Föhr",
        "ortsquelle": "03_Foehr_ges_Quer.pdf",
        "zuordnungsabstand_relativ": 1.042,
        "pdf_x_pt": 2815.86,
        "pdf_y_von_oben_pt": 2249.756,
        "koordinatenquelle": "eingebettete GeoPDF-Georeferenzierung",
        "lagehinweis": "kartografische Symbolposition; nicht vermessungstechnisch oder vor Ort bestätigt",
        "marker-color": "#1565c0",
        "marker-symbol": "fire-station",
        "marker-size": "medium",
        "title": "174 - Hydrant"
      }
    },
    {
      "type": "Feature",
      "id": "175",
      "geometry": {
        "type": "Point",
        "coordinates": [
          8.548179,
          54.680641
        ]
      },
      "properties": {
        "id": "175",
        "typ": "Hydrant",
        "menge_l_min": 1600,
        "quellkarte": "03_Foehr_ges_Quer.pdf",
        "ortsname": "Föhr",
        "ortsquelle": "03_Foehr_ges_Quer.pdf",
        "zuordnungsabstand_relativ": 0.826,
        "pdf_x_pt": 2785.781,
        "pdf_y_von_oben_pt": 2297.402,
        "koordinatenquelle": "eingebettete GeoPDF-Georeferenzierung",
        "lagehinweis": "kartografische Symbolposition; nicht vermessungstechnisch oder vor Ort bestätigt",
        "marker-color": "#1565c0",
        "marker-symbol": "fire-station",
        "marker-size": "medium",
        "title": "175 - Hydrant"
      }
    },
    {
      "type": "Feature",
      "id": "176",
      "geometry": {
        "type": "Point",
        "coordinates": [
          8.547474,
          54.680786
        ]
      },
      "properties": {
        "id": "176",
        "typ": "Hydrant",
        "menge_l_min": 1600,
        "quellkarte": "03_Foehr_ges_Quer.pdf",
        "ortsname": "Föhr",
        "ortsquelle": "03_Foehr_ges_Quer.pdf",
        "zuordnungsabstand_relativ": 0.914,
        "pdf_x_pt": 2772.932,
        "pdf_y_von_oben_pt": 2292.741,
        "koordinatenquelle": "eingebettete GeoPDF-Georeferenzierung",
        "lagehinweis": "kartografische Symbolposition; nicht vermessungstechnisch oder vor Ort bestätigt",
        "marker-color": "#1565c0",
        "marker-symbol": "fire-station",
        "marker-size": "medium",
        "title": "176 - Hydrant"
      }
    },
    {
      "type": "Feature",
      "id": "177",
      "geometry": {
        "type": "Point",
        "coordinates": [
          8.546606,
          54.680801
        ]
      },
      "properties": {
        "id": "177",
        "typ": "Hydrant",
        "menge_l_min": 1600,
        "quellkarte": "03_Foehr_ges_Quer.pdf",
        "ortsname": "Föhr",
        "ortsquelle": "03_Foehr_ges_Quer.pdf",
        "zuordnungsabstand_relativ": 1.29,
        "pdf_x_pt": 2757.082,
        "pdf_y_von_oben_pt": 2292.138,
        "koordinatenquelle": "eingebettete GeoPDF-Georeferenzierung",
        "lagehinweis": "kartografische Symbolposition; nicht vermessungstechnisch oder vor Ort bestätigt",
        "marker-color": "#1565c0",
        "marker-symbol": "fire-station",
        "marker-size": "medium",
        "title": "177 - Hydrant"
      }
    },
    {
      "type": "Feature",
      "id": "178",
      "geometry": {
        "type": "Point",
        "coordinates": [
          8.54769,
          54.682219
        ]
      },
      "properties": {
        "id": "178",
        "typ": "Hydrant",
        "menge_l_min": 1600,
        "quellkarte": "03_Foehr_ges_Quer.pdf",
        "ortsname": "Föhr",
        "ortsquelle": "03_Foehr_ges_Quer.pdf",
        "zuordnungsabstand_relativ": 1.056,
        "pdf_x_pt": 2777.171,
        "pdf_y_von_oben_pt": 2247.569,
        "koordinatenquelle": "eingebettete GeoPDF-Georeferenzierung",
        "lagehinweis": "kartografische Symbolposition; nicht vermessungstechnisch oder vor Ort bestätigt",
        "marker-color": "#1565c0",
        "marker-symbol": "fire-station",
        "marker-size": "medium",
        "title": "178 - Hydrant"
      }
    },
    {
      "type": "Feature",
      "id": "179",
      "geometry": {
        "type": "Point",
        "coordinates": [
          8.548865,
          54.681908
        ]
      },
      "properties": {
        "id": "179",
        "typ": "Hydrant",
        "menge_l_min": 1600,
        "quellkarte": "03_Foehr_ges_Quer.pdf",
        "ortsname": "Föhr",
        "ortsquelle": "03_Foehr_ges_Quer.pdf",
        "zuordnungsabstand_relativ": 1.069,
        "pdf_x_pt": 2798.586,
        "pdf_y_von_oben_pt": 2257.54,
        "koordinatenquelle": "eingebettete GeoPDF-Georeferenzierung",
        "lagehinweis": "kartografische Symbolposition; nicht vermessungstechnisch oder vor Ort bestätigt",
        "marker-color": "#1565c0",
        "marker-symbol": "fire-station",
        "marker-size": "medium",
        "title": "179 - Hydrant"
      }
    },
    {
      "type": "Feature",
      "id": "180",
      "geometry": {
        "type": "Point",
        "coordinates": [
          8.548123,
          54.682655
        ]
      },
      "properties": {
        "id": "180",
        "typ": "Hydrant",
        "menge_l_min": 1600,
        "quellkarte": "03_Foehr_ges_Quer.pdf",
        "ortsname": "Föhr",
        "ortsquelle": "03_Foehr_ges_Quer.pdf",
        "zuordnungsabstand_relativ": 1.138,
        "pdf_x_pt": 2785.174,
        "pdf_y_von_oben_pt": 2233.878,
        "koordinatenquelle": "eingebettete GeoPDF-Georeferenzierung",
        "lagehinweis": "kartografische Symbolposition; nicht vermessungstechnisch oder vor Ort bestätigt",
        "marker-color": "#1565c0",
        "marker-symbol": "fire-station",
        "marker-size": "medium",
        "title": "180 - Hydrant"
      }
    },
    {
      "type": "Feature",
      "id": "182",
      "geometry": {
        "type": "Point",
        "coordinates": [
          8.546942,
          54.682992
        ]
      },
      "properties": {
        "id": "182",
        "typ": "Hydrant",
        "menge_l_min": 1600,
        "quellkarte": "03_Foehr_ges_Quer.pdf",
        "ortsname": "Föhr",
        "ortsquelle": "03_Foehr_ges_Quer.pdf",
        "zuordnungsabstand_relativ": 1.172,
        "pdf_x_pt": 2763.664,
        "pdf_y_von_oben_pt": 2223.097,
        "koordinatenquelle": "eingebettete GeoPDF-Georeferenzierung",
        "lagehinweis": "kartografische Symbolposition; nicht vermessungstechnisch oder vor Ort bestätigt",
        "marker-color": "#1565c0",
        "marker-symbol": "fire-station",
        "marker-size": "medium",
        "title": "182 - Hydrant"
      }
    },
    {
      "type": "Feature",
      "id": "184",
      "geometry": {
        "type": "Point",
        "coordinates": [
          8.545976,
          54.682195
        ]
      },
      "properties": {
        "id": "184",
        "typ": "E-Bohrbrunnen",
        "menge_l_min": null,
        "quellkarte": "03_Foehr_ges_Quer.pdf",
        "ortsname": "Föhr",
        "ortsquelle": "03_Foehr_ges_Quer.pdf",
        "zuordnungsabstand_relativ": 0.974,
        "pdf_x_pt": 2745.848,
        "pdf_y_von_oben_pt": 2248.099,
        "koordinatenquelle": "eingebettete GeoPDF-Georeferenzierung",
        "lagehinweis": "kartografische Symbolposition; nicht vermessungstechnisch oder vor Ort bestätigt",
        "marker-color": "#8e24aa",
        "marker-symbol": "industrial",
        "marker-size": "medium",
        "title": "184 - E-Bohrbrunnen"
      }
    },
    {
      "type": "Feature",
      "id": "185",
      "geometry": {
        "type": "Point",
        "coordinates": [
          8.54569,
          54.681593
        ]
      },
      "properties": {
        "id": "185",
        "typ": "Hydrant",
        "menge_l_min": 1600,
        "quellkarte": "03_Foehr_ges_Quer.pdf",
        "ortsname": "Föhr",
        "ortsquelle": "03_Foehr_ges_Quer.pdf",
        "zuordnungsabstand_relativ": 0.856,
        "pdf_x_pt": 2740.51,
        "pdf_y_von_oben_pt": 2267.042,
        "koordinatenquelle": "eingebettete GeoPDF-Georeferenzierung",
        "lagehinweis": "kartografische Symbolposition; nicht vermessungstechnisch oder vor Ort bestätigt",
        "marker-color": "#1565c0",
        "marker-symbol": "fire-station",
        "marker-size": "medium",
        "title": "185 - Hydrant"
      }
    },
    {
      "type": "Feature",
      "id": "186",
      "geometry": {
        "type": "Point",
        "coordinates": [
          8.544902,
          54.680692
        ]
      },
      "properties": {
        "id": "186",
        "typ": "Hydrant",
        "menge_l_min": 1600,
        "quellkarte": "03_Foehr_ges_Quer.pdf",
        "ortsname": "Föhr",
        "ortsquelle": "03_Foehr_ges_Quer.pdf",
        "zuordnungsabstand_relativ": 1.129,
        "pdf_x_pt": 2725.916,
        "pdf_y_von_oben_pt": 2295.345,
        "koordinatenquelle": "eingebettete GeoPDF-Georeferenzierung",
        "lagehinweis": "kartografische Symbolposition; nicht vermessungstechnisch oder vor Ort bestätigt",
        "marker-color": "#1565c0",
        "marker-symbol": "fire-station",
        "marker-size": "medium",
        "title": "186 - Hydrant"
      }
    },
    {
      "type": "Feature",
      "id": "187",
      "geometry": {
        "type": "Point",
        "coordinates": [
          8.557071,
          54.681653
        ]
      },
      "properties": {
        "id": "187",
        "typ": "Hydrant",
        "menge_l_min": 1600,
        "quellkarte": "03_Foehr_ges_Quer.pdf",
        "ortsname": "Föhr",
        "ortsquelle": "03_Foehr_ges_Quer.pdf",
        "zuordnungsabstand_relativ": 0.846,
        "pdf_x_pt": 2948.467,
        "pdf_y_von_oben_pt": 2266.662,
        "koordinatenquelle": "eingebettete GeoPDF-Georeferenzierung",
        "lagehinweis": "kartografische Symbolposition; nicht vermessungstechnisch oder vor Ort bestätigt",
        "marker-color": "#1565c0",
        "marker-symbol": "fire-station",
        "marker-size": "medium",
        "title": "187 - Hydrant"
      }
    },
    {
      "type": "Feature",
      "id": "189",
      "geometry": {
        "type": "Point",
        "coordinates": [
          8.558214,
          54.682908
        ]
      },
      "properties": {
        "id": "189",
        "typ": "Hydrant",
        "menge_l_min": 1600,
        "quellkarte": "03_Foehr_ges_Quer.pdf",
        "ortsname": "Föhr",
        "ortsquelle": "03_Foehr_ges_Quer.pdf",
        "zuordnungsabstand_relativ": 1.141,
        "pdf_x_pt": 2969.606,
        "pdf_y_von_oben_pt": 2227.265,
        "koordinatenquelle": "eingebettete GeoPDF-Georeferenzierung",
        "lagehinweis": "kartografische Symbolposition; nicht vermessungstechnisch oder vor Ort bestätigt",
        "marker-color": "#1565c0",
        "marker-symbol": "fire-station",
        "marker-size": "medium",
        "title": "189 - Hydrant"
      }
    },
    {
      "type": "Feature",
      "id": "190",
      "geometry": {
        "type": "Point",
        "coordinates": [
          8.558721,
          54.683633
        ]
      },
      "properties": {
        "id": "190",
        "typ": "Hydrant",
        "menge_l_min": 1600,
        "quellkarte": "03_Foehr_ges_Quer.pdf",
        "ortsname": "Föhr",
        "ortsquelle": "03_Foehr_ges_Quer.pdf",
        "zuordnungsabstand_relativ": 1.042,
        "pdf_x_pt": 2979.007,
        "pdf_y_von_oben_pt": 2204.463,
        "koordinatenquelle": "eingebettete GeoPDF-Georeferenzierung",
        "lagehinweis": "kartografische Symbolposition; nicht vermessungstechnisch oder vor Ort bestätigt",
        "marker-color": "#1565c0",
        "marker-symbol": "fire-station",
        "marker-size": "medium",
        "title": "190 - Hydrant"
      }
    },
    {
      "type": "Feature",
      "id": "192",
      "geometry": {
        "type": "Point",
        "coordinates": [
          8.555958,
          54.681792
        ]
      },
      "properties": {
        "id": "192",
        "typ": "Hydrant",
        "menge_l_min": 1600,
        "quellkarte": "03_Foehr_ges_Quer.pdf",
        "ortsname": "Föhr",
        "ortsquelle": "03_Foehr_ges_Quer.pdf",
        "zuordnungsabstand_relativ": 0.81,
        "pdf_x_pt": 2928.152,
        "pdf_y_von_oben_pt": 2262.147,
        "koordinatenquelle": "eingebettete GeoPDF-Georeferenzierung",
        "lagehinweis": "kartografische Symbolposition; nicht vermessungstechnisch oder vor Ort bestätigt",
        "marker-color": "#1565c0",
        "marker-symbol": "fire-station",
        "marker-size": "medium",
        "title": "192 - Hydrant"
      }
    },
    {
      "type": "Feature",
      "id": "193",
      "geometry": {
        "type": "Point",
        "coordinates": [
          8.556676,
          54.682887
        ]
      },
      "properties": {
        "id": "193",
        "typ": "Hydrant",
        "menge_l_min": 1600,
        "quellkarte": "03_Foehr_ges_Quer.pdf",
        "ortsname": "Föhr",
        "ortsquelle": "03_Foehr_ges_Quer.pdf",
        "zuordnungsabstand_relativ": 0.921,
        "pdf_x_pt": 2941.501,
        "pdf_y_von_oben_pt": 2227.701,
        "koordinatenquelle": "eingebettete GeoPDF-Georeferenzierung",
        "lagehinweis": "kartografische Symbolposition; nicht vermessungstechnisch oder vor Ort bestätigt",
        "marker-color": "#1565c0",
        "marker-symbol": "fire-station",
        "marker-size": "medium",
        "title": "193 - Hydrant"
      }
    },
    {
      "type": "Feature",
      "id": "194",
      "geometry": {
        "type": "Point",
        "coordinates": [
          8.557462,
          54.683706
        ]
      },
      "properties": {
        "id": "194",
        "typ": "Hydrant",
        "menge_l_min": 1600,
        "quellkarte": "03_Foehr_ges_Quer.pdf",
        "ortsname": "Föhr",
        "ortsquelle": "03_Foehr_ges_Quer.pdf",
        "zuordnungsabstand_relativ": 1.09,
        "pdf_x_pt": 2956.027,
        "pdf_y_von_oben_pt": 2201.983,
        "koordinatenquelle": "eingebettete GeoPDF-Georeferenzierung",
        "lagehinweis": "kartografische Symbolposition; nicht vermessungstechnisch oder vor Ort bestätigt",
        "marker-color": "#1565c0",
        "marker-symbol": "fire-station",
        "marker-size": "medium",
        "title": "194 - Hydrant"
      }
    },
    {
      "type": "Feature",
      "id": "195",
      "geometry": {
        "type": "Point",
        "coordinates": [
          8.554604,
          54.682243
        ]
      },
      "properties": {
        "id": "195",
        "typ": "Hydrant",
        "menge_l_min": 1600,
        "quellkarte": "03_Foehr_ges_Quer.pdf",
        "ortsname": "Föhr",
        "ortsquelle": "03_Foehr_ges_Quer.pdf",
        "zuordnungsabstand_relativ": 1.237,
        "pdf_x_pt": 2903.508,
        "pdf_y_von_oben_pt": 2247.746,
        "koordinatenquelle": "eingebettete GeoPDF-Georeferenzierung",
        "lagehinweis": "kartografische Symbolposition; nicht vermessungstechnisch oder vor Ort bestätigt",
        "marker-color": "#1565c0",
        "marker-symbol": "fire-station",
        "marker-size": "medium",
        "title": "195 - Hydrant"
      }
    },
    {
      "type": "Feature",
      "id": "196",
      "geometry": {
        "type": "Point",
        "coordinates": [
          8.555368,
          54.683042
        ]
      },
      "properties": {
        "id": "196",
        "typ": "Hydrant",
        "menge_l_min": 1600,
        "quellkarte": "03_Foehr_ges_Quer.pdf",
        "ortsname": "Föhr",
        "ortsquelle": "03_Foehr_ges_Quer.pdf",
        "zuordnungsabstand_relativ": 0.824,
        "pdf_x_pt": 2917.622,
        "pdf_y_von_oben_pt": 2222.644,
        "koordinatenquelle": "eingebettete GeoPDF-Georeferenzierung",
        "lagehinweis": "kartografische Symbolposition; nicht vermessungstechnisch oder vor Ort bestätigt",
        "marker-color": "#1565c0",
        "marker-symbol": "fire-station",
        "marker-size": "medium",
        "title": "196 - Hydrant"
      }
    },
    {
      "type": "Feature",
      "id": "197",
      "geometry": {
        "type": "Point",
        "coordinates": [
          8.556093,
          54.683809
        ]
      },
      "properties": {
        "id": "197",
        "typ": "Hydrant",
        "menge_l_min": 1600,
        "quellkarte": "03_Foehr_ges_Quer.pdf",
        "ortsname": "Föhr",
        "ortsquelle": "03_Foehr_ges_Quer.pdf",
        "zuordnungsabstand_relativ": 1.234,
        "pdf_x_pt": 2931.036,
        "pdf_y_von_oben_pt": 2198.556,
        "koordinatenquelle": "eingebettete GeoPDF-Georeferenzierung",
        "lagehinweis": "kartografische Symbolposition; nicht vermessungstechnisch oder vor Ort bestätigt",
        "marker-color": "#1565c0",
        "marker-symbol": "fire-station",
        "marker-size": "medium",
        "title": "197 - Hydrant"
      }
    },
    {
      "type": "Feature",
      "id": "198",
      "geometry": {
        "type": "Point",
        "coordinates": [
          8.557027,
          54.684675
        ]
      },
      "properties": {
        "id": "198",
        "typ": "Bohrbrunnen",
        "menge_l_min": null,
        "quellkarte": "03_Foehr_ges_Quer.pdf",
        "ortsname": "Föhr",
        "ortsquelle": "03_Foehr_ges_Quer.pdf",
        "zuordnungsabstand_relativ": 0.984,
        "pdf_x_pt": 2948.273,
        "pdf_y_von_oben_pt": 2171.368,
        "koordinatenquelle": "eingebettete GeoPDF-Georeferenzierung",
        "lagehinweis": "kartografische Symbolposition; nicht vermessungstechnisch oder vor Ort bestätigt",
        "marker-color": "#f9a825",
        "marker-symbol": "water",
        "marker-size": "medium",
        "title": "198 - Bohrbrunnen"
      }
    },
    {
      "type": "Feature",
      "id": "199",
      "geometry": {
        "type": "Point",
        "coordinates": [
          8.553436,
          54.68268
        ]
      },
      "properties": {
        "id": "199",
        "typ": "Hydrant",
        "menge_l_min": 1600,
        "quellkarte": "03_Foehr_ges_Quer.pdf",
        "ortsname": "Föhr",
        "ortsquelle": "03_Foehr_ges_Quer.pdf",
        "zuordnungsabstand_relativ": 0.819,
        "pdf_x_pt": 2882.257,
        "pdf_y_von_oben_pt": 2233.798,
        "koordinatenquelle": "eingebettete GeoPDF-Georeferenzierung",
        "lagehinweis": "kartografische Symbolposition; nicht vermessungstechnisch oder vor Ort bestätigt",
        "marker-color": "#1565c0",
        "marker-symbol": "fire-station",
        "marker-size": "medium",
        "title": "199 - Hydrant"
      }
    },
    {
      "type": "Feature",
      "id": "200",
      "geometry": {
        "type": "Point",
        "coordinates": [
          8.554215,
          54.683573
        ]
      },
      "properties": {
        "id": "200",
        "typ": "Hydrant",
        "menge_l_min": 1600,
        "quellkarte": "03_Foehr_ges_Quer.pdf",
        "ortsname": "Föhr",
        "ortsquelle": "03_Foehr_ges_Quer.pdf",
        "zuordnungsabstand_relativ": 1.226,
        "pdf_x_pt": 2896.677,
        "pdf_y_von_oben_pt": 2205.754,
        "koordinatenquelle": "eingebettete GeoPDF-Georeferenzierung",
        "lagehinweis": "kartografische Symbolposition; nicht vermessungstechnisch oder vor Ort bestätigt",
        "marker-color": "#1565c0",
        "marker-symbol": "fire-station",
        "marker-size": "medium",
        "title": "200 - Hydrant"
      }
    },
    {
      "type": "Feature",
      "id": "202",
      "geometry": {
        "type": "Point",
        "coordinates": [
          8.554744,
          54.684115
        ]
      },
      "properties": {
        "id": "202",
        "typ": "Hydrant",
        "menge_l_min": 1600,
        "quellkarte": "03_Foehr_ges_Quer.pdf",
        "ortsname": "Föhr",
        "ortsquelle": "03_Foehr_ges_Quer.pdf",
        "zuordnungsabstand_relativ": 1.173,
        "pdf_x_pt": 2906.439,
        "pdf_y_von_oben_pt": 2188.732,
        "koordinatenquelle": "eingebettete GeoPDF-Georeferenzierung",
        "lagehinweis": "kartografische Symbolposition; nicht vermessungstechnisch oder vor Ort bestätigt",
        "marker-color": "#1565c0",
        "marker-symbol": "fire-station",
        "marker-size": "medium",
        "title": "202 - Hydrant"
      }
    },
    {
      "type": "Feature",
      "id": "203",
      "geometry": {
        "type": "Point",
        "coordinates": [
          8.552414,
          54.683
        ]
      },
      "properties": {
        "id": "203",
        "typ": "Hydrant",
        "menge_l_min": 1600,
        "quellkarte": "03_Foehr_ges_Quer.pdf",
        "ortsname": "Föhr",
        "ortsquelle": "03_Foehr_ges_Quer.pdf",
        "zuordnungsabstand_relativ": 0.906,
        "pdf_x_pt": 2863.646,
        "pdf_y_von_oben_pt": 2223.588,
        "koordinatenquelle": "eingebettete GeoPDF-Georeferenzierung",
        "lagehinweis": "kartografische Symbolposition; nicht vermessungstechnisch oder vor Ort bestätigt",
        "marker-color": "#1565c0",
        "marker-symbol": "fire-station",
        "marker-size": "medium",
        "title": "203 - Hydrant"
      }
    },
    {
      "type": "Feature",
      "id": "204",
      "geometry": {
        "type": "Point",
        "coordinates": [
          8.553887,
          54.684399
        ]
      },
      "properties": {
        "id": "204",
        "typ": "Hydrant",
        "menge_l_min": 1600,
        "quellkarte": "03_Foehr_ges_Quer.pdf",
        "ortsname": "Föhr",
        "ortsquelle": "03_Foehr_ges_Quer.pdf",
        "zuordnungsabstand_relativ": 0.935,
        "pdf_x_pt": 2890.846,
        "pdf_y_von_oben_pt": 2179.661,
        "koordinatenquelle": "eingebettete GeoPDF-Georeferenzierung",
        "lagehinweis": "kartografische Symbolposition; nicht vermessungstechnisch oder vor Ort bestätigt",
        "marker-color": "#1565c0",
        "marker-symbol": "fire-station",
        "marker-size": "medium",
        "title": "204 - Hydrant"
      }
    },
    {
      "type": "Feature",
      "id": "205",
      "geometry": {
        "type": "Point",
        "coordinates": [
          8.55149,
          54.683271
        ]
      },
      "properties": {
        "id": "205",
        "typ": "Hydrant",
        "menge_l_min": 1600,
        "quellkarte": "03_Foehr_ges_Quer.pdf",
        "ortsname": "Föhr",
        "ortsquelle": "03_Foehr_ges_Quer.pdf",
        "zuordnungsabstand_relativ": 0.952,
        "pdf_x_pt": 2846.823,
        "pdf_y_von_oben_pt": 2214.899,
        "koordinatenquelle": "eingebettete GeoPDF-Georeferenzierung",
        "lagehinweis": "kartografische Symbolposition; nicht vermessungstechnisch oder vor Ort bestätigt",
        "marker-color": "#1565c0",
        "marker-symbol": "fire-station",
        "marker-size": "medium",
        "title": "205 - Hydrant"
      }
    },
    {
      "type": "Feature",
      "id": "206",
      "geometry": {
        "type": "Point",
        "coordinates": [
          8.551992,
          54.683875
        ]
      },
      "properties": {
        "id": "206",
        "typ": "Hydrant",
        "menge_l_min": 1600,
        "quellkarte": "03_Foehr_ges_Quer.pdf",
        "ortsname": "Föhr",
        "ortsquelle": "03_Foehr_ges_Quer.pdf",
        "zuordnungsabstand_relativ": 1.144,
        "pdf_x_pt": 2856.121,
        "pdf_y_von_oben_pt": 2195.947,
        "koordinatenquelle": "eingebettete GeoPDF-Georeferenzierung",
        "lagehinweis": "kartografische Symbolposition; nicht vermessungstechnisch oder vor Ort bestätigt",
        "marker-color": "#1565c0",
        "marker-symbol": "fire-station",
        "marker-size": "medium",
        "title": "206 - Hydrant"
      }
    },
    {
      "type": "Feature",
      "id": "207",
      "geometry": {
        "type": "Point",
        "coordinates": [
          8.55252,
          54.684541
        ]
      },
      "properties": {
        "id": "207",
        "typ": "Hydrant",
        "menge_l_min": 1600,
        "quellkarte": "03_Foehr_ges_Quer.pdf",
        "ortsname": "Föhr",
        "ortsquelle": "03_Foehr_ges_Quer.pdf",
        "zuordnungsabstand_relativ": 0.847,
        "pdf_x_pt": 2865.897,
        "pdf_y_von_oben_pt": 2174.986,
        "koordinatenquelle": "eingebettete GeoPDF-Georeferenzierung",
        "lagehinweis": "kartografische Symbolposition; nicht vermessungstechnisch oder vor Ort bestätigt",
        "marker-color": "#1565c0",
        "marker-symbol": "fire-station",
        "marker-size": "medium",
        "title": "207 - Hydrant"
      }
    },
    {
      "type": "Feature",
      "id": "208",
      "geometry": {
        "type": "Point",
        "coordinates": [
          8.552818,
          54.685373
        ]
      },
      "properties": {
        "id": "208",
        "typ": "Hydrant",
        "menge_l_min": 1600,
        "quellkarte": "03_Foehr_ges_Quer.pdf",
        "ortsname": "Föhr",
        "ortsquelle": "03_Foehr_ges_Quer.pdf",
        "zuordnungsabstand_relativ": 0.893,
        "pdf_x_pt": 2871.51,
        "pdf_y_von_oben_pt": 2148.813,
        "koordinatenquelle": "eingebettete GeoPDF-Georeferenzierung",
        "lagehinweis": "kartografische Symbolposition; nicht vermessungstechnisch oder vor Ort bestätigt",
        "marker-color": "#1565c0",
        "marker-symbol": "fire-station",
        "marker-size": "medium",
        "title": "208 - Hydrant"
      }
    },
    {
      "type": "Feature",
      "id": "209",
      "geometry": {
        "type": "Point",
        "coordinates": [
          8.551281,
          54.684034
        ]
      },
      "properties": {
        "id": "209",
        "typ": "E-Bohrbrunnen",
        "menge_l_min": null,
        "quellkarte": "03_Foehr_ges_Quer.pdf",
        "ortsname": "Föhr",
        "ortsquelle": "03_Foehr_ges_Quer.pdf",
        "zuordnungsabstand_relativ": 1.07,
        "pdf_x_pt": 2843.152,
        "pdf_y_von_oben_pt": 2190.808,
        "koordinatenquelle": "eingebettete GeoPDF-Georeferenzierung",
        "lagehinweis": "kartografische Symbolposition; nicht vermessungstechnisch oder vor Ort bestätigt",
        "marker-color": "#8e24aa",
        "marker-symbol": "industrial",
        "marker-size": "medium",
        "title": "209 - E-Bohrbrunnen"
      }
    },
    {
      "type": "Feature",
      "id": "210",
      "geometry": {
        "type": "Point",
        "coordinates": [
          8.550836,
          54.684232
        ]
      },
      "properties": {
        "id": "210",
        "typ": "Hydrant",
        "menge_l_min": 1600,
        "quellkarte": "03_Foehr_ges_Quer.pdf",
        "ortsname": "Föhr",
        "ortsquelle": "03_Foehr_ges_Quer.pdf",
        "zuordnungsabstand_relativ": 0.86,
        "pdf_x_pt": 2835.065,
        "pdf_y_von_oben_pt": 2184.509,
        "koordinatenquelle": "eingebettete GeoPDF-Georeferenzierung",
        "lagehinweis": "kartografische Symbolposition; nicht vermessungstechnisch oder vor Ort bestätigt",
        "marker-color": "#1565c0",
        "marker-symbol": "fire-station",
        "marker-size": "medium",
        "title": "210 - Hydrant"
      }
    },
    {
      "type": "Feature",
      "id": "212",
      "geometry": {
        "type": "Point",
        "coordinates": [
          8.551864,
          54.68555
        ]
      },
      "properties": {
        "id": "212",
        "typ": "Hydrant",
        "menge_l_min": 1600,
        "quellkarte": "03_Foehr_ges_Quer.pdf",
        "ortsname": "Föhr",
        "ortsquelle": "03_Foehr_ges_Quer.pdf",
        "zuordnungsabstand_relativ": 1.084,
        "pdf_x_pt": 2854.103,
        "pdf_y_von_oben_pt": 2143.105,
        "koordinatenquelle": "eingebettete GeoPDF-Georeferenzierung",
        "lagehinweis": "kartografische Symbolposition; nicht vermessungstechnisch oder vor Ort bestätigt",
        "marker-color": "#1565c0",
        "marker-symbol": "fire-station",
        "marker-size": "medium",
        "title": "212 - Hydrant"
      }
    },
    {
      "type": "Feature",
      "id": "213",
      "geometry": {
        "type": "Point",
        "coordinates": [
          8.549539,
          54.684643
        ]
      },
      "properties": {
        "id": "213",
        "typ": "Hydrant",
        "menge_l_min": 1600,
        "quellkarte": "03_Foehr_ges_Quer.pdf",
        "ortsname": "Föhr",
        "ortsquelle": "03_Foehr_ges_Quer.pdf",
        "zuordnungsabstand_relativ": 0.835,
        "pdf_x_pt": 2811.441,
        "pdf_y_von_oben_pt": 2171.39,
        "koordinatenquelle": "eingebettete GeoPDF-Georeferenzierung",
        "lagehinweis": "kartografische Symbolposition; nicht vermessungstechnisch oder vor Ort bestätigt",
        "marker-color": "#1565c0",
        "marker-symbol": "fire-station",
        "marker-size": "medium",
        "title": "213 - Hydrant"
      }
    },
    {
      "type": "Feature",
      "id": "214",
      "geometry": {
        "type": "Point",
        "coordinates": [
          8.550771,
          54.685847
        ]
      },
      "properties": {
        "id": "214",
        "typ": "Hydrant",
        "menge_l_min": 1600,
        "quellkarte": "03_Foehr_ges_Quer.pdf",
        "ortsname": "Föhr",
        "ortsquelle": "03_Foehr_ges_Quer.pdf",
        "zuordnungsabstand_relativ": 0.846,
        "pdf_x_pt": 2834.2,
        "pdf_y_von_oben_pt": 2133.59,
        "koordinatenquelle": "eingebettete GeoPDF-Georeferenzierung",
        "lagehinweis": "kartografische Symbolposition; nicht vermessungstechnisch oder vor Ort bestätigt",
        "marker-color": "#1565c0",
        "marker-symbol": "fire-station",
        "marker-size": "medium",
        "title": "214 - Hydrant"
      }
    },
    {
      "type": "Feature",
      "id": "215",
      "geometry": {
        "type": "Point",
        "coordinates": [
          8.548329,
          54.684641
        ]
      },
      "properties": {
        "id": "215",
        "typ": "Hydrant",
        "menge_l_min": 1600,
        "quellkarte": "03_Foehr_ges_Quer.pdf",
        "ortsname": "Föhr",
        "ortsquelle": "03_Foehr_ges_Quer.pdf",
        "zuordnungsabstand_relativ": 0.833,
        "pdf_x_pt": 2789.333,
        "pdf_y_von_oben_pt": 2171.28,
        "koordinatenquelle": "eingebettete GeoPDF-Georeferenzierung",
        "lagehinweis": "kartografische Symbolposition; nicht vermessungstechnisch oder vor Ort bestätigt",
        "marker-color": "#1565c0",
        "marker-symbol": "fire-station",
        "marker-size": "medium",
        "title": "215 - Hydrant"
      }
    },
    {
      "type": "Feature",
      "id": "216",
      "geometry": {
        "type": "Point",
        "coordinates": [
          8.549026,
          54.685502
        ]
      },
      "properties": {
        "id": "216",
        "typ": "Hydrant",
        "menge_l_min": 1600,
        "quellkarte": "03_Foehr_ges_Quer.pdf",
        "ortsname": "Föhr",
        "ortsquelle": "03_Foehr_ges_Quer.pdf",
        "zuordnungsabstand_relativ": 0.868,
        "pdf_x_pt": 2802.244,
        "pdf_y_von_oben_pt": 2144.233,
        "koordinatenquelle": "eingebettete GeoPDF-Georeferenzierung",
        "lagehinweis": "kartografische Symbolposition; nicht vermessungstechnisch oder vor Ort bestätigt",
        "marker-color": "#1565c0",
        "marker-symbol": "fire-station",
        "marker-size": "medium",
        "title": "216 - Hydrant"
      }
    },
    {
      "type": "Feature",
      "id": "217",
      "geometry": {
        "type": "Point",
        "coordinates": [
          8.54971,
          54.686295
        ]
      },
      "properties": {
        "id": "217",
        "typ": "Hydrant",
        "menge_l_min": 1600,
        "quellkarte": "03_Foehr_ges_Quer.pdf",
        "ortsname": "Föhr",
        "ortsquelle": "03_Foehr_ges_Quer.pdf",
        "zuordnungsabstand_relativ": 1.09,
        "pdf_x_pt": 2814.91,
        "pdf_y_von_oben_pt": 2119.305,
        "koordinatenquelle": "eingebettete GeoPDF-Georeferenzierung",
        "lagehinweis": "kartografische Symbolposition; nicht vermessungstechnisch oder vor Ort bestätigt",
        "marker-color": "#1565c0",
        "marker-symbol": "fire-station",
        "marker-size": "medium",
        "title": "217 - Hydrant"
      }
    },
    {
      "type": "Feature",
      "id": "218",
      "geometry": {
        "type": "Point",
        "coordinates": [
          8.550143,
          54.68686
        ]
      },
      "properties": {
        "id": "218",
        "typ": "Hydrant",
        "menge_l_min": 1600,
        "quellkarte": "03_Foehr_ges_Quer.pdf",
        "ortsname": "Föhr",
        "ortsquelle": "03_Foehr_ges_Quer.pdf",
        "zuordnungsabstand_relativ": 0.959,
        "pdf_x_pt": 2822.933,
        "pdf_y_von_oben_pt": 2101.554,
        "koordinatenquelle": "eingebettete GeoPDF-Georeferenzierung",
        "lagehinweis": "kartografische Symbolposition; nicht vermessungstechnisch oder vor Ort bestätigt",
        "marker-color": "#1565c0",
        "marker-symbol": "fire-station",
        "marker-size": "medium",
        "title": "218 - Hydrant"
      }
    },
    {
      "type": "Feature",
      "id": "219",
      "geometry": {
        "type": "Point",
        "coordinates": [
          8.559684,
          54.684404
        ]
      },
      "properties": {
        "id": "219",
        "typ": "Hydrant",
        "menge_l_min": 1600,
        "quellkarte": "03_Foehr_ges_Quer.pdf",
        "ortsname": "Föhr",
        "ortsquelle": "03_Foehr_ges_Quer.pdf",
        "zuordnungsabstand_relativ": 0.934,
        "pdf_x_pt": 2996.75,
        "pdf_y_von_oben_pt": 2180.275,
        "koordinatenquelle": "eingebettete GeoPDF-Georeferenzierung",
        "lagehinweis": "kartografische Symbolposition; nicht vermessungstechnisch oder vor Ort bestätigt",
        "marker-color": "#1565c0",
        "marker-symbol": "fire-station",
        "marker-size": "medium",
        "title": "219 - Hydrant"
      }
    },
    {
      "type": "Feature",
      "id": "220",
      "geometry": {
        "type": "Point",
        "coordinates": [
          8.560551,
          54.685246
        ]
      },
      "properties": {
        "id": "220",
        "typ": "Hydrant",
        "menge_l_min": 1600,
        "quellkarte": "03_Foehr_ges_Quer.pdf",
        "ortsname": "Föhr",
        "ortsquelle": "03_Foehr_ges_Quer.pdf",
        "zuordnungsabstand_relativ": 0.812,
        "pdf_x_pt": 3012.766,
        "pdf_y_von_oben_pt": 2153.828,
        "koordinatenquelle": "eingebettete GeoPDF-Georeferenzierung",
        "lagehinweis": "kartografische Symbolposition; nicht vermessungstechnisch oder vor Ort bestätigt",
        "marker-color": "#1565c0",
        "marker-symbol": "fire-station",
        "marker-size": "medium",
        "title": "220 - Hydrant"
      }
    },
    {
      "type": "Feature",
      "id": "222",
      "geometry": {
        "type": "Point",
        "coordinates": [
          8.561144,
          54.685975
        ]
      },
      "properties": {
        "id": "222",
        "typ": "Hydrant",
        "menge_l_min": 1600,
        "quellkarte": "03_Foehr_ges_Quer.pdf",
        "ortsname": "Föhr",
        "ortsquelle": "03_Foehr_ges_Quer.pdf",
        "zuordnungsabstand_relativ": 1.291,
        "pdf_x_pt": 3023.75,
        "pdf_y_von_oben_pt": 2130.936,
        "koordinatenquelle": "eingebettete GeoPDF-Georeferenzierung",
        "lagehinweis": "kartografische Symbolposition; nicht vermessungstechnisch oder vor Ort bestätigt",
        "marker-color": "#1565c0",
        "marker-symbol": "fire-station",
        "marker-size": "medium",
        "title": "222 - Hydrant"
      }
    },
    {
      "type": "Feature",
      "id": "223",
      "geometry": {
        "type": "Point",
        "coordinates": [
          8.56202,
          54.68673
        ]
      },
      "properties": {
        "id": "223",
        "typ": "Hydrant",
        "menge_l_min": 1600,
        "quellkarte": "03_Foehr_ges_Quer.pdf",
        "ortsname": "Föhr",
        "ortsquelle": "03_Foehr_ges_Quer.pdf",
        "zuordnungsabstand_relativ": 0.859,
        "pdf_x_pt": 3039.901,
        "pdf_y_von_oben_pt": 2107.254,
        "koordinatenquelle": "eingebettete GeoPDF-Georeferenzierung",
        "lagehinweis": "kartografische Symbolposition; nicht vermessungstechnisch oder vor Ort bestätigt",
        "marker-color": "#1565c0",
        "marker-symbol": "fire-station",
        "marker-size": "medium",
        "title": "223 - Hydrant"
      }
    },
    {
      "type": "Feature",
      "id": "224",
      "geometry": {
        "type": "Point",
        "coordinates": [
          8.558821,
          54.68474
        ]
      },
      "properties": {
        "id": "224",
        "typ": "Hydrant",
        "menge_l_min": 1600,
        "quellkarte": "03_Foehr_ges_Quer.pdf",
        "ortsname": "Föhr",
        "ortsquelle": "03_Foehr_ges_Quer.pdf",
        "zuordnungsabstand_relativ": 1.112,
        "pdf_x_pt": 2981.059,
        "pdf_y_von_oben_pt": 2169.565,
        "koordinatenquelle": "eingebettete GeoPDF-Georeferenzierung",
        "lagehinweis": "kartografische Symbolposition; nicht vermessungstechnisch oder vor Ort bestätigt",
        "marker-color": "#1565c0",
        "marker-symbol": "fire-station",
        "marker-size": "medium",
        "title": "224 - Hydrant"
      }
    },
    {
      "type": "Feature",
      "id": "225",
      "geometry": {
        "type": "Point",
        "coordinates": [
          8.559721,
          54.68556
        ]
      },
      "properties": {
        "id": "225",
        "typ": "Hydrant",
        "menge_l_min": 1600,
        "quellkarte": "03_Foehr_ges_Quer.pdf",
        "ortsname": "Föhr",
        "ortsquelle": "03_Foehr_ges_Quer.pdf",
        "zuordnungsabstand_relativ": 0.72,
        "pdf_x_pt": 2997.667,
        "pdf_y_von_oben_pt": 2143.816,
        "koordinatenquelle": "eingebettete GeoPDF-Georeferenzierung",
        "lagehinweis": "kartografische Symbolposition; nicht vermessungstechnisch oder vor Ort bestätigt",
        "marker-color": "#1565c0",
        "marker-symbol": "fire-station",
        "marker-size": "medium",
        "title": "225 - Hydrant"
      }
    },
    {
      "type": "Feature",
      "id": "226",
      "geometry": {
        "type": "Point",
        "coordinates": [
          8.56063,
          54.686603
        ]
      },
      "properties": {
        "id": "226",
        "typ": "Hydrant",
        "menge_l_min": 1600,
        "quellkarte": "03_Foehr_ges_Quer.pdf",
        "ortsname": "Föhr",
        "ortsquelle": "03_Foehr_ges_Quer.pdf",
        "zuordnungsabstand_relativ": 0.773,
        "pdf_x_pt": 3014.472,
        "pdf_y_von_oben_pt": 2111.062,
        "koordinatenquelle": "eingebettete GeoPDF-Georeferenzierung",
        "lagehinweis": "kartografische Symbolposition; nicht vermessungstechnisch oder vor Ort bestätigt",
        "marker-color": "#1565c0",
        "marker-symbol": "fire-station",
        "marker-size": "medium",
        "title": "226 - Hydrant"
      }
    },
    {
      "type": "Feature",
      "id": "227",
      "geometry": {
        "type": "Point",
        "coordinates": [
          8.561537,
          54.687391
        ]
      },
      "properties": {
        "id": "227",
        "typ": "Hydrant",
        "menge_l_min": 1600,
        "quellkarte": "03_Foehr_ges_Quer.pdf",
        "ortsname": "Föhr",
        "ortsquelle": "03_Foehr_ges_Quer.pdf",
        "zuordnungsabstand_relativ": 0.803,
        "pdf_x_pt": 3031.209,
        "pdf_y_von_oben_pt": 2086.353,
        "koordinatenquelle": "eingebettete GeoPDF-Georeferenzierung",
        "lagehinweis": "kartografische Symbolposition; nicht vermessungstechnisch oder vor Ort bestätigt",
        "marker-color": "#1565c0",
        "marker-symbol": "fire-station",
        "marker-size": "medium",
        "title": "227 - Hydrant"
      }
    },
    {
      "type": "Feature",
      "id": "228",
      "geometry": {
        "type": "Point",
        "coordinates": [
          8.558553,
          54.685376
        ]
      },
      "properties": {
        "id": "228",
        "typ": "Hydrant",
        "menge_l_min": 1600,
        "quellkarte": "03_Foehr_ges_Quer.pdf",
        "ortsname": "Föhr",
        "ortsquelle": "03_Foehr_ges_Quer.pdf",
        "zuordnungsabstand_relativ": 1.132,
        "pdf_x_pt": 2976.293,
        "pdf_y_von_oben_pt": 2149.474,
        "koordinatenquelle": "eingebettete GeoPDF-Georeferenzierung",
        "lagehinweis": "kartografische Symbolposition; nicht vermessungstechnisch oder vor Ort bestätigt",
        "marker-color": "#1565c0",
        "marker-symbol": "fire-station",
        "marker-size": "medium",
        "title": "228 - Hydrant"
      }
    },
    {
      "type": "Feature",
      "id": "229",
      "geometry": {
        "type": "Point",
        "coordinates": [
          8.559284,
          54.686294
        ]
      },
      "properties": {
        "id": "229",
        "typ": "Hydrant",
        "menge_l_min": 1600,
        "quellkarte": "03_Foehr_ges_Quer.pdf",
        "ortsname": "Föhr",
        "ortsquelle": "03_Foehr_ges_Quer.pdf",
        "zuordnungsabstand_relativ": 0.79,
        "pdf_x_pt": 2989.829,
        "pdf_y_von_oben_pt": 2120.614,
        "koordinatenquelle": "eingebettete GeoPDF-Georeferenzierung",
        "lagehinweis": "kartografische Symbolposition; nicht vermessungstechnisch oder vor Ort bestätigt",
        "marker-color": "#1565c0",
        "marker-symbol": "fire-station",
        "marker-size": "medium",
        "title": "229 - Hydrant"
      }
    },
    {
      "type": "Feature",
      "id": "230",
      "geometry": {
        "type": "Point",
        "coordinates": [
          8.560025,
          54.687108
        ]
      },
      "properties": {
        "id": "230",
        "typ": "Hydrant",
        "menge_l_min": 1600,
        "quellkarte": "03_Foehr_ges_Quer.pdf",
        "ortsname": "Föhr",
        "ortsquelle": "03_Foehr_ges_Quer.pdf",
        "zuordnungsabstand_relativ": 0.8,
        "pdf_x_pt": 3003.53,
        "pdf_y_von_oben_pt": 2095.07,
        "koordinatenquelle": "eingebettete GeoPDF-Georeferenzierung",
        "lagehinweis": "kartografische Symbolposition; nicht vermessungstechnisch oder vor Ort bestätigt",
        "marker-color": "#1565c0",
        "marker-symbol": "fire-station",
        "marker-size": "medium",
        "title": "230 - Hydrant"
      }
    },
    {
      "type": "Feature",
      "id": "232",
      "geometry": {
        "type": "Point",
        "coordinates": [
          8.560975,
          54.688171
        ]
      },
      "properties": {
        "id": "232",
        "typ": "Hydrant",
        "menge_l_min": 1600,
        "quellkarte": "03_Foehr_ges_Quer.pdf",
        "ortsname": "Föhr",
        "ortsquelle": "03_Foehr_ges_Quer.pdf",
        "zuordnungsabstand_relativ": 0.858,
        "pdf_x_pt": 3021.093,
        "pdf_y_von_oben_pt": 2061.661,
        "koordinatenquelle": "eingebettete GeoPDF-Georeferenzierung",
        "lagehinweis": "kartografische Symbolposition; nicht vermessungstechnisch oder vor Ort bestätigt",
        "marker-color": "#1565c0",
        "marker-symbol": "fire-station",
        "marker-size": "medium",
        "title": "232 - Hydrant"
      }
    },
    {
      "type": "Feature",
      "id": "233",
      "geometry": {
        "type": "Point",
        "coordinates": [
          8.558064,
          54.687593
        ]
      },
      "properties": {
        "id": "233",
        "typ": "Hydrant",
        "menge_l_min": 1600,
        "quellkarte": "03_Foehr_ges_Quer.pdf",
        "ortsname": "Föhr",
        "ortsquelle": "03_Foehr_ges_Quer.pdf",
        "zuordnungsabstand_relativ": 1.129,
        "pdf_x_pt": 2967.797,
        "pdf_y_von_oben_pt": 2079.498,
        "koordinatenquelle": "eingebettete GeoPDF-Georeferenzierung",
        "lagehinweis": "kartografische Symbolposition; nicht vermessungstechnisch oder vor Ort bestätigt",
        "marker-color": "#1565c0",
        "marker-symbol": "fire-station",
        "marker-size": "medium",
        "title": "233 - Hydrant"
      }
    },
    {
      "type": "Feature",
      "id": "234",
      "geometry": {
        "type": "Point",
        "coordinates": [
          8.559995,
          54.689297
        ]
      },
      "properties": {
        "id": "234",
        "typ": "E-Bohrbrunnen",
        "menge_l_min": null,
        "quellkarte": "03_Foehr_ges_Quer.pdf",
        "ortsname": "Föhr",
        "ortsquelle": "03_Foehr_ges_Quer.pdf",
        "zuordnungsabstand_relativ": 0.994,
        "pdf_x_pt": 3003.405,
        "pdf_y_von_oben_pt": 2026.033,
        "koordinatenquelle": "eingebettete GeoPDF-Georeferenzierung",
        "lagehinweis": "kartografische Symbolposition; nicht vermessungstechnisch oder vor Ort bestätigt",
        "marker-color": "#8e24aa",
        "marker-symbol": "industrial",
        "marker-size": "medium",
        "title": "234 - E-Bohrbrunnen"
      }
    },
    {
      "type": "Feature",
      "id": "235",
      "geometry": {
        "type": "Point",
        "coordinates": [
          8.559939,
          54.68965
        ]
      },
      "properties": {
        "id": "235",
        "typ": "Hydrant",
        "menge_l_min": 1600,
        "quellkarte": "03_Foehr_ges_Quer.pdf",
        "ortsname": "Föhr",
        "ortsquelle": "03_Foehr_ges_Quer.pdf",
        "zuordnungsabstand_relativ": 0.846,
        "pdf_x_pt": 3002.459,
        "pdf_y_von_oben_pt": 2014.881,
        "koordinatenquelle": "eingebettete GeoPDF-Georeferenzierung",
        "lagehinweis": "kartografische Symbolposition; nicht vermessungstechnisch oder vor Ort bestätigt",
        "marker-color": "#1565c0",
        "marker-symbol": "fire-station",
        "marker-size": "medium",
        "title": "235 - Hydrant"
      }
    },
    {
      "type": "Feature",
      "id": "236",
      "geometry": {
        "type": "Point",
        "coordinates": [
          8.557011,
          54.687963
        ]
      },
      "properties": {
        "id": "236",
        "typ": "Hydrant",
        "menge_l_min": 1600,
        "quellkarte": "03_Foehr_ges_Quer.pdf",
        "ortsname": "Föhr",
        "ortsquelle": "03_Foehr_ges_Quer.pdf",
        "zuordnungsabstand_relativ": 0.995,
        "pdf_x_pt": 2948.636,
        "pdf_y_von_oben_pt": 2067.693,
        "koordinatenquelle": "eingebettete GeoPDF-Georeferenzierung",
        "lagehinweis": "kartografische Symbolposition; nicht vermessungstechnisch oder vor Ort bestätigt",
        "marker-color": "#1565c0",
        "marker-symbol": "fire-station",
        "marker-size": "medium",
        "title": "236 - Hydrant"
      }
    },
    {
      "type": "Feature",
      "id": "237",
      "geometry": {
        "type": "Point",
        "coordinates": [
          8.557562,
          54.688897
        ]
      },
      "properties": {
        "id": "237",
        "typ": "Hydrant",
        "menge_l_min": 1600,
        "quellkarte": "03_Foehr_ges_Quer.pdf",
        "ortsname": "Föhr",
        "ortsquelle": "03_Foehr_ges_Quer.pdf",
        "zuordnungsabstand_relativ": 0.966,
        "pdf_x_pt": 2958.878,
        "pdf_y_von_oben_pt": 2038.322,
        "koordinatenquelle": "eingebettete GeoPDF-Georeferenzierung",
        "lagehinweis": "kartografische Symbolposition; nicht vermessungstechnisch oder vor Ort bestätigt",
        "marker-color": "#1565c0",
        "marker-symbol": "fire-station",
        "marker-size": "medium",
        "title": "237 - Hydrant"
      }
    },
    {
      "type": "Feature",
      "id": "238",
      "geometry": {
        "type": "Point",
        "coordinates": [
          8.558264,
          54.689681
        ]
      },
      "properties": {
        "id": "238",
        "typ": "Hydrant",
        "menge_l_min": 1600,
        "quellkarte": "03_Foehr_ges_Quer.pdf",
        "ortsname": "Föhr",
        "ortsquelle": "03_Foehr_ges_Quer.pdf",
        "zuordnungsabstand_relativ": 0.832,
        "pdf_x_pt": 2971.862,
        "pdf_y_von_oben_pt": 2013.691,
        "koordinatenquelle": "eingebettete GeoPDF-Georeferenzierung",
        "lagehinweis": "kartografische Symbolposition; nicht vermessungstechnisch oder vor Ort bestätigt",
        "marker-color": "#1565c0",
        "marker-symbol": "fire-station",
        "marker-size": "medium",
        "title": "238 - Hydrant"
      }
    },
    {
      "type": "Feature",
      "id": "239",
      "geometry": {
        "type": "Point",
        "coordinates": [
          8.559196,
          54.690345
        ]
      },
      "properties": {
        "id": "239",
        "typ": "Hydrant",
        "menge_l_min": 1600,
        "quellkarte": "03_Foehr_ges_Quer.pdf",
        "ortsname": "Föhr",
        "ortsquelle": "03_Foehr_ges_Quer.pdf",
        "zuordnungsabstand_relativ": 0.481,
        "pdf_x_pt": 2989.01,
        "pdf_y_von_oben_pt": 1992.864,
        "koordinatenquelle": "eingebettete GeoPDF-Georeferenzierung",
        "lagehinweis": "kartografische Symbolposition; nicht vermessungstechnisch oder vor Ort bestätigt",
        "marker-color": "#1565c0",
        "marker-symbol": "fire-station",
        "marker-size": "medium",
        "title": "239 - Hydrant"
      }
    },
    {
      "type": "Feature",
      "id": "240",
      "geometry": {
        "type": "Point",
        "coordinates": [
          8.559131,
          54.691049
        ]
      },
      "properties": {
        "id": "240",
        "typ": "Hydrant",
        "menge_l_min": 1600,
        "quellkarte": "03_Foehr_ges_Quer.pdf",
        "ortsname": "Föhr",
        "ortsquelle": "03_Foehr_ges_Quer.pdf",
        "zuordnungsabstand_relativ": 0.804,
        "pdf_x_pt": 2987.972,
        "pdf_y_von_oben_pt": 1970.673,
        "koordinatenquelle": "eingebettete GeoPDF-Georeferenzierung",
        "lagehinweis": "kartografische Symbolposition; nicht vermessungstechnisch oder vor Ort bestätigt",
        "marker-color": "#1565c0",
        "marker-symbol": "fire-station",
        "marker-size": "medium",
        "title": "240 - Hydrant"
      }
    },
    {
      "type": "Feature",
      "id": "241",
      "geometry": {
        "type": "Point",
        "coordinates": [
          8.5587,
          54.692016
        ]
      },
      "properties": {
        "id": "241",
        "typ": "Hydrant",
        "menge_l_min": 1600,
        "quellkarte": "03_Foehr_ges_Quer.pdf",
        "ortsname": "Föhr",
        "ortsquelle": "03_Foehr_ges_Quer.pdf",
        "zuordnungsabstand_relativ": 1.217,
        "pdf_x_pt": 2980.279,
        "pdf_y_von_oben_pt": 1940.114,
        "koordinatenquelle": "eingebettete GeoPDF-Georeferenzierung",
        "lagehinweis": "kartografische Symbolposition; nicht vermessungstechnisch oder vor Ort bestätigt",
        "marker-color": "#1565c0",
        "marker-symbol": "fire-station",
        "marker-size": "medium",
        "title": "241 - Hydrant"
      }
    },
    {
      "type": "Feature",
      "id": "242",
      "geometry": {
        "type": "Point",
        "coordinates": [
          8.558678,
          54.692013
        ]
      },
      "properties": {
        "id": "242",
        "typ": "Hydrant",
        "menge_l_min": 1600,
        "quellkarte": "03_Foehr_ges_Quer.pdf",
        "ortsname": "Föhr",
        "ortsquelle": "03_Foehr_ges_Quer.pdf",
        "zuordnungsabstand_relativ": 0.783,
        "pdf_x_pt": 2979.893,
        "pdf_y_von_oben_pt": 1940.205,
        "koordinatenquelle": "eingebettete GeoPDF-Georeferenzierung",
        "lagehinweis": "kartografische Symbolposition; nicht vermessungstechnisch oder vor Ort bestätigt",
        "marker-color": "#1565c0",
        "marker-symbol": "fire-station",
        "marker-size": "medium",
        "title": "242 - Hydrant"
      }
    },
    {
      "type": "Feature",
      "id": "243",
      "geometry": {
        "type": "Point",
        "coordinates": [
          8.55383,
          54.686518
        ]
      },
      "properties": {
        "id": "243",
        "typ": "Hydrant",
        "menge_l_min": 1600,
        "quellkarte": "03_Foehr_ges_Quer.pdf",
        "ortsname": "Föhr",
        "ortsquelle": "03_Foehr_ges_Quer.pdf",
        "zuordnungsabstand_relativ": 0.539,
        "pdf_x_pt": 2890.223,
        "pdf_y_von_oben_pt": 2112.825,
        "koordinatenquelle": "eingebettete GeoPDF-Georeferenzierung",
        "lagehinweis": "kartografische Symbolposition; nicht vermessungstechnisch oder vor Ort bestätigt",
        "marker-color": "#1565c0",
        "marker-symbol": "fire-station",
        "marker-size": "medium",
        "title": "243 - Hydrant"
      }
    },
    {
      "type": "Feature",
      "id": "244",
      "geometry": {
        "type": "Point",
        "coordinates": [
          8.555036,
          54.687105
        ]
      },
      "properties": {
        "id": "244",
        "typ": "Hydrant",
        "menge_l_min": 1600,
        "quellkarte": "03_Foehr_ges_Quer.pdf",
        "ortsname": "Föhr",
        "ortsquelle": "03_Foehr_ges_Quer.pdf",
        "zuordnungsabstand_relativ": 0.698,
        "pdf_x_pt": 2912.38,
        "pdf_y_von_oben_pt": 2094.475,
        "koordinatenquelle": "eingebettete GeoPDF-Georeferenzierung",
        "lagehinweis": "kartografische Symbolposition; nicht vermessungstechnisch oder vor Ort bestätigt",
        "marker-color": "#1565c0",
        "marker-symbol": "fire-station",
        "marker-size": "medium",
        "title": "244 - Hydrant"
      }
    },
    {
      "type": "Feature",
      "id": "245",
      "geometry": {
        "type": "Point",
        "coordinates": [
          8.555093,
          54.687748
        ]
      },
      "properties": {
        "id": "245",
        "typ": "Hydrant",
        "menge_l_min": 1600,
        "quellkarte": "03_Foehr_ges_Quer.pdf",
        "ortsname": "Föhr",
        "ortsquelle": "03_Foehr_ges_Quer.pdf",
        "zuordnungsabstand_relativ": 0.788,
        "pdf_x_pt": 2913.539,
        "pdf_y_von_oben_pt": 2074.23,
        "koordinatenquelle": "eingebettete GeoPDF-Georeferenzierung",
        "lagehinweis": "kartografische Symbolposition; nicht vermessungstechnisch oder vor Ort bestätigt",
        "marker-color": "#1565c0",
        "marker-symbol": "fire-station",
        "marker-size": "medium",
        "title": "245 - Hydrant"
      }
    },
    {
      "type": "Feature",
      "id": "247",
      "geometry": {
        "type": "Point",
        "coordinates": [
          8.552726,
          54.686637
        ]
      },
      "properties": {
        "id": "247",
        "typ": "Hydrant",
        "menge_l_min": 1600,
        "quellkarte": "03_Foehr_ges_Quer.pdf",
        "ortsname": "Föhr",
        "ortsquelle": "03_Foehr_ges_Quer.pdf",
        "zuordnungsabstand_relativ": 0.584,
        "pdf_x_pt": 2870.077,
        "pdf_y_von_oben_pt": 2108.926,
        "koordinatenquelle": "eingebettete GeoPDF-Georeferenzierung",
        "lagehinweis": "kartografische Symbolposition; nicht vermessungstechnisch oder vor Ort bestätigt",
        "marker-color": "#1565c0",
        "marker-symbol": "fire-station",
        "marker-size": "medium",
        "title": "247 - Hydrant"
      }
    },
    {
      "type": "Feature",
      "id": "248",
      "geometry": {
        "type": "Point",
        "coordinates": [
          8.553695,
          54.687031
        ]
      },
      "properties": {
        "id": "248",
        "typ": "Hydrant",
        "menge_l_min": 1600,
        "quellkarte": "03_Foehr_ges_Quer.pdf",
        "ortsname": "Föhr",
        "ortsquelle": "03_Foehr_ges_Quer.pdf",
        "zuordnungsabstand_relativ": 0.669,
        "pdf_x_pt": 2887.867,
        "pdf_y_von_oben_pt": 2096.642,
        "koordinatenquelle": "eingebettete GeoPDF-Georeferenzierung",
        "lagehinweis": "kartografische Symbolposition; nicht vermessungstechnisch oder vor Ort bestätigt",
        "marker-color": "#1565c0",
        "marker-symbol": "fire-station",
        "marker-size": "medium",
        "title": "248 - Hydrant"
      }
    },
    {
      "type": "Feature",
      "id": "249",
      "geometry": {
        "type": "Point",
        "coordinates": [
          8.554134,
          54.687752
        ]
      },
      "properties": {
        "id": "249",
        "typ": "Hydrant",
        "menge_l_min": 1600,
        "quellkarte": "03_Foehr_ges_Quer.pdf",
        "ortsname": "Föhr",
        "ortsquelle": "03_Foehr_ges_Quer.pdf",
        "zuordnungsabstand_relativ": 0.623,
        "pdf_x_pt": 2896.02,
        "pdf_y_von_oben_pt": 2073.966,
        "koordinatenquelle": "eingebettete GeoPDF-Georeferenzierung",
        "lagehinweis": "kartografische Symbolposition; nicht vermessungstechnisch oder vor Ort bestätigt",
        "marker-color": "#1565c0",
        "marker-symbol": "fire-station",
        "marker-size": "medium",
        "title": "249 - Hydrant"
      }
    },
    {
      "type": "Feature",
      "id": "250",
      "geometry": {
        "type": "Point",
        "coordinates": [
          8.559249,
          54.692735
        ]
      },
      "properties": {
        "id": "250",
        "typ": "Hydrant",
        "menge_l_min": 1600,
        "quellkarte": "03_Foehr_ges_Quer.pdf",
        "ortsname": "Föhr",
        "ortsquelle": "03_Foehr_ges_Quer.pdf",
        "zuordnungsabstand_relativ": 0.82,
        "pdf_x_pt": 2990.453,
        "pdf_y_von_oben_pt": 1917.52,
        "koordinatenquelle": "eingebettete GeoPDF-Georeferenzierung",
        "lagehinweis": "kartografische Symbolposition; nicht vermessungstechnisch oder vor Ort bestätigt",
        "marker-color": "#1565c0",
        "marker-symbol": "fire-station",
        "marker-size": "medium",
        "title": "250 - Hydrant"
      }
    },
    {
      "type": "Feature",
      "id": "251",
      "geometry": {
        "type": "Point",
        "coordinates": [
          8.55891,
          54.692375
        ]
      },
      "properties": {
        "id": "251",
        "typ": "Hydrant",
        "menge_l_min": 1600,
        "quellkarte": "03_Foehr_ges_Quer.pdf",
        "ortsname": "Föhr",
        "ortsquelle": "03_Foehr_ges_Quer.pdf",
        "zuordnungsabstand_relativ": 0.839,
        "pdf_x_pt": 2984.199,
        "pdf_y_von_oben_pt": 1928.816,
        "koordinatenquelle": "eingebettete GeoPDF-Georeferenzierung",
        "lagehinweis": "kartografische Symbolposition; nicht vermessungstechnisch oder vor Ort bestätigt",
        "marker-color": "#1565c0",
        "marker-symbol": "fire-station",
        "marker-size": "medium",
        "title": "251 - Hydrant"
      }
    },
    {
      "type": "Feature",
      "id": "252",
      "geometry": {
        "type": "Point",
        "coordinates": [
          8.555815,
          54.688298
        ]
      },
      "properties": {
        "id": "252",
        "typ": "Hydrant",
        "menge_l_min": 1600,
        "quellkarte": "03_Foehr_ges_Quer.pdf",
        "ortsname": "Föhr",
        "ortsquelle": "03_Foehr_ges_Quer.pdf",
        "zuordnungsabstand_relativ": 0.817,
        "pdf_x_pt": 2926.847,
        "pdf_y_von_oben_pt": 2056.97,
        "koordinatenquelle": "eingebettete GeoPDF-Georeferenzierung",
        "lagehinweis": "kartografische Symbolposition; nicht vermessungstechnisch oder vor Ort bestätigt",
        "marker-color": "#1565c0",
        "marker-symbol": "fire-station",
        "marker-size": "medium",
        "title": "252 - Hydrant"
      }
    },
    {
      "type": "Feature",
      "id": "253",
      "geometry": {
        "type": "Point",
        "coordinates": [
          8.552075,
          54.687074
        ]
      },
      "properties": {
        "id": "253",
        "typ": "Hydrant",
        "menge_l_min": 1600,
        "quellkarte": "03_Foehr_ges_Quer.pdf",
        "ortsname": "Föhr",
        "ortsquelle": "03_Foehr_ges_Quer.pdf",
        "zuordnungsabstand_relativ": 0.89,
        "pdf_x_pt": 2858.274,
        "pdf_y_von_oben_pt": 2095.081,
        "koordinatenquelle": "eingebettete GeoPDF-Georeferenzierung",
        "lagehinweis": "kartografische Symbolposition; nicht vermessungstechnisch oder vor Ort bestätigt",
        "marker-color": "#1565c0",
        "marker-symbol": "fire-station",
        "marker-size": "medium",
        "title": "253 - Hydrant"
      }
    },
    {
      "type": "Feature",
      "id": "254",
      "geometry": {
        "type": "Point",
        "coordinates": [
          8.552034,
          54.687838
        ]
      },
      "properties": {
        "id": "254",
        "typ": "Hydrant",
        "menge_l_min": 1600,
        "quellkarte": "03_Foehr_ges_Quer.pdf",
        "ortsname": "Föhr",
        "ortsquelle": "03_Foehr_ges_Quer.pdf",
        "zuordnungsabstand_relativ": 0.598,
        "pdf_x_pt": 2857.681,
        "pdf_y_von_oben_pt": 2070.979,
        "koordinatenquelle": "eingebettete GeoPDF-Georeferenzierung",
        "lagehinweis": "kartografische Symbolposition; nicht vermessungstechnisch oder vor Ort bestätigt",
        "marker-color": "#1565c0",
        "marker-symbol": "fire-station",
        "marker-size": "medium",
        "title": "254 - Hydrant"
      }
    },
    {
      "type": "Feature",
      "id": "255",
      "geometry": {
        "type": "Point",
        "coordinates": [
          8.550866,
          54.687696
        ]
      },
      "properties": {
        "id": "255",
        "typ": "Hydrant",
        "menge_l_min": 1600,
        "quellkarte": "03_Foehr_ges_Quer.pdf",
        "ortsname": "Föhr",
        "ortsquelle": "03_Foehr_ges_Quer.pdf",
        "zuordnungsabstand_relativ": 0.837,
        "pdf_x_pt": 2836.313,
        "pdf_y_von_oben_pt": 2075.303,
        "koordinatenquelle": "eingebettete GeoPDF-Georeferenzierung",
        "lagehinweis": "kartografische Symbolposition; nicht vermessungstechnisch oder vor Ort bestätigt",
        "marker-color": "#1565c0",
        "marker-symbol": "fire-station",
        "marker-size": "medium",
        "title": "255 - Hydrant"
      }
    },
    {
      "type": "Feature",
      "id": "256",
      "geometry": {
        "type": "Point",
        "coordinates": [
          8.552834,
          54.687633
        ]
      },
      "properties": {
        "id": "256",
        "typ": "Hydrant",
        "menge_l_min": 1600,
        "quellkarte": "03_Foehr_ges_Quer.pdf",
        "ortsname": "Föhr",
        "ortsquelle": "03_Foehr_ges_Quer.pdf",
        "zuordnungsabstand_relativ": 0.567,
        "pdf_x_pt": 2872.251,
        "pdf_y_von_oben_pt": 2077.539,
        "koordinatenquelle": "eingebettete GeoPDF-Georeferenzierung",
        "lagehinweis": "kartografische Symbolposition; nicht vermessungstechnisch oder vor Ort bestätigt",
        "marker-color": "#1565c0",
        "marker-symbol": "fire-station",
        "marker-size": "medium",
        "title": "256 - Hydrant"
      }
    },
    {
      "type": "Feature",
      "id": "257",
      "geometry": {
        "type": "Point",
        "coordinates": [
          8.55305,
          54.688382
        ]
      },
      "properties": {
        "id": "257",
        "typ": "Hydrant",
        "menge_l_min": 1600,
        "quellkarte": "03_Foehr_ges_Quer.pdf",
        "ortsname": "Föhr",
        "ortsquelle": "03_Foehr_ges_Quer.pdf",
        "zuordnungsabstand_relativ": 1.221,
        "pdf_x_pt": 2876.351,
        "pdf_y_von_oben_pt": 2053.947,
        "koordinatenquelle": "eingebettete GeoPDF-Georeferenzierung",
        "lagehinweis": "kartografische Symbolposition; nicht vermessungstechnisch oder vor Ort bestätigt",
        "marker-color": "#1565c0",
        "marker-symbol": "fire-station",
        "marker-size": "medium",
        "title": "257 - Hydrant"
      }
    },
    {
      "type": "Feature",
      "id": "258",
      "geometry": {
        "type": "Point",
        "coordinates": [
          8.553539,
          54.689507
        ]
      },
      "properties": {
        "id": "258",
        "typ": "Hydrant",
        "menge_l_min": 1600,
        "quellkarte": "03_Foehr_ges_Quer.pdf",
        "ortsname": "Föhr",
        "ortsquelle": "03_Foehr_ges_Quer.pdf",
        "zuordnungsabstand_relativ": 0.78,
        "pdf_x_pt": 2885.505,
        "pdf_y_von_oben_pt": 2018.542,
        "koordinatenquelle": "eingebettete GeoPDF-Georeferenzierung",
        "lagehinweis": "kartografische Symbolposition; nicht vermessungstechnisch oder vor Ort bestätigt",
        "marker-color": "#1565c0",
        "marker-symbol": "fire-station",
        "marker-size": "medium",
        "title": "258 - Hydrant"
      }
    },
    {
      "type": "Feature",
      "id": "259",
      "geometry": {
        "type": "Point",
        "coordinates": [
          8.552305,
          54.689406
        ]
      },
      "properties": {
        "id": "259",
        "typ": "Hydrant",
        "menge_l_min": 1600,
        "quellkarte": "03_Foehr_ges_Quer.pdf",
        "ortsname": "Föhr",
        "ortsquelle": "03_Foehr_ges_Quer.pdf",
        "zuordnungsabstand_relativ": 1.043,
        "pdf_x_pt": 2862.938,
        "pdf_y_von_oben_pt": 2021.58,
        "koordinatenquelle": "eingebettete GeoPDF-Georeferenzierung",
        "lagehinweis": "kartografische Symbolposition; nicht vermessungstechnisch oder vor Ort bestätigt",
        "marker-color": "#1565c0",
        "marker-symbol": "fire-station",
        "marker-size": "medium",
        "title": "259 - Hydrant"
      }
    },
    {
      "type": "Feature",
      "id": "260",
      "geometry": {
        "type": "Point",
        "coordinates": [
          8.552889,
          54.690175
        ]
      },
      "properties": {
        "id": "260",
        "typ": "Hydrant",
        "menge_l_min": 1600,
        "quellkarte": "03_Foehr_ges_Quer.pdf",
        "ortsname": "Föhr",
        "ortsquelle": "03_Foehr_ges_Quer.pdf",
        "zuordnungsabstand_relativ": 1.164,
        "pdf_x_pt": 2873.76,
        "pdf_y_von_oben_pt": 1997.404,
        "koordinatenquelle": "eingebettete GeoPDF-Georeferenzierung",
        "lagehinweis": "kartografische Symbolposition; nicht vermessungstechnisch oder vor Ort bestätigt",
        "marker-color": "#1565c0",
        "marker-symbol": "fire-station",
        "marker-size": "medium",
        "title": "260 - Hydrant"
      }
    },
    {
      "type": "Feature",
      "id": "261",
      "geometry": {
        "type": "Point",
        "coordinates": [
          8.553511,
          54.690888
        ]
      },
      "properties": {
        "id": "261",
        "typ": "Hydrant",
        "menge_l_min": 1600,
        "quellkarte": "03_Foehr_ges_Quer.pdf",
        "ortsname": "Föhr",
        "ortsquelle": "03_Foehr_ges_Quer.pdf",
        "zuordnungsabstand_relativ": 1.153,
        "pdf_x_pt": 2885.281,
        "pdf_y_von_oben_pt": 1975.007,
        "koordinatenquelle": "eingebettete GeoPDF-Georeferenzierung",
        "lagehinweis": "kartografische Symbolposition; nicht vermessungstechnisch oder vor Ort bestätigt",
        "marker-color": "#1565c0",
        "marker-symbol": "fire-station",
        "marker-size": "medium",
        "title": "261 - Hydrant"
      }
    },
    {
      "type": "Feature",
      "id": "262",
      "geometry": {
        "type": "Point",
        "coordinates": [
          8.554432,
          54.692148
        ]
      },
      "properties": {
        "id": "262",
        "typ": "Hydrant",
        "menge_l_min": 1600,
        "quellkarte": "03_Foehr_ges_Quer.pdf",
        "ortsname": "Föhr",
        "ortsquelle": "03_Foehr_ges_Quer.pdf",
        "zuordnungsabstand_relativ": 1.229,
        "pdf_x_pt": 2902.358,
        "pdf_y_von_oben_pt": 1935.392,
        "koordinatenquelle": "eingebettete GeoPDF-Georeferenzierung",
        "lagehinweis": "kartografische Symbolposition; nicht vermessungstechnisch oder vor Ort bestätigt",
        "marker-color": "#1565c0",
        "marker-symbol": "fire-station",
        "marker-size": "medium",
        "title": "262 - Hydrant"
      }
    },
    {
      "type": "Feature",
      "id": "263",
      "geometry": {
        "type": "Point",
        "coordinates": [
          8.555416,
          54.691845
        ]
      },
      "properties": {
        "id": "263",
        "typ": "Hydrant",
        "menge_l_min": 1600,
        "quellkarte": "03_Foehr_ges_Quer.pdf",
        "ortsname": "Föhr",
        "ortsquelle": "03_Foehr_ges_Quer.pdf",
        "zuordnungsabstand_relativ": 0.812,
        "pdf_x_pt": 2920.256,
        "pdf_y_von_oben_pt": 1945.069,
        "koordinatenquelle": "eingebettete GeoPDF-Georeferenzierung",
        "lagehinweis": "kartografische Symbolposition; nicht vermessungstechnisch oder vor Ort bestätigt",
        "marker-color": "#1565c0",
        "marker-symbol": "fire-station",
        "marker-size": "medium",
        "title": "263 - Hydrant"
      }
    },
    {
      "type": "Feature",
      "id": "264",
      "geometry": {
        "type": "Point",
        "coordinates": [
          8.555329,
          54.693146
        ]
      },
      "properties": {
        "id": "264",
        "typ": "Hydrant",
        "menge_l_min": 3200,
        "quellkarte": "03_Foehr_ges_Quer.pdf",
        "ortsname": "Föhr",
        "ortsquelle": "03_Foehr_ges_Quer.pdf",
        "zuordnungsabstand_relativ": 0.914,
        "pdf_x_pt": 2918.936,
        "pdf_y_von_oben_pt": 1904.028,
        "koordinatenquelle": "eingebettete GeoPDF-Georeferenzierung",
        "lagehinweis": "kartografische Symbolposition; nicht vermessungstechnisch oder vor Ort bestätigt",
        "marker-color": "#1565c0",
        "marker-symbol": "fire-station",
        "marker-size": "medium",
        "title": "264 - Hydrant"
      }
    },
    {
      "type": "Feature",
      "id": "265",
      "geometry": {
        "type": "Point",
        "coordinates": [
          8.55737,
          54.692487
        ]
      },
      "properties": {
        "id": "265",
        "typ": "Hydrant",
        "menge_l_min": 1600,
        "quellkarte": "03_Foehr_ges_Quer.pdf",
        "ortsname": "Föhr",
        "ortsquelle": "03_Foehr_ges_Quer.pdf",
        "zuordnungsabstand_relativ": 0.947,
        "pdf_x_pt": 2956.083,
        "pdf_y_von_oben_pt": 1925.088,
        "koordinatenquelle": "eingebettete GeoPDF-Georeferenzierung",
        "lagehinweis": "kartografische Symbolposition; nicht vermessungstechnisch oder vor Ort bestätigt",
        "marker-color": "#1565c0",
        "marker-symbol": "fire-station",
        "marker-size": "medium",
        "title": "265 - Hydrant"
      }
    },
    {
      "type": "Feature",
      "id": "266",
      "geometry": {
        "type": "Point",
        "coordinates": [
          8.557916,
          54.693152
        ]
      },
      "properties": {
        "id": "266",
        "typ": "Hydrant",
        "menge_l_min": 1600,
        "quellkarte": "03_Foehr_ges_Quer.pdf",
        "ortsname": "Föhr",
        "ortsquelle": "03_Foehr_ges_Quer.pdf",
        "zuordnungsabstand_relativ": 0.826,
        "pdf_x_pt": 2966.196,
        "pdf_y_von_oben_pt": 1904.194,
        "koordinatenquelle": "eingebettete GeoPDF-Georeferenzierung",
        "lagehinweis": "kartografische Symbolposition; nicht vermessungstechnisch oder vor Ort bestätigt",
        "marker-color": "#1565c0",
        "marker-symbol": "fire-station",
        "marker-size": "medium",
        "title": "266 - Hydrant"
      }
    },
    {
      "type": "Feature",
      "id": "267",
      "geometry": {
        "type": "Point",
        "coordinates": [
          8.557374,
          54.693946
        ]
      },
      "properties": {
        "id": "267",
        "typ": "Hydrant",
        "menge_l_min": 1600,
        "quellkarte": "03_Foehr_ges_Quer.pdf",
        "ortsname": "Föhr",
        "ortsquelle": "03_Foehr_ges_Quer.pdf",
        "zuordnungsabstand_relativ": 0.912,
        "pdf_x_pt": 2956.456,
        "pdf_y_von_oben_pt": 1879.102,
        "koordinatenquelle": "eingebettete GeoPDF-Georeferenzierung",
        "lagehinweis": "kartografische Symbolposition; nicht vermessungstechnisch oder vor Ort bestätigt",
        "marker-color": "#1565c0",
        "marker-symbol": "fire-station",
        "marker-size": "medium",
        "title": "267 - Hydrant"
      }
    },
    {
      "type": "Feature",
      "id": "268",
      "geometry": {
        "type": "Point",
        "coordinates": [
          8.55652,
          54.694362
        ]
      },
      "properties": {
        "id": "268",
        "typ": "Hydrant",
        "menge_l_min": 3200,
        "quellkarte": "03_Foehr_ges_Quer.pdf",
        "ortsname": "Föhr",
        "ortsquelle": "03_Foehr_ges_Quer.pdf",
        "zuordnungsabstand_relativ": 0.898,
        "pdf_x_pt": 2940.937,
        "pdf_y_von_oben_pt": 1865.844,
        "koordinatenquelle": "eingebettete GeoPDF-Georeferenzierung",
        "lagehinweis": "kartografische Symbolposition; nicht vermessungstechnisch oder vor Ort bestätigt",
        "marker-color": "#1565c0",
        "marker-symbol": "fire-station",
        "marker-size": "medium",
        "title": "268 - Hydrant"
      }
    },
    {
      "type": "Feature",
      "id": "269",
      "geometry": {
        "type": "Point",
        "coordinates": [
          8.556843,
          54.695312
        ]
      },
      "properties": {
        "id": "269",
        "typ": "Hydrant",
        "menge_l_min": 3200,
        "quellkarte": "03_Foehr_ges_Quer.pdf",
        "ortsname": "Föhr",
        "ortsquelle": "03_Foehr_ges_Quer.pdf",
        "zuordnungsabstand_relativ": 0.707,
        "pdf_x_pt": 2947.02,
        "pdf_y_von_oben_pt": 1835.932,
        "koordinatenquelle": "eingebettete GeoPDF-Georeferenzierung",
        "lagehinweis": "kartografische Symbolposition; nicht vermessungstechnisch oder vor Ort bestätigt",
        "marker-color": "#1565c0",
        "marker-symbol": "fire-station",
        "marker-size": "medium",
        "title": "269 - Hydrant"
      }
    },
    {
      "type": "Feature",
      "id": "270",
      "geometry": {
        "type": "Point",
        "coordinates": [
          8.558884,
          54.69429
        ]
      },
      "properties": {
        "id": "270",
        "typ": "Hydrant",
        "menge_l_min": 3200,
        "quellkarte": "03_Foehr_ges_Quer.pdf",
        "ortsname": "Föhr",
        "ortsquelle": "03_Foehr_ges_Quer.pdf",
        "zuordnungsabstand_relativ": 0.795,
        "pdf_x_pt": 2984.101,
        "pdf_y_von_oben_pt": 1868.437,
        "koordinatenquelle": "eingebettete GeoPDF-Georeferenzierung",
        "lagehinweis": "kartografische Symbolposition; nicht vermessungstechnisch oder vor Ort bestätigt",
        "marker-color": "#1565c0",
        "marker-symbol": "fire-station",
        "marker-size": "medium",
        "title": "270 - Hydrant"
      }
    },
    {
      "type": "Feature",
      "id": "271",
      "geometry": {
        "type": "Point",
        "coordinates": [
          8.559879,
          54.693687
        ]
      },
      "properties": {
        "id": "271",
        "typ": "Hydrant",
        "menge_l_min": 3200,
        "quellkarte": "03_Foehr_ges_Quer.pdf",
        "ortsname": "Föhr",
        "ortsquelle": "03_Foehr_ges_Quer.pdf",
        "zuordnungsabstand_relativ": 0.834,
        "pdf_x_pt": 3002.152,
        "pdf_y_von_oben_pt": 1887.598,
        "koordinatenquelle": "eingebettete GeoPDF-Georeferenzierung",
        "lagehinweis": "kartografische Symbolposition; nicht vermessungstechnisch oder vor Ort bestätigt",
        "marker-color": "#1565c0",
        "marker-symbol": "fire-station",
        "marker-size": "medium",
        "title": "271 - Hydrant"
      }
    },
    {
      "type": "Feature",
      "id": "272",
      "geometry": {
        "type": "Point",
        "coordinates": [
          8.559653,
          54.693131
        ]
      },
      "properties": {
        "id": "272",
        "typ": "Hydrant",
        "menge_l_min": 1600,
        "quellkarte": "03_Foehr_ges_Quer.pdf",
        "ortsname": "Föhr",
        "ortsquelle": "03_Foehr_ges_Quer.pdf",
        "zuordnungsabstand_relativ": 0.941,
        "pdf_x_pt": 2997.91,
        "pdf_y_von_oben_pt": 1905.101,
        "koordinatenquelle": "eingebettete GeoPDF-Georeferenzierung",
        "lagehinweis": "kartografische Symbolposition; nicht vermessungstechnisch oder vor Ort bestätigt",
        "marker-color": "#1565c0",
        "marker-symbol": "fire-station",
        "marker-size": "medium",
        "title": "272 - Hydrant"
      }
    },
    {
      "type": "Feature",
      "id": "273",
      "geometry": {
        "type": "Point",
        "coordinates": [
          8.554269,
          54.688304
        ]
      },
      "properties": {
        "id": "273",
        "typ": "Hydrant",
        "menge_l_min": 1600,
        "quellkarte": "03_Foehr_ges_Quer.pdf",
        "ortsname": "Föhr",
        "ortsquelle": "03_Foehr_ges_Quer.pdf",
        "zuordnungsabstand_relativ": 0.787,
        "pdf_x_pt": 2898.61,
        "pdf_y_von_oben_pt": 2056.566,
        "koordinatenquelle": "eingebettete GeoPDF-Georeferenzierung",
        "lagehinweis": "kartografische Symbolposition; nicht vermessungstechnisch oder vor Ort bestätigt",
        "marker-color": "#1565c0",
        "marker-symbol": "fire-station",
        "marker-size": "medium",
        "title": "273 - Hydrant"
      }
    },
    {
      "type": "Feature",
      "id": "275",
      "geometry": {
        "type": "Point",
        "coordinates": [
          8.562067,
          54.694016
        ]
      },
      "properties": {
        "id": "275",
        "typ": "E-Bohrbrunnen",
        "menge_l_min": null,
        "quellkarte": "03_Foehr_ges_Quer.pdf",
        "ortsname": "Föhr",
        "ortsquelle": "03_Foehr_ges_Quer.pdf",
        "zuordnungsabstand_relativ": 0.974,
        "pdf_x_pt": 3042.183,
        "pdf_y_von_oben_pt": 1877.509,
        "koordinatenquelle": "eingebettete GeoPDF-Georeferenzierung",
        "lagehinweis": "kartografische Symbolposition; nicht vermessungstechnisch oder vor Ort bestätigt",
        "marker-color": "#8e24aa",
        "marker-symbol": "industrial",
        "marker-size": "medium",
        "title": "275 - E-Bohrbrunnen"
      }
    },
    {
      "type": "Feature",
      "id": "276",
      "geometry": {
        "type": "Point",
        "coordinates": [
          8.561317,
          54.693256
        ]
      },
      "properties": {
        "id": "276",
        "typ": "Hydrant",
        "menge_l_min": 1600,
        "quellkarte": "03_Foehr_ges_Quer.pdf",
        "ortsname": "Föhr",
        "ortsquelle": "03_Foehr_ges_Quer.pdf",
        "zuordnungsabstand_relativ": 0.863,
        "pdf_x_pt": 3028.337,
        "pdf_y_von_oben_pt": 1901.38,
        "koordinatenquelle": "eingebettete GeoPDF-Georeferenzierung",
        "lagehinweis": "kartografische Symbolposition; nicht vermessungstechnisch oder vor Ort bestätigt",
        "marker-color": "#1565c0",
        "marker-symbol": "fire-station",
        "marker-size": "medium",
        "title": "276 - Hydrant"
      }
    },
    {
      "type": "Feature",
      "id": "277",
      "geometry": {
        "type": "Point",
        "coordinates": [
          8.560043,
          54.691618
        ]
      },
      "properties": {
        "id": "277",
        "typ": "Hydrant",
        "menge_l_min": 1600,
        "quellkarte": "03_Foehr_ges_Quer.pdf",
        "ortsname": "Föhr",
        "ortsquelle": "03_Foehr_ges_Quer.pdf",
        "zuordnungsabstand_relativ": 0.774,
        "pdf_x_pt": 3004.735,
        "pdf_y_von_oben_pt": 1952.855,
        "koordinatenquelle": "eingebettete GeoPDF-Georeferenzierung",
        "lagehinweis": "kartografische Symbolposition; nicht vermessungstechnisch oder vor Ort bestätigt",
        "marker-color": "#1565c0",
        "marker-symbol": "fire-station",
        "marker-size": "medium",
        "title": "277 - Hydrant"
      }
    },
    {
      "type": "Feature",
      "id": "278",
      "geometry": {
        "type": "Point",
        "coordinates": [
          8.561214,
          54.692309
        ]
      },
      "properties": {
        "id": "278",
        "typ": "Hydrant",
        "menge_l_min": 1600,
        "quellkarte": "03_Foehr_ges_Quer.pdf",
        "ortsname": "Föhr",
        "ortsquelle": "03_Foehr_ges_Quer.pdf",
        "zuordnungsabstand_relativ": 0.993,
        "pdf_x_pt": 3026.267,
        "pdf_y_von_oben_pt": 1931.203,
        "koordinatenquelle": "eingebettete GeoPDF-Georeferenzierung",
        "lagehinweis": "kartografische Symbolposition; nicht vermessungstechnisch oder vor Ort bestätigt",
        "marker-color": "#1565c0",
        "marker-symbol": "fire-station",
        "marker-size": "medium",
        "title": "278 - Hydrant"
      }
    },
    {
      "type": "Feature",
      "id": "279",
      "geometry": {
        "type": "Point",
        "coordinates": [
          8.561947,
          54.691859
        ]
      },
      "properties": {
        "id": "279",
        "typ": "Hydrant",
        "menge_l_min": 1600,
        "quellkarte": "03_Foehr_ges_Quer.pdf",
        "ortsname": "Föhr",
        "ortsquelle": "03_Foehr_ges_Quer.pdf",
        "zuordnungsabstand_relativ": 0.896,
        "pdf_x_pt": 3039.573,
        "pdf_y_von_oben_pt": 1945.515,
        "koordinatenquelle": "eingebettete GeoPDF-Georeferenzierung",
        "lagehinweis": "kartografische Symbolposition; nicht vermessungstechnisch oder vor Ort bestätigt",
        "marker-color": "#1565c0",
        "marker-symbol": "fire-station",
        "marker-size": "medium",
        "title": "279 - Hydrant"
      }
    },
    {
      "type": "Feature",
      "id": "280",
      "geometry": {
        "type": "Point",
        "coordinates": [
          8.561566,
          54.691471
        ]
      },
      "properties": {
        "id": "280",
        "typ": "Hydrant",
        "menge_l_min": 1600,
        "quellkarte": "03_Foehr_ges_Quer.pdf",
        "ortsname": "Föhr",
        "ortsquelle": "03_Foehr_ges_Quer.pdf",
        "zuordnungsabstand_relativ": 0.994,
        "pdf_x_pt": 3032.531,
        "pdf_y_von_oben_pt": 1957.702,
        "koordinatenquelle": "eingebettete GeoPDF-Georeferenzierung",
        "lagehinweis": "kartografische Symbolposition; nicht vermessungstechnisch oder vor Ort bestätigt",
        "marker-color": "#1565c0",
        "marker-symbol": "fire-station",
        "marker-size": "medium",
        "title": "280 - Hydrant"
      }
    },
    {
      "type": "Feature",
      "id": "281",
      "geometry": {
        "type": "Point",
        "coordinates": [
          8.560632,
          54.690435
        ]
      },
      "properties": {
        "id": "281",
        "typ": "Hydrant",
        "menge_l_min": 1600,
        "quellkarte": "03_Foehr_ges_Quer.pdf",
        "ortsname": "Föhr",
        "ortsquelle": "03_Foehr_ges_Quer.pdf",
        "zuordnungsabstand_relativ": 0.977,
        "pdf_x_pt": 3015.262,
        "pdf_y_von_oben_pt": 1990.227,
        "koordinatenquelle": "eingebettete GeoPDF-Georeferenzierung",
        "lagehinweis": "kartografische Symbolposition; nicht vermessungstechnisch oder vor Ort bestätigt",
        "marker-color": "#1565c0",
        "marker-symbol": "fire-station",
        "marker-size": "medium",
        "title": "281 - Hydrant"
      }
    },
    {
      "type": "Feature",
      "id": "282",
      "geometry": {
        "type": "Point",
        "coordinates": [
          8.565899,
          54.694228
        ]
      },
      "properties": {
        "id": "282",
        "typ": "Bohrbrunnen",
        "menge_l_min": null,
        "quellkarte": "03_Foehr_ges_Quer.pdf",
        "ortsname": "Föhr",
        "ortsquelle": "03_Foehr_ges_Quer.pdf",
        "zuordnungsabstand_relativ": 0.987,
        "pdf_x_pt": 3112.229,
        "pdf_y_von_oben_pt": 1871.338,
        "koordinatenquelle": "eingebettete GeoPDF-Georeferenzierung",
        "lagehinweis": "kartografische Symbolposition; nicht vermessungstechnisch oder vor Ort bestätigt",
        "marker-color": "#f9a825",
        "marker-symbol": "water",
        "marker-size": "medium",
        "title": "282 - Bohrbrunnen"
      }
    },
    {
      "type": "Feature",
      "id": "283",
      "geometry": {
        "type": "Point",
        "coordinates": [
          8.564478,
          54.693791
        ]
      },
      "properties": {
        "id": "283",
        "typ": "Hydrant",
        "menge_l_min": 1600,
        "quellkarte": "03_Foehr_ges_Quer.pdf",
        "ortsname": "Föhr",
        "ortsquelle": "03_Foehr_ges_Quer.pdf",
        "zuordnungsabstand_relativ": 0.842,
        "pdf_x_pt": 3086.19,
        "pdf_y_von_oben_pt": 1884.932,
        "koordinatenquelle": "eingebettete GeoPDF-Georeferenzierung",
        "lagehinweis": "kartografische Symbolposition; nicht vermessungstechnisch oder vor Ort bestätigt",
        "marker-color": "#1565c0",
        "marker-symbol": "fire-station",
        "marker-size": "medium",
        "title": "283 - Hydrant"
      }
    },
    {
      "type": "Feature",
      "id": "284",
      "geometry": {
        "type": "Point",
        "coordinates": [
          8.563573,
          54.692462
        ]
      },
      "properties": {
        "id": "284",
        "typ": "Hydrant",
        "menge_l_min": 1600,
        "quellkarte": "03_Foehr_ges_Quer.pdf",
        "ortsname": "Föhr",
        "ortsquelle": "03_Foehr_ges_Quer.pdf",
        "zuordnungsabstand_relativ": 0.79,
        "pdf_x_pt": 3069.39,
        "pdf_y_von_oben_pt": 1926.711,
        "koordinatenquelle": "eingebettete GeoPDF-Georeferenzierung",
        "lagehinweis": "kartografische Symbolposition; nicht vermessungstechnisch oder vor Ort bestätigt",
        "marker-color": "#1565c0",
        "marker-symbol": "fire-station",
        "marker-size": "medium",
        "title": "284 - Hydrant"
      }
    },
    {
      "type": "Feature",
      "id": "285",
      "geometry": {
        "type": "Point",
        "coordinates": [
          8.563168,
          54.691846
        ]
      },
      "properties": {
        "id": "285",
        "typ": "Hydrant",
        "menge_l_min": 1600,
        "quellkarte": "03_Foehr_ges_Quer.pdf",
        "ortsname": "Föhr",
        "ortsquelle": "03_Foehr_ges_Quer.pdf",
        "zuordnungsabstand_relativ": 0.886,
        "pdf_x_pt": 3061.87,
        "pdf_y_von_oben_pt": 1946.087,
        "koordinatenquelle": "eingebettete GeoPDF-Georeferenzierung",
        "lagehinweis": "kartografische Symbolposition; nicht vermessungstechnisch oder vor Ort bestätigt",
        "marker-color": "#1565c0",
        "marker-symbol": "fire-station",
        "marker-size": "medium",
        "title": "285 - Hydrant"
      }
    },
    {
      "type": "Feature",
      "id": "286",
      "geometry": {
        "type": "Point",
        "coordinates": [
          8.56345,
          54.691047
        ]
      },
      "properties": {
        "id": "286",
        "typ": "E-Bohrbrunnen",
        "menge_l_min": null,
        "quellkarte": "03_Foehr_ges_Quer.pdf",
        "ortsname": "Föhr",
        "ortsquelle": "03_Foehr_ges_Quer.pdf",
        "zuordnungsabstand_relativ": 0.974,
        "pdf_x_pt": 3066.869,
        "pdf_y_von_oben_pt": 1971.314,
        "koordinatenquelle": "eingebettete GeoPDF-Georeferenzierung",
        "lagehinweis": "kartografische Symbolposition; nicht vermessungstechnisch oder vor Ort bestätigt",
        "marker-color": "#8e24aa",
        "marker-symbol": "industrial",
        "marker-size": "medium",
        "title": "286 - E-Bohrbrunnen"
      }
    },
    {
      "type": "Feature",
      "id": "287",
      "geometry": {
        "type": "Point",
        "coordinates": [
          8.562295,
          54.690872
        ]
      },
      "properties": {
        "id": "287",
        "typ": "Hydrant",
        "menge_l_min": 1600,
        "quellkarte": "03_Foehr_ges_Quer.pdf",
        "ortsname": "Föhr",
        "ortsquelle": "03_Foehr_ges_Quer.pdf",
        "zuordnungsabstand_relativ": 1.239,
        "pdf_x_pt": 3045.728,
        "pdf_y_von_oben_pt": 1976.665,
        "koordinatenquelle": "eingebettete GeoPDF-Georeferenzierung",
        "lagehinweis": "kartografische Symbolposition; nicht vermessungstechnisch oder vor Ort bestätigt",
        "marker-color": "#1565c0",
        "marker-symbol": "fire-station",
        "marker-size": "medium",
        "title": "287 - Hydrant"
      }
    },
    {
      "type": "Feature",
      "id": "288",
      "geometry": {
        "type": "Point",
        "coordinates": [
          8.561498,
          54.690043
        ]
      },
      "properties": {
        "id": "288",
        "typ": "Hydrant",
        "menge_l_min": 1600,
        "quellkarte": "03_Foehr_ges_Quer.pdf",
        "ortsname": "Föhr",
        "ortsquelle": "03_Foehr_ges_Quer.pdf",
        "zuordnungsabstand_relativ": 0.739,
        "pdf_x_pt": 3031.02,
        "pdf_y_von_oben_pt": 2002.706,
        "koordinatenquelle": "eingebettete GeoPDF-Georeferenzierung",
        "lagehinweis": "kartografische Symbolposition; nicht vermessungstechnisch oder vor Ort bestätigt",
        "marker-color": "#1565c0",
        "marker-symbol": "fire-station",
        "marker-size": "medium",
        "title": "288 - Hydrant"
      }
    },
    {
      "type": "Feature",
      "id": "289",
      "geometry": {
        "type": "Point",
        "coordinates": [
          8.560853,
          54.689278
        ]
      },
      "properties": {
        "id": "289",
        "typ": "Hydrant",
        "menge_l_min": 1600,
        "quellkarte": "03_Foehr_ges_Quer.pdf",
        "ortsname": "Föhr",
        "ortsquelle": "03_Foehr_ges_Quer.pdf",
        "zuordnungsabstand_relativ": 1.419,
        "pdf_x_pt": 3019.084,
        "pdf_y_von_oben_pt": 2026.735,
        "koordinatenquelle": "eingebettete GeoPDF-Georeferenzierung",
        "lagehinweis": "kartografische Symbolposition; nicht vermessungstechnisch oder vor Ort bestätigt",
        "marker-color": "#1565c0",
        "marker-symbol": "fire-station",
        "marker-size": "medium",
        "title": "289 - Hydrant"
      }
    },
    {
      "type": "Feature",
      "id": "291",
      "geometry": {
        "type": "Point",
        "coordinates": [
          8.56708,
          54.690875
        ]
      },
      "properties": {
        "id": "291",
        "typ": "Hydrant",
        "menge_l_min": 1600,
        "quellkarte": "03_Foehr_ges_Quer.pdf",
        "ortsname": "Föhr",
        "ortsquelle": "03_Foehr_ges_Quer.pdf",
        "zuordnungsabstand_relativ": 0.69,
        "pdf_x_pt": 3133.151,
        "pdf_y_von_oben_pt": 1977.232,
        "koordinatenquelle": "eingebettete GeoPDF-Georeferenzierung",
        "lagehinweis": "kartografische Symbolposition; nicht vermessungstechnisch oder vor Ort bestätigt",
        "marker-color": "#1565c0",
        "marker-symbol": "fire-station",
        "marker-size": "medium",
        "title": "291 - Hydrant"
      }
    },
    {
      "type": "Feature",
      "id": "292",
      "geometry": {
        "type": "Point",
        "coordinates": [
          8.566099,
          54.691698
        ]
      },
      "properties": {
        "id": "292",
        "typ": "Hydrant",
        "menge_l_min": 1600,
        "quellkarte": "03_Foehr_ges_Quer.pdf",
        "ortsname": "Föhr",
        "ortsquelle": "03_Foehr_ges_Quer.pdf",
        "zuordnungsabstand_relativ": 1.593,
        "pdf_x_pt": 3115.38,
        "pdf_y_von_oben_pt": 1951.137,
        "koordinatenquelle": "eingebettete GeoPDF-Georeferenzierung",
        "lagehinweis": "kartografische Symbolposition; nicht vermessungstechnisch oder vor Ort bestätigt",
        "marker-color": "#1565c0",
        "marker-symbol": "fire-station",
        "marker-size": "medium",
        "title": "292 - Hydrant"
      }
    },
    {
      "type": "Feature",
      "id": "293",
      "geometry": {
        "type": "Point",
        "coordinates": [
          8.564744,
          54.692069
        ]
      },
      "properties": {
        "id": "293",
        "typ": "Hydrant",
        "menge_l_min": 1600,
        "quellkarte": "03_Foehr_ges_Quer.pdf",
        "ortsname": "Föhr",
        "ortsquelle": "03_Foehr_ges_Quer.pdf",
        "zuordnungsabstand_relativ": 0.925,
        "pdf_x_pt": 3090.713,
        "pdf_y_von_oben_pt": 1939.249,
        "koordinatenquelle": "eingebettete GeoPDF-Georeferenzierung",
        "lagehinweis": "kartografische Symbolposition; nicht vermessungstechnisch oder vor Ort bestätigt",
        "marker-color": "#1565c0",
        "marker-symbol": "fire-station",
        "marker-size": "medium",
        "title": "293 - Hydrant"
      }
    },
    {
      "type": "Feature",
      "id": "295",
      "geometry": {
        "type": "Point",
        "coordinates": [
          8.56434,
          54.690785
        ]
      },
      "properties": {
        "id": "295",
        "typ": "Hydrant",
        "menge_l_min": 1600,
        "quellkarte": "03_Foehr_ges_Quer.pdf",
        "ortsname": "Föhr",
        "ortsquelle": "03_Foehr_ges_Quer.pdf",
        "zuordnungsabstand_relativ": 1.081,
        "pdf_x_pt": 3083.068,
        "pdf_y_von_oben_pt": 1979.693,
        "koordinatenquelle": "eingebettete GeoPDF-Georeferenzierung",
        "lagehinweis": "kartografische Symbolposition; nicht vermessungstechnisch oder vor Ort bestätigt",
        "marker-color": "#1565c0",
        "marker-symbol": "fire-station",
        "marker-size": "medium",
        "title": "295 - Hydrant"
      }
    },
    {
      "type": "Feature",
      "id": "296",
      "geometry": {
        "type": "Point",
        "coordinates": [
          8.563001,
          54.689715
        ]
      },
      "properties": {
        "id": "296",
        "typ": "Hydrant",
        "menge_l_min": 1600,
        "quellkarte": "03_Foehr_ges_Quer.pdf",
        "ortsname": "Föhr",
        "ortsquelle": "03_Foehr_ges_Quer.pdf",
        "zuordnungsabstand_relativ": 1.057,
        "pdf_x_pt": 3058.409,
        "pdf_y_von_oben_pt": 2013.25,
        "koordinatenquelle": "eingebettete GeoPDF-Georeferenzierung",
        "lagehinweis": "kartografische Symbolposition; nicht vermessungstechnisch oder vor Ort bestätigt",
        "marker-color": "#1565c0",
        "marker-symbol": "fire-station",
        "marker-size": "medium",
        "title": "296 - Hydrant"
      }
    },
    {
      "type": "Feature",
      "id": "297",
      "geometry": {
        "type": "Point",
        "coordinates": [
          8.561973,
          54.688697
        ]
      },
      "properties": {
        "id": "297",
        "typ": "Hydrant",
        "menge_l_min": 1600,
        "quellkarte": "03_Foehr_ges_Quer.pdf",
        "ortsname": "Föhr",
        "ortsquelle": "03_Foehr_ges_Quer.pdf",
        "zuordnungsabstand_relativ": 0.812,
        "pdf_x_pt": 3039.425,
        "pdf_y_von_oben_pt": 2045.214,
        "koordinatenquelle": "eingebettete GeoPDF-Georeferenzierung",
        "lagehinweis": "kartografische Symbolposition; nicht vermessungstechnisch oder vor Ort bestätigt",
        "marker-color": "#1565c0",
        "marker-symbol": "fire-station",
        "marker-size": "medium",
        "title": "297 - Hydrant"
      }
    },
    {
      "type": "Feature",
      "id": "298",
      "geometry": {
        "type": "Point",
        "coordinates": [
          8.564272,
          54.689257
        ]
      },
      "properties": {
        "id": "298",
        "typ": "Hydrant",
        "menge_l_min": 1600,
        "quellkarte": "03_Foehr_ges_Quer.pdf",
        "ortsname": "Föhr",
        "ortsquelle": "03_Foehr_ges_Quer.pdf",
        "zuordnungsabstand_relativ": 0.894,
        "pdf_x_pt": 3081.538,
        "pdf_y_von_oben_pt": 2027.874,
        "koordinatenquelle": "eingebettete GeoPDF-Georeferenzierung",
        "lagehinweis": "kartografische Symbolposition; nicht vermessungstechnisch oder vor Ort bestätigt",
        "marker-color": "#1565c0",
        "marker-symbol": "fire-station",
        "marker-size": "medium",
        "title": "298 - Hydrant"
      }
    },
    {
      "type": "Feature",
      "id": "299",
      "geometry": {
        "type": "Point",
        "coordinates": [
          8.563514,
          54.688982
        ]
      },
      "properties": {
        "id": "299",
        "typ": "Hydrant",
        "menge_l_min": 1600,
        "quellkarte": "03_Foehr_ges_Quer.pdf",
        "ortsname": "Föhr",
        "ortsquelle": "03_Foehr_ges_Quer.pdf",
        "zuordnungsabstand_relativ": 0.804,
        "pdf_x_pt": 3067.625,
        "pdf_y_von_oben_pt": 2036.439,
        "koordinatenquelle": "eingebettete GeoPDF-Georeferenzierung",
        "lagehinweis": "kartografische Symbolposition; nicht vermessungstechnisch oder vor Ort bestätigt",
        "marker-color": "#1565c0",
        "marker-symbol": "fire-station",
        "marker-size": "medium",
        "title": "299 - Hydrant"
      }
    },
    {
      "type": "Feature",
      "id": "300",
      "geometry": {
        "type": "Point",
        "coordinates": [
          8.564607,
          54.688015
        ]
      },
      "properties": {
        "id": "300",
        "typ": "Hydrant",
        "menge_l_min": 1600,
        "quellkarte": "03_Foehr_ges_Quer.pdf",
        "ortsname": "Föhr",
        "ortsquelle": "03_Foehr_ges_Quer.pdf",
        "zuordnungsabstand_relativ": 0.338,
        "pdf_x_pt": 3087.408,
        "pdf_y_von_oben_pt": 2067.072,
        "koordinatenquelle": "eingebettete GeoPDF-Georeferenzierung",
        "lagehinweis": "kartografische Symbolposition; nicht vermessungstechnisch oder vor Ort bestätigt",
        "marker-color": "#1565c0",
        "marker-symbol": "fire-station",
        "marker-size": "medium",
        "title": "300 - Hydrant"
      }
    },
    {
      "type": "Feature",
      "id": "301",
      "geometry": {
        "type": "Point",
        "coordinates": [
          8.562838,
          54.688231
        ]
      },
      "properties": {
        "id": "301",
        "typ": "Hydrant",
        "menge_l_min": 1600,
        "quellkarte": "03_Foehr_ges_Quer.pdf",
        "ortsname": "Föhr",
        "ortsquelle": "03_Foehr_ges_Quer.pdf",
        "zuordnungsabstand_relativ": 0.921,
        "pdf_x_pt": 3055.135,
        "pdf_y_von_oben_pt": 2060.035,
        "koordinatenquelle": "eingebettete GeoPDF-Georeferenzierung",
        "lagehinweis": "kartografische Symbolposition; nicht vermessungstechnisch oder vor Ort bestätigt",
        "marker-color": "#1565c0",
        "marker-symbol": "fire-station",
        "marker-size": "medium",
        "title": "301 - Hydrant"
      }
    },
    {
      "type": "Feature",
      "id": "302",
      "geometry": {
        "type": "Point",
        "coordinates": [
          8.562286,
          54.687612
        ]
      },
      "properties": {
        "id": "302",
        "typ": "Hydrant",
        "menge_l_min": 1600,
        "quellkarte": "03_Foehr_ges_Quer.pdf",
        "ortsname": "Föhr",
        "ortsquelle": "03_Foehr_ges_Quer.pdf",
        "zuordnungsabstand_relativ": 1.101,
        "pdf_x_pt": 3044.934,
        "pdf_y_von_oben_pt": 2079.469,
        "koordinatenquelle": "eingebettete GeoPDF-Georeferenzierung",
        "lagehinweis": "kartografische Symbolposition; nicht vermessungstechnisch oder vor Ort bestätigt",
        "marker-color": "#1565c0",
        "marker-symbol": "fire-station",
        "marker-size": "medium",
        "title": "302 - Hydrant"
      }
    },
    {
      "type": "Feature",
      "id": "303",
      "geometry": {
        "type": "Point",
        "coordinates": [
          8.567314,
          54.692822
        ]
      },
      "properties": {
        "id": "303",
        "typ": "Hydrant",
        "menge_l_min": "<400",
        "quellkarte": "03_Foehr_ges_Quer.pdf",
        "ortsname": "Föhr",
        "ortsquelle": "03_Foehr_ges_Quer.pdf",
        "zuordnungsabstand_relativ": 0.863,
        "pdf_x_pt": 3137.791,
        "pdf_y_von_oben_pt": 1915.864,
        "koordinatenquelle": "eingebettete GeoPDF-Georeferenzierung",
        "lagehinweis": "kartografische Symbolposition; nicht vermessungstechnisch oder vor Ort bestätigt",
        "marker-color": "#1565c0",
        "marker-symbol": "fire-station",
        "marker-size": "medium",
        "title": "303 - Hydrant"
      }
    },
    {
      "type": "Feature",
      "id": "305",
      "geometry": {
        "type": "Point",
        "coordinates": [
          8.566991,
          54.692462
        ]
      },
      "properties": {
        "id": "305",
        "typ": "Hydrant",
        "menge_l_min": 400,
        "quellkarte": "03_Foehr_ges_Quer.pdf",
        "ortsname": "Föhr",
        "ortsquelle": "03_Foehr_ges_Quer.pdf",
        "zuordnungsabstand_relativ": 0.918,
        "pdf_x_pt": 3131.835,
        "pdf_y_von_oben_pt": 1927.156,
        "koordinatenquelle": "eingebettete GeoPDF-Georeferenzierung",
        "lagehinweis": "kartografische Symbolposition; nicht vermessungstechnisch oder vor Ort bestätigt",
        "marker-color": "#1565c0",
        "marker-symbol": "fire-station",
        "marker-size": "medium",
        "title": "305 - Hydrant"
      }
    },
    {
      "type": "Feature",
      "id": "308",
      "geometry": {
        "type": "Point",
        "coordinates": [
          8.567582,
          54.692278
        ]
      },
      "properties": {
        "id": "308",
        "typ": "Hydrant",
        "menge_l_min": 400,
        "quellkarte": "03_Foehr_ges_Quer.pdf",
        "ortsname": "Föhr",
        "ortsquelle": "03_Foehr_ges_Quer.pdf",
        "zuordnungsabstand_relativ": 0.25,
        "pdf_x_pt": 3142.596,
        "pdf_y_von_oben_pt": 1933.053,
        "koordinatenquelle": "eingebettete GeoPDF-Georeferenzierung",
        "lagehinweis": "kartografische Symbolposition; nicht vermessungstechnisch oder vor Ort bestätigt",
        "marker-color": "#1565c0",
        "marker-symbol": "fire-station",
        "marker-size": "medium",
        "title": "308 - Hydrant"
      }
    },
    {
      "type": "Feature",
      "id": "309",
      "geometry": {
        "type": "Point",
        "coordinates": [
          8.526812,
          54.684893
        ]
      },
      "properties": {
        "id": "309",
        "typ": "Hydrant",
        "menge_l_min": 3200,
        "quellkarte": "03_Foehr_ges_Quer.pdf",
        "ortsname": "Föhr",
        "ortsquelle": "03_Foehr_ges_Quer.pdf",
        "zuordnungsabstand_relativ": 1.119,
        "pdf_x_pt": 2396.27,
        "pdf_y_von_oben_pt": 2160.475,
        "koordinatenquelle": "eingebettete GeoPDF-Georeferenzierung",
        "lagehinweis": "kartografische Symbolposition; nicht vermessungstechnisch oder vor Ort bestätigt",
        "marker-color": "#1565c0",
        "marker-symbol": "fire-station",
        "marker-size": "medium",
        "title": "309 - Hydrant"
      }
    },
    {
      "type": "Feature",
      "id": "310",
      "geometry": {
        "type": "Point",
        "coordinates": [
          8.529493,
          54.683228
        ]
      },
      "properties": {
        "id": "310",
        "typ": "Hydrant",
        "menge_l_min": 3200,
        "quellkarte": "03_Foehr_ges_Quer.pdf",
        "ortsname": "Föhr",
        "ortsquelle": "03_Foehr_ges_Quer.pdf",
        "zuordnungsabstand_relativ": 0.857,
        "pdf_x_pt": 2444.893,
        "pdf_y_von_oben_pt": 2213.325,
        "koordinatenquelle": "eingebettete GeoPDF-Georeferenzierung",
        "lagehinweis": "kartografische Symbolposition; nicht vermessungstechnisch oder vor Ort bestätigt",
        "marker-color": "#1565c0",
        "marker-symbol": "fire-station",
        "marker-size": "medium",
        "title": "310 - Hydrant"
      }
    },
    {
      "type": "Feature",
      "id": "311",
      "geometry": {
        "type": "Point",
        "coordinates": [
          8.531734,
          54.683042
        ]
      },
      "properties": {
        "id": "311",
        "typ": "Hydrant",
        "menge_l_min": 3200,
        "quellkarte": "03_Foehr_ges_Quer.pdf",
        "ortsname": "Föhr",
        "ortsquelle": "03_Foehr_ges_Quer.pdf",
        "zuordnungsabstand_relativ": 0.864,
        "pdf_x_pt": 2485.808,
        "pdf_y_von_oben_pt": 2219.483,
        "koordinatenquelle": "eingebettete GeoPDF-Georeferenzierung",
        "lagehinweis": "kartografische Symbolposition; nicht vermessungstechnisch oder vor Ort bestätigt",
        "marker-color": "#1565c0",
        "marker-symbol": "fire-station",
        "marker-size": "medium",
        "title": "311 - Hydrant"
      }
    },
    {
      "type": "Feature",
      "id": "312",
      "geometry": {
        "type": "Point",
        "coordinates": [
          8.534566,
          54.682815
        ]
      },
      "properties": {
        "id": "312",
        "typ": "Hydrant",
        "menge_l_min": 3200,
        "quellkarte": "03_Foehr_ges_Quer.pdf",
        "ortsname": "Föhr",
        "ortsquelle": "03_Foehr_ges_Quer.pdf",
        "zuordnungsabstand_relativ": 1.091,
        "pdf_x_pt": 2537.506,
        "pdf_y_von_oben_pt": 2227.017,
        "koordinatenquelle": "eingebettete GeoPDF-Georeferenzierung",
        "lagehinweis": "kartografische Symbolposition; nicht vermessungstechnisch oder vor Ort bestätigt",
        "marker-color": "#1565c0",
        "marker-symbol": "fire-station",
        "marker-size": "medium",
        "title": "312 - Hydrant"
      }
    },
    {
      "type": "Feature",
      "id": "313",
      "geometry": {
        "type": "Point",
        "coordinates": [
          8.535262,
          54.682118
        ]
      },
      "properties": {
        "id": "313",
        "typ": "Hydrant",
        "menge_l_min": 1600,
        "quellkarte": "03_Foehr_ges_Quer.pdf",
        "ortsname": "Föhr",
        "ortsquelle": "03_Foehr_ges_Quer.pdf",
        "zuordnungsabstand_relativ": 1.191,
        "pdf_x_pt": 2550.077,
        "pdf_y_von_oben_pt": 2249.106,
        "koordinatenquelle": "eingebettete GeoPDF-Georeferenzierung",
        "lagehinweis": "kartografische Symbolposition; nicht vermessungstechnisch oder vor Ort bestätigt",
        "marker-color": "#1565c0",
        "marker-symbol": "fire-station",
        "marker-size": "medium",
        "title": "313 - Hydrant"
      }
    },
    {
      "type": "Feature",
      "id": "315",
      "geometry": {
        "type": "Point",
        "coordinates": [
          8.537619,
          54.682528
        ]
      },
      "properties": {
        "id": "315",
        "typ": "Hydrant",
        "menge_l_min": 1600,
        "quellkarte": "03_Foehr_ges_Quer.pdf",
        "ortsname": "Föhr",
        "ortsquelle": "03_Foehr_ges_Quer.pdf",
        "zuordnungsabstand_relativ": 0.747,
        "pdf_x_pt": 2593.228,
        "pdf_y_von_oben_pt": 2236.479,
        "koordinatenquelle": "eingebettete GeoPDF-Georeferenzierung",
        "lagehinweis": "kartografische Symbolposition; nicht vermessungstechnisch oder vor Ort bestätigt",
        "marker-color": "#1565c0",
        "marker-symbol": "fire-station",
        "marker-size": "medium",
        "title": "315 - Hydrant"
      }
    },
    {
      "type": "Feature",
      "id": "316",
      "geometry": {
        "type": "Point",
        "coordinates": [
          8.537361,
          54.682402
        ]
      },
      "properties": {
        "id": "316",
        "typ": "Hydrant",
        "menge_l_min": 1600,
        "quellkarte": "03_Foehr_ges_Quer.pdf",
        "ortsname": "Föhr",
        "ortsquelle": "03_Foehr_ges_Quer.pdf",
        "zuordnungsabstand_relativ": 1.132,
        "pdf_x_pt": 2588.479,
        "pdf_y_von_oben_pt": 2240.412,
        "koordinatenquelle": "eingebettete GeoPDF-Georeferenzierung",
        "lagehinweis": "kartografische Symbolposition; nicht vermessungstechnisch oder vor Ort bestätigt",
        "marker-color": "#1565c0",
        "marker-symbol": "fire-station",
        "marker-size": "medium",
        "title": "316 - Hydrant"
      }
    },
    {
      "type": "Feature",
      "id": "317",
      "geometry": {
        "type": "Point",
        "coordinates": [
          8.538638,
          54.6831
        ]
      },
      "properties": {
        "id": "317",
        "typ": "Hydrant",
        "menge_l_min": 1600,
        "quellkarte": "03_Foehr_ges_Quer.pdf",
        "ortsname": "Föhr",
        "ortsquelle": "03_Foehr_ges_Quer.pdf",
        "zuordnungsabstand_relativ": 0.816,
        "pdf_x_pt": 2611.968,
        "pdf_y_von_oben_pt": 2218.594,
        "koordinatenquelle": "eingebettete GeoPDF-Georeferenzierung",
        "lagehinweis": "kartografische Symbolposition; nicht vermessungstechnisch oder vor Ort bestätigt",
        "marker-color": "#1565c0",
        "marker-symbol": "fire-station",
        "marker-size": "medium",
        "title": "317 - Hydrant"
      }
    },
    {
      "type": "Feature",
      "id": "318",
      "geometry": {
        "type": "Point",
        "coordinates": [
          8.540903,
          54.681268
        ]
      },
      "properties": {
        "id": "318",
        "typ": "Hydrant",
        "menge_l_min": 1600,
        "quellkarte": "03_Foehr_ges_Quer.pdf",
        "ortsname": "Föhr",
        "ortsquelle": "03_Foehr_ges_Quer.pdf",
        "zuordnungsabstand_relativ": 0.881,
        "pdf_x_pt": 2652.972,
        "pdf_y_von_oben_pt": 2276.659,
        "koordinatenquelle": "eingebettete GeoPDF-Georeferenzierung",
        "lagehinweis": "kartografische Symbolposition; nicht vermessungstechnisch oder vor Ort bestätigt",
        "marker-color": "#1565c0",
        "marker-symbol": "fire-station",
        "marker-size": "medium",
        "title": "318 - Hydrant"
      }
    },
    {
      "type": "Feature",
      "id": "319",
      "geometry": {
        "type": "Point",
        "coordinates": [
          8.542743,
          54.683332
        ]
      },
      "properties": {
        "id": "319",
        "typ": "Hydrant",
        "menge_l_min": 1600,
        "quellkarte": "03_Foehr_ges_Quer.pdf",
        "ortsname": "Föhr",
        "ortsquelle": "03_Foehr_ges_Quer.pdf",
        "zuordnungsabstand_relativ": 0.923,
        "pdf_x_pt": 2687.014,
        "pdf_y_von_oben_pt": 2211.831,
        "koordinatenquelle": "eingebettete GeoPDF-Georeferenzierung",
        "lagehinweis": "kartografische Symbolposition; nicht vermessungstechnisch oder vor Ort bestätigt",
        "marker-color": "#1565c0",
        "marker-symbol": "fire-station",
        "marker-size": "medium",
        "title": "319 - Hydrant"
      }
    },
    {
      "type": "Feature",
      "id": "320",
      "geometry": {
        "type": "Point",
        "coordinates": [
          8.540966,
          54.683665
        ]
      },
      "properties": {
        "id": "320",
        "typ": "E-Bohrbrunnen",
        "menge_l_min": null,
        "quellkarte": "03_Foehr_ges_Quer.pdf",
        "ortsname": "Föhr",
        "ortsquelle": "03_Foehr_ges_Quer.pdf",
        "zuordnungsabstand_relativ": 0.974,
        "pdf_x_pt": 2654.612,
        "pdf_y_von_oben_pt": 2201.094,
        "koordinatenquelle": "eingebettete GeoPDF-Georeferenzierung",
        "lagehinweis": "kartografische Symbolposition; nicht vermessungstechnisch oder vor Ort bestätigt",
        "marker-color": "#8e24aa",
        "marker-symbol": "industrial",
        "marker-size": "medium",
        "title": "320 - E-Bohrbrunnen"
      }
    },
    {
      "type": "Feature",
      "id": "321",
      "geometry": {
        "type": "Point",
        "coordinates": [
          8.541692,
          54.684516
        ]
      },
      "properties": {
        "id": "321",
        "typ": "Hydrant",
        "menge_l_min": 1600,
        "quellkarte": "03_Foehr_ges_Quer.pdf",
        "ortsname": "Föhr",
        "ortsquelle": "03_Foehr_ges_Quer.pdf",
        "zuordnungsabstand_relativ": 1.399,
        "pdf_x_pt": 2668.057,
        "pdf_y_von_oben_pt": 2174.349,
        "koordinatenquelle": "eingebettete GeoPDF-Georeferenzierung",
        "lagehinweis": "kartografische Symbolposition; nicht vermessungstechnisch oder vor Ort bestätigt",
        "marker-color": "#1565c0",
        "marker-symbol": "fire-station",
        "marker-size": "medium",
        "title": "321 - Hydrant"
      }
    },
    {
      "type": "Feature",
      "id": "322",
      "geometry": {
        "type": "Point",
        "coordinates": [
          8.539736,
          54.684167
        ]
      },
      "properties": {
        "id": "322",
        "typ": "Hydrant",
        "menge_l_min": 1600,
        "quellkarte": "03_Foehr_ges_Quer.pdf",
        "ortsname": "Föhr",
        "ortsquelle": "03_Foehr_ges_Quer.pdf",
        "zuordnungsabstand_relativ": 0.917,
        "pdf_x_pt": 2632.238,
        "pdf_y_von_oben_pt": 2185.089,
        "koordinatenquelle": "eingebettete GeoPDF-Georeferenzierung",
        "lagehinweis": "kartografische Symbolposition; nicht vermessungstechnisch oder vor Ort bestätigt",
        "marker-color": "#1565c0",
        "marker-symbol": "fire-station",
        "marker-size": "medium",
        "title": "322 - Hydrant"
      }
    },
    {
      "type": "Feature",
      "id": "325",
      "geometry": {
        "type": "Point",
        "coordinates": [
          8.540378,
          54.684899
        ]
      },
      "properties": {
        "id": "325",
        "typ": "Hydrant",
        "menge_l_min": 1600,
        "quellkarte": "03_Foehr_ges_Quer.pdf",
        "ortsname": "Föhr",
        "ortsquelle": "03_Foehr_ges_Quer.pdf",
        "zuordnungsabstand_relativ": 0.823,
        "pdf_x_pt": 2644.135,
        "pdf_y_von_oben_pt": 2162.087,
        "koordinatenquelle": "eingebettete GeoPDF-Georeferenzierung",
        "lagehinweis": "kartografische Symbolposition; nicht vermessungstechnisch oder vor Ort bestätigt",
        "marker-color": "#1565c0",
        "marker-symbol": "fire-station",
        "marker-size": "medium",
        "title": "325 - Hydrant"
      }
    },
    {
      "type": "Feature",
      "id": "326",
      "geometry": {
        "type": "Point",
        "coordinates": [
          8.541126,
          54.685737
        ]
      },
      "properties": {
        "id": "326",
        "typ": "Hydrant",
        "menge_l_min": 1600,
        "quellkarte": "03_Foehr_ges_Quer.pdf",
        "ortsname": "Föhr",
        "ortsquelle": "03_Foehr_ges_Quer.pdf",
        "zuordnungsabstand_relativ": 0.93,
        "pdf_x_pt": 2657.957,
        "pdf_y_von_oben_pt": 2135.78,
        "koordinatenquelle": "eingebettete GeoPDF-Georeferenzierung",
        "lagehinweis": "kartografische Symbolposition; nicht vermessungstechnisch oder vor Ort bestätigt",
        "marker-color": "#1565c0",
        "marker-symbol": "fire-station",
        "marker-size": "medium",
        "title": "326 - Hydrant"
      }
    },
    {
      "type": "Feature",
      "id": "327",
      "geometry": {
        "type": "Point",
        "coordinates": [
          8.547332,
          54.6857
        ]
      },
      "properties": {
        "id": "327",
        "typ": "Hydrant",
        "menge_l_min": 1600,
        "quellkarte": "03_Foehr_ges_Quer.pdf",
        "ortsname": "Föhr",
        "ortsquelle": "03_Foehr_ges_Quer.pdf",
        "zuordnungsabstand_relativ": 0.827,
        "pdf_x_pt": 2771.35,
        "pdf_y_von_oben_pt": 2137.756,
        "koordinatenquelle": "eingebettete GeoPDF-Georeferenzierung",
        "lagehinweis": "kartografische Symbolposition; nicht vermessungstechnisch oder vor Ort bestätigt",
        "marker-color": "#1565c0",
        "marker-symbol": "fire-station",
        "marker-size": "medium",
        "title": "327 - Hydrant"
      }
    },
    {
      "type": "Feature",
      "id": "328",
      "geometry": {
        "type": "Point",
        "coordinates": [
          8.548008,
          54.686258
        ]
      },
      "properties": {
        "id": "328",
        "typ": "Hydrant",
        "menge_l_min": 1600,
        "quellkarte": "03_Foehr_ges_Quer.pdf",
        "ortsname": "Föhr",
        "ortsquelle": "03_Foehr_ges_Quer.pdf",
        "zuordnungsabstand_relativ": 0.976,
        "pdf_x_pt": 2783.805,
        "pdf_y_von_oben_pt": 2120.26,
        "koordinatenquelle": "eingebettete GeoPDF-Georeferenzierung",
        "lagehinweis": "kartografische Symbolposition; nicht vermessungstechnisch oder vor Ort bestätigt",
        "marker-color": "#1565c0",
        "marker-symbol": "fire-station",
        "marker-size": "medium",
        "title": "328 - Hydrant"
      }
    },
    {
      "type": "Feature",
      "id": "329",
      "geometry": {
        "type": "Point",
        "coordinates": [
          8.548639,
          54.686638
        ]
      },
      "properties": {
        "id": "329",
        "typ": "Hydrant",
        "menge_l_min": 1600,
        "quellkarte": "03_Foehr_ges_Quer.pdf",
        "ortsname": "Föhr",
        "ortsquelle": "03_Foehr_ges_Quer.pdf",
        "zuordnungsabstand_relativ": 0.89,
        "pdf_x_pt": 2795.417,
        "pdf_y_von_oben_pt": 2108.366,
        "koordinatenquelle": "eingebettete GeoPDF-Georeferenzierung",
        "lagehinweis": "kartografische Symbolposition; nicht vermessungstechnisch oder vor Ort bestätigt",
        "marker-color": "#1565c0",
        "marker-symbol": "fire-station",
        "marker-size": "medium",
        "title": "329 - Hydrant"
      }
    },
    {
      "type": "Feature",
      "id": "330",
      "geometry": {
        "type": "Point",
        "coordinates": [
          8.545589,
          54.685335
        ]
      },
      "properties": {
        "id": "330",
        "typ": "Hydrant",
        "menge_l_min": 1600,
        "quellkarte": "03_Foehr_ges_Quer.pdf",
        "ortsname": "Föhr",
        "ortsquelle": "03_Foehr_ges_Quer.pdf",
        "zuordnungsabstand_relativ": 0.994,
        "pdf_x_pt": 2739.421,
        "pdf_y_von_oben_pt": 2149.055,
        "koordinatenquelle": "eingebettete GeoPDF-Georeferenzierung",
        "lagehinweis": "kartografische Symbolposition; nicht vermessungstechnisch oder vor Ort bestätigt",
        "marker-color": "#1565c0",
        "marker-symbol": "fire-station",
        "marker-size": "medium",
        "title": "330 - Hydrant"
      }
    },
    {
      "type": "Feature",
      "id": "331",
      "geometry": {
        "type": "Point",
        "coordinates": [
          8.543463,
          54.685947
        ]
      },
      "properties": {
        "id": "331",
        "typ": "Hydrant",
        "menge_l_min": 1600,
        "quellkarte": "03_Foehr_ges_Quer.pdf",
        "ortsname": "Föhr",
        "ortsquelle": "03_Foehr_ges_Quer.pdf",
        "zuordnungsabstand_relativ": 1.075,
        "pdf_x_pt": 2700.711,
        "pdf_y_von_oben_pt": 2129.47,
        "koordinatenquelle": "eingebettete GeoPDF-Georeferenzierung",
        "lagehinweis": "kartografische Symbolposition; nicht vermessungstechnisch oder vor Ort bestätigt",
        "marker-color": "#1565c0",
        "marker-symbol": "fire-station",
        "marker-size": "medium",
        "title": "331 - Hydrant"
      }
    },
    {
      "type": "Feature",
      "id": "332",
      "geometry": {
        "type": "Point",
        "coordinates": [
          8.544806,
          54.686929
        ]
      },
      "properties": {
        "id": "332",
        "typ": "Hydrant",
        "menge_l_min": 1600,
        "quellkarte": "03_Foehr_ges_Quer.pdf",
        "ortsname": "Föhr",
        "ortsquelle": "03_Foehr_ges_Quer.pdf",
        "zuordnungsabstand_relativ": 0.784,
        "pdf_x_pt": 2725.45,
        "pdf_y_von_oben_pt": 2098.678,
        "koordinatenquelle": "eingebettete GeoPDF-Georeferenzierung",
        "lagehinweis": "kartografische Symbolposition; nicht vermessungstechnisch oder vor Ort bestätigt",
        "marker-color": "#1565c0",
        "marker-symbol": "fire-station",
        "marker-size": "medium",
        "title": "332 - Hydrant"
      }
    },
    {
      "type": "Feature",
      "id": "335",
      "geometry": {
        "type": "Point",
        "coordinates": [
          8.542949,
          54.687833
        ]
      },
      "properties": {
        "id": "335",
        "typ": "Hydrant",
        "menge_l_min": 1600,
        "quellkarte": "03_Foehr_ges_Quer.pdf",
        "ortsname": "Föhr",
        "ortsquelle": "03_Foehr_ges_Quer.pdf",
        "zuordnungsabstand_relativ": 2.226,
        "pdf_x_pt": 2691.71,
        "pdf_y_von_oben_pt": 2069.916,
        "koordinatenquelle": "eingebettete GeoPDF-Georeferenzierung",
        "lagehinweis": "kartografische Symbolposition; nicht vermessungstechnisch oder vor Ort bestätigt",
        "marker-color": "#1565c0",
        "marker-symbol": "fire-station",
        "marker-size": "medium",
        "title": "335 - Hydrant"
      }
    },
    {
      "type": "Feature",
      "id": "336",
      "geometry": {
        "type": "Point",
        "coordinates": [
          8.541776,
          54.686405
        ]
      },
      "properties": {
        "id": "336",
        "typ": "Hydrant",
        "menge_l_min": 1600,
        "quellkarte": "03_Foehr_ges_Quer.pdf",
        "ortsname": "Föhr",
        "ortsquelle": "03_Foehr_ges_Quer.pdf",
        "zuordnungsabstand_relativ": 1.192,
        "pdf_x_pt": 2669.97,
        "pdf_y_von_oben_pt": 2114.807,
        "koordinatenquelle": "eingebettete GeoPDF-Georeferenzierung",
        "lagehinweis": "kartografische Symbolposition; nicht vermessungstechnisch oder vor Ort bestätigt",
        "marker-color": "#1565c0",
        "marker-symbol": "fire-station",
        "marker-size": "medium",
        "title": "336 - Hydrant"
      }
    },
    {
      "type": "Feature",
      "id": "337",
      "geometry": {
        "type": "Point",
        "coordinates": [
          8.542845,
          54.686802
        ]
      },
      "properties": {
        "id": "337",
        "typ": "Hydrant",
        "menge_l_min": 1600,
        "quellkarte": "03_Foehr_ges_Quer.pdf",
        "ortsname": "Föhr",
        "ortsquelle": "03_Foehr_ges_Quer.pdf",
        "zuordnungsabstand_relativ": 0.752,
        "pdf_x_pt": 2689.587,
        "pdf_y_von_oben_pt": 2102.408,
        "koordinatenquelle": "eingebettete GeoPDF-Georeferenzierung",
        "lagehinweis": "kartografische Symbolposition; nicht vermessungstechnisch oder vor Ort bestätigt",
        "marker-color": "#1565c0",
        "marker-symbol": "fire-station",
        "marker-size": "medium",
        "title": "337 - Hydrant"
      }
    },
    {
      "type": "Feature",
      "id": "338",
      "geometry": {
        "type": "Point",
        "coordinates": [
          8.543604,
          54.687613
        ]
      },
      "properties": {
        "id": "338",
        "typ": "Hydrant",
        "menge_l_min": 1600,
        "quellkarte": "03_Foehr_ges_Quer.pdf",
        "ortsname": "Föhr",
        "ortsquelle": "03_Foehr_ges_Quer.pdf",
        "zuordnungsabstand_relativ": 0.533,
        "pdf_x_pt": 2703.617,
        "pdf_y_von_oben_pt": 2076.948,
        "koordinatenquelle": "eingebettete GeoPDF-Georeferenzierung",
        "lagehinweis": "kartografische Symbolposition; nicht vermessungstechnisch oder vor Ort bestätigt",
        "marker-color": "#1565c0",
        "marker-symbol": "fire-station",
        "marker-size": "medium",
        "title": "338 - Hydrant"
      }
    },
    {
      "type": "Feature",
      "id": "339",
      "geometry": {
        "type": "Point",
        "coordinates": [
          8.541602,
          54.687389
        ]
      },
      "properties": {
        "id": "339",
        "typ": "Hydrant",
        "menge_l_min": 1600,
        "quellkarte": "03_Foehr_ges_Quer.pdf",
        "ortsname": "Föhr",
        "ortsquelle": "03_Foehr_ges_Quer.pdf",
        "zuordnungsabstand_relativ": 1.001,
        "pdf_x_pt": 2667.002,
        "pdf_y_von_oben_pt": 2083.732,
        "koordinatenquelle": "eingebettete GeoPDF-Georeferenzierung",
        "lagehinweis": "kartografische Symbolposition; nicht vermessungstechnisch oder vor Ort bestätigt",
        "marker-color": "#1565c0",
        "marker-symbol": "fire-station",
        "marker-size": "medium",
        "title": "339 - Hydrant"
      }
    },
    {
      "type": "Feature",
      "id": "340",
      "geometry": {
        "type": "Point",
        "coordinates": [
          8.541733,
          54.688138
        ]
      },
      "properties": {
        "id": "340",
        "typ": "Hydrant",
        "menge_l_min": 1600,
        "quellkarte": "03_Foehr_ges_Quer.pdf",
        "ortsname": "Föhr",
        "ortsquelle": "03_Foehr_ges_Quer.pdf",
        "zuordnungsabstand_relativ": 0.916,
        "pdf_x_pt": 2669.543,
        "pdf_y_von_oben_pt": 2060.127,
        "koordinatenquelle": "eingebettete GeoPDF-Georeferenzierung",
        "lagehinweis": "kartografische Symbolposition; nicht vermessungstechnisch oder vor Ort bestätigt",
        "marker-color": "#1565c0",
        "marker-symbol": "fire-station",
        "marker-size": "medium",
        "title": "340 - Hydrant"
      }
    },
    {
      "type": "Feature",
      "id": "341",
      "geometry": {
        "type": "Point",
        "coordinates": [
          8.542365,
          54.688758
        ]
      },
      "properties": {
        "id": "341",
        "typ": "Hydrant",
        "menge_l_min": 1600,
        "quellkarte": "03_Foehr_ges_Quer.pdf",
        "ortsname": "Föhr",
        "ortsquelle": "03_Foehr_ges_Quer.pdf",
        "zuordnungsabstand_relativ": 0.949,
        "pdf_x_pt": 2681.222,
        "pdf_y_von_oben_pt": 2040.675,
        "koordinatenquelle": "eingebettete GeoPDF-Georeferenzierung",
        "lagehinweis": "kartografische Symbolposition; nicht vermessungstechnisch oder vor Ort bestätigt",
        "marker-color": "#1565c0",
        "marker-symbol": "fire-station",
        "marker-size": "medium",
        "title": "341 - Hydrant"
      }
    },
    {
      "type": "Feature",
      "id": "342",
      "geometry": {
        "type": "Point",
        "coordinates": [
          8.548398,
          54.687308
        ]
      },
      "properties": {
        "id": "342",
        "typ": "Hydrant",
        "menge_l_min": 1600,
        "quellkarte": "03_Foehr_ges_Quer.pdf",
        "ortsname": "Föhr",
        "ortsquelle": "03_Foehr_ges_Quer.pdf",
        "zuordnungsabstand_relativ": 0.913,
        "pdf_x_pt": 2791.15,
        "pdf_y_von_oben_pt": 2087.194,
        "koordinatenquelle": "eingebettete GeoPDF-Georeferenzierung",
        "lagehinweis": "kartografische Symbolposition; nicht vermessungstechnisch oder vor Ort bestätigt",
        "marker-color": "#1565c0",
        "marker-symbol": "fire-station",
        "marker-size": "medium",
        "title": "342 - Hydrant"
      }
    },
    {
      "type": "Feature",
      "id": "343",
      "geometry": {
        "type": "Point",
        "coordinates": [
          8.548048,
          54.68792
        ]
      },
      "properties": {
        "id": "343",
        "typ": "Hydrant",
        "menge_l_min": 1600,
        "quellkarte": "03_Foehr_ges_Quer.pdf",
        "ortsname": "Föhr",
        "ortsquelle": "03_Foehr_ges_Quer.pdf",
        "zuordnungsabstand_relativ": 1.099,
        "pdf_x_pt": 2784.873,
        "pdf_y_von_oben_pt": 2067.845,
        "koordinatenquelle": "eingebettete GeoPDF-Georeferenzierung",
        "lagehinweis": "kartografische Symbolposition; nicht vermessungstechnisch oder vor Ort bestätigt",
        "marker-color": "#1565c0",
        "marker-symbol": "fire-station",
        "marker-size": "medium",
        "title": "343 - Hydrant"
      }
    },
    {
      "type": "Feature",
      "id": "345",
      "geometry": {
        "type": "Point",
        "coordinates": [
          8.54921,
          54.688591
        ]
      },
      "properties": {
        "id": "345",
        "typ": "Hydrant",
        "menge_l_min": 1600,
        "quellkarte": "03_Foehr_ges_Quer.pdf",
        "ortsname": "Föhr",
        "ortsquelle": "03_Foehr_ges_Quer.pdf",
        "zuordnungsabstand_relativ": 0.455,
        "pdf_x_pt": 2806.245,
        "pdf_y_von_oben_pt": 2046.858,
        "koordinatenquelle": "eingebettete GeoPDF-Georeferenzierung",
        "lagehinweis": "kartografische Symbolposition; nicht vermessungstechnisch oder vor Ort bestätigt",
        "marker-color": "#1565c0",
        "marker-symbol": "fire-station",
        "marker-size": "medium",
        "title": "345 - Hydrant"
      }
    },
    {
      "type": "Feature",
      "id": "346",
      "geometry": {
        "type": "Point",
        "coordinates": [
          8.548408,
          54.688668
        ]
      },
      "properties": {
        "id": "346",
        "typ": "Hydrant",
        "menge_l_min": 1600,
        "quellkarte": "03_Foehr_ges_Quer.pdf",
        "ortsname": "Föhr",
        "ortsquelle": "03_Foehr_ges_Quer.pdf",
        "zuordnungsabstand_relativ": 2.099,
        "pdf_x_pt": 2791.604,
        "pdf_y_von_oben_pt": 2044.306,
        "koordinatenquelle": "eingebettete GeoPDF-Georeferenzierung",
        "lagehinweis": "kartografische Symbolposition; nicht vermessungstechnisch oder vor Ort bestätigt",
        "marker-color": "#1565c0",
        "marker-symbol": "fire-station",
        "marker-size": "medium",
        "title": "346 - Hydrant"
      }
    },
    {
      "type": "Feature",
      "id": "347",
      "geometry": {
        "type": "Point",
        "coordinates": [
          8.549742,
          54.689045
        ]
      },
      "properties": {
        "id": "347",
        "typ": "Hydrant",
        "menge_l_min": 1600,
        "quellkarte": "03_Foehr_ges_Quer.pdf",
        "ortsname": "Föhr",
        "ortsquelle": "03_Foehr_ges_Quer.pdf",
        "zuordnungsabstand_relativ": 1.137,
        "pdf_x_pt": 2816.047,
        "pdf_y_von_oben_pt": 2032.614,
        "koordinatenquelle": "eingebettete GeoPDF-Georeferenzierung",
        "lagehinweis": "kartografische Symbolposition; nicht vermessungstechnisch oder vor Ort bestätigt",
        "marker-color": "#1565c0",
        "marker-symbol": "fire-station",
        "marker-size": "medium",
        "title": "347 - Hydrant"
      }
    },
    {
      "type": "Feature",
      "id": "348",
      "geometry": {
        "type": "Point",
        "coordinates": [
          8.549291,
          54.689436
        ]
      },
      "properties": {
        "id": "348",
        "typ": "Hydrant",
        "menge_l_min": 1600,
        "quellkarte": "03_Foehr_ges_Quer.pdf",
        "ortsname": "Föhr",
        "ortsquelle": "03_Foehr_ges_Quer.pdf",
        "zuordnungsabstand_relativ": 0.822,
        "pdf_x_pt": 2807.895,
        "pdf_y_von_oben_pt": 2020.223,
        "koordinatenquelle": "eingebettete GeoPDF-Georeferenzierung",
        "lagehinweis": "kartografische Symbolposition; nicht vermessungstechnisch oder vor Ort bestätigt",
        "marker-color": "#1565c0",
        "marker-symbol": "fire-station",
        "marker-size": "medium",
        "title": "348 - Hydrant"
      }
    },
    {
      "type": "Feature",
      "id": "349",
      "geometry": {
        "type": "Point",
        "coordinates": [
          8.547944,
          54.68893
        ]
      },
      "properties": {
        "id": "349",
        "typ": "E-Bohrbrunnen",
        "menge_l_min": null,
        "quellkarte": "03_Foehr_ges_Quer.pdf",
        "ortsname": "Föhr",
        "ortsquelle": "03_Foehr_ges_Quer.pdf",
        "zuordnungsabstand_relativ": 1.366,
        "pdf_x_pt": 2783.185,
        "pdf_y_von_oben_pt": 2036.01,
        "koordinatenquelle": "eingebettete GeoPDF-Georeferenzierung",
        "lagehinweis": "kartografische Symbolposition; nicht vermessungstechnisch oder vor Ort bestätigt",
        "marker-color": "#8e24aa",
        "marker-symbol": "industrial",
        "marker-size": "medium",
        "title": "349 - E-Bohrbrunnen"
      }
    },
    {
      "type": "Feature",
      "id": "350",
      "geometry": {
        "type": "Point",
        "coordinates": [
          8.545829,
          54.687997
        ]
      },
      "properties": {
        "id": "350",
        "typ": "Hydrant",
        "menge_l_min": 1600,
        "quellkarte": "03_Foehr_ges_Quer.pdf",
        "ortsname": "Föhr",
        "ortsquelle": "03_Foehr_ges_Quer.pdf",
        "zuordnungsabstand_relativ": 0.824,
        "pdf_x_pt": 2744.357,
        "pdf_y_von_oben_pt": 2065.141,
        "koordinatenquelle": "eingebettete GeoPDF-Georeferenzierung",
        "lagehinweis": "kartografische Symbolposition; nicht vermessungstechnisch oder vor Ort bestätigt",
        "marker-color": "#1565c0",
        "marker-symbol": "fire-station",
        "marker-size": "medium",
        "title": "350 - Hydrant"
      }
    },
    {
      "type": "Feature",
      "id": "351",
      "geometry": {
        "type": "Point",
        "coordinates": [
          8.546707,
          54.689207
        ]
      },
      "properties": {
        "id": "351",
        "typ": "Hydrant",
        "menge_l_min": 1600,
        "quellkarte": "03_Foehr_ges_Quer.pdf",
        "ortsname": "Föhr",
        "ortsquelle": "03_Foehr_ges_Quer.pdf",
        "zuordnungsabstand_relativ": 1.596,
        "pdf_x_pt": 2760.637,
        "pdf_y_von_oben_pt": 2027.094,
        "koordinatenquelle": "eingebettete GeoPDF-Georeferenzierung",
        "lagehinweis": "kartografische Symbolposition; nicht vermessungstechnisch oder vor Ort bestätigt",
        "marker-color": "#1565c0",
        "marker-symbol": "fire-station",
        "marker-size": "medium",
        "title": "351 - Hydrant"
      }
    },
    {
      "type": "Feature",
      "id": "352",
      "geometry": {
        "type": "Point",
        "coordinates": [
          8.547283,
          54.689782
        ]
      },
      "properties": {
        "id": "352",
        "typ": "Hydrant",
        "menge_l_min": 1600,
        "quellkarte": "03_Foehr_ges_Quer.pdf",
        "ortsname": "Föhr",
        "ortsquelle": "03_Foehr_ges_Quer.pdf",
        "zuordnungsabstand_relativ": 1.003,
        "pdf_x_pt": 2771.276,
        "pdf_y_von_oben_pt": 2009.042,
        "koordinatenquelle": "eingebettete GeoPDF-Georeferenzierung",
        "lagehinweis": "kartografische Symbolposition; nicht vermessungstechnisch oder vor Ort bestätigt",
        "marker-color": "#1565c0",
        "marker-symbol": "fire-station",
        "marker-size": "medium",
        "title": "352 - Hydrant"
      }
    },
    {
      "type": "Feature",
      "id": "353",
      "geometry": {
        "type": "Point",
        "coordinates": [
          8.543679,
          54.688671
        ]
      },
      "properties": {
        "id": "353",
        "typ": "Hydrant",
        "menge_l_min": 1600,
        "quellkarte": "03_Foehr_ges_Quer.pdf",
        "ortsname": "Föhr",
        "ortsquelle": "03_Foehr_ges_Quer.pdf",
        "zuordnungsabstand_relativ": 0.799,
        "pdf_x_pt": 2705.217,
        "pdf_y_von_oben_pt": 2043.609,
        "koordinatenquelle": "eingebettete GeoPDF-Georeferenzierung",
        "lagehinweis": "kartografische Symbolposition; nicht vermessungstechnisch oder vor Ort bestätigt",
        "marker-color": "#1565c0",
        "marker-symbol": "fire-station",
        "marker-size": "medium",
        "title": "353 - Hydrant"
      }
    },
    {
      "type": "Feature",
      "id": "355",
      "geometry": {
        "type": "Point",
        "coordinates": [
          8.544207,
          54.689265
        ]
      },
      "properties": {
        "id": "355",
        "typ": "Hydrant",
        "menge_l_min": 1600,
        "quellkarte": "03_Foehr_ges_Quer.pdf",
        "ortsname": "Föhr",
        "ortsquelle": "03_Foehr_ges_Quer.pdf",
        "zuordnungsabstand_relativ": 0.918,
        "pdf_x_pt": 2714.97,
        "pdf_y_von_oben_pt": 2024.942,
        "koordinatenquelle": "eingebettete GeoPDF-Georeferenzierung",
        "lagehinweis": "kartografische Symbolposition; nicht vermessungstechnisch oder vor Ort bestätigt",
        "marker-color": "#1565c0",
        "marker-symbol": "fire-station",
        "marker-size": "medium",
        "title": "355 - Hydrant"
      }
    },
    {
      "type": "Feature",
      "id": "357",
      "geometry": {
        "type": "Point",
        "coordinates": [
          8.542177,
          54.689661
        ]
      },
      "properties": {
        "id": "357",
        "typ": "Hydrant",
        "menge_l_min": 1600,
        "quellkarte": "03_Foehr_ges_Quer.pdf",
        "ortsname": "Föhr",
        "ortsquelle": "03_Foehr_ges_Quer.pdf",
        "zuordnungsabstand_relativ": 0.892,
        "pdf_x_pt": 2677.983,
        "pdf_y_von_oben_pt": 2012.187,
        "koordinatenquelle": "eingebettete GeoPDF-Georeferenzierung",
        "lagehinweis": "kartografische Symbolposition; nicht vermessungstechnisch oder vor Ort bestätigt",
        "marker-color": "#1565c0",
        "marker-symbol": "fire-station",
        "marker-size": "medium",
        "title": "357 - Hydrant"
      }
    },
    {
      "type": "Feature",
      "id": "358",
      "geometry": {
        "type": "Point",
        "coordinates": [
          8.544776,
          54.689974
        ]
      },
      "properties": {
        "id": "358",
        "typ": "Hydrant",
        "menge_l_min": 1600,
        "quellkarte": "03_Foehr_ges_Quer.pdf",
        "ortsname": "Föhr",
        "ortsquelle": "03_Foehr_ges_Quer.pdf",
        "zuordnungsabstand_relativ": 0.957,
        "pdf_x_pt": 2725.513,
        "pdf_y_von_oben_pt": 2002.643,
        "koordinatenquelle": "eingebettete GeoPDF-Georeferenzierung",
        "lagehinweis": "kartografische Symbolposition; nicht vermessungstechnisch oder vor Ort bestätigt",
        "marker-color": "#1565c0",
        "marker-symbol": "fire-station",
        "marker-size": "medium",
        "title": "358 - Hydrant"
      }
    },
    {
      "type": "Feature",
      "id": "359",
      "geometry": {
        "type": "Point",
        "coordinates": [
          8.551528,
          54.689288
        ]
      },
      "properties": {
        "id": "359",
        "typ": "Hydrant",
        "menge_l_min": 1600,
        "quellkarte": "03_Foehr_ges_Quer.pdf",
        "ortsname": "Föhr",
        "ortsquelle": "03_Foehr_ges_Quer.pdf",
        "zuordnungsabstand_relativ": 1.169,
        "pdf_x_pt": 2848.73,
        "pdf_y_von_oben_pt": 2025.17,
        "koordinatenquelle": "eingebettete GeoPDF-Georeferenzierung",
        "lagehinweis": "kartografische Symbolposition; nicht vermessungstechnisch oder vor Ort bestätigt",
        "marker-color": "#1565c0",
        "marker-symbol": "fire-station",
        "marker-size": "medium",
        "title": "359 - Hydrant"
      }
    },
    {
      "type": "Feature",
      "id": "360",
      "geometry": {
        "type": "Point",
        "coordinates": [
          8.549952,
          54.689727
        ]
      },
      "properties": {
        "id": "360",
        "typ": "Hydrant",
        "menge_l_min": 1600,
        "quellkarte": "03_Foehr_ges_Quer.pdf",
        "ortsname": "Föhr",
        "ortsquelle": "03_Foehr_ges_Quer.pdf",
        "zuordnungsabstand_relativ": 1.105,
        "pdf_x_pt": 2820.026,
        "pdf_y_von_oben_pt": 2011.123,
        "koordinatenquelle": "eingebettete GeoPDF-Georeferenzierung",
        "lagehinweis": "kartografische Symbolposition; nicht vermessungstechnisch oder vor Ort bestätigt",
        "marker-color": "#1565c0",
        "marker-symbol": "fire-station",
        "marker-size": "medium",
        "title": "360 - Hydrant"
      }
    },
    {
      "type": "Feature",
      "id": "362",
      "geometry": {
        "type": "Point",
        "coordinates": [
          8.548665,
          54.690163
        ]
      },
      "properties": {
        "id": "362",
        "typ": "Hydrant",
        "menge_l_min": 1600,
        "quellkarte": "03_Foehr_ges_Quer.pdf",
        "ortsname": "Föhr",
        "ortsquelle": "03_Foehr_ges_Quer.pdf",
        "zuordnungsabstand_relativ": 0.256,
        "pdf_x_pt": 2796.6,
        "pdf_y_von_oben_pt": 1997.223,
        "koordinatenquelle": "eingebettete GeoPDF-Georeferenzierung",
        "lagehinweis": "kartografische Symbolposition; nicht vermessungstechnisch oder vor Ort bestätigt",
        "marker-color": "#1565c0",
        "marker-symbol": "fire-station",
        "marker-size": "medium",
        "title": "362 - Hydrant"
      }
    },
    {
      "type": "Feature",
      "id": "363",
      "geometry": {
        "type": "Point",
        "coordinates": [
          8.549371,
          54.69126
        ]
      },
      "properties": {
        "id": "363",
        "typ": "Hydrant",
        "menge_l_min": 1600,
        "quellkarte": "03_Foehr_ges_Quer.pdf",
        "ortsname": "Föhr",
        "ortsquelle": "03_Foehr_ges_Quer.pdf",
        "zuordnungsabstand_relativ": 0.979,
        "pdf_x_pt": 2809.712,
        "pdf_y_von_oben_pt": 1962.705,
        "koordinatenquelle": "eingebettete GeoPDF-Georeferenzierung",
        "lagehinweis": "kartografische Symbolposition; nicht vermessungstechnisch oder vor Ort bestätigt",
        "marker-color": "#1565c0",
        "marker-symbol": "fire-station",
        "marker-size": "medium",
        "title": "363 - Hydrant"
      }
    },
    {
      "type": "Feature",
      "id": "365",
      "geometry": {
        "type": "Point",
        "coordinates": [
          8.548104,
          54.690343
        ]
      },
      "properties": {
        "id": "365",
        "typ": "Hydrant",
        "menge_l_min": 1600,
        "quellkarte": "03_Foehr_ges_Quer.pdf",
        "ortsname": "Föhr",
        "ortsquelle": "03_Foehr_ges_Quer.pdf",
        "zuordnungsabstand_relativ": 1.583,
        "pdf_x_pt": 2786.39,
        "pdf_y_von_oben_pt": 1991.453,
        "koordinatenquelle": "eingebettete GeoPDF-Georeferenzierung",
        "lagehinweis": "kartografische Symbolposition; nicht vermessungstechnisch oder vor Ort bestätigt",
        "marker-color": "#1565c0",
        "marker-symbol": "fire-station",
        "marker-size": "medium",
        "title": "365 - Hydrant"
      }
    },
    {
      "type": "Feature",
      "id": "366",
      "geometry": {
        "type": "Point",
        "coordinates": [
          8.546716,
          54.690748
        ]
      },
      "properties": {
        "id": "366",
        "typ": "E-Bohrbrunnen",
        "menge_l_min": null,
        "quellkarte": "03_Foehr_ges_Quer.pdf",
        "ortsname": "Föhr",
        "ortsquelle": "03_Foehr_ges_Quer.pdf",
        "zuordnungsabstand_relativ": 1.26,
        "pdf_x_pt": 2761.118,
        "pdf_y_von_oben_pt": 1978.516,
        "koordinatenquelle": "eingebettete GeoPDF-Georeferenzierung",
        "lagehinweis": "kartografische Symbolposition; nicht vermessungstechnisch oder vor Ort bestätigt",
        "marker-color": "#8e24aa",
        "marker-symbol": "industrial",
        "marker-size": "medium",
        "title": "366 - E-Bohrbrunnen"
      }
    },
    {
      "type": "Feature",
      "id": "367",
      "geometry": {
        "type": "Point",
        "coordinates": [
          8.548086,
          54.691745
        ]
      },
      "properties": {
        "id": "367",
        "typ": "Hydrant",
        "menge_l_min": 1600,
        "quellkarte": "03_Foehr_ges_Quer.pdf",
        "ortsname": "Föhr",
        "ortsquelle": "03_Foehr_ges_Quer.pdf",
        "zuordnungsabstand_relativ": 1.326,
        "pdf_x_pt": 2786.342,
        "pdf_y_von_oben_pt": 1947.264,
        "koordinatenquelle": "eingebettete GeoPDF-Georeferenzierung",
        "lagehinweis": "kartografische Symbolposition; nicht vermessungstechnisch oder vor Ort bestätigt",
        "marker-color": "#1565c0",
        "marker-symbol": "fire-station",
        "marker-size": "medium",
        "title": "367 - Hydrant"
      }
    },
    {
      "type": "Feature",
      "id": "368",
      "geometry": {
        "type": "Point",
        "coordinates": [
          8.545711,
          54.691052
        ]
      },
      "properties": {
        "id": "368",
        "typ": "Hydrant",
        "menge_l_min": 1600,
        "quellkarte": "03_Foehr_ges_Quer.pdf",
        "ortsname": "Föhr",
        "ortsquelle": "03_Foehr_ges_Quer.pdf",
        "zuordnungsabstand_relativ": 1.285,
        "pdf_x_pt": 2742.816,
        "pdf_y_von_oben_pt": 1968.794,
        "koordinatenquelle": "eingebettete GeoPDF-Georeferenzierung",
        "lagehinweis": "kartografische Symbolposition; nicht vermessungstechnisch oder vor Ort bestätigt",
        "marker-color": "#1565c0",
        "marker-symbol": "fire-station",
        "marker-size": "medium",
        "title": "368 - Hydrant"
      }
    },
    {
      "type": "Feature",
      "id": "369",
      "geometry": {
        "type": "Point",
        "coordinates": [
          8.545921,
          54.691497
        ]
      },
      "properties": {
        "id": "369",
        "typ": "Hydrant",
        "menge_l_min": 1600,
        "quellkarte": "03_Foehr_ges_Quer.pdf",
        "ortsname": "Föhr",
        "ortsquelle": "03_Foehr_ges_Quer.pdf",
        "zuordnungsabstand_relativ": 0.843,
        "pdf_x_pt": 2746.754,
        "pdf_y_von_oben_pt": 1954.786,
        "koordinatenquelle": "eingebettete GeoPDF-Georeferenzierung",
        "lagehinweis": "kartografische Symbolposition; nicht vermessungstechnisch oder vor Ort bestätigt",
        "marker-color": "#1565c0",
        "marker-symbol": "fire-station",
        "marker-size": "medium",
        "title": "369 - Hydrant"
      }
    },
    {
      "type": "Feature",
      "id": "370",
      "geometry": {
        "type": "Point",
        "coordinates": [
          8.546556,
          54.692209
        ]
      },
      "properties": {
        "id": "370",
        "typ": "Hydrant",
        "menge_l_min": 1600,
        "quellkarte": "03_Foehr_ges_Quer.pdf",
        "ortsname": "Föhr",
        "ortsquelle": "03_Foehr_ges_Quer.pdf",
        "zuordnungsabstand_relativ": 0.829,
        "pdf_x_pt": 2758.495,
        "pdf_y_von_oben_pt": 1932.432,
        "koordinatenquelle": "eingebettete GeoPDF-Georeferenzierung",
        "lagehinweis": "kartografische Symbolposition; nicht vermessungstechnisch oder vor Ort bestätigt",
        "marker-color": "#1565c0",
        "marker-symbol": "fire-station",
        "marker-size": "medium",
        "title": "370 - Hydrant"
      }
    },
    {
      "type": "Feature",
      "id": "371",
      "geometry": {
        "type": "Point",
        "coordinates": [
          8.547329,
          54.69305
        ]
      },
      "properties": {
        "id": "371",
        "typ": "Hydrant",
        "menge_l_min": 1600,
        "quellkarte": "03_Foehr_ges_Quer.pdf",
        "ortsname": "Föhr",
        "ortsquelle": "03_Foehr_ges_Quer.pdf",
        "zuordnungsabstand_relativ": 1.0,
        "pdf_x_pt": 2772.775,
        "pdf_y_von_oben_pt": 1905.985,
        "koordinatenquelle": "eingebettete GeoPDF-Georeferenzierung",
        "lagehinweis": "kartografische Symbolposition; nicht vermessungstechnisch oder vor Ort bestätigt",
        "marker-color": "#1565c0",
        "marker-symbol": "fire-station",
        "marker-size": "medium",
        "title": "371 - Hydrant"
      }
    },
    {
      "type": "Feature",
      "id": "372",
      "geometry": {
        "type": "Point",
        "coordinates": [
          8.547936,
          54.693834
        ]
      },
      "properties": {
        "id": "372",
        "typ": "Hydrant",
        "menge_l_min": 1600,
        "quellkarte": "03_Foehr_ges_Quer.pdf",
        "ortsname": "Föhr",
        "ortsquelle": "03_Foehr_ges_Quer.pdf",
        "zuordnungsabstand_relativ": 0.913,
        "pdf_x_pt": 2784.034,
        "pdf_y_von_oben_pt": 1881.372,
        "koordinatenquelle": "eingebettete GeoPDF-Georeferenzierung",
        "lagehinweis": "kartografische Symbolposition; nicht vermessungstechnisch oder vor Ort bestätigt",
        "marker-color": "#1565c0",
        "marker-symbol": "fire-station",
        "marker-size": "medium",
        "title": "372 - Hydrant"
      }
    },
    {
      "type": "Feature",
      "id": "373",
      "geometry": {
        "type": "Point",
        "coordinates": [
          8.550347,
          54.694628
        ]
      },
      "properties": {
        "id": "373",
        "typ": "Hydrant",
        "menge_l_min": 3200,
        "quellkarte": "03_Foehr_ges_Quer.pdf",
        "ortsname": "Föhr",
        "ortsquelle": "03_Foehr_ges_Quer.pdf",
        "zuordnungsabstand_relativ": 0.883,
        "pdf_x_pt": 2828.231,
        "pdf_y_von_oben_pt": 1856.65,
        "koordinatenquelle": "eingebettete GeoPDF-Georeferenzierung",
        "lagehinweis": "kartografische Symbolposition; nicht vermessungstechnisch oder vor Ort bestätigt",
        "marker-color": "#1565c0",
        "marker-symbol": "fire-station",
        "marker-size": "medium",
        "title": "373 - Hydrant"
      }
    },
    {
      "type": "Feature",
      "id": "374",
      "geometry": {
        "type": "Point",
        "coordinates": [
          8.552437,
          54.694646
        ]
      },
      "properties": {
        "id": "374",
        "typ": "Hydrant",
        "menge_l_min": 3200,
        "quellkarte": "03_Foehr_ges_Quer.pdf",
        "ortsname": "Föhr",
        "ortsquelle": "03_Foehr_ges_Quer.pdf",
        "zuordnungsabstand_relativ": 0.805,
        "pdf_x_pt": 2866.403,
        "pdf_y_von_oben_pt": 1856.352,
        "koordinatenquelle": "eingebettete GeoPDF-Georeferenzierung",
        "lagehinweis": "kartografische Symbolposition; nicht vermessungstechnisch oder vor Ort bestätigt",
        "marker-color": "#1565c0",
        "marker-symbol": "fire-station",
        "marker-size": "medium",
        "title": "374 - Hydrant"
      }
    },
    {
      "type": "Feature",
      "id": "375",
      "geometry": {
        "type": "Point",
        "coordinates": [
          8.554504,
          54.694522
        ]
      },
      "properties": {
        "id": "375",
        "typ": "Hydrant",
        "menge_l_min": 3200,
        "quellkarte": "03_Foehr_ges_Quer.pdf",
        "ortsname": "Föhr",
        "ortsquelle": "03_Foehr_ges_Quer.pdf",
        "zuordnungsabstand_relativ": 1.115,
        "pdf_x_pt": 2904.146,
        "pdf_y_von_oben_pt": 1860.535,
        "koordinatenquelle": "eingebettete GeoPDF-Georeferenzierung",
        "lagehinweis": "kartografische Symbolposition; nicht vermessungstechnisch oder vor Ort bestätigt",
        "marker-color": "#1565c0",
        "marker-symbol": "fire-station",
        "marker-size": "medium",
        "title": "375 - Hydrant"
      }
    },
    {
      "type": "Feature",
      "id": "381",
      "geometry": {
        "type": "Point",
        "coordinates": [
          8.557481,
          54.694891
        ]
      },
      "properties": {
        "id": "381",
        "typ": "Hydrant",
        "menge_l_min": 3200,
        "quellkarte": "03_Foehr_ges_Quer.pdf",
        "ortsname": "Föhr",
        "ortsquelle": "03_Foehr_ges_Quer.pdf",
        "zuordnungsabstand_relativ": 1.018,
        "pdf_x_pt": 2958.591,
        "pdf_y_von_oben_pt": 1849.305,
        "koordinatenquelle": "eingebettete GeoPDF-Georeferenzierung",
        "lagehinweis": "kartografische Symbolposition; nicht vermessungstechnisch oder vor Ort bestätigt",
        "marker-color": "#1565c0",
        "marker-symbol": "fire-station",
        "marker-size": "medium",
        "title": "381 - Hydrant"
      }
    },
    {
      "type": "Feature",
      "id": "382",
      "geometry": {
        "type": "Point",
        "coordinates": [
          8.553721,
          54.695296
        ]
      },
      "properties": {
        "id": "382",
        "typ": "Hydrant",
        "menge_l_min": 1600,
        "quellkarte": "03_Foehr_ges_Quer.pdf",
        "ortsname": "Föhr",
        "ortsquelle": "03_Foehr_ges_Quer.pdf",
        "zuordnungsabstand_relativ": 0.907,
        "pdf_x_pt": 2889.995,
        "pdf_y_von_oben_pt": 1836.021,
        "koordinatenquelle": "eingebettete GeoPDF-Georeferenzierung",
        "lagehinweis": "kartografische Symbolposition; nicht vermessungstechnisch oder vor Ort bestätigt",
        "marker-color": "#1565c0",
        "marker-symbol": "fire-station",
        "marker-size": "medium",
        "title": "382 - Hydrant"
      }
    },
    {
      "type": "Feature",
      "id": "383",
      "geometry": {
        "type": "Point",
        "coordinates": [
          8.554554,
          54.695091
        ]
      },
      "properties": {
        "id": "383",
        "typ": "Hydrant",
        "menge_l_min": 1600,
        "quellkarte": "03_Foehr_ges_Quer.pdf",
        "ortsname": "Föhr",
        "ortsquelle": "03_Foehr_ges_Quer.pdf",
        "zuordnungsabstand_relativ": 0.66,
        "pdf_x_pt": 2905.162,
        "pdf_y_von_oben_pt": 1842.595,
        "koordinatenquelle": "eingebettete GeoPDF-Georeferenzierung",
        "lagehinweis": "kartografische Symbolposition; nicht vermessungstechnisch oder vor Ort bestätigt",
        "marker-color": "#1565c0",
        "marker-symbol": "fire-station",
        "marker-size": "medium",
        "title": "383 - Hydrant"
      }
    },
    {
      "type": "Feature",
      "id": "384",
      "geometry": {
        "type": "Point",
        "coordinates": [
          8.555253,
          54.695236
        ]
      },
      "properties": {
        "id": "384",
        "typ": "Hydrant",
        "menge_l_min": 1600,
        "quellkarte": "03_Foehr_ges_Quer.pdf",
        "ortsname": "Föhr",
        "ortsquelle": "03_Foehr_ges_Quer.pdf",
        "zuordnungsabstand_relativ": 0.784,
        "pdf_x_pt": 2917.971,
        "pdf_y_von_oben_pt": 1838.138,
        "koordinatenquelle": "eingebettete GeoPDF-Georeferenzierung",
        "lagehinweis": "kartografische Symbolposition; nicht vermessungstechnisch oder vor Ort bestätigt",
        "marker-color": "#1565c0",
        "marker-symbol": "fire-station",
        "marker-size": "medium",
        "title": "384 - Hydrant"
      }
    },
    {
      "type": "Feature",
      "id": "385",
      "geometry": {
        "type": "Point",
        "coordinates": [
          8.556534,
          54.695842
        ]
      },
      "properties": {
        "id": "385",
        "typ": "Hydrant",
        "menge_l_min": 1600,
        "quellkarte": "03_Foehr_ges_Quer.pdf",
        "ortsname": "Föhr",
        "ortsquelle": "03_Foehr_ges_Quer.pdf",
        "zuordnungsabstand_relativ": 0.696,
        "pdf_x_pt": 2941.489,
        "pdf_y_von_oben_pt": 1819.179,
        "koordinatenquelle": "eingebettete GeoPDF-Georeferenzierung",
        "lagehinweis": "kartografische Symbolposition; nicht vermessungstechnisch oder vor Ort bestätigt",
        "marker-color": "#1565c0",
        "marker-symbol": "fire-station",
        "marker-size": "medium",
        "title": "385 - Hydrant"
      }
    },
    {
      "type": "Feature",
      "id": "387",
      "geometry": {
        "type": "Point",
        "coordinates": [
          8.543216,
          54.689461
        ]
      },
      "properties": {
        "id": "387",
        "typ": "Hydrant",
        "menge_l_min": 1600,
        "quellkarte": "03_Foehr_ges_Quer.pdf",
        "ortsname": "Föhr",
        "ortsquelle": "03_Foehr_ges_Quer.pdf",
        "zuordnungsabstand_relativ": 0.836,
        "pdf_x_pt": 2696.906,
        "pdf_y_von_oben_pt": 2018.628,
        "koordinatenquelle": "eingebettete GeoPDF-Georeferenzierung",
        "lagehinweis": "kartografische Symbolposition; nicht vermessungstechnisch oder vor Ort bestätigt",
        "marker-color": "#1565c0",
        "marker-symbol": "fire-station",
        "marker-size": "medium",
        "title": "387 - Hydrant"
      }
    },
    {
      "type": "Feature",
      "id": "388",
      "geometry": {
        "type": "Point",
        "coordinates": [
          8.554967,
          54.69599
        ]
      },
      "properties": {
        "id": "388",
        "typ": "Hydrant",
        "menge_l_min": 3200,
        "quellkarte": "03_Foehr_ges_Quer.pdf",
        "ortsname": "Föhr",
        "ortsquelle": "03_Foehr_ges_Quer.pdf",
        "zuordnungsabstand_relativ": 0.832,
        "pdf_x_pt": 2912.888,
        "pdf_y_von_oben_pt": 1814.326,
        "koordinatenquelle": "eingebettete GeoPDF-Georeferenzierung",
        "lagehinweis": "kartografische Symbolposition; nicht vermessungstechnisch oder vor Ort bestätigt",
        "marker-color": "#1565c0",
        "marker-symbol": "fire-station",
        "marker-size": "medium",
        "title": "388 - Hydrant"
      }
    },
    {
      "type": "Feature",
      "id": "389",
      "geometry": {
        "type": "Point",
        "coordinates": [
          8.554032,
          54.696346
        ]
      },
      "properties": {
        "id": "389",
        "typ": "Hydrant",
        "menge_l_min": 3200,
        "quellkarte": "03_Foehr_ges_Quer.pdf",
        "ortsname": "Föhr",
        "ortsquelle": "03_Foehr_ges_Quer.pdf",
        "zuordnungsabstand_relativ": 0.875,
        "pdf_x_pt": 2895.891,
        "pdf_y_von_oben_pt": 1802.974,
        "koordinatenquelle": "eingebettete GeoPDF-Georeferenzierung",
        "lagehinweis": "kartografische Symbolposition; nicht vermessungstechnisch oder vor Ort bestätigt",
        "marker-color": "#1565c0",
        "marker-symbol": "fire-station",
        "marker-size": "medium",
        "title": "389 - Hydrant"
      }
    },
    {
      "type": "Feature",
      "id": "390",
      "geometry": {
        "type": "Point",
        "coordinates": [
          8.553609,
          54.696107
        ]
      },
      "properties": {
        "id": "390",
        "typ": "E-Bohrbrunnen",
        "menge_l_min": null,
        "quellkarte": "03_Foehr_ges_Quer.pdf",
        "ortsname": "Föhr",
        "ortsquelle": "03_Foehr_ges_Quer.pdf",
        "zuordnungsabstand_relativ": 0.974,
        "pdf_x_pt": 2888.101,
        "pdf_y_von_oben_pt": 1810.447,
        "koordinatenquelle": "eingebettete GeoPDF-Georeferenzierung",
        "lagehinweis": "kartografische Symbolposition; nicht vermessungstechnisch oder vor Ort bestätigt",
        "marker-color": "#8e24aa",
        "marker-symbol": "industrial",
        "marker-size": "medium",
        "title": "390 - E-Bohrbrunnen"
      }
    },
    {
      "type": "Feature",
      "id": "391",
      "geometry": {
        "type": "Point",
        "coordinates": [
          8.552345,
          54.696291
        ]
      },
      "properties": {
        "id": "391",
        "typ": "Hydrant",
        "menge_l_min": 1600,
        "quellkarte": "03_Foehr_ges_Quer.pdf",
        "ortsname": "Föhr",
        "ortsquelle": "03_Foehr_ges_Quer.pdf",
        "zuordnungsabstand_relativ": 0.827,
        "pdf_x_pt": 2865.055,
        "pdf_y_von_oben_pt": 1804.477,
        "koordinatenquelle": "eingebettete GeoPDF-Georeferenzierung",
        "lagehinweis": "kartografische Symbolposition; nicht vermessungstechnisch oder vor Ort bestätigt",
        "marker-color": "#1565c0",
        "marker-symbol": "fire-station",
        "marker-size": "medium",
        "title": "391 - Hydrant"
      }
    },
    {
      "type": "Feature",
      "id": "392",
      "geometry": {
        "type": "Point",
        "coordinates": [
          8.552392,
          54.697349
        ]
      },
      "properties": {
        "id": "392",
        "typ": "Hydrant",
        "menge_l_min": 3200,
        "quellkarte": "03_Foehr_ges_Quer.pdf",
        "ortsname": "Föhr",
        "ortsquelle": "03_Foehr_ges_Quer.pdf",
        "zuordnungsabstand_relativ": 0.874,
        "pdf_x_pt": 2866.137,
        "pdf_y_von_oben_pt": 1771.106,
        "koordinatenquelle": "eingebettete GeoPDF-Georeferenzierung",
        "lagehinweis": "kartografische Symbolposition; nicht vermessungstechnisch oder vor Ort bestätigt",
        "marker-color": "#1565c0",
        "marker-symbol": "fire-station",
        "marker-size": "medium",
        "title": "392 - Hydrant"
      }
    },
    {
      "type": "Feature",
      "id": "393",
      "geometry": {
        "type": "Point",
        "coordinates": [
          8.557553,
          54.696569
        ]
      },
      "properties": {
        "id": "393",
        "typ": "Hydrant",
        "menge_l_min": 1600,
        "quellkarte": "03_Foehr_ges_Quer.pdf",
        "ortsname": "Föhr",
        "ortsquelle": "03_Foehr_ges_Quer.pdf",
        "zuordnungsabstand_relativ": 1.005,
        "pdf_x_pt": 2960.238,
        "pdf_y_von_oben_pt": 1796.402,
        "koordinatenquelle": "eingebettete GeoPDF-Georeferenzierung",
        "lagehinweis": "kartografische Symbolposition; nicht vermessungstechnisch oder vor Ort bestätigt",
        "marker-color": "#1565c0",
        "marker-symbol": "fire-station",
        "marker-size": "medium",
        "title": "393 - Hydrant"
      }
    },
    {
      "type": "Feature",
      "id": "394",
      "geometry": {
        "type": "Point",
        "coordinates": [
          8.558219,
          54.69719
        ]
      },
      "properties": {
        "id": "394",
        "typ": "Hydrant",
        "menge_l_min": 1600,
        "quellkarte": "03_Foehr_ges_Quer.pdf",
        "ortsname": "Föhr",
        "ortsquelle": "03_Foehr_ges_Quer.pdf",
        "zuordnungsabstand_relativ": 1.035,
        "pdf_x_pt": 2972.53,
        "pdf_y_von_oben_pt": 1776.898,
        "koordinatenquelle": "eingebettete GeoPDF-Georeferenzierung",
        "lagehinweis": "kartografische Symbolposition; nicht vermessungstechnisch oder vor Ort bestätigt",
        "marker-color": "#1565c0",
        "marker-symbol": "fire-station",
        "marker-size": "medium",
        "title": "394 - Hydrant"
      }
    },
    {
      "type": "Feature",
      "id": "395",
      "geometry": {
        "type": "Point",
        "coordinates": [
          8.558351,
          54.697117
        ]
      },
      "properties": {
        "id": "395",
        "typ": "Hydrant",
        "menge_l_min": 1600,
        "quellkarte": "03_Foehr_ges_Quer.pdf",
        "ortsname": "Föhr",
        "ortsquelle": "03_Foehr_ges_Quer.pdf",
        "zuordnungsabstand_relativ": 0.614,
        "pdf_x_pt": 2974.933,
        "pdf_y_von_oben_pt": 1779.22,
        "koordinatenquelle": "eingebettete GeoPDF-Georeferenzierung",
        "lagehinweis": "kartografische Symbolposition; nicht vermessungstechnisch oder vor Ort bestätigt",
        "marker-color": "#1565c0",
        "marker-symbol": "fire-station",
        "marker-size": "medium",
        "title": "395 - Hydrant"
      }
    },
    {
      "type": "Feature",
      "id": "396",
      "geometry": {
        "type": "Point",
        "coordinates": [
          8.557442,
          54.69763
        ]
      },
      "properties": {
        "id": "396",
        "typ": "Bohrbrunnen",
        "menge_l_min": null,
        "quellkarte": "03_Foehr_ges_Quer.pdf",
        "ortsname": "Föhr",
        "ortsquelle": "03_Foehr_ges_Quer.pdf",
        "zuordnungsabstand_relativ": 0.58,
        "pdf_x_pt": 2958.416,
        "pdf_y_von_oben_pt": 1762.92,
        "koordinatenquelle": "eingebettete GeoPDF-Georeferenzierung",
        "lagehinweis": "kartografische Symbolposition; nicht vermessungstechnisch oder vor Ort bestätigt",
        "marker-color": "#f9a825",
        "marker-symbol": "water",
        "marker-size": "medium",
        "title": "396 - Bohrbrunnen"
      }
    },
    {
      "type": "Feature",
      "id": "397",
      "geometry": {
        "type": "Point",
        "coordinates": [
          8.556761,
          54.697884
        ]
      },
      "properties": {
        "id": "397",
        "typ": "Hydrant",
        "menge_l_min": 1600,
        "quellkarte": "03_Foehr_ges_Quer.pdf",
        "ortsname": "Föhr",
        "ortsquelle": "03_Foehr_ges_Quer.pdf",
        "zuordnungsabstand_relativ": 0.835,
        "pdf_x_pt": 2946.03,
        "pdf_y_von_oben_pt": 1754.819,
        "koordinatenquelle": "eingebettete GeoPDF-Georeferenzierung",
        "lagehinweis": "kartografische Symbolposition; nicht vermessungstechnisch oder vor Ort bestätigt",
        "marker-color": "#1565c0",
        "marker-symbol": "fire-station",
        "marker-size": "medium",
        "title": "397 - Hydrant"
      }
    },
    {
      "type": "Feature",
      "id": "398",
      "geometry": {
        "type": "Point",
        "coordinates": [
          8.555898,
          54.698187
        ]
      },
      "properties": {
        "id": "398",
        "typ": "Hydrant",
        "menge_l_min": 1600,
        "quellkarte": "03_Foehr_ges_Quer.pdf",
        "ortsname": "Föhr",
        "ortsquelle": "03_Foehr_ges_Quer.pdf",
        "zuordnungsabstand_relativ": 0.802,
        "pdf_x_pt": 2930.326,
        "pdf_y_von_oben_pt": 1745.168,
        "koordinatenquelle": "eingebettete GeoPDF-Georeferenzierung",
        "lagehinweis": "kartografische Symbolposition; nicht vermessungstechnisch oder vor Ort bestätigt",
        "marker-color": "#1565c0",
        "marker-symbol": "fire-station",
        "marker-size": "medium",
        "title": "398 - Hydrant"
      }
    },
    {
      "type": "Feature",
      "id": "399",
      "geometry": {
        "type": "Point",
        "coordinates": [
          8.554931,
          54.69838
        ]
      },
      "properties": {
        "id": "399",
        "typ": "Hydrant",
        "menge_l_min": 1600,
        "quellkarte": "03_Foehr_ges_Quer.pdf",
        "ortsname": "Föhr",
        "ortsquelle": "03_Foehr_ges_Quer.pdf",
        "zuordnungsabstand_relativ": 0.792,
        "pdf_x_pt": 2912.702,
        "pdf_y_von_oben_pt": 1738.937,
        "koordinatenquelle": "eingebettete GeoPDF-Georeferenzierung",
        "lagehinweis": "kartografische Symbolposition; nicht vermessungstechnisch oder vor Ort bestätigt",
        "marker-color": "#1565c0",
        "marker-symbol": "fire-station",
        "marker-size": "medium",
        "title": "399 - Hydrant"
      }
    },
    {
      "type": "Feature",
      "id": "400",
      "geometry": {
        "type": "Point",
        "coordinates": [
          8.56903,
          54.708302
        ]
      },
      "properties": {
        "id": "400",
        "typ": "Hydrant",
        "menge_l_min": 400,
        "quellkarte": "03_Foehr_ges_Quer.pdf",
        "ortsname": "Föhr",
        "ortsquelle": "03_Foehr_ges_Quer.pdf",
        "zuordnungsabstand_relativ": 1.073,
        "pdf_x_pt": 3172.14,
        "pdf_y_von_oben_pt": 1427.961,
        "koordinatenquelle": "eingebettete GeoPDF-Georeferenzierung",
        "lagehinweis": "kartografische Symbolposition; nicht vermessungstechnisch oder vor Ort bestätigt",
        "marker-color": "#1565c0",
        "marker-symbol": "fire-station",
        "marker-size": "medium",
        "title": "400 - Hydrant"
      }
    },
    {
      "type": "Feature",
      "id": "421",
      "geometry": {
        "type": "Point",
        "coordinates": [
          8.526969,
          54.69306
        ]
      },
      "properties": {
        "id": "421",
        "typ": "Hydrant",
        "menge_l_min": 3200,
        "quellkarte": "03_Foehr_ges_Quer.pdf",
        "ortsname": "Föhr",
        "ortsquelle": "03_Foehr_ges_Quer.pdf",
        "zuordnungsabstand_relativ": 0.808,
        "pdf_x_pt": 2400.878,
        "pdf_y_von_oben_pt": 1902.971,
        "koordinatenquelle": "eingebettete GeoPDF-Georeferenzierung",
        "lagehinweis": "kartografische Symbolposition; nicht vermessungstechnisch oder vor Ort bestätigt",
        "marker-color": "#1565c0",
        "marker-symbol": "fire-station",
        "marker-size": "medium",
        "title": "421 - Hydrant"
      }
    },
    {
      "type": "Feature",
      "id": "422",
      "geometry": {
        "type": "Point",
        "coordinates": [
          8.527383,
          54.69256
        ]
      },
      "properties": {
        "id": "422",
        "typ": "Hydrant",
        "menge_l_min": 3200,
        "quellkarte": "03_Foehr_ges_Quer.pdf",
        "ortsname": "Föhr",
        "ortsquelle": "03_Foehr_ges_Quer.pdf",
        "zuordnungsabstand_relativ": 0.957,
        "pdf_x_pt": 2408.327,
        "pdf_y_von_oben_pt": 1918.786,
        "koordinatenquelle": "eingebettete GeoPDF-Georeferenzierung",
        "lagehinweis": "kartografische Symbolposition; nicht vermessungstechnisch oder vor Ort bestätigt",
        "marker-color": "#1565c0",
        "marker-symbol": "fire-station",
        "marker-size": "medium",
        "title": "422 - Hydrant"
      }
    },
    {
      "type": "Feature",
      "id": "423",
      "geometry": {
        "type": "Point",
        "coordinates": [
          8.530943,
          54.690589
        ]
      },
      "properties": {
        "id": "423",
        "typ": "Hydrant",
        "menge_l_min": 3200,
        "quellkarte": "03_Foehr_ges_Quer.pdf",
        "ortsname": "Föhr",
        "ortsquelle": "03_Foehr_ges_Quer.pdf",
        "zuordnungsabstand_relativ": 0.874,
        "pdf_x_pt": 2472.95,
        "pdf_y_von_oben_pt": 1981.421,
        "koordinatenquelle": "eingebettete GeoPDF-Georeferenzierung",
        "lagehinweis": "kartografische Symbolposition; nicht vermessungstechnisch oder vor Ort bestätigt",
        "marker-color": "#1565c0",
        "marker-symbol": "fire-station",
        "marker-size": "medium",
        "title": "423 - Hydrant"
      }
    },
    {
      "type": "Feature",
      "id": "424",
      "geometry": {
        "type": "Point",
        "coordinates": [
          8.536645,
          54.692812
        ]
      },
      "properties": {
        "id": "424",
        "typ": "Hydrant",
        "menge_l_min": 3200,
        "quellkarte": "03_Foehr_ges_Quer.pdf",
        "ortsname": "Föhr",
        "ortsquelle": "03_Foehr_ges_Quer.pdf",
        "zuordnungsabstand_relativ": 1.04,
        "pdf_x_pt": 2577.562,
        "pdf_y_von_oben_pt": 1912.088,
        "koordinatenquelle": "eingebettete GeoPDF-Georeferenzierung",
        "lagehinweis": "kartografische Symbolposition; nicht vermessungstechnisch oder vor Ort bestätigt",
        "marker-color": "#1565c0",
        "marker-symbol": "fire-station",
        "marker-size": "medium",
        "title": "424 - Hydrant"
      }
    },
    {
      "type": "Feature",
      "id": "425",
      "geometry": {
        "type": "Point",
        "coordinates": [
          8.541453,
          54.693205
        ]
      },
      "properties": {
        "id": "425",
        "typ": "Hydrant",
        "menge_l_min": 3200,
        "quellkarte": "03_Foehr_ges_Quer.pdf",
        "ortsname": "Föhr",
        "ortsquelle": "03_Foehr_ges_Quer.pdf",
        "zuordnungsabstand_relativ": 0.854,
        "pdf_x_pt": 2665.487,
        "pdf_y_von_oben_pt": 1900.335,
        "koordinatenquelle": "eingebettete GeoPDF-Georeferenzierung",
        "lagehinweis": "kartografische Symbolposition; nicht vermessungstechnisch oder vor Ort bestätigt",
        "marker-color": "#1565c0",
        "marker-symbol": "fire-station",
        "marker-size": "medium",
        "title": "425 - Hydrant"
      }
    },
    {
      "type": "Feature",
      "id": "426",
      "geometry": {
        "type": "Point",
        "coordinates": [
          8.546856,
          54.693974
        ]
      },
      "properties": {
        "id": "426",
        "typ": "Hydrant",
        "menge_l_min": 3200,
        "quellkarte": "03_Foehr_ges_Quer.pdf",
        "ortsname": "Föhr",
        "ortsquelle": "03_Foehr_ges_Quer.pdf",
        "zuordnungsabstand_relativ": 0.764,
        "pdf_x_pt": 2764.327,
        "pdf_y_von_oben_pt": 1876.816,
        "koordinatenquelle": "eingebettete GeoPDF-Georeferenzierung",
        "lagehinweis": "kartografische Symbolposition; nicht vermessungstechnisch oder vor Ort bestätigt",
        "marker-color": "#1565c0",
        "marker-symbol": "fire-station",
        "marker-size": "medium",
        "title": "426 - Hydrant"
      }
    },
    {
      "type": "Feature",
      "id": "427",
      "geometry": {
        "type": "Point",
        "coordinates": [
          8.546124,
          54.694454
        ]
      },
      "properties": {
        "id": "427",
        "typ": "Hydrant",
        "menge_l_min": 800,
        "quellkarte": "03_Foehr_ges_Quer.pdf",
        "ortsname": "Föhr",
        "ortsquelle": "03_Foehr_ges_Quer.pdf",
        "zuordnungsabstand_relativ": 0.872,
        "pdf_x_pt": 2751.059,
        "pdf_y_von_oben_pt": 1861.581,
        "koordinatenquelle": "eingebettete GeoPDF-Georeferenzierung",
        "lagehinweis": "kartografische Symbolposition; nicht vermessungstechnisch oder vor Ort bestätigt",
        "marker-color": "#1565c0",
        "marker-symbol": "fire-station",
        "marker-size": "medium",
        "title": "427 - Hydrant"
      }
    },
    {
      "type": "Feature",
      "id": "428",
      "geometry": {
        "type": "Point",
        "coordinates": [
          8.546716,
          54.695032
        ]
      },
      "properties": {
        "id": "428",
        "typ": "Hydrant",
        "menge_l_min": 1600,
        "quellkarte": "03_Foehr_ges_Quer.pdf",
        "ortsname": "Föhr",
        "ortsquelle": "03_Foehr_ges_Quer.pdf",
        "zuordnungsabstand_relativ": 0.813,
        "pdf_x_pt": 2761.993,
        "pdf_y_von_oben_pt": 1843.423,
        "koordinatenquelle": "eingebettete GeoPDF-Georeferenzierung",
        "lagehinweis": "kartografische Symbolposition; nicht vermessungstechnisch oder vor Ort bestätigt",
        "marker-color": "#1565c0",
        "marker-symbol": "fire-station",
        "marker-size": "medium",
        "title": "428 - Hydrant"
      }
    },
    {
      "type": "Feature",
      "id": "431",
      "geometry": {
        "type": "Point",
        "coordinates": [
          8.547673,
          54.695084
        ]
      },
      "properties": {
        "id": "431",
        "typ": "E-Bohrbrunnen",
        "menge_l_min": null,
        "quellkarte": "03_Foehr_ges_Quer.pdf",
        "ortsname": "Föhr",
        "ortsquelle": "03_Foehr_ges_Quer.pdf",
        "zuordnungsabstand_relativ": 0.974,
        "pdf_x_pt": 2779.482,
        "pdf_y_von_oben_pt": 1841.921,
        "koordinatenquelle": "eingebettete GeoPDF-Georeferenzierung",
        "lagehinweis": "kartografische Symbolposition; nicht vermessungstechnisch oder vor Ort bestätigt",
        "marker-color": "#8e24aa",
        "marker-symbol": "industrial",
        "marker-size": "medium",
        "title": "431 - E-Bohrbrunnen"
      }
    },
    {
      "type": "Feature",
      "id": "432",
      "geometry": {
        "type": "Point",
        "coordinates": [
          8.549364,
          54.695439
        ]
      },
      "properties": {
        "id": "432",
        "typ": "Hydrant",
        "menge_l_min": 1600,
        "quellkarte": "03_Foehr_ges_Quer.pdf",
        "ortsname": "Föhr",
        "ortsquelle": "03_Foehr_ges_Quer.pdf",
        "zuordnungsabstand_relativ": 0.928,
        "pdf_x_pt": 2810.431,
        "pdf_y_von_oben_pt": 1830.94,
        "koordinatenquelle": "eingebettete GeoPDF-Georeferenzierung",
        "lagehinweis": "kartografische Symbolposition; nicht vermessungstechnisch oder vor Ort bestätigt",
        "marker-color": "#1565c0",
        "marker-symbol": "fire-station",
        "marker-size": "medium",
        "title": "432 - Hydrant"
      }
    },
    {
      "type": "Feature",
      "id": "433",
      "geometry": {
        "type": "Point",
        "coordinates": [
          8.548187,
          54.695889
        ]
      },
      "properties": {
        "id": "433",
        "typ": "Hydrant",
        "menge_l_min": 1600,
        "quellkarte": "03_Foehr_ges_Quer.pdf",
        "ortsname": "Föhr",
        "ortsquelle": "03_Foehr_ges_Quer.pdf",
        "zuordnungsabstand_relativ": 1.225,
        "pdf_x_pt": 2789.023,
        "pdf_y_von_oben_pt": 1816.59,
        "koordinatenquelle": "eingebettete GeoPDF-Georeferenzierung",
        "lagehinweis": "kartografische Symbolposition; nicht vermessungstechnisch oder vor Ort bestätigt",
        "marker-color": "#1565c0",
        "marker-symbol": "fire-station",
        "marker-size": "medium",
        "title": "433 - Hydrant"
      }
    },
    {
      "type": "Feature",
      "id": "434",
      "geometry": {
        "type": "Point",
        "coordinates": [
          8.546749,
          54.695917
        ]
      },
      "properties": {
        "id": "434",
        "typ": "Hydrant",
        "menge_l_min": 1600,
        "quellkarte": "03_Foehr_ges_Quer.pdf",
        "ortsname": "Föhr",
        "ortsquelle": "03_Foehr_ges_Quer.pdf",
        "zuordnungsabstand_relativ": 1.117,
        "pdf_x_pt": 2762.77,
        "pdf_y_von_oben_pt": 1815.528,
        "koordinatenquelle": "eingebettete GeoPDF-Georeferenzierung",
        "lagehinweis": "kartografische Symbolposition; nicht vermessungstechnisch oder vor Ort bestätigt",
        "marker-color": "#1565c0",
        "marker-symbol": "fire-station",
        "marker-size": "medium",
        "title": "434 - Hydrant"
      }
    },
    {
      "type": "Feature",
      "id": "435",
      "geometry": {
        "type": "Point",
        "coordinates": [
          8.549711,
          54.696308
        ]
      },
      "properties": {
        "id": "435",
        "typ": "Hydrant",
        "menge_l_min": 1600,
        "quellkarte": "03_Foehr_ges_Quer.pdf",
        "ortsname": "Föhr",
        "ortsquelle": "03_Foehr_ges_Quer.pdf",
        "zuordnungsabstand_relativ": 0.878,
        "pdf_x_pt": 2816.947,
        "pdf_y_von_oben_pt": 1803.585,
        "koordinatenquelle": "eingebettete GeoPDF-Georeferenzierung",
        "lagehinweis": "kartografische Symbolposition; nicht vermessungstechnisch oder vor Ort bestätigt",
        "marker-color": "#1565c0",
        "marker-symbol": "fire-station",
        "marker-size": "medium",
        "title": "435 - Hydrant"
      }
    },
    {
      "type": "Feature",
      "id": "436",
      "geometry": {
        "type": "Point",
        "coordinates": [
          8.547444,
          54.696665
        ]
      },
      "properties": {
        "id": "436",
        "typ": "Hydrant",
        "menge_l_min": 1600,
        "quellkarte": "03_Foehr_ges_Quer.pdf",
        "ortsname": "Föhr",
        "ortsquelle": "03_Foehr_ges_Quer.pdf",
        "zuordnungsabstand_relativ": 0.828,
        "pdf_x_pt": 2775.612,
        "pdf_y_von_oben_pt": 1792.039,
        "koordinatenquelle": "eingebettete GeoPDF-Georeferenzierung",
        "lagehinweis": "kartografische Symbolposition; nicht vermessungstechnisch oder vor Ort bestätigt",
        "marker-color": "#1565c0",
        "marker-symbol": "fire-station",
        "marker-size": "medium",
        "title": "436 - Hydrant"
      }
    },
    {
      "type": "Feature",
      "id": "437",
      "geometry": {
        "type": "Point",
        "coordinates": [
          8.546625,
          54.697025
        ]
      },
      "properties": {
        "id": "437",
        "typ": "Hydrant",
        "menge_l_min": 1600,
        "quellkarte": "03_Foehr_ges_Quer.pdf",
        "ortsname": "Föhr",
        "ortsquelle": "03_Foehr_ges_Quer.pdf",
        "zuordnungsabstand_relativ": 1.185,
        "pdf_x_pt": 2760.731,
        "pdf_y_von_oben_pt": 1780.579,
        "koordinatenquelle": "eingebettete GeoPDF-Georeferenzierung",
        "lagehinweis": "kartografische Symbolposition; nicht vermessungstechnisch oder vor Ort bestätigt",
        "marker-color": "#1565c0",
        "marker-symbol": "fire-station",
        "marker-size": "medium",
        "title": "437 - Hydrant"
      }
    },
    {
      "type": "Feature",
      "id": "438",
      "geometry": {
        "type": "Point",
        "coordinates": [
          8.547924,
          54.696996
        ]
      },
      "properties": {
        "id": "438",
        "typ": "Hydrant",
        "menge_l_min": 1600,
        "quellkarte": "03_Foehr_ges_Quer.pdf",
        "ortsname": "Föhr",
        "ortsquelle": "03_Foehr_ges_Quer.pdf",
        "zuordnungsabstand_relativ": 0.777,
        "pdf_x_pt": 2784.456,
        "pdf_y_von_oben_pt": 1781.662,
        "koordinatenquelle": "eingebettete GeoPDF-Georeferenzierung",
        "lagehinweis": "kartografische Symbolposition; nicht vermessungstechnisch oder vor Ort bestätigt",
        "marker-color": "#1565c0",
        "marker-symbol": "fire-station",
        "marker-size": "medium",
        "title": "438 - Hydrant"
      }
    },
    {
      "type": "Feature",
      "id": "439",
      "geometry": {
        "type": "Point",
        "coordinates": [
          8.549143,
          54.697058
        ]
      },
      "properties": {
        "id": "439",
        "typ": "Hydrant",
        "menge_l_min": 1600,
        "quellkarte": "03_Foehr_ges_Quer.pdf",
        "ortsname": "Föhr",
        "ortsquelle": "03_Foehr_ges_Quer.pdf",
        "zuordnungsabstand_relativ": 0.89,
        "pdf_x_pt": 2806.735,
        "pdf_y_von_oben_pt": 1779.85,
        "koordinatenquelle": "eingebettete GeoPDF-Georeferenzierung",
        "lagehinweis": "kartografische Symbolposition; nicht vermessungstechnisch oder vor Ort bestätigt",
        "marker-color": "#1565c0",
        "marker-symbol": "fire-station",
        "marker-size": "medium",
        "title": "439 - Hydrant"
      }
    },
    {
      "type": "Feature",
      "id": "441",
      "geometry": {
        "type": "Point",
        "coordinates": [
          8.548913,
          54.697594
        ]
      },
      "properties": {
        "id": "441",
        "typ": "Hydrant",
        "menge_l_min": 1600,
        "quellkarte": "03_Foehr_ges_Quer.pdf",
        "ortsname": "Föhr",
        "ortsquelle": "03_Foehr_ges_Quer.pdf",
        "zuordnungsabstand_relativ": 0.792,
        "pdf_x_pt": 2802.633,
        "pdf_y_von_oben_pt": 1762.914,
        "koordinatenquelle": "eingebettete GeoPDF-Georeferenzierung",
        "lagehinweis": "kartografische Symbolposition; nicht vermessungstechnisch oder vor Ort bestätigt",
        "marker-color": "#1565c0",
        "marker-symbol": "fire-station",
        "marker-size": "medium",
        "title": "441 - Hydrant"
      }
    },
    {
      "type": "Feature",
      "id": "442",
      "geometry": {
        "type": "Point",
        "coordinates": [
          8.548064,
          54.698239
        ]
      },
      "properties": {
        "id": "442",
        "typ": "Hydrant",
        "menge_l_min": 1600,
        "quellkarte": "03_Foehr_ges_Quer.pdf",
        "ortsname": "Föhr",
        "ortsquelle": "03_Foehr_ges_Quer.pdf",
        "zuordnungsabstand_relativ": 0.812,
        "pdf_x_pt": 2787.265,
        "pdf_y_von_oben_pt": 1742.493,
        "koordinatenquelle": "eingebettete GeoPDF-Georeferenzierung",
        "lagehinweis": "kartografische Symbolposition; nicht vermessungstechnisch oder vor Ort bestätigt",
        "marker-color": "#1565c0",
        "marker-symbol": "fire-station",
        "marker-size": "medium",
        "title": "442 - Hydrant"
      }
    },
    {
      "type": "Feature",
      "id": "443",
      "geometry": {
        "type": "Point",
        "coordinates": [
          8.553625,
          54.699132
        ]
      },
      "properties": {
        "id": "443",
        "typ": "Hydrant",
        "menge_l_min": 1600,
        "quellkarte": "03_Foehr_ges_Quer.pdf",
        "ortsname": "Föhr",
        "ortsquelle": "03_Foehr_ges_Quer.pdf",
        "zuordnungsabstand_relativ": 1.26,
        "pdf_x_pt": 2889.005,
        "pdf_y_von_oben_pt": 1715.073,
        "koordinatenquelle": "eingebettete GeoPDF-Georeferenzierung",
        "lagehinweis": "kartografische Symbolposition; nicht vermessungstechnisch oder vor Ort bestätigt",
        "marker-color": "#1565c0",
        "marker-symbol": "fire-station",
        "marker-size": "medium",
        "title": "443 - Hydrant"
      }
    },
    {
      "type": "Feature",
      "id": "444",
      "geometry": {
        "type": "Point",
        "coordinates": [
          8.552508,
          54.69834
        ]
      },
      "properties": {
        "id": "444",
        "typ": "Bohrbrunnen",
        "menge_l_min": null,
        "quellkarte": "03_Foehr_ges_Quer.pdf",
        "ortsname": "Föhr",
        "ortsquelle": "03_Foehr_ges_Quer.pdf",
        "zuordnungsabstand_relativ": 0.962,
        "pdf_x_pt": 2868.455,
        "pdf_y_von_oben_pt": 1739.888,
        "koordinatenquelle": "eingebettete GeoPDF-Georeferenzierung",
        "lagehinweis": "kartografische Symbolposition; nicht vermessungstechnisch oder vor Ort bestätigt",
        "marker-color": "#f9a825",
        "marker-symbol": "water",
        "marker-size": "medium",
        "title": "444 - Bohrbrunnen"
      }
    },
    {
      "type": "Feature",
      "id": "445",
      "geometry": {
        "type": "Point",
        "coordinates": [
          8.551479,
          54.697921
        ]
      },
      "properties": {
        "id": "445",
        "typ": "Hydrant",
        "menge_l_min": 3200,
        "quellkarte": "03_Foehr_ges_Quer.pdf",
        "ortsname": "Föhr",
        "ortsquelle": "03_Foehr_ges_Quer.pdf",
        "zuordnungsabstand_relativ": 1.116,
        "pdf_x_pt": 2849.564,
        "pdf_y_von_oben_pt": 1752.976,
        "koordinatenquelle": "eingebettete GeoPDF-Georeferenzierung",
        "lagehinweis": "kartografische Symbolposition; nicht vermessungstechnisch oder vor Ort bestätigt",
        "marker-color": "#1565c0",
        "marker-symbol": "fire-station",
        "marker-size": "medium",
        "title": "445 - Hydrant"
      }
    },
    {
      "type": "Feature",
      "id": "446",
      "geometry": {
        "type": "Point",
        "coordinates": [
          8.552476,
          54.699811
        ]
      },
      "properties": {
        "id": "446",
        "typ": "Hydrant",
        "menge_l_min": 1600,
        "quellkarte": "03_Foehr_ges_Quer.pdf",
        "ortsname": "Föhr",
        "ortsquelle": "03_Foehr_ges_Quer.pdf",
        "zuordnungsabstand_relativ": 0.882,
        "pdf_x_pt": 2868.158,
        "pdf_y_von_oben_pt": 1693.504,
        "koordinatenquelle": "eingebettete GeoPDF-Georeferenzierung",
        "lagehinweis": "kartografische Symbolposition; nicht vermessungstechnisch oder vor Ort bestätigt",
        "marker-color": "#1565c0",
        "marker-symbol": "fire-station",
        "marker-size": "medium",
        "title": "446 - Hydrant"
      }
    },
    {
      "type": "Feature",
      "id": "447",
      "geometry": {
        "type": "Point",
        "coordinates": [
          8.55099,
          54.700558
        ]
      },
      "properties": {
        "id": "447",
        "typ": "Hydrant",
        "menge_l_min": 1600,
        "quellkarte": "03_Foehr_ges_Quer.pdf",
        "ortsname": "Föhr",
        "ortsquelle": "03_Foehr_ges_Quer.pdf",
        "zuordnungsabstand_relativ": 0.875,
        "pdf_x_pt": 2841.166,
        "pdf_y_von_oben_pt": 1669.755,
        "koordinatenquelle": "eingebettete GeoPDF-Georeferenzierung",
        "lagehinweis": "kartografische Symbolposition; nicht vermessungstechnisch oder vor Ort bestätigt",
        "marker-color": "#1565c0",
        "marker-symbol": "fire-station",
        "marker-size": "medium",
        "title": "447 - Hydrant"
      }
    },
    {
      "type": "Feature",
      "id": "448",
      "geometry": {
        "type": "Point",
        "coordinates": [
          8.550627,
          54.699589
        ]
      },
      "properties": {
        "id": "448",
        "typ": "Hydrant",
        "menge_l_min": 1600,
        "quellkarte": "03_Foehr_ges_Quer.pdf",
        "ortsname": "Föhr",
        "ortsquelle": "03_Foehr_ges_Quer.pdf",
        "zuordnungsabstand_relativ": 1.032,
        "pdf_x_pt": 2834.34,
        "pdf_y_von_oben_pt": 1700.249,
        "koordinatenquelle": "eingebettete GeoPDF-Georeferenzierung",
        "lagehinweis": "kartografische Symbolposition; nicht vermessungstechnisch oder vor Ort bestätigt",
        "marker-color": "#1565c0",
        "marker-symbol": "fire-station",
        "marker-size": "medium",
        "title": "448 - Hydrant"
      }
    },
    {
      "type": "Feature",
      "id": "449",
      "geometry": {
        "type": "Point",
        "coordinates": [
          8.549222,
          54.699009
        ]
      },
      "properties": {
        "id": "449",
        "typ": "Hydrant",
        "menge_l_min": 3200,
        "quellkarte": "03_Foehr_ges_Quer.pdf",
        "ortsname": "Föhr",
        "ortsquelle": "03_Foehr_ges_Quer.pdf",
        "zuordnungsabstand_relativ": 1.191,
        "pdf_x_pt": 2808.56,
        "pdf_y_von_oben_pt": 1718.365,
        "koordinatenquelle": "eingebettete GeoPDF-Georeferenzierung",
        "lagehinweis": "kartografische Symbolposition; nicht vermessungstechnisch oder vor Ort bestätigt",
        "marker-color": "#1565c0",
        "marker-symbol": "fire-station",
        "marker-size": "medium",
        "title": "449 - Hydrant"
      }
    },
    {
      "type": "Feature",
      "id": "452",
      "geometry": {
        "type": "Point",
        "coordinates": [
          8.549708,
          54.699502
        ]
      },
      "properties": {
        "id": "452",
        "typ": "Bohrbrunnen",
        "menge_l_min": null,
        "quellkarte": "03_Foehr_ges_Quer.pdf",
        "ortsname": "Föhr",
        "ortsquelle": "03_Foehr_ges_Quer.pdf",
        "zuordnungsabstand_relativ": 0.981,
        "pdf_x_pt": 2817.54,
        "pdf_y_von_oben_pt": 1702.86,
        "koordinatenquelle": "eingebettete GeoPDF-Georeferenzierung",
        "lagehinweis": "kartografische Symbolposition; nicht vermessungstechnisch oder vor Ort bestätigt",
        "marker-color": "#f9a825",
        "marker-symbol": "water",
        "marker-size": "medium",
        "title": "452 - Bohrbrunnen"
      }
    },
    {
      "type": "Feature",
      "id": "453",
      "geometry": {
        "type": "Point",
        "coordinates": [
          8.549,
          54.698801
        ]
      },
      "properties": {
        "id": "453",
        "typ": "Bohrbrunnen",
        "menge_l_min": null,
        "quellkarte": "03_Foehr_ges_Quer.pdf",
        "ortsname": "Föhr",
        "ortsquelle": "03_Foehr_ges_Quer.pdf",
        "zuordnungsabstand_relativ": 0.984,
        "pdf_x_pt": 2804.477,
        "pdf_y_von_oben_pt": 1724.871,
        "koordinatenquelle": "eingebettete GeoPDF-Georeferenzierung",
        "lagehinweis": "kartografische Symbolposition; nicht vermessungstechnisch oder vor Ort bestätigt",
        "marker-color": "#f9a825",
        "marker-symbol": "water",
        "marker-size": "medium",
        "title": "453 - Bohrbrunnen"
      }
    },
    {
      "type": "Feature",
      "id": "454",
      "geometry": {
        "type": "Point",
        "coordinates": [
          8.549395,
          54.700938
        ]
      },
      "properties": {
        "id": "454",
        "typ": "Hydrant",
        "menge_l_min": 1600,
        "quellkarte": "03_Foehr_ges_Quer.pdf",
        "ortsname": "Föhr",
        "ortsquelle": "03_Foehr_ges_Quer.pdf",
        "zuordnungsabstand_relativ": 0.87,
        "pdf_x_pt": 2812.108,
        "pdf_y_von_oben_pt": 1657.545,
        "koordinatenquelle": "eingebettete GeoPDF-Georeferenzierung",
        "lagehinweis": "kartografische Symbolposition; nicht vermessungstechnisch oder vor Ort bestätigt",
        "marker-color": "#1565c0",
        "marker-symbol": "fire-station",
        "marker-size": "medium",
        "title": "454 - Hydrant"
      }
    },
    {
      "type": "Feature",
      "id": "455",
      "geometry": {
        "type": "Point",
        "coordinates": [
          8.547912,
          54.699534
        ]
      },
      "properties": {
        "id": "455",
        "typ": "Hydrant",
        "menge_l_min": 3200,
        "quellkarte": "03_Foehr_ges_Quer.pdf",
        "ortsname": "Föhr",
        "ortsquelle": "03_Foehr_ges_Quer.pdf",
        "zuordnungsabstand_relativ": 0.8,
        "pdf_x_pt": 2784.751,
        "pdf_y_von_oben_pt": 1701.629,
        "koordinatenquelle": "eingebettete GeoPDF-Georeferenzierung",
        "lagehinweis": "kartografische Symbolposition; nicht vermessungstechnisch oder vor Ort bestätigt",
        "marker-color": "#1565c0",
        "marker-symbol": "fire-station",
        "marker-size": "medium",
        "title": "455 - Hydrant"
      }
    },
    {
      "type": "Feature",
      "id": "456",
      "geometry": {
        "type": "Point",
        "coordinates": [
          8.548154,
          54.699975
        ]
      },
      "properties": {
        "id": "456",
        "typ": "Bohrbrunnen",
        "menge_l_min": null,
        "quellkarte": "03_Foehr_ges_Quer.pdf",
        "ortsname": "Föhr",
        "ortsquelle": "03_Foehr_ges_Quer.pdf",
        "zuordnungsabstand_relativ": 1.298,
        "pdf_x_pt": 2789.254,
        "pdf_y_von_oben_pt": 1687.74,
        "koordinatenquelle": "eingebettete GeoPDF-Georeferenzierung",
        "lagehinweis": "kartografische Symbolposition; nicht vermessungstechnisch oder vor Ort bestätigt",
        "marker-color": "#f9a825",
        "marker-symbol": "water",
        "marker-size": "medium",
        "title": "456 - Bohrbrunnen"
      }
    },
    {
      "type": "Feature",
      "id": "457",
      "geometry": {
        "type": "Point",
        "coordinates": [
          8.548212,
          54.701139
        ]
      },
      "properties": {
        "id": "457",
        "typ": "Hydrant",
        "menge_l_min": 1600,
        "quellkarte": "03_Foehr_ges_Quer.pdf",
        "ortsname": "Föhr",
        "ortsquelle": "03_Foehr_ges_Quer.pdf",
        "zuordnungsabstand_relativ": 1.027,
        "pdf_x_pt": 2790.55,
        "pdf_y_von_oben_pt": 1651.057,
        "koordinatenquelle": "eingebettete GeoPDF-Georeferenzierung",
        "lagehinweis": "kartografische Symbolposition; nicht vermessungstechnisch oder vor Ort bestätigt",
        "marker-color": "#1565c0",
        "marker-symbol": "fire-station",
        "marker-size": "medium",
        "title": "457 - Hydrant"
      }
    },
    {
      "type": "Feature",
      "id": "458",
      "geometry": {
        "type": "Point",
        "coordinates": [
          8.547469,
          54.7013
        ]
      },
      "properties": {
        "id": "458",
        "typ": "Bohrbrunnen",
        "menge_l_min": null,
        "quellkarte": "03_Foehr_ges_Quer.pdf",
        "ortsname": "Föhr",
        "ortsquelle": "03_Foehr_ges_Quer.pdf",
        "zuordnungsabstand_relativ": 0.974,
        "pdf_x_pt": 2777.014,
        "pdf_y_von_oben_pt": 1645.878,
        "koordinatenquelle": "eingebettete GeoPDF-Georeferenzierung",
        "lagehinweis": "kartografische Symbolposition; nicht vermessungstechnisch oder vor Ort bestätigt",
        "marker-color": "#f9a825",
        "marker-symbol": "water",
        "marker-size": "medium",
        "title": "458 - Bohrbrunnen"
      }
    },
    {
      "type": "Feature",
      "id": "462",
      "geometry": {
        "type": "Point",
        "coordinates": [
          8.545141,
          54.700677
        ]
      },
      "properties": {
        "id": "462",
        "typ": "Hydrant",
        "menge_l_min": 3200,
        "quellkarte": "03_Foehr_ges_Quer.pdf",
        "ortsname": "Föhr",
        "ortsquelle": "03_Foehr_ges_Quer.pdf",
        "zuordnungsabstand_relativ": 1.139,
        "pdf_x_pt": 2734.379,
        "pdf_y_von_oben_pt": 1665.212,
        "koordinatenquelle": "eingebettete GeoPDF-Georeferenzierung",
        "lagehinweis": "kartografische Symbolposition; nicht vermessungstechnisch oder vor Ort bestätigt",
        "marker-color": "#1565c0",
        "marker-symbol": "fire-station",
        "marker-size": "medium",
        "title": "462 - Hydrant"
      }
    },
    {
      "type": "Feature",
      "id": "463",
      "geometry": {
        "type": "Point",
        "coordinates": [
          8.546415,
          54.702255
        ]
      },
      "properties": {
        "id": "463",
        "typ": "Hydrant",
        "menge_l_min": 1600,
        "quellkarte": "03_Foehr_ges_Quer.pdf",
        "ortsname": "Föhr",
        "ortsquelle": "03_Foehr_ges_Quer.pdf",
        "zuordnungsabstand_relativ": 0.954,
        "pdf_x_pt": 2757.968,
        "pdf_y_von_oben_pt": 1615.618,
        "koordinatenquelle": "eingebettete GeoPDF-Georeferenzierung",
        "lagehinweis": "kartografische Symbolposition; nicht vermessungstechnisch oder vor Ort bestätigt",
        "marker-color": "#1565c0",
        "marker-symbol": "fire-station",
        "marker-size": "medium",
        "title": "463 - Hydrant"
      }
    },
    {
      "type": "Feature",
      "id": "464",
      "geometry": {
        "type": "Point",
        "coordinates": [
          8.543261,
          54.701667
        ]
      },
      "properties": {
        "id": "464",
        "typ": "Hydrant",
        "menge_l_min": 3200,
        "quellkarte": "03_Foehr_ges_Quer.pdf",
        "ortsname": "Föhr",
        "ortsquelle": "03_Foehr_ges_Quer.pdf",
        "zuordnungsabstand_relativ": 0.962,
        "pdf_x_pt": 2700.235,
        "pdf_y_von_oben_pt": 1633.74,
        "koordinatenquelle": "eingebettete GeoPDF-Georeferenzierung",
        "lagehinweis": "kartografische Symbolposition; nicht vermessungstechnisch oder vor Ort bestätigt",
        "marker-color": "#1565c0",
        "marker-symbol": "fire-station",
        "marker-size": "medium",
        "title": "464 - Hydrant"
      }
    },
    {
      "type": "Feature",
      "id": "465",
      "geometry": {
        "type": "Point",
        "coordinates": [
          8.544844,
          54.703116
        ]
      },
      "properties": {
        "id": "465",
        "typ": "Bohrbrunnen",
        "menge_l_min": null,
        "quellkarte": "03_Foehr_ges_Quer.pdf",
        "ortsname": "Föhr",
        "ortsquelle": "03_Foehr_ges_Quer.pdf",
        "zuordnungsabstand_relativ": 0.325,
        "pdf_x_pt": 2729.442,
        "pdf_y_von_oben_pt": 1588.252,
        "koordinatenquelle": "eingebettete GeoPDF-Georeferenzierung",
        "lagehinweis": "kartografische Symbolposition; nicht vermessungstechnisch oder vor Ort bestätigt",
        "marker-color": "#f9a825",
        "marker-symbol": "water",
        "marker-size": "medium",
        "title": "465 - Bohrbrunnen"
      }
    },
    {
      "type": "Feature",
      "id": "467",
      "geometry": {
        "type": "Point",
        "coordinates": [
          8.543933,
          54.702257
        ]
      },
      "properties": {
        "id": "467",
        "typ": "Bohrbrunnen",
        "menge_l_min": null,
        "quellkarte": "03_Foehr_ges_Quer.pdf",
        "ortsname": "Föhr",
        "ortsquelle": "03_Foehr_ges_Quer.pdf",
        "zuordnungsabstand_relativ": 1.411,
        "pdf_x_pt": 2712.624,
        "pdf_y_von_oben_pt": 1615.227,
        "koordinatenquelle": "eingebettete GeoPDF-Georeferenzierung",
        "lagehinweis": "kartografische Symbolposition; nicht vermessungstechnisch oder vor Ort bestätigt",
        "marker-color": "#f9a825",
        "marker-symbol": "water",
        "marker-size": "medium",
        "title": "467 - Bohrbrunnen"
      }
    },
    {
      "type": "Feature",
      "id": "468",
      "geometry": {
        "type": "Point",
        "coordinates": [
          8.543854,
          54.704015
        ]
      },
      "properties": {
        "id": "468",
        "typ": "Hydrant",
        "menge_l_min": 1600,
        "quellkarte": "03_Foehr_ges_Quer.pdf",
        "ortsname": "Föhr",
        "ortsquelle": "03_Foehr_ges_Quer.pdf",
        "zuordnungsabstand_relativ": 1.026,
        "pdf_x_pt": 2711.554,
        "pdf_y_von_oben_pt": 1559.773,
        "koordinatenquelle": "eingebettete GeoPDF-Georeferenzierung",
        "lagehinweis": "kartografische Symbolposition; nicht vermessungstechnisch oder vor Ort bestätigt",
        "marker-color": "#1565c0",
        "marker-symbol": "fire-station",
        "marker-size": "medium",
        "title": "468 - Hydrant"
      }
    },
    {
      "type": "Feature",
      "id": "469",
      "geometry": {
        "type": "Point",
        "coordinates": [
          8.542737,
          54.704617
        ]
      },
      "properties": {
        "id": "469",
        "typ": "Hydrant",
        "menge_l_min": 1600,
        "quellkarte": "03_Foehr_ges_Quer.pdf",
        "ortsname": "Föhr",
        "ortsquelle": "03_Foehr_ges_Quer.pdf",
        "zuordnungsabstand_relativ": 0.827,
        "pdf_x_pt": 2691.28,
        "pdf_y_von_oben_pt": 1540.658,
        "koordinatenquelle": "eingebettete GeoPDF-Georeferenzierung",
        "lagehinweis": "kartografische Symbolposition; nicht vermessungstechnisch oder vor Ort bestätigt",
        "marker-color": "#1565c0",
        "marker-symbol": "fire-station",
        "marker-size": "medium",
        "title": "469 - Hydrant"
      }
    },
    {
      "type": "Feature",
      "id": "471",
      "geometry": {
        "type": "Point",
        "coordinates": [
          8.540667,
          54.70343
        ]
      },
      "properties": {
        "id": "471",
        "typ": "Hydrant",
        "menge_l_min": 3200,
        "quellkarte": "03_Foehr_ges_Quer.pdf",
        "ortsname": "Föhr",
        "ortsquelle": "03_Foehr_ges_Quer.pdf",
        "zuordnungsabstand_relativ": 0.881,
        "pdf_x_pt": 2653.236,
        "pdf_y_von_oben_pt": 1577.799,
        "koordinatenquelle": "eingebettete GeoPDF-Georeferenzierung",
        "lagehinweis": "kartografische Symbolposition; nicht vermessungstechnisch oder vor Ort bestätigt",
        "marker-color": "#1565c0",
        "marker-symbol": "fire-station",
        "marker-size": "medium",
        "title": "471 - Hydrant"
      }
    },
    {
      "type": "Feature",
      "id": "472",
      "geometry": {
        "type": "Point",
        "coordinates": [
          8.541754,
          54.705154
        ]
      },
      "properties": {
        "id": "472",
        "typ": "Bohrbrunnen",
        "menge_l_min": null,
        "quellkarte": "03_Foehr_ges_Quer.pdf",
        "ortsname": "Föhr",
        "ortsquelle": "03_Foehr_ges_Quer.pdf",
        "zuordnungsabstand_relativ": 0.984,
        "pdf_x_pt": 2673.435,
        "pdf_y_von_oben_pt": 1523.582,
        "koordinatenquelle": "eingebettete GeoPDF-Georeferenzierung",
        "lagehinweis": "kartografische Symbolposition; nicht vermessungstechnisch oder vor Ort bestätigt",
        "marker-color": "#f9a825",
        "marker-symbol": "water",
        "marker-size": "medium",
        "title": "472 - Bohrbrunnen"
      }
    },
    {
      "type": "Feature",
      "id": "473",
      "geometry": {
        "type": "Point",
        "coordinates": [
          8.540905,
          54.704508
        ]
      },
      "properties": {
        "id": "473",
        "typ": "Bohrbrunnen",
        "menge_l_min": null,
        "quellkarte": "03_Foehr_ges_Quer.pdf",
        "ortsname": "Föhr",
        "ortsquelle": "03_Foehr_ges_Quer.pdf",
        "zuordnungsabstand_relativ": 0.987,
        "pdf_x_pt": 2657.801,
        "pdf_y_von_oben_pt": 1543.845,
        "koordinatenquelle": "eingebettete GeoPDF-Georeferenzierung",
        "lagehinweis": "kartografische Symbolposition; nicht vermessungstechnisch oder vor Ort bestätigt",
        "marker-color": "#f9a825",
        "marker-symbol": "water",
        "marker-size": "medium",
        "title": "473 - Bohrbrunnen"
      }
    },
    {
      "type": "Feature",
      "id": "481",
      "geometry": {
        "type": "Point",
        "coordinates": [
          8.532587,
          54.706074
        ]
      },
      "properties": {
        "id": "481",
        "typ": "Hydrant",
        "menge_l_min": 3200,
        "quellkarte": "03_Foehr_ges_Quer.pdf",
        "ortsname": "Föhr",
        "ortsquelle": "03_Foehr_ges_Quer.pdf",
        "zuordnungsabstand_relativ": 0.838,
        "pdf_x_pt": 2506.224,
        "pdf_y_von_oben_pt": 1493.36,
        "koordinatenquelle": "eingebettete GeoPDF-Georeferenzierung",
        "lagehinweis": "kartografische Symbolposition; nicht vermessungstechnisch oder vor Ort bestätigt",
        "marker-color": "#1565c0",
        "marker-symbol": "fire-station",
        "marker-size": "medium",
        "title": "481 - Hydrant"
      }
    },
    {
      "type": "Feature",
      "id": "482",
      "geometry": {
        "type": "Point",
        "coordinates": [
          8.534411,
          54.708466
        ]
      },
      "properties": {
        "id": "482",
        "typ": "Hydrant",
        "menge_l_min": 1600,
        "quellkarte": "03_Foehr_ges_Quer.pdf",
        "ortsname": "Föhr",
        "ortsquelle": "03_Foehr_ges_Quer.pdf",
        "zuordnungsabstand_relativ": 1.108,
        "pdf_x_pt": 2540.031,
        "pdf_y_von_oben_pt": 1418.191,
        "koordinatenquelle": "eingebettete GeoPDF-Georeferenzierung",
        "lagehinweis": "kartografische Symbolposition; nicht vermessungstechnisch oder vor Ort bestätigt",
        "marker-color": "#1565c0",
        "marker-symbol": "fire-station",
        "marker-size": "medium",
        "title": "482 - Hydrant"
      }
    },
    {
      "type": "Feature",
      "id": "483",
      "geometry": {
        "type": "Point",
        "coordinates": [
          8.535199,
          54.708776
        ]
      },
      "properties": {
        "id": "483",
        "typ": "Hydrant",
        "menge_l_min": 1600,
        "quellkarte": "03_Foehr_ges_Quer.pdf",
        "ortsname": "Föhr",
        "ortsquelle": "03_Foehr_ges_Quer.pdf",
        "zuordnungsabstand_relativ": 1.043,
        "pdf_x_pt": 2554.495,
        "pdf_y_von_oben_pt": 1408.511,
        "koordinatenquelle": "eingebettete GeoPDF-Georeferenzierung",
        "lagehinweis": "kartografische Symbolposition; nicht vermessungstechnisch oder vor Ort bestätigt",
        "marker-color": "#1565c0",
        "marker-symbol": "fire-station",
        "marker-size": "medium",
        "title": "483 - Hydrant"
      }
    },
    {
      "type": "Feature",
      "id": "484",
      "geometry": {
        "type": "Point",
        "coordinates": [
          8.53296,
          54.708503
        ]
      },
      "properties": {
        "id": "484",
        "typ": "Hydrant",
        "menge_l_min": 3200,
        "quellkarte": "03_Foehr_ges_Quer.pdf",
        "ortsname": "Föhr",
        "ortsquelle": "03_Foehr_ges_Quer.pdf",
        "zuordnungsabstand_relativ": 1.168,
        "pdf_x_pt": 2513.554,
        "pdf_y_von_oben_pt": 1416.805,
        "koordinatenquelle": "eingebettete GeoPDF-Georeferenzierung",
        "lagehinweis": "kartografische Symbolposition; nicht vermessungstechnisch oder vor Ort bestätigt",
        "marker-color": "#1565c0",
        "marker-symbol": "fire-station",
        "marker-size": "medium",
        "title": "484 - Hydrant"
      }
    },
    {
      "type": "Feature",
      "id": "485",
      "geometry": {
        "type": "Point",
        "coordinates": [
          8.53202,
          54.709142
        ]
      },
      "properties": {
        "id": "485",
        "typ": "Hydrant",
        "menge_l_min": 3200,
        "quellkarte": "03_Foehr_ges_Quer.pdf",
        "ortsname": "Föhr",
        "ortsquelle": "03_Foehr_ges_Quer.pdf",
        "zuordnungsabstand_relativ": 0.993,
        "pdf_x_pt": 2496.523,
        "pdf_y_von_oben_pt": 1396.543,
        "koordinatenquelle": "eingebettete GeoPDF-Georeferenzierung",
        "lagehinweis": "kartografische Symbolposition; nicht vermessungstechnisch oder vor Ort bestätigt",
        "marker-color": "#1565c0",
        "marker-symbol": "fire-station",
        "marker-size": "medium",
        "title": "485 - Hydrant"
      }
    },
    {
      "type": "Feature",
      "id": "486",
      "geometry": {
        "type": "Point",
        "coordinates": [
          8.533126,
          54.709456
        ]
      },
      "properties": {
        "id": "486",
        "typ": "Bohrbrunnen",
        "menge_l_min": null,
        "quellkarte": "03_Foehr_ges_Quer.pdf",
        "ortsname": "Föhr",
        "ortsquelle": "03_Foehr_ges_Quer.pdf",
        "zuordnungsabstand_relativ": 0.984,
        "pdf_x_pt": 2516.782,
        "pdf_y_von_oben_pt": 1386.784,
        "koordinatenquelle": "eingebettete GeoPDF-Georeferenzierung",
        "lagehinweis": "kartografische Symbolposition; nicht vermessungstechnisch oder vor Ort bestätigt",
        "marker-color": "#f9a825",
        "marker-symbol": "water",
        "marker-size": "medium",
        "title": "486 - Bohrbrunnen"
      }
    },
    {
      "type": "Feature",
      "id": "487",
      "geometry": {
        "type": "Point",
        "coordinates": [
          8.533481,
          54.709946
        ]
      },
      "properties": {
        "id": "487",
        "typ": "Hydrant",
        "menge_l_min": 1600,
        "quellkarte": "03_Foehr_ges_Quer.pdf",
        "ortsname": "Föhr",
        "ortsquelle": "03_Foehr_ges_Quer.pdf",
        "zuordnungsabstand_relativ": 0.832,
        "pdf_x_pt": 2523.354,
        "pdf_y_von_oben_pt": 1371.396,
        "koordinatenquelle": "eingebettete GeoPDF-Georeferenzierung",
        "lagehinweis": "kartografische Symbolposition; nicht vermessungstechnisch oder vor Ort bestätigt",
        "marker-color": "#1565c0",
        "marker-symbol": "fire-station",
        "marker-size": "medium",
        "title": "487 - Hydrant"
      }
    },
    {
      "type": "Feature",
      "id": "488",
      "geometry": {
        "type": "Point",
        "coordinates": [
          8.532994,
          54.710186
        ]
      },
      "properties": {
        "id": "488",
        "typ": "Bohrbrunnen",
        "menge_l_min": null,
        "quellkarte": "03_Foehr_ges_Quer.pdf",
        "ortsname": "Föhr",
        "ortsquelle": "03_Foehr_ges_Quer.pdf",
        "zuordnungsabstand_relativ": 0.974,
        "pdf_x_pt": 2514.519,
        "pdf_y_von_oben_pt": 1363.744,
        "koordinatenquelle": "eingebettete GeoPDF-Georeferenzierung",
        "lagehinweis": "kartografische Symbolposition; nicht vermessungstechnisch oder vor Ort bestätigt",
        "marker-color": "#f9a825",
        "marker-symbol": "water",
        "marker-size": "medium",
        "title": "488 - Bohrbrunnen"
      }
    },
    {
      "type": "Feature",
      "id": "489",
      "geometry": {
        "type": "Point",
        "coordinates": [
          8.532818,
          54.710538
        ]
      },
      "properties": {
        "id": "489",
        "typ": "Hydrant",
        "menge_l_min": 1600,
        "quellkarte": "03_Foehr_ges_Quer.pdf",
        "ortsname": "Föhr",
        "ortsquelle": "03_Foehr_ges_Quer.pdf",
        "zuordnungsabstand_relativ": 0.836,
        "pdf_x_pt": 2511.373,
        "pdf_y_von_oben_pt": 1352.615,
        "koordinatenquelle": "eingebettete GeoPDF-Georeferenzierung",
        "lagehinweis": "kartografische Symbolposition; nicht vermessungstechnisch oder vor Ort bestätigt",
        "marker-color": "#1565c0",
        "marker-symbol": "fire-station",
        "marker-size": "medium",
        "title": "489 - Hydrant"
      }
    },
    {
      "type": "Feature",
      "id": "492",
      "geometry": {
        "type": "Point",
        "coordinates": [
          8.527551,
          54.709351
        ]
      },
      "properties": {
        "id": "492",
        "typ": "E-Bohrbrunnen",
        "menge_l_min": null,
        "quellkarte": "03_Foehr_ges_Quer.pdf",
        "ortsname": "Föhr",
        "ortsquelle": "03_Foehr_ges_Quer.pdf",
        "zuordnungsabstand_relativ": 0.974,
        "pdf_x_pt": 2414.952,
        "pdf_y_von_oben_pt": 1389.356,
        "koordinatenquelle": "eingebettete GeoPDF-Georeferenzierung",
        "lagehinweis": "kartografische Symbolposition; nicht vermessungstechnisch oder vor Ort bestätigt",
        "marker-color": "#8e24aa",
        "marker-symbol": "industrial",
        "marker-size": "medium",
        "title": "492 - E-Bohrbrunnen"
      }
    },
    {
      "type": "Feature",
      "id": "493",
      "geometry": {
        "type": "Point",
        "coordinates": [
          8.528216,
          54.709598
        ]
      },
      "properties": {
        "id": "493",
        "typ": "Hydrant",
        "menge_l_min": 1600,
        "quellkarte": "03_Foehr_ges_Quer.pdf",
        "ortsname": "Föhr",
        "ortsquelle": "03_Foehr_ges_Quer.pdf",
        "zuordnungsabstand_relativ": 0.836,
        "pdf_x_pt": 2427.15,
        "pdf_y_von_oben_pt": 1381.65,
        "koordinatenquelle": "eingebettete GeoPDF-Georeferenzierung",
        "lagehinweis": "kartografische Symbolposition; nicht vermessungstechnisch oder vor Ort bestätigt",
        "marker-color": "#1565c0",
        "marker-symbol": "fire-station",
        "marker-size": "medium",
        "title": "493 - Hydrant"
      }
    },
    {
      "type": "Feature",
      "id": "494",
      "geometry": {
        "type": "Point",
        "coordinates": [
          8.528785,
          54.710112
        ]
      },
      "properties": {
        "id": "494",
        "typ": "Hydrant",
        "menge_l_min": 1600,
        "quellkarte": "03_Foehr_ges_Quer.pdf",
        "ortsname": "Föhr",
        "ortsquelle": "03_Foehr_ges_Quer.pdf",
        "zuordnungsabstand_relativ": 2.222,
        "pdf_x_pt": 2437.654,
        "pdf_y_von_oben_pt": 1365.526,
        "koordinatenquelle": "eingebettete GeoPDF-Georeferenzierung",
        "lagehinweis": "kartografische Symbolposition; nicht vermessungstechnisch oder vor Ort bestätigt",
        "marker-color": "#1565c0",
        "marker-symbol": "fire-station",
        "marker-size": "medium",
        "title": "494 - Hydrant"
      }
    },
    {
      "type": "Feature",
      "id": "495",
      "geometry": {
        "type": "Point",
        "coordinates": [
          8.529419,
          54.709908
        ]
      },
      "properties": {
        "id": "495",
        "typ": "Hydrant",
        "menge_l_min": 1600,
        "quellkarte": "03_Foehr_ges_Quer.pdf",
        "ortsname": "Föhr",
        "ortsquelle": "03_Foehr_ges_Quer.pdf",
        "zuordnungsabstand_relativ": 0.543,
        "pdf_x_pt": 2449.181,
        "pdf_y_von_oben_pt": 1372.041,
        "koordinatenquelle": "eingebettete GeoPDF-Georeferenzierung",
        "lagehinweis": "kartografische Symbolposition; nicht vermessungstechnisch oder vor Ort bestätigt",
        "marker-color": "#1565c0",
        "marker-symbol": "fire-station",
        "marker-size": "medium",
        "title": "495 - Hydrant"
      }
    },
    {
      "type": "Feature",
      "id": "496",
      "geometry": {
        "type": "Point",
        "coordinates": [
          8.528602,
          54.710507
        ]
      },
      "properties": {
        "id": "496",
        "typ": "Hydrant",
        "menge_l_min": 1600,
        "quellkarte": "03_Foehr_ges_Quer.pdf",
        "ortsname": "Föhr",
        "ortsquelle": "03_Foehr_ges_Quer.pdf",
        "zuordnungsabstand_relativ": 0.792,
        "pdf_x_pt": 2434.396,
        "pdf_y_von_oben_pt": 1353.037,
        "koordinatenquelle": "eingebettete GeoPDF-Georeferenzierung",
        "lagehinweis": "kartografische Symbolposition; nicht vermessungstechnisch oder vor Ort bestätigt",
        "marker-color": "#1565c0",
        "marker-symbol": "fire-station",
        "marker-size": "medium",
        "title": "496 - Hydrant"
      }
    },
    {
      "type": "Feature",
      "id": "497",
      "geometry": {
        "type": "Point",
        "coordinates": [
          8.53093,
          54.710058
        ]
      },
      "properties": {
        "id": "497",
        "typ": "Hydrant",
        "menge_l_min": 1600,
        "quellkarte": "03_Foehr_ges_Quer.pdf",
        "ortsname": "Föhr",
        "ortsquelle": "03_Foehr_ges_Quer.pdf",
        "zuordnungsabstand_relativ": 0.969,
        "pdf_x_pt": 2476.813,
        "pdf_y_von_oben_pt": 1367.502,
        "koordinatenquelle": "eingebettete GeoPDF-Georeferenzierung",
        "lagehinweis": "kartografische Symbolposition; nicht vermessungstechnisch oder vor Ort bestätigt",
        "marker-color": "#1565c0",
        "marker-symbol": "fire-station",
        "marker-size": "medium",
        "title": "497 - Hydrant"
      }
    },
    {
      "type": "Feature",
      "id": "498",
      "geometry": {
        "type": "Point",
        "coordinates": [
          8.532202,
          54.711063
        ]
      },
      "properties": {
        "id": "498",
        "typ": "Hydrant",
        "menge_l_min": 3200,
        "quellkarte": "03_Foehr_ges_Quer.pdf",
        "ortsname": "Föhr",
        "ortsquelle": "03_Foehr_ges_Quer.pdf",
        "zuordnungsabstand_relativ": 1.202,
        "pdf_x_pt": 2500.25,
        "pdf_y_von_oben_pt": 1336.008,
        "koordinatenquelle": "eingebettete GeoPDF-Georeferenzierung",
        "lagehinweis": "kartografische Symbolposition; nicht vermessungstechnisch oder vor Ort bestätigt",
        "marker-color": "#1565c0",
        "marker-symbol": "fire-station",
        "marker-size": "medium",
        "title": "498 - Hydrant"
      }
    },
    {
      "type": "Feature",
      "id": "499",
      "geometry": {
        "type": "Point",
        "coordinates": [
          8.530378,
          54.710361
        ]
      },
      "properties": {
        "id": "499",
        "typ": "Bohrbrunnen",
        "menge_l_min": null,
        "quellkarte": "03_Foehr_ges_Quer.pdf",
        "ortsname": "Föhr",
        "ortsquelle": "03_Foehr_ges_Quer.pdf",
        "zuordnungsabstand_relativ": 1.344,
        "pdf_x_pt": 2466.793,
        "pdf_y_von_oben_pt": 1357.882,
        "koordinatenquelle": "eingebettete GeoPDF-Georeferenzierung",
        "lagehinweis": "kartografische Symbolposition; nicht vermessungstechnisch oder vor Ort bestätigt",
        "marker-color": "#f9a825",
        "marker-symbol": "water",
        "marker-size": "medium",
        "title": "499 - Bohrbrunnen"
      }
    },
    {
      "type": "Feature",
      "id": "502",
      "geometry": {
        "type": "Point",
        "coordinates": [
          8.530127,
          54.710821
        ]
      },
      "properties": {
        "id": "502",
        "typ": "Hydrant",
        "menge_l_min": 1600,
        "quellkarte": "03_Foehr_ges_Quer.pdf",
        "ortsname": "Föhr",
        "ortsquelle": "03_Foehr_ges_Quer.pdf",
        "zuordnungsabstand_relativ": 1.828,
        "pdf_x_pt": 2462.308,
        "pdf_y_von_oben_pt": 1343.337,
        "koordinatenquelle": "eingebettete GeoPDF-Georeferenzierung",
        "lagehinweis": "kartografische Symbolposition; nicht vermessungstechnisch oder vor Ort bestätigt",
        "marker-color": "#1565c0",
        "marker-symbol": "fire-station",
        "marker-size": "medium",
        "title": "502 - Hydrant"
      }
    },
    {
      "type": "Feature",
      "id": "503",
      "geometry": {
        "type": "Point",
        "coordinates": [
          8.53204,
          54.711784
        ]
      },
      "properties": {
        "id": "503",
        "typ": "Bohrbrunnen",
        "menge_l_min": null,
        "quellkarte": "03_Foehr_ges_Quer.pdf",
        "ortsname": "Föhr",
        "ortsquelle": "03_Foehr_ges_Quer.pdf",
        "zuordnungsabstand_relativ": 1.051,
        "pdf_x_pt": 2497.444,
        "pdf_y_von_oben_pt": 1313.242,
        "koordinatenquelle": "eingebettete GeoPDF-Georeferenzierung",
        "lagehinweis": "kartografische Symbolposition; nicht vermessungstechnisch oder vor Ort bestätigt",
        "marker-color": "#f9a825",
        "marker-symbol": "water",
        "marker-size": "medium",
        "title": "503 - Bohrbrunnen"
      }
    },
    {
      "type": "Feature",
      "id": "504",
      "geometry": {
        "type": "Point",
        "coordinates": [
          8.531273,
          54.712032
        ]
      },
      "properties": {
        "id": "504",
        "typ": "Hydrant",
        "menge_l_min": 1600,
        "quellkarte": "03_Foehr_ges_Quer.pdf",
        "ortsname": "Föhr",
        "ortsquelle": "03_Foehr_ges_Quer.pdf",
        "zuordnungsabstand_relativ": 0.894,
        "pdf_x_pt": 2483.489,
        "pdf_y_von_oben_pt": 1305.303,
        "koordinatenquelle": "eingebettete GeoPDF-Georeferenzierung",
        "lagehinweis": "kartografische Symbolposition; nicht vermessungstechnisch oder vor Ort bestätigt",
        "marker-color": "#1565c0",
        "marker-symbol": "fire-station",
        "marker-size": "medium",
        "title": "504 - Hydrant"
      }
    },
    {
      "type": "Feature",
      "id": "506",
      "geometry": {
        "type": "Point",
        "coordinates": [
          8.528687,
          54.711401
        ]
      },
      "properties": {
        "id": "506",
        "typ": "Bohrbrunnen",
        "menge_l_min": null,
        "quellkarte": "03_Foehr_ges_Quer.pdf",
        "ortsname": "Föhr",
        "ortsquelle": "03_Foehr_ges_Quer.pdf",
        "zuordnungsabstand_relativ": 1.245,
        "pdf_x_pt": 2436.141,
        "pdf_y_von_oben_pt": 1324.865,
        "koordinatenquelle": "eingebettete GeoPDF-Georeferenzierung",
        "lagehinweis": "kartografische Symbolposition; nicht vermessungstechnisch oder vor Ort bestätigt",
        "marker-color": "#f9a825",
        "marker-symbol": "water",
        "marker-size": "medium",
        "title": "506 - Bohrbrunnen"
      }
    },
    {
      "type": "Feature",
      "id": "507",
      "geometry": {
        "type": "Point",
        "coordinates": [
          8.52988,
          54.712473
        ]
      },
      "properties": {
        "id": "507",
        "typ": "Bohrbrunnen",
        "menge_l_min": null,
        "quellkarte": "03_Foehr_ges_Quer.pdf",
        "ortsname": "Föhr",
        "ortsquelle": "03_Foehr_ges_Quer.pdf",
        "zuordnungsabstand_relativ": 1.143,
        "pdf_x_pt": 2458.152,
        "pdf_y_von_oben_pt": 1291.231,
        "koordinatenquelle": "eingebettete GeoPDF-Georeferenzierung",
        "lagehinweis": "kartografische Symbolposition; nicht vermessungstechnisch oder vor Ort bestätigt",
        "marker-color": "#f9a825",
        "marker-symbol": "water",
        "marker-size": "medium",
        "title": "507 - Bohrbrunnen"
      }
    },
    {
      "type": "Feature",
      "id": "509",
      "geometry": {
        "type": "Point",
        "coordinates": [
          8.528188,
          54.71175
        ]
      },
      "properties": {
        "id": "509",
        "typ": "Hydrant",
        "menge_l_min": 1600,
        "quellkarte": "03_Foehr_ges_Quer.pdf",
        "ortsname": "Föhr",
        "ortsquelle": "03_Foehr_ges_Quer.pdf",
        "zuordnungsabstand_relativ": 0.792,
        "pdf_x_pt": 2427.096,
        "pdf_y_von_oben_pt": 1313.804,
        "koordinatenquelle": "eingebettete GeoPDF-Georeferenzierung",
        "lagehinweis": "kartografische Symbolposition; nicht vermessungstechnisch oder vor Ort bestätigt",
        "marker-color": "#1565c0",
        "marker-symbol": "fire-station",
        "marker-size": "medium",
        "title": "509 - Hydrant"
      }
    },
    {
      "type": "Feature",
      "id": "513",
      "geometry": {
        "type": "Point",
        "coordinates": [
          8.52634,
          54.711632
        ]
      },
      "properties": {
        "id": "513",
        "typ": "Bohrbrunnen",
        "menge_l_min": null,
        "quellkarte": "03_Foehr_ges_Quer.pdf",
        "ortsname": "Föhr",
        "ortsquelle": "03_Foehr_ges_Quer.pdf",
        "zuordnungsabstand_relativ": 0.888,
        "pdf_x_pt": 2393.327,
        "pdf_y_von_oben_pt": 1317.267,
        "koordinatenquelle": "eingebettete GeoPDF-Georeferenzierung",
        "lagehinweis": "kartografische Symbolposition; nicht vermessungstechnisch oder vor Ort bestätigt",
        "marker-color": "#f9a825",
        "marker-symbol": "water",
        "marker-size": "medium",
        "title": "513 - Bohrbrunnen"
      }
    },
    {
      "type": "Feature",
      "id": "514",
      "geometry": {
        "type": "Point",
        "coordinates": [
          8.528136,
          54.712935
        ]
      },
      "properties": {
        "id": "514",
        "typ": "Hydrant",
        "menge_l_min": 1600,
        "quellkarte": "03_Foehr_ges_Quer.pdf",
        "ortsname": "Föhr",
        "ortsquelle": "03_Foehr_ges_Quer.pdf",
        "zuordnungsabstand_relativ": 0.8,
        "pdf_x_pt": 2426.4,
        "pdf_y_von_oben_pt": 1276.416,
        "koordinatenquelle": "eingebettete GeoPDF-Georeferenzierung",
        "lagehinweis": "kartografische Symbolposition; nicht vermessungstechnisch oder vor Ort bestätigt",
        "marker-color": "#1565c0",
        "marker-symbol": "fire-station",
        "marker-size": "medium",
        "title": "514 - Hydrant"
      }
    },
    {
      "type": "Feature",
      "id": "515",
      "geometry": {
        "type": "Point",
        "coordinates": [
          8.526348,
          54.713187
        ]
      },
      "properties": {
        "id": "515",
        "typ": "Hydrant",
        "menge_l_min": 800,
        "quellkarte": "03_Foehr_ges_Quer.pdf",
        "ortsname": "Föhr",
        "ortsquelle": "03_Foehr_ges_Quer.pdf",
        "zuordnungsabstand_relativ": 1.193,
        "pdf_x_pt": 2393.803,
        "pdf_y_von_oben_pt": 1268.227,
        "koordinatenquelle": "eingebettete GeoPDF-Georeferenzierung",
        "lagehinweis": "kartografische Symbolposition; nicht vermessungstechnisch oder vor Ort bestätigt",
        "marker-color": "#1565c0",
        "marker-symbol": "fire-station",
        "marker-size": "medium",
        "title": "515 - Hydrant"
      }
    },
    {
      "type": "Feature",
      "id": "521",
      "geometry": {
        "type": "Point",
        "coordinates": [
          8.534195,
          54.71505
        ]
      },
      "properties": {
        "id": "521",
        "typ": "Saugstelle",
        "menge_l_min": null,
        "quellkarte": "03_Foehr_ges_Quer.pdf",
        "ortsname": "Föhr",
        "ortsquelle": "03_Foehr_ges_Quer.pdf",
        "zuordnungsabstand_relativ": 1.091,
        "pdf_x_pt": 2537.467,
        "pdf_y_von_oben_pt": 1210.536,
        "koordinatenquelle": "eingebettete GeoPDF-Georeferenzierung",
        "lagehinweis": "kartografische Symbolposition; nicht vermessungstechnisch oder vor Ort bestätigt",
        "marker-color": "#00897b",
        "marker-symbol": "harbor",
        "marker-size": "medium",
        "title": "521 - Saugstelle"
      }
    },
    {
      "type": "Feature",
      "id": "522",
      "geometry": {
        "type": "Point",
        "coordinates": [
          8.550141,
          54.730034
        ]
      },
      "properties": {
        "id": "522",
        "typ": "Hydrant",
        "menge_l_min": 1600,
        "quellkarte": "03_Foehr_ges_Quer.pdf",
        "ortsname": "Föhr",
        "ortsquelle": "03_Foehr_ges_Quer.pdf",
        "zuordnungsabstand_relativ": 0.949,
        "pdf_x_pt": 2831.612,
        "pdf_y_von_oben_pt": 740.189,
        "koordinatenquelle": "eingebettete GeoPDF-Georeferenzierung",
        "lagehinweis": "kartografische Symbolposition; nicht vermessungstechnisch oder vor Ort bestätigt",
        "marker-color": "#1565c0",
        "marker-symbol": "fire-station",
        "marker-size": "medium",
        "title": "522 - Hydrant"
      }
    },
    {
      "type": "Feature",
      "id": "523",
      "geometry": {
        "type": "Point",
        "coordinates": [
          8.562006,
          54.743004
        ]
      },
      "properties": {
        "id": "523",
        "typ": "Hydrant",
        "menge_l_min": 400,
        "quellkarte": "03_Foehr_ges_Quer.pdf",
        "ortsname": "Föhr",
        "ortsquelle": "03_Foehr_ges_Quer.pdf",
        "zuordnungsabstand_relativ": 0.772,
        "pdf_x_pt": 3050.699,
        "pdf_y_von_oben_pt": 332.781,
        "koordinatenquelle": "eingebettete GeoPDF-Georeferenzierung",
        "lagehinweis": "kartografische Symbolposition; nicht vermessungstechnisch oder vor Ort bestätigt",
        "marker-color": "#1565c0",
        "marker-symbol": "fire-station",
        "marker-size": "medium",
        "title": "523 - Hydrant"
      }
    },
    {
      "type": "Feature",
      "id": "524",
      "geometry": {
        "type": "Point",
        "coordinates": [
          8.557042,
          54.745248
        ]
      },
      "properties": {
        "id": "524",
        "typ": "Hydrant",
        "menge_l_min": 400,
        "quellkarte": "03_Foehr_ges_Quer.pdf",
        "ortsname": "Föhr",
        "ortsquelle": "03_Foehr_ges_Quer.pdf",
        "zuordnungsabstand_relativ": 1.009,
        "pdf_x_pt": 2960.584,
        "pdf_y_von_oben_pt": 261.354,
        "koordinatenquelle": "eingebettete GeoPDF-Georeferenzierung",
        "lagehinweis": "kartografische Symbolposition; nicht vermessungstechnisch oder vor Ort bestätigt",
        "marker-color": "#1565c0",
        "marker-symbol": "fire-station",
        "marker-size": "medium",
        "title": "524 - Hydrant"
      }
    },
    {
      "type": "Feature",
      "id": "531",
      "geometry": {
        "type": "Point",
        "coordinates": [
          8.524211,
          54.718012
        ]
      },
      "properties": {
        "id": "531",
        "typ": "Saugstelle",
        "menge_l_min": null,
        "quellkarte": "03_Foehr_ges_Quer.pdf",
        "ortsname": "Föhr",
        "ortsquelle": "03_Foehr_ges_Quer.pdf",
        "zuordnungsabstand_relativ": 1.091,
        "pdf_x_pt": 2355.819,
        "pdf_y_von_oben_pt": 1115.805,
        "koordinatenquelle": "eingebettete GeoPDF-Georeferenzierung",
        "lagehinweis": "kartografische Symbolposition; nicht vermessungstechnisch oder vor Ort bestätigt",
        "marker-color": "#00897b",
        "marker-symbol": "harbor",
        "marker-size": "medium",
        "title": "531 - Saugstelle"
      }
    },
    {
      "type": "Feature",
      "id": "532",
      "geometry": {
        "type": "Point",
        "coordinates": [
          8.523547,
          54.717454
        ]
      },
      "properties": {
        "id": "532",
        "typ": "Hydrant",
        "menge_l_min": 800,
        "quellkarte": "03_Foehr_ges_Quer.pdf",
        "ortsname": "Föhr",
        "ortsquelle": "03_Foehr_ges_Quer.pdf",
        "zuordnungsabstand_relativ": 0.917,
        "pdf_x_pt": 2343.573,
        "pdf_y_von_oben_pt": 1133.317,
        "koordinatenquelle": "eingebettete GeoPDF-Georeferenzierung",
        "lagehinweis": "kartografische Symbolposition; nicht vermessungstechnisch oder vor Ort bestätigt",
        "marker-color": "#1565c0",
        "marker-symbol": "fire-station",
        "marker-size": "medium",
        "title": "532 - Hydrant"
      }
    },
    {
      "type": "Feature",
      "id": "533",
      "geometry": {
        "type": "Point",
        "coordinates": [
          8.521119,
          54.717185
        ]
      },
      "properties": {
        "id": "533",
        "typ": "Hydrant",
        "menge_l_min": 1600,
        "quellkarte": "03_Foehr_ges_Quer.pdf",
        "ortsname": "Föhr",
        "ortsquelle": "03_Foehr_ges_Quer.pdf",
        "zuordnungsabstand_relativ": 1.008,
        "pdf_x_pt": 2299.197,
        "pdf_y_von_oben_pt": 1141.481,
        "koordinatenquelle": "eingebettete GeoPDF-Georeferenzierung",
        "lagehinweis": "kartografische Symbolposition; nicht vermessungstechnisch oder vor Ort bestätigt",
        "marker-color": "#1565c0",
        "marker-symbol": "fire-station",
        "marker-size": "medium",
        "title": "533 - Hydrant"
      }
    },
    {
      "type": "Feature",
      "id": "534",
      "geometry": {
        "type": "Point",
        "coordinates": [
          8.519044,
          54.716618
        ]
      },
      "properties": {
        "id": "534",
        "typ": "Hydrant",
        "menge_l_min": 1600,
        "quellkarte": "03_Foehr_ges_Quer.pdf",
        "ortsname": "Föhr",
        "ortsquelle": "03_Foehr_ges_Quer.pdf",
        "zuordnungsabstand_relativ": 0.91,
        "pdf_x_pt": 2261.186,
        "pdf_y_von_oben_pt": 1159.08,
        "koordinatenquelle": "eingebettete GeoPDF-Georeferenzierung",
        "lagehinweis": "kartografische Symbolposition; nicht vermessungstechnisch oder vor Ort bestätigt",
        "marker-color": "#1565c0",
        "marker-symbol": "fire-station",
        "marker-size": "medium",
        "title": "534 - Hydrant"
      }
    },
    {
      "type": "Feature",
      "id": "535",
      "geometry": {
        "type": "Point",
        "coordinates": [
          8.517592,
          54.716168
        ]
      },
      "properties": {
        "id": "535",
        "typ": "Hydrant",
        "menge_l_min": 1600,
        "quellkarte": "03_Foehr_ges_Quer.pdf",
        "ortsname": "Föhr",
        "ortsquelle": "03_Foehr_ges_Quer.pdf",
        "zuordnungsabstand_relativ": 0.885,
        "pdf_x_pt": 2234.584,
        "pdf_y_von_oben_pt": 1173.081,
        "koordinatenquelle": "eingebettete GeoPDF-Georeferenzierung",
        "lagehinweis": "kartografische Symbolposition; nicht vermessungstechnisch oder vor Ort bestätigt",
        "marker-color": "#1565c0",
        "marker-symbol": "fire-station",
        "marker-size": "medium",
        "title": "535 - Hydrant"
      }
    },
    {
      "type": "Feature",
      "id": "536",
      "geometry": {
        "type": "Point",
        "coordinates": [
          8.515617,
          54.714826
        ]
      },
      "properties": {
        "id": "536",
        "typ": "Hydrant",
        "menge_l_min": 1600,
        "quellkarte": "03_Foehr_ges_Quer.pdf",
        "ortsname": "Föhr",
        "ortsquelle": "03_Foehr_ges_Quer.pdf",
        "zuordnungsabstand_relativ": 1.005,
        "pdf_x_pt": 2198.238,
        "pdf_y_von_oben_pt": 1215.118,
        "koordinatenquelle": "eingebettete GeoPDF-Georeferenzierung",
        "lagehinweis": "kartografische Symbolposition; nicht vermessungstechnisch oder vor Ort bestätigt",
        "marker-color": "#1565c0",
        "marker-symbol": "fire-station",
        "marker-size": "medium",
        "title": "536 - Hydrant"
      }
    },
    {
      "type": "Feature",
      "id": "537",
      "geometry": {
        "type": "Point",
        "coordinates": [
          8.523503,
          54.716677
        ]
      },
      "properties": {
        "id": "537",
        "typ": "Hydrant",
        "menge_l_min": 1600,
        "quellkarte": "03_Foehr_ges_Quer.pdf",
        "ortsname": "Föhr",
        "ortsquelle": "03_Foehr_ges_Quer.pdf",
        "zuordnungsabstand_relativ": 0.827,
        "pdf_x_pt": 2342.603,
        "pdf_y_von_oben_pt": 1157.795,
        "koordinatenquelle": "eingebettete GeoPDF-Georeferenzierung",
        "lagehinweis": "kartografische Symbolposition; nicht vermessungstechnisch oder vor Ort bestätigt",
        "marker-color": "#1565c0",
        "marker-symbol": "fire-station",
        "marker-size": "medium",
        "title": "537 - Hydrant"
      }
    },
    {
      "type": "Feature",
      "id": "538",
      "geometry": {
        "type": "Point",
        "coordinates": [
          8.523334,
          54.715854
        ]
      },
      "properties": {
        "id": "538",
        "typ": "Bohrbrunnen",
        "menge_l_min": null,
        "quellkarte": "03_Foehr_ges_Quer.pdf",
        "ortsname": "Föhr",
        "ortsquelle": "03_Foehr_ges_Quer.pdf",
        "zuordnungsabstand_relativ": 1.136,
        "pdf_x_pt": 2339.351,
        "pdf_y_von_oben_pt": 1183.747,
        "koordinatenquelle": "eingebettete GeoPDF-Georeferenzierung",
        "lagehinweis": "kartografische Symbolposition; nicht vermessungstechnisch oder vor Ort bestätigt",
        "marker-color": "#f9a825",
        "marker-symbol": "water",
        "marker-size": "medium",
        "title": "538 - Bohrbrunnen"
      }
    },
    {
      "type": "Feature",
      "id": "539",
      "geometry": {
        "type": "Point",
        "coordinates": [
          8.522255,
          54.714957
        ]
      },
      "properties": {
        "id": "539",
        "typ": "Hydrant",
        "menge_l_min": 1600,
        "quellkarte": "03_Foehr_ges_Quer.pdf",
        "ortsname": "Föhr",
        "ortsquelle": "03_Foehr_ges_Quer.pdf",
        "zuordnungsabstand_relativ": 0.943,
        "pdf_x_pt": 2319.451,
        "pdf_y_von_oben_pt": 1211.873,
        "koordinatenquelle": "eingebettete GeoPDF-Georeferenzierung",
        "lagehinweis": "kartografische Symbolposition; nicht vermessungstechnisch oder vor Ort bestätigt",
        "marker-color": "#1565c0",
        "marker-symbol": "fire-station",
        "marker-size": "medium",
        "title": "539 - Hydrant"
      }
    },
    {
      "type": "Feature",
      "id": "541",
      "geometry": {
        "type": "Point",
        "coordinates": [
          8.521031,
          54.715128
        ]
      },
      "properties": {
        "id": "541",
        "typ": "Hydrant",
        "menge_l_min": 1600,
        "quellkarte": "03_Foehr_ges_Quer.pdf",
        "ortsname": "Föhr",
        "ortsquelle": "03_Foehr_ges_Quer.pdf",
        "zuordnungsabstand_relativ": 0.775,
        "pdf_x_pt": 2297.146,
        "pdf_y_von_oben_pt": 1206.338,
        "koordinatenquelle": "eingebettete GeoPDF-Georeferenzierung",
        "lagehinweis": "kartografische Symbolposition; nicht vermessungstechnisch oder vor Ort bestätigt",
        "marker-color": "#1565c0",
        "marker-symbol": "fire-station",
        "marker-size": "medium",
        "title": "541 - Hydrant"
      }
    },
    {
      "type": "Feature",
      "id": "542",
      "geometry": {
        "type": "Point",
        "coordinates": [
          8.520338,
          54.71482
        ]
      },
      "properties": {
        "id": "542",
        "typ": "Bohrbrunnen",
        "menge_l_min": null,
        "quellkarte": "03_Foehr_ges_Quer.pdf",
        "ortsname": "Föhr",
        "ortsquelle": "03_Foehr_ges_Quer.pdf",
        "zuordnungsabstand_relativ": 0.984,
        "pdf_x_pt": 2284.425,
        "pdf_y_von_oben_pt": 1215.941,
        "koordinatenquelle": "eingebettete GeoPDF-Georeferenzierung",
        "lagehinweis": "kartografische Symbolposition; nicht vermessungstechnisch oder vor Ort bestätigt",
        "marker-color": "#f9a825",
        "marker-symbol": "water",
        "marker-size": "medium",
        "title": "542 - Bohrbrunnen"
      }
    },
    {
      "type": "Feature",
      "id": "543",
      "geometry": {
        "type": "Point",
        "coordinates": [
          8.518867,
          54.714734
        ]
      },
      "properties": {
        "id": "543",
        "typ": "Hydrant",
        "menge_l_min": 1600,
        "quellkarte": "03_Foehr_ges_Quer.pdf",
        "ortsname": "Föhr",
        "ortsquelle": "03_Foehr_ges_Quer.pdf",
        "zuordnungsabstand_relativ": 1.235,
        "pdf_x_pt": 2257.555,
        "pdf_y_von_oben_pt": 1218.453,
        "koordinatenquelle": "eingebettete GeoPDF-Georeferenzierung",
        "lagehinweis": "kartografische Symbolposition; nicht vermessungstechnisch oder vor Ort bestätigt",
        "marker-color": "#1565c0",
        "marker-symbol": "fire-station",
        "marker-size": "medium",
        "title": "543 - Hydrant"
      }
    },
    {
      "type": "Feature",
      "id": "544",
      "geometry": {
        "type": "Point",
        "coordinates": [
          8.518507,
          54.714793
        ]
      },
      "properties": {
        "id": "544",
        "typ": "Bohrbrunnen",
        "menge_l_min": null,
        "quellkarte": "03_Foehr_ges_Quer.pdf",
        "ortsname": "Föhr",
        "ortsquelle": "03_Foehr_ges_Quer.pdf",
        "zuordnungsabstand_relativ": 0.976,
        "pdf_x_pt": 2250.996,
        "pdf_y_von_oben_pt": 1216.558,
        "koordinatenquelle": "eingebettete GeoPDF-Georeferenzierung",
        "lagehinweis": "kartografische Symbolposition; nicht vermessungstechnisch oder vor Ort bestätigt",
        "marker-color": "#f9a825",
        "marker-symbol": "water",
        "marker-size": "medium",
        "title": "544 - Bohrbrunnen"
      }
    },
    {
      "type": "Feature",
      "id": "545",
      "geometry": {
        "type": "Point",
        "coordinates": [
          8.518441,
          54.71407
        ]
      },
      "properties": {
        "id": "545",
        "typ": "Hydrant",
        "menge_l_min": 1600,
        "quellkarte": "03_Foehr_ges_Quer.pdf",
        "ortsname": "Föhr",
        "ortsquelle": "03_Foehr_ges_Quer.pdf",
        "zuordnungsabstand_relativ": 0.839,
        "pdf_x_pt": 2249.627,
        "pdf_y_von_oben_pt": 1239.326,
        "koordinatenquelle": "eingebettete GeoPDF-Georeferenzierung",
        "lagehinweis": "kartografische Symbolposition; nicht vermessungstechnisch oder vor Ort bestätigt",
        "marker-color": "#1565c0",
        "marker-symbol": "fire-station",
        "marker-size": "medium",
        "title": "545 - Hydrant"
      }
    },
    {
      "type": "Feature",
      "id": "547",
      "geometry": {
        "type": "Point",
        "coordinates": [
          8.522318,
          54.713893
        ]
      },
      "properties": {
        "id": "547",
        "typ": "Hydrant",
        "menge_l_min": 1600,
        "quellkarte": "03_Foehr_ges_Quer.pdf",
        "ortsname": "Föhr",
        "ortsquelle": "03_Foehr_ges_Quer.pdf",
        "zuordnungsabstand_relativ": 0.829,
        "pdf_x_pt": 2320.38,
        "pdf_y_von_oben_pt": 1245.433,
        "koordinatenquelle": "eingebettete GeoPDF-Georeferenzierung",
        "lagehinweis": "kartografische Symbolposition; nicht vermessungstechnisch oder vor Ort bestätigt",
        "marker-color": "#1565c0",
        "marker-symbol": "fire-station",
        "marker-size": "medium",
        "title": "547 - Hydrant"
      }
    },
    {
      "type": "Feature",
      "id": "548",
      "geometry": {
        "type": "Point",
        "coordinates": [
          8.522998,
          54.715462
        ]
      },
      "properties": {
        "id": "548",
        "typ": "Hydrant",
        "menge_l_min": 1600,
        "quellkarte": "03_Foehr_ges_Quer.pdf",
        "ortsname": "Föhr",
        "ortsquelle": "03_Foehr_ges_Quer.pdf",
        "zuordnungsabstand_relativ": 2.219,
        "pdf_x_pt": 2333.131,
        "pdf_y_von_oben_pt": 1196.064,
        "koordinatenquelle": "eingebettete GeoPDF-Georeferenzierung",
        "lagehinweis": "kartografische Symbolposition; nicht vermessungstechnisch oder vor Ort bestätigt",
        "marker-color": "#1565c0",
        "marker-symbol": "fire-station",
        "marker-size": "medium",
        "title": "548 - Hydrant"
      }
    },
    {
      "type": "Feature",
      "id": "549",
      "geometry": {
        "type": "Point",
        "coordinates": [
          8.522138,
          54.713556
        ]
      },
      "properties": {
        "id": "549",
        "typ": "Bohrbrunnen",
        "menge_l_min": null,
        "quellkarte": "03_Foehr_ges_Quer.pdf",
        "ortsname": "Föhr",
        "ortsquelle": "03_Foehr_ges_Quer.pdf",
        "zuordnungsabstand_relativ": 0.984,
        "pdf_x_pt": 2317.031,
        "pdf_y_von_oben_pt": 1256.054,
        "koordinatenquelle": "eingebettete GeoPDF-Georeferenzierung",
        "lagehinweis": "kartografische Symbolposition; nicht vermessungstechnisch oder vor Ort bestätigt",
        "marker-color": "#f9a825",
        "marker-symbol": "water",
        "marker-size": "medium",
        "title": "549 - Bohrbrunnen"
      }
    },
    {
      "type": "Feature",
      "id": "551",
      "geometry": {
        "type": "Point",
        "coordinates": [
          8.522413,
          54.713234
        ]
      },
      "properties": {
        "id": "551",
        "typ": "Bohrbrunnen",
        "menge_l_min": null,
        "quellkarte": "03_Foehr_ges_Quer.pdf",
        "ortsname": "Föhr",
        "ortsquelle": "03_Foehr_ges_Quer.pdf",
        "zuordnungsabstand_relativ": 1.55,
        "pdf_x_pt": 2321.968,
        "pdf_y_von_oben_pt": 1266.237,
        "koordinatenquelle": "eingebettete GeoPDF-Georeferenzierung",
        "lagehinweis": "kartografische Symbolposition; nicht vermessungstechnisch oder vor Ort bestätigt",
        "marker-color": "#f9a825",
        "marker-symbol": "water",
        "marker-size": "medium",
        "title": "551 - Bohrbrunnen"
      }
    },
    {
      "type": "Feature",
      "id": "552",
      "geometry": {
        "type": "Point",
        "coordinates": [
          8.521816,
          54.713296
        ]
      },
      "properties": {
        "id": "552",
        "typ": "Hydrant",
        "menge_l_min": 1600,
        "quellkarte": "03_Foehr_ges_Quer.pdf",
        "ortsname": "Föhr",
        "ortsquelle": "03_Foehr_ges_Quer.pdf",
        "zuordnungsabstand_relativ": 0.959,
        "pdf_x_pt": 2311.085,
        "pdf_y_von_oben_pt": 1264.183,
        "koordinatenquelle": "eingebettete GeoPDF-Georeferenzierung",
        "lagehinweis": "kartografische Symbolposition; nicht vermessungstechnisch oder vor Ort bestätigt",
        "marker-color": "#1565c0",
        "marker-symbol": "fire-station",
        "marker-size": "medium",
        "title": "552 - Hydrant"
      }
    },
    {
      "type": "Feature",
      "id": "553",
      "geometry": {
        "type": "Point",
        "coordinates": [
          8.520458,
          54.713056
        ]
      },
      "properties": {
        "id": "553",
        "typ": "Hydrant",
        "menge_l_min": 800,
        "quellkarte": "03_Foehr_ges_Quer.pdf",
        "ortsname": "Föhr",
        "ortsquelle": "03_Foehr_ges_Quer.pdf",
        "zuordnungsabstand_relativ": 0.963,
        "pdf_x_pt": 2286.233,
        "pdf_y_von_oben_pt": 1271.572,
        "koordinatenquelle": "eingebettete GeoPDF-Georeferenzierung",
        "lagehinweis": "kartografische Symbolposition; nicht vermessungstechnisch oder vor Ort bestätigt",
        "marker-color": "#1565c0",
        "marker-symbol": "fire-station",
        "marker-size": "medium",
        "title": "553 - Hydrant"
      }
    },
    {
      "type": "Feature",
      "id": "554",
      "geometry": {
        "type": "Point",
        "coordinates": [
          8.522339,
          54.712435
        ]
      },
      "properties": {
        "id": "554",
        "typ": "Hydrant",
        "menge_l_min": 1600,
        "quellkarte": "03_Foehr_ges_Quer.pdf",
        "ortsname": "Föhr",
        "ortsquelle": "03_Foehr_ges_Quer.pdf",
        "zuordnungsabstand_relativ": 0.779,
        "pdf_x_pt": 2320.444,
        "pdf_y_von_oben_pt": 1291.43,
        "koordinatenquelle": "eingebettete GeoPDF-Georeferenzierung",
        "lagehinweis": "kartografische Symbolposition; nicht vermessungstechnisch oder vor Ort bestätigt",
        "marker-color": "#1565c0",
        "marker-symbol": "fire-station",
        "marker-size": "medium",
        "title": "554 - Hydrant"
      }
    },
    {
      "type": "Feature",
      "id": "555",
      "geometry": {
        "type": "Point",
        "coordinates": [
          8.522382,
          54.711814
        ]
      },
      "properties": {
        "id": "555",
        "typ": "Hydrant",
        "menge_l_min": 1600,
        "quellkarte": "03_Foehr_ges_Quer.pdf",
        "ortsname": "Föhr",
        "ortsquelle": "03_Foehr_ges_Quer.pdf",
        "zuordnungsabstand_relativ": 1.049,
        "pdf_x_pt": 2321.1,
        "pdf_y_von_oben_pt": 1311.005,
        "koordinatenquelle": "eingebettete GeoPDF-Georeferenzierung",
        "lagehinweis": "kartografische Symbolposition; nicht vermessungstechnisch oder vor Ort bestätigt",
        "marker-color": "#1565c0",
        "marker-symbol": "fire-station",
        "marker-size": "medium",
        "title": "555 - Hydrant"
      }
    },
    {
      "type": "Feature",
      "id": "556",
      "geometry": {
        "type": "Point",
        "coordinates": [
          8.518475,
          54.712161
        ]
      },
      "properties": {
        "id": "556",
        "typ": "Hydrant",
        "menge_l_min": 1600,
        "quellkarte": "03_Foehr_ges_Quer.pdf",
        "ortsname": "Föhr",
        "ortsquelle": "03_Foehr_ges_Quer.pdf",
        "zuordnungsabstand_relativ": 1.095,
        "pdf_x_pt": 2249.842,
        "pdf_y_von_oben_pt": 1299.529,
        "koordinatenquelle": "eingebettete GeoPDF-Georeferenzierung",
        "lagehinweis": "kartografische Symbolposition; nicht vermessungstechnisch oder vor Ort bestätigt",
        "marker-color": "#1565c0",
        "marker-symbol": "fire-station",
        "marker-size": "medium",
        "title": "556 - Hydrant"
      }
    },
    {
      "type": "Feature",
      "id": "557",
      "geometry": {
        "type": "Point",
        "coordinates": [
          8.517144,
          54.712365
        ]
      },
      "properties": {
        "id": "557",
        "typ": "Hydrant",
        "menge_l_min": 1600,
        "quellkarte": "03_Foehr_ges_Quer.pdf",
        "ortsname": "Föhr",
        "ortsquelle": "03_Foehr_ges_Quer.pdf",
        "zuordnungsabstand_relativ": 1.242,
        "pdf_x_pt": 2225.588,
        "pdf_y_von_oben_pt": 1292.931,
        "koordinatenquelle": "eingebettete GeoPDF-Georeferenzierung",
        "lagehinweis": "kartografische Symbolposition; nicht vermessungstechnisch oder vor Ort bestätigt",
        "marker-color": "#1565c0",
        "marker-symbol": "fire-station",
        "marker-size": "medium",
        "title": "557 - Hydrant"
      }
    },
    {
      "type": "Feature",
      "id": "558",
      "geometry": {
        "type": "Point",
        "coordinates": [
          8.517756,
          54.712989
        ]
      },
      "properties": {
        "id": "558",
        "typ": "Bohrbrunnen",
        "menge_l_min": null,
        "quellkarte": "03_Foehr_ges_Quer.pdf",
        "ortsname": "Föhr",
        "ortsquelle": "03_Foehr_ges_Quer.pdf",
        "zuordnungsabstand_relativ": 0.974,
        "pdf_x_pt": 2236.904,
        "pdf_y_von_oben_pt": 1273.334,
        "koordinatenquelle": "eingebettete GeoPDF-Georeferenzierung",
        "lagehinweis": "kartografische Symbolposition; nicht vermessungstechnisch oder vor Ort bestätigt",
        "marker-color": "#f9a825",
        "marker-symbol": "water",
        "marker-size": "medium",
        "title": "558 - Bohrbrunnen"
      }
    },
    {
      "type": "Feature",
      "id": "559",
      "geometry": {
        "type": "Point",
        "coordinates": [
          8.517987,
          54.713297
        ]
      },
      "properties": {
        "id": "559",
        "typ": "Hydrant",
        "menge_l_min": 1600,
        "quellkarte": "03_Foehr_ges_Quer.pdf",
        "ortsname": "Föhr",
        "ortsquelle": "03_Foehr_ges_Quer.pdf",
        "zuordnungsabstand_relativ": 0.909,
        "pdf_x_pt": 2241.189,
        "pdf_y_von_oben_pt": 1263.662,
        "koordinatenquelle": "eingebettete GeoPDF-Georeferenzierung",
        "lagehinweis": "kartografische Symbolposition; nicht vermessungstechnisch oder vor Ort bestätigt",
        "marker-color": "#1565c0",
        "marker-symbol": "fire-station",
        "marker-size": "medium",
        "title": "559 - Hydrant"
      }
    },
    {
      "type": "Feature",
      "id": "561",
      "geometry": {
        "type": "Point",
        "coordinates": [
          8.526537,
          54.734606
        ]
      },
      "properties": {
        "id": "561",
        "typ": "Hydrant",
        "menge_l_min": 800,
        "quellkarte": "03_Foehr_ges_Quer.pdf",
        "ortsname": "Föhr",
        "ortsquelle": "03_Foehr_ges_Quer.pdf",
        "zuordnungsabstand_relativ": 0.953,
        "pdf_x_pt": 2401.81,
        "pdf_y_von_oben_pt": 592.879,
        "koordinatenquelle": "eingebettete GeoPDF-Georeferenzierung",
        "lagehinweis": "kartografische Symbolposition; nicht vermessungstechnisch oder vor Ort bestätigt",
        "marker-color": "#1565c0",
        "marker-symbol": "fire-station",
        "marker-size": "medium",
        "title": "561 - Hydrant"
      }
    },
    {
      "type": "Feature",
      "id": "562",
      "geometry": {
        "type": "Point",
        "coordinates": [
          8.523612,
          54.742117
        ]
      },
      "properties": {
        "id": "562",
        "typ": "Hydrant",
        "menge_l_min": 800,
        "quellkarte": "03_Foehr_ges_Quer.pdf",
        "ortsname": "Föhr",
        "ortsquelle": "03_Foehr_ges_Quer.pdf",
        "zuordnungsabstand_relativ": 0.79,
        "pdf_x_pt": 2350.025,
        "pdf_y_von_oben_pt": 355.638,
        "koordinatenquelle": "eingebettete GeoPDF-Georeferenzierung",
        "lagehinweis": "kartografische Symbolposition; nicht vermessungstechnisch oder vor Ort bestätigt",
        "marker-color": "#1565c0",
        "marker-symbol": "fire-station",
        "marker-size": "medium",
        "title": "562 - Hydrant"
      }
    },
    {
      "type": "Feature",
      "id": "563",
      "geometry": {
        "type": "Point",
        "coordinates": [
          8.525147,
          54.744404
        ]
      },
      "properties": {
        "id": "563",
        "typ": "Hydrant",
        "menge_l_min": 800,
        "quellkarte": "03_Foehr_ges_Quer.pdf",
        "ortsname": "Föhr",
        "ortsquelle": "03_Foehr_ges_Quer.pdf",
        "zuordnungsabstand_relativ": 1.264,
        "pdf_x_pt": 2378.519,
        "pdf_y_von_oben_pt": 283.732,
        "koordinatenquelle": "eingebettete GeoPDF-Georeferenzierung",
        "lagehinweis": "kartografische Symbolposition; nicht vermessungstechnisch oder vor Ort bestätigt",
        "marker-color": "#1565c0",
        "marker-symbol": "fire-station",
        "marker-size": "medium",
        "title": "563 - Hydrant"
      }
    },
    {
      "type": "Feature",
      "id": "564",
      "geometry": {
        "type": "Point",
        "coordinates": [
          8.51164,
          54.736417
        ]
      },
      "properties": {
        "id": "564",
        "typ": "Hydrant",
        "menge_l_min": 800,
        "quellkarte": "03_Foehr_ges_Quer.pdf",
        "ortsname": "Föhr",
        "ortsquelle": "03_Foehr_ges_Quer.pdf",
        "zuordnungsabstand_relativ": 0.839,
        "pdf_x_pt": 2130.36,
        "pdf_y_von_oben_pt": 533.772,
        "koordinatenquelle": "eingebettete GeoPDF-Georeferenzierung",
        "lagehinweis": "kartografische Symbolposition; nicht vermessungstechnisch oder vor Ort bestätigt",
        "marker-color": "#1565c0",
        "marker-symbol": "fire-station",
        "marker-size": "medium",
        "title": "564 - Hydrant"
      }
    },
    {
      "type": "Feature",
      "id": "567",
      "geometry": {
        "type": "Point",
        "coordinates": [
          8.51061,
          54.708808
        ]
      },
      "properties": {
        "id": "567",
        "typ": "Hydrant",
        "menge_l_min": 1600,
        "quellkarte": "03_Foehr_ges_Quer.pdf",
        "ortsname": "Föhr",
        "ortsquelle": "03_Foehr_ges_Quer.pdf",
        "zuordnungsabstand_relativ": 0.794,
        "pdf_x_pt": 2105.502,
        "pdf_y_von_oben_pt": 1404.217,
        "koordinatenquelle": "eingebettete GeoPDF-Georeferenzierung",
        "lagehinweis": "kartografische Symbolposition; nicht vermessungstechnisch oder vor Ort bestätigt",
        "marker-color": "#1565c0",
        "marker-symbol": "fire-station",
        "marker-size": "medium",
        "title": "567 - Hydrant"
      }
    },
    {
      "type": "Feature",
      "id": "571",
      "geometry": {
        "type": "Point",
        "coordinates": [
          8.509961,
          54.711961
        ]
      },
      "properties": {
        "id": "571",
        "typ": "Bohrbrunnen",
        "menge_l_min": null,
        "quellkarte": "03_Foehr_ges_Quer.pdf",
        "ortsname": "Föhr",
        "ortsquelle": "03_Foehr_ges_Quer.pdf",
        "zuordnungsabstand_relativ": 0.984,
        "pdf_x_pt": 2094.342,
        "pdf_y_von_oben_pt": 1304.705,
        "koordinatenquelle": "eingebettete GeoPDF-Georeferenzierung",
        "lagehinweis": "kartografische Symbolposition; nicht vermessungstechnisch oder vor Ort bestätigt",
        "marker-color": "#f9a825",
        "marker-symbol": "water",
        "marker-size": "medium",
        "title": "571 - Bohrbrunnen"
      }
    },
    {
      "type": "Feature",
      "id": "572",
      "geometry": {
        "type": "Point",
        "coordinates": [
          8.509607,
          54.710176
        ]
      },
      "properties": {
        "id": "572",
        "typ": "Hydrant",
        "menge_l_min": 800,
        "quellkarte": "03_Foehr_ges_Quer.pdf",
        "ortsname": "Föhr",
        "ortsquelle": "03_Foehr_ges_Quer.pdf",
        "zuordnungsabstand_relativ": 1.138,
        "pdf_x_pt": 2087.496,
        "pdf_y_von_oben_pt": 1360.935,
        "koordinatenquelle": "eingebettete GeoPDF-Georeferenzierung",
        "lagehinweis": "kartografische Symbolposition; nicht vermessungstechnisch oder vor Ort bestätigt",
        "marker-color": "#1565c0",
        "marker-symbol": "fire-station",
        "marker-size": "medium",
        "title": "572 - Hydrant"
      }
    },
    {
      "type": "Feature",
      "id": "575",
      "geometry": {
        "type": "Point",
        "coordinates": [
          8.509207,
          54.7095
        ]
      },
      "properties": {
        "id": "575",
        "typ": "Bohrbrunnen",
        "menge_l_min": null,
        "quellkarte": "03_Foehr_ges_Quer.pdf",
        "ortsname": "Föhr",
        "ortsquelle": "03_Foehr_ges_Quer.pdf",
        "zuordnungsabstand_relativ": 0.642,
        "pdf_x_pt": 2080.037,
        "pdf_y_von_oben_pt": 1382.202,
        "koordinatenquelle": "eingebettete GeoPDF-Georeferenzierung",
        "lagehinweis": "kartografische Symbolposition; nicht vermessungstechnisch oder vor Ort bestätigt",
        "marker-color": "#f9a825",
        "marker-symbol": "water",
        "marker-size": "medium",
        "title": "575 - Bohrbrunnen"
      }
    },
    {
      "type": "Feature",
      "id": "576",
      "geometry": {
        "type": "Point",
        "coordinates": [
          8.512124,
          54.708623
        ]
      },
      "properties": {
        "id": "576",
        "typ": "Hydrant",
        "menge_l_min": 1600,
        "quellkarte": "03_Foehr_ges_Quer.pdf",
        "ortsname": "Föhr",
        "ortsquelle": "03_Foehr_ges_Quer.pdf",
        "zuordnungsabstand_relativ": 0.818,
        "pdf_x_pt": 2133.105,
        "pdf_y_von_oben_pt": 1410.245,
        "koordinatenquelle": "eingebettete GeoPDF-Georeferenzierung",
        "lagehinweis": "kartografische Symbolposition; nicht vermessungstechnisch oder vor Ort bestätigt",
        "marker-color": "#1565c0",
        "marker-symbol": "fire-station",
        "marker-size": "medium",
        "title": "576 - Hydrant"
      }
    },
    {
      "type": "Feature",
      "id": "578",
      "geometry": {
        "type": "Point",
        "coordinates": [
          8.507969,
          54.709053
        ]
      },
      "properties": {
        "id": "578",
        "typ": "Hydrant",
        "menge_l_min": 1600,
        "quellkarte": "03_Foehr_ges_Quer.pdf",
        "ortsname": "Föhr",
        "ortsquelle": "03_Foehr_ges_Quer.pdf",
        "zuordnungsabstand_relativ": 0.977,
        "pdf_x_pt": 2057.342,
        "pdf_y_von_oben_pt": 1396.132,
        "koordinatenquelle": "eingebettete GeoPDF-Georeferenzierung",
        "lagehinweis": "kartografische Symbolposition; nicht vermessungstechnisch oder vor Ort bestätigt",
        "marker-color": "#1565c0",
        "marker-symbol": "fire-station",
        "marker-size": "medium",
        "title": "578 - Hydrant"
      }
    },
    {
      "type": "Feature",
      "id": "579",
      "geometry": {
        "type": "Point",
        "coordinates": [
          8.50904,
          54.708752
        ]
      },
      "properties": {
        "id": "579",
        "typ": "Hydrant",
        "menge_l_min": 1600,
        "quellkarte": "03_Foehr_ges_Quer.pdf",
        "ortsname": "Föhr",
        "ortsquelle": "03_Foehr_ges_Quer.pdf",
        "zuordnungsabstand_relativ": 0.997,
        "pdf_x_pt": 2076.835,
        "pdf_y_von_oben_pt": 1405.761,
        "koordinatenquelle": "eingebettete GeoPDF-Georeferenzierung",
        "lagehinweis": "kartografische Symbolposition; nicht vermessungstechnisch oder vor Ort bestätigt",
        "marker-color": "#1565c0",
        "marker-symbol": "fire-station",
        "marker-size": "medium",
        "title": "579 - Hydrant"
      }
    },
    {
      "type": "Feature",
      "id": "581",
      "geometry": {
        "type": "Point",
        "coordinates": [
          8.510436,
          54.707836
        ]
      },
      "properties": {
        "id": "581",
        "typ": "Bohrbrunnen",
        "menge_l_min": null,
        "quellkarte": "03_Foehr_ges_Quer.pdf",
        "ortsname": "Föhr",
        "ortsquelle": "03_Foehr_ges_Quer.pdf",
        "zuordnungsabstand_relativ": 0.53,
        "pdf_x_pt": 2102.123,
        "pdf_y_von_oben_pt": 1434.852,
        "koordinatenquelle": "eingebettete GeoPDF-Georeferenzierung",
        "lagehinweis": "kartografische Symbolposition; nicht vermessungstechnisch oder vor Ort bestätigt",
        "marker-color": "#f9a825",
        "marker-symbol": "water",
        "marker-size": "medium",
        "title": "581 - Bohrbrunnen"
      }
    },
    {
      "type": "Feature",
      "id": "583",
      "geometry": {
        "type": "Point",
        "coordinates": [
          8.508897,
          54.708157
        ]
      },
      "properties": {
        "id": "583",
        "typ": "Bohrbrunnen",
        "menge_l_min": null,
        "quellkarte": "03_Foehr_ges_Quer.pdf",
        "ortsname": "Föhr",
        "ortsquelle": "03_Foehr_ges_Quer.pdf",
        "zuordnungsabstand_relativ": 0.969,
        "pdf_x_pt": 2074.079,
        "pdf_y_von_oben_pt": 1424.532,
        "koordinatenquelle": "eingebettete GeoPDF-Georeferenzierung",
        "lagehinweis": "kartografische Symbolposition; nicht vermessungstechnisch oder vor Ort bestätigt",
        "marker-color": "#f9a825",
        "marker-symbol": "water",
        "marker-size": "medium",
        "title": "583 - Bohrbrunnen"
      }
    },
    {
      "type": "Feature",
      "id": "584",
      "geometry": {
        "type": "Point",
        "coordinates": [
          8.508519,
          54.707796
        ]
      },
      "properties": {
        "id": "584",
        "typ": "Hydrant",
        "menge_l_min": 1600,
        "quellkarte": "03_Foehr_ges_Quer.pdf",
        "ortsname": "Föhr",
        "ortsquelle": "03_Foehr_ges_Quer.pdf",
        "zuordnungsabstand_relativ": 0.831,
        "pdf_x_pt": 2067.112,
        "pdf_y_von_oben_pt": 1435.85,
        "koordinatenquelle": "eingebettete GeoPDF-Georeferenzierung",
        "lagehinweis": "kartografische Symbolposition; nicht vermessungstechnisch oder vor Ort bestätigt",
        "marker-color": "#1565c0",
        "marker-symbol": "fire-station",
        "marker-size": "medium",
        "title": "584 - Hydrant"
      }
    },
    {
      "type": "Feature",
      "id": "585",
      "geometry": {
        "type": "Point",
        "coordinates": [
          8.507565,
          54.707873
        ]
      },
      "properties": {
        "id": "585",
        "typ": "Hydrant",
        "menge_l_min": 1600,
        "quellkarte": "03_Foehr_ges_Quer.pdf",
        "ortsname": "Föhr",
        "ortsquelle": "03_Foehr_ges_Quer.pdf",
        "zuordnungsabstand_relativ": 1.055,
        "pdf_x_pt": 2049.71,
        "pdf_y_von_oben_pt": 1433.303,
        "koordinatenquelle": "eingebettete GeoPDF-Georeferenzierung",
        "lagehinweis": "kartografische Symbolposition; nicht vermessungstechnisch oder vor Ort bestätigt",
        "marker-color": "#1565c0",
        "marker-symbol": "fire-station",
        "marker-size": "medium",
        "title": "585 - Hydrant"
      }
    },
    {
      "type": "Feature",
      "id": "586",
      "geometry": {
        "type": "Point",
        "coordinates": [
          8.505802,
          54.707915
        ]
      },
      "properties": {
        "id": "586",
        "typ": "Hydrant",
        "menge_l_min": 1600,
        "quellkarte": "03_Foehr_ges_Quer.pdf",
        "ortsname": "Föhr",
        "ortsquelle": "03_Foehr_ges_Quer.pdf",
        "zuordnungsabstand_relativ": 1.058,
        "pdf_x_pt": 2017.516,
        "pdf_y_von_oben_pt": 1431.722,
        "koordinatenquelle": "eingebettete GeoPDF-Georeferenzierung",
        "lagehinweis": "kartografische Symbolposition; nicht vermessungstechnisch oder vor Ort bestätigt",
        "marker-color": "#1565c0",
        "marker-symbol": "fire-station",
        "marker-size": "medium",
        "title": "586 - Hydrant"
      }
    },
    {
      "type": "Feature",
      "id": "587",
      "geometry": {
        "type": "Point",
        "coordinates": [
          8.50558,
          54.707655
        ]
      },
      "properties": {
        "id": "587",
        "typ": "Saugstelle",
        "menge_l_min": null,
        "quellkarte": "03_Foehr_ges_Quer.pdf",
        "ortsname": "Föhr",
        "ortsquelle": "03_Foehr_ges_Quer.pdf",
        "zuordnungsabstand_relativ": 1.105,
        "pdf_x_pt": 2013.403,
        "pdf_y_von_oben_pt": 1439.904,
        "koordinatenquelle": "eingebettete GeoPDF-Georeferenzierung",
        "lagehinweis": "kartografische Symbolposition; nicht vermessungstechnisch oder vor Ort bestätigt",
        "marker-color": "#00897b",
        "marker-symbol": "harbor",
        "marker-size": "medium",
        "title": "587 - Saugstelle"
      }
    },
    {
      "type": "Feature",
      "id": "589",
      "geometry": {
        "type": "Point",
        "coordinates": [
          8.503534,
          54.706738
        ]
      },
      "properties": {
        "id": "589",
        "typ": "Bohrbrunnen",
        "menge_l_min": null,
        "quellkarte": "03_Foehr_ges_Quer.pdf",
        "ortsname": "Föhr",
        "ortsquelle": "03_Foehr_ges_Quer.pdf",
        "zuordnungsabstand_relativ": 0.976,
        "pdf_x_pt": 1975.849,
        "pdf_y_von_oben_pt": 1468.555,
        "koordinatenquelle": "eingebettete GeoPDF-Georeferenzierung",
        "lagehinweis": "kartografische Symbolposition; nicht vermessungstechnisch oder vor Ort bestätigt",
        "marker-color": "#f9a825",
        "marker-symbol": "water",
        "marker-size": "medium",
        "title": "589 - Bohrbrunnen"
      }
    },
    {
      "type": "Feature",
      "id": "591",
      "geometry": {
        "type": "Point",
        "coordinates": [
          8.510213,
          54.707097
        ]
      },
      "properties": {
        "id": "591",
        "typ": "Hydrant",
        "menge_l_min": 1600,
        "quellkarte": "03_Foehr_ges_Quer.pdf",
        "ortsname": "Föhr",
        "ortsquelle": "03_Foehr_ges_Quer.pdf",
        "zuordnungsabstand_relativ": 0.819,
        "pdf_x_pt": 2097.885,
        "pdf_y_von_oben_pt": 1458.128,
        "koordinatenquelle": "eingebettete GeoPDF-Georeferenzierung",
        "lagehinweis": "kartografische Symbolposition; nicht vermessungstechnisch oder vor Ort bestätigt",
        "marker-color": "#1565c0",
        "marker-symbol": "fire-station",
        "marker-size": "medium",
        "title": "591 - Hydrant"
      }
    },
    {
      "type": "Feature",
      "id": "592",
      "geometry": {
        "type": "Point",
        "coordinates": [
          8.509071,
          54.706086
        ]
      },
      "properties": {
        "id": "592",
        "typ": "Hydrant",
        "menge_l_min": 1600,
        "quellkarte": "03_Foehr_ges_Quer.pdf",
        "ortsname": "Föhr",
        "ortsquelle": "03_Foehr_ges_Quer.pdf",
        "zuordnungsabstand_relativ": 1.149,
        "pdf_x_pt": 2076.803,
        "pdf_y_von_oben_pt": 1489.856,
        "koordinatenquelle": "eingebettete GeoPDF-Georeferenzierung",
        "lagehinweis": "kartografische Symbolposition; nicht vermessungstechnisch oder vor Ort bestätigt",
        "marker-color": "#1565c0",
        "marker-symbol": "fire-station",
        "marker-size": "medium",
        "title": "592 - Hydrant"
      }
    },
    {
      "type": "Feature",
      "id": "593",
      "geometry": {
        "type": "Point",
        "coordinates": [
          8.508052,
          54.706306
        ]
      },
      "properties": {
        "id": "593",
        "typ": "Hydrant",
        "menge_l_min": 1600,
        "quellkarte": "03_Foehr_ges_Quer.pdf",
        "ortsname": "Föhr",
        "ortsquelle": "03_Foehr_ges_Quer.pdf",
        "zuordnungsabstand_relativ": 0.803,
        "pdf_x_pt": 2058.243,
        "pdf_y_von_oben_pt": 1482.787,
        "koordinatenquelle": "eingebettete GeoPDF-Georeferenzierung",
        "lagehinweis": "kartografische Symbolposition; nicht vermessungstechnisch oder vor Ort bestätigt",
        "marker-color": "#1565c0",
        "marker-symbol": "fire-station",
        "marker-size": "medium",
        "title": "593 - Hydrant"
      }
    },
    {
      "type": "Feature",
      "id": "594",
      "geometry": {
        "type": "Point",
        "coordinates": [
          8.506955,
          54.706573
        ]
      },
      "properties": {
        "id": "594",
        "typ": "Hydrant",
        "menge_l_min": 1600,
        "quellkarte": "03_Foehr_ges_Quer.pdf",
        "ortsname": "Föhr",
        "ortsquelle": "03_Foehr_ges_Quer.pdf",
        "zuordnungsabstand_relativ": 0.827,
        "pdf_x_pt": 2038.283,
        "pdf_y_von_oben_pt": 1474.217,
        "koordinatenquelle": "eingebettete GeoPDF-Georeferenzierung",
        "lagehinweis": "kartografische Symbolposition; nicht vermessungstechnisch oder vor Ort bestätigt",
        "marker-color": "#1565c0",
        "marker-symbol": "fire-station",
        "marker-size": "medium",
        "title": "594 - Hydrant"
      }
    },
    {
      "type": "Feature",
      "id": "595",
      "geometry": {
        "type": "Point",
        "coordinates": [
          8.506316,
          54.706322
        ]
      },
      "properties": {
        "id": "595",
        "typ": "Hydrant",
        "menge_l_min": 800,
        "quellkarte": "03_Foehr_ges_Quer.pdf",
        "ortsname": "Föhr",
        "ortsquelle": "03_Foehr_ges_Quer.pdf",
        "zuordnungsabstand_relativ": 0.71,
        "pdf_x_pt": 2026.556,
        "pdf_y_von_oben_pt": 1482.034,
        "koordinatenquelle": "eingebettete GeoPDF-Georeferenzierung",
        "lagehinweis": "kartografische Symbolposition; nicht vermessungstechnisch oder vor Ort bestätigt",
        "marker-color": "#1565c0",
        "marker-symbol": "fire-station",
        "marker-size": "medium",
        "title": "595 - Hydrant"
      }
    },
    {
      "type": "Feature",
      "id": "596",
      "geometry": {
        "type": "Point",
        "coordinates": [
          8.507634,
          54.705846
        ]
      },
      "properties": {
        "id": "596",
        "typ": "Hydrant",
        "menge_l_min": 1600,
        "quellkarte": "03_Foehr_ges_Quer.pdf",
        "ortsname": "Föhr",
        "ortsquelle": "03_Foehr_ges_Quer.pdf",
        "zuordnungsabstand_relativ": 0.92,
        "pdf_x_pt": 2050.505,
        "pdf_y_von_oben_pt": 1497.208,
        "koordinatenquelle": "eingebettete GeoPDF-Georeferenzierung",
        "lagehinweis": "kartografische Symbolposition; nicht vermessungstechnisch oder vor Ort bestätigt",
        "marker-color": "#1565c0",
        "marker-symbol": "fire-station",
        "marker-size": "medium",
        "title": "596 - Hydrant"
      }
    },
    {
      "type": "Feature",
      "id": "598",
      "geometry": {
        "type": "Point",
        "coordinates": [
          8.505378,
          54.706448
        ]
      },
      "properties": {
        "id": "598",
        "typ": "Hydrant",
        "menge_l_min": 800,
        "quellkarte": "03_Foehr_ges_Quer.pdf",
        "ortsname": "Föhr",
        "ortsquelle": "03_Foehr_ges_Quer.pdf",
        "zuordnungsabstand_relativ": 0.939,
        "pdf_x_pt": 2009.458,
        "pdf_y_von_oben_pt": 1477.941,
        "koordinatenquelle": "eingebettete GeoPDF-Georeferenzierung",
        "lagehinweis": "kartografische Symbolposition; nicht vermessungstechnisch oder vor Ort bestätigt",
        "marker-color": "#1565c0",
        "marker-symbol": "fire-station",
        "marker-size": "medium",
        "title": "598 - Hydrant"
      }
    },
    {
      "type": "Feature",
      "id": "599",
      "geometry": {
        "type": "Point",
        "coordinates": [
          8.508165,
          54.705323
        ]
      },
      "properties": {
        "id": "599",
        "typ": "Hydrant",
        "menge_l_min": 1600,
        "quellkarte": "03_Foehr_ges_Quer.pdf",
        "ortsname": "Föhr",
        "ortsquelle": "03_Foehr_ges_Quer.pdf",
        "zuordnungsabstand_relativ": 0.815,
        "pdf_x_pt": 2060.09,
        "pdf_y_von_oben_pt": 1513.777,
        "koordinatenquelle": "eingebettete GeoPDF-Georeferenzierung",
        "lagehinweis": "kartografische Symbolposition; nicht vermessungstechnisch oder vor Ort bestätigt",
        "marker-color": "#1565c0",
        "marker-symbol": "fire-station",
        "marker-size": "medium",
        "title": "599 - Hydrant"
      }
    },
    {
      "type": "Feature",
      "id": "601",
      "geometry": {
        "type": "Point",
        "coordinates": [
          8.510773,
          54.705669
        ]
      },
      "properties": {
        "id": "601",
        "typ": "Hydrant",
        "menge_l_min": 800,
        "quellkarte": "03_Foehr_ges_Quer.pdf",
        "ortsname": "Föhr",
        "ortsquelle": "03_Foehr_ges_Quer.pdf",
        "zuordnungsabstand_relativ": 0.868,
        "pdf_x_pt": 2107.791,
        "pdf_y_von_oben_pt": 1503.21,
        "koordinatenquelle": "eingebettete GeoPDF-Georeferenzierung",
        "lagehinweis": "kartografische Symbolposition; nicht vermessungstechnisch oder vor Ort bestätigt",
        "marker-color": "#1565c0",
        "marker-symbol": "fire-station",
        "marker-size": "medium",
        "title": "601 - Hydrant"
      }
    },
    {
      "type": "Feature",
      "id": "602",
      "geometry": {
        "type": "Point",
        "coordinates": [
          8.511046,
          54.704737
        ]
      },
      "properties": {
        "id": "602",
        "typ": "Hydrant",
        "menge_l_min": 800,
        "quellkarte": "03_Foehr_ges_Quer.pdf",
        "ortsname": "Föhr",
        "ortsquelle": "03_Foehr_ges_Quer.pdf",
        "zuordnungsabstand_relativ": 0.836,
        "pdf_x_pt": 2112.57,
        "pdf_y_von_oben_pt": 1532.654,
        "koordinatenquelle": "eingebettete GeoPDF-Georeferenzierung",
        "lagehinweis": "kartografische Symbolposition; nicht vermessungstechnisch oder vor Ort bestätigt",
        "marker-color": "#1565c0",
        "marker-symbol": "fire-station",
        "marker-size": "medium",
        "title": "602 - Hydrant"
      }
    },
    {
      "type": "Feature",
      "id": "603",
      "geometry": {
        "type": "Point",
        "coordinates": [
          8.513072,
          54.705216
        ]
      },
      "properties": {
        "id": "603",
        "typ": "Bohrbrunnen",
        "menge_l_min": null,
        "quellkarte": "03_Foehr_ges_Quer.pdf",
        "ortsname": "Föhr",
        "ortsquelle": "03_Foehr_ges_Quer.pdf",
        "zuordnungsabstand_relativ": 0.987,
        "pdf_x_pt": 2149.68,
        "pdf_y_von_oben_pt": 1517.822,
        "koordinatenquelle": "eingebettete GeoPDF-Georeferenzierung",
        "lagehinweis": "kartografische Symbolposition; nicht vermessungstechnisch oder vor Ort bestätigt",
        "marker-color": "#f9a825",
        "marker-symbol": "water",
        "marker-size": "medium",
        "title": "603 - Bohrbrunnen"
      }
    },
    {
      "type": "Feature",
      "id": "605",
      "geometry": {
        "type": "Point",
        "coordinates": [
          8.513883,
          54.706204
        ]
      },
      "properties": {
        "id": "605",
        "typ": "Bohrbrunnen",
        "menge_l_min": null,
        "quellkarte": "03_Foehr_ges_Quer.pdf",
        "ortsname": "Föhr",
        "ortsquelle": "03_Foehr_ges_Quer.pdf",
        "zuordnungsabstand_relativ": 0.974,
        "pdf_x_pt": 2164.697,
        "pdf_y_von_oben_pt": 1486.76,
        "koordinatenquelle": "eingebettete GeoPDF-Georeferenzierung",
        "lagehinweis": "kartografische Symbolposition; nicht vermessungstechnisch oder vor Ort bestätigt",
        "marker-color": "#f9a825",
        "marker-symbol": "water",
        "marker-size": "medium",
        "title": "605 - Bohrbrunnen"
      }
    },
    {
      "type": "Feature",
      "id": "606",
      "geometry": {
        "type": "Point",
        "coordinates": [
          8.5159,
          54.705912
        ]
      },
      "properties": {
        "id": "606",
        "typ": "Hydrant",
        "menge_l_min": 800,
        "quellkarte": "03_Foehr_ges_Quer.pdf",
        "ortsname": "Föhr",
        "ortsquelle": "03_Foehr_ges_Quer.pdf",
        "zuordnungsabstand_relativ": 0.774,
        "pdf_x_pt": 2201.468,
        "pdf_y_von_oben_pt": 1496.252,
        "koordinatenquelle": "eingebettete GeoPDF-Georeferenzierung",
        "lagehinweis": "kartografische Symbolposition; nicht vermessungstechnisch oder vor Ort bestätigt",
        "marker-color": "#1565c0",
        "marker-symbol": "fire-station",
        "marker-size": "medium",
        "title": "606 - Hydrant"
      }
    },
    {
      "type": "Feature",
      "id": "607",
      "geometry": {
        "type": "Point",
        "coordinates": [
          8.51764,
          54.706342
        ]
      },
      "properties": {
        "id": "607",
        "typ": "Hydrant",
        "menge_l_min": "unbekannt",
        "quellkarte": "03_Foehr_ges_Quer.pdf",
        "ortsname": "Föhr",
        "ortsquelle": "03_Foehr_ges_Quer.pdf",
        "zuordnungsabstand_relativ": 0.813,
        "pdf_x_pt": 2233.341,
        "pdf_y_von_oben_pt": 1482.913,
        "koordinatenquelle": "eingebettete GeoPDF-Georeferenzierung",
        "lagehinweis": "kartografische Symbolposition; nicht vermessungstechnisch oder vor Ort bestätigt",
        "marker-color": "#1565c0",
        "marker-symbol": "fire-station",
        "marker-size": "medium",
        "title": "607 - Hydrant"
      }
    },
    {
      "type": "Feature",
      "id": "608",
      "geometry": {
        "type": "Point",
        "coordinates": [
          8.516635,
          54.70543
        ]
      },
      "properties": {
        "id": "608",
        "typ": "Bohrbrunnen",
        "menge_l_min": null,
        "quellkarte": "03_Foehr_ges_Quer.pdf",
        "ortsname": "Föhr",
        "ortsquelle": "03_Foehr_ges_Quer.pdf",
        "zuordnungsabstand_relativ": 0.984,
        "pdf_x_pt": 2214.789,
        "pdf_y_von_oben_pt": 1511.548,
        "koordinatenquelle": "eingebettete GeoPDF-Georeferenzierung",
        "lagehinweis": "kartografische Symbolposition; nicht vermessungstechnisch oder vor Ort bestätigt",
        "marker-color": "#f9a825",
        "marker-symbol": "water",
        "marker-size": "medium",
        "title": "608 - Bohrbrunnen"
      }
    },
    {
      "type": "Feature",
      "id": "611",
      "geometry": {
        "type": "Point",
        "coordinates": [
          8.504502,
          54.70192
        ]
      },
      "properties": {
        "id": "611",
        "typ": "Hydrant",
        "menge_l_min": 800,
        "quellkarte": "03_Foehr_ges_Quer.pdf",
        "ortsname": "Föhr",
        "ortsquelle": "03_Foehr_ges_Quer.pdf",
        "zuordnungsabstand_relativ": 0.818,
        "pdf_x_pt": 1992.443,
        "pdf_y_von_oben_pt": 1620.603,
        "koordinatenquelle": "eingebettete GeoPDF-Georeferenzierung",
        "lagehinweis": "kartografische Symbolposition; nicht vermessungstechnisch oder vor Ort bestätigt",
        "marker-color": "#1565c0",
        "marker-symbol": "fire-station",
        "marker-size": "medium",
        "title": "611 - Hydrant"
      }
    },
    {
      "type": "Feature",
      "id": "612",
      "geometry": {
        "type": "Point",
        "coordinates": [
          8.499099,
          54.698564
        ]
      },
      "properties": {
        "id": "612",
        "typ": "Hydrant",
        "menge_l_min": 800,
        "quellkarte": "03_Foehr_ges_Quer.pdf",
        "ortsname": "Föhr",
        "ortsquelle": "03_Foehr_ges_Quer.pdf",
        "zuordnungsabstand_relativ": 0.801,
        "pdf_x_pt": 1893.017,
        "pdf_y_von_oben_pt": 1725.693,
        "koordinatenquelle": "eingebettete GeoPDF-Georeferenzierung",
        "lagehinweis": "kartografische Symbolposition; nicht vermessungstechnisch oder vor Ort bestätigt",
        "marker-color": "#1565c0",
        "marker-symbol": "fire-station",
        "marker-size": "medium",
        "title": "612 - Hydrant"
      }
    },
    {
      "type": "Feature",
      "id": "613",
      "geometry": {
        "type": "Point",
        "coordinates": [
          8.498572,
          54.69803
        ]
      },
      "properties": {
        "id": "613",
        "typ": "Bohrbrunnen",
        "menge_l_min": null,
        "quellkarte": "03_Foehr_ges_Quer.pdf",
        "ortsname": "Föhr",
        "ortsquelle": "03_Foehr_ges_Quer.pdf",
        "zuordnungsabstand_relativ": 1.197,
        "pdf_x_pt": 1883.277,
        "pdf_y_von_oben_pt": 1742.46,
        "koordinatenquelle": "eingebettete GeoPDF-Georeferenzierung",
        "lagehinweis": "kartografische Symbolposition; nicht vermessungstechnisch oder vor Ort bestätigt",
        "marker-color": "#f9a825",
        "marker-symbol": "water",
        "marker-size": "medium",
        "title": "613 - Bohrbrunnen"
      }
    },
    {
      "type": "Feature",
      "id": "614",
      "geometry": {
        "type": "Point",
        "coordinates": [
          8.493951,
          54.733453
        ]
      },
      "properties": {
        "id": "614",
        "typ": "Hydrant",
        "menge_l_min": 800,
        "quellkarte": "03_Foehr_ges_Quer.pdf",
        "ortsname": "Föhr",
        "ortsquelle": "03_Foehr_ges_Quer.pdf",
        "zuordnungsabstand_relativ": 0.816,
        "pdf_x_pt": 1806.904,
        "pdf_y_von_oben_pt": 624.902,
        "koordinatenquelle": "eingebettete GeoPDF-Georeferenzierung",
        "lagehinweis": "kartografische Symbolposition; nicht vermessungstechnisch oder vor Ort bestätigt",
        "marker-color": "#1565c0",
        "marker-symbol": "fire-station",
        "marker-size": "medium",
        "title": "614 - Hydrant"
      }
    },
    {
      "type": "Feature",
      "id": "615",
      "geometry": {
        "type": "Point",
        "coordinates": [
          8.502141,
          54.737799
        ]
      },
      "properties": {
        "id": "615",
        "typ": "Hydrant",
        "menge_l_min": 800,
        "quellkarte": "03_Foehr_ges_Quer.pdf",
        "ortsname": "Föhr",
        "ortsquelle": "03_Foehr_ges_Quer.pdf",
        "zuordnungsabstand_relativ": 1.071,
        "pdf_x_pt": 1957.337,
        "pdf_y_von_oben_pt": 488.933,
        "koordinatenquelle": "eingebettete GeoPDF-Georeferenzierung",
        "lagehinweis": "kartografische Symbolposition; nicht vermessungstechnisch oder vor Ort bestätigt",
        "marker-color": "#1565c0",
        "marker-symbol": "fire-station",
        "marker-size": "medium",
        "title": "615 - Hydrant"
      }
    },
    {
      "type": "Feature",
      "id": "621",
      "geometry": {
        "type": "Point",
        "coordinates": [
          8.526394,
          54.68344
        ]
      },
      "properties": {
        "id": "621",
        "typ": "Hydrant",
        "menge_l_min": 1600,
        "quellkarte": "03_Foehr_ges_Quer.pdf",
        "ortsname": "Föhr",
        "ortsquelle": "03_Foehr_ges_Quer.pdf",
        "zuordnungsabstand_relativ": 0.901,
        "pdf_x_pt": 2388.318,
        "pdf_y_von_oben_pt": 2206.22,
        "koordinatenquelle": "eingebettete GeoPDF-Georeferenzierung",
        "lagehinweis": "kartografische Symbolposition; nicht vermessungstechnisch oder vor Ort bestätigt",
        "marker-color": "#1565c0",
        "marker-symbol": "fire-station",
        "marker-size": "medium",
        "title": "621 - Hydrant"
      }
    },
    {
      "type": "Feature",
      "id": "622",
      "geometry": {
        "type": "Point",
        "coordinates": [
          8.526162,
          54.68261
        ]
      },
      "properties": {
        "id": "622",
        "typ": "Hydrant",
        "menge_l_min": 1600,
        "quellkarte": "03_Foehr_ges_Quer.pdf",
        "ortsname": "Föhr",
        "ortsquelle": "03_Foehr_ges_Quer.pdf",
        "zuordnungsabstand_relativ": 0.837,
        "pdf_x_pt": 2383.912,
        "pdf_y_von_oben_pt": 2232.381,
        "koordinatenquelle": "eingebettete GeoPDF-Georeferenzierung",
        "lagehinweis": "kartografische Symbolposition; nicht vermessungstechnisch oder vor Ort bestätigt",
        "marker-color": "#1565c0",
        "marker-symbol": "fire-station",
        "marker-size": "medium",
        "title": "622 - Hydrant"
      }
    },
    {
      "type": "Feature",
      "id": "623",
      "geometry": {
        "type": "Point",
        "coordinates": [
          8.524961,
          54.683578
        ]
      },
      "properties": {
        "id": "623",
        "typ": "Hydrant",
        "menge_l_min": 3200,
        "quellkarte": "03_Foehr_ges_Quer.pdf",
        "ortsname": "Föhr",
        "ortsquelle": "03_Foehr_ges_Quer.pdf",
        "zuordnungsabstand_relativ": 0.985,
        "pdf_x_pt": 2362.18,
        "pdf_y_von_oben_pt": 2201.677,
        "koordinatenquelle": "eingebettete GeoPDF-Georeferenzierung",
        "lagehinweis": "kartografische Symbolposition; nicht vermessungstechnisch oder vor Ort bestätigt",
        "marker-color": "#1565c0",
        "marker-symbol": "fire-station",
        "marker-size": "medium",
        "title": "623 - Hydrant"
      }
    },
    {
      "type": "Feature",
      "id": "624",
      "geometry": {
        "type": "Point",
        "coordinates": [
          8.524744,
          54.682228
        ]
      },
      "properties": {
        "id": "624",
        "typ": "Hydrant",
        "menge_l_min": 1600,
        "quellkarte": "03_Foehr_ges_Quer.pdf",
        "ortsname": "Föhr",
        "ortsquelle": "03_Foehr_ges_Quer.pdf",
        "zuordnungsabstand_relativ": 1.27,
        "pdf_x_pt": 2357.914,
        "pdf_y_von_oben_pt": 2244.225,
        "koordinatenquelle": "eingebettete GeoPDF-Georeferenzierung",
        "lagehinweis": "kartografische Symbolposition; nicht vermessungstechnisch oder vor Ort bestätigt",
        "marker-color": "#1565c0",
        "marker-symbol": "fire-station",
        "marker-size": "medium",
        "title": "624 - Hydrant"
      }
    },
    {
      "type": "Feature",
      "id": "625",
      "geometry": {
        "type": "Point",
        "coordinates": [
          8.523606,
          54.682137
        ]
      },
      "properties": {
        "id": "625",
        "typ": "Hydrant",
        "menge_l_min": 1600,
        "quellkarte": "03_Foehr_ges_Quer.pdf",
        "ortsname": "Föhr",
        "ortsquelle": "03_Foehr_ges_Quer.pdf",
        "zuordnungsabstand_relativ": 0.79,
        "pdf_x_pt": 2337.11,
        "pdf_y_von_oben_pt": 2246.938,
        "koordinatenquelle": "eingebettete GeoPDF-Georeferenzierung",
        "lagehinweis": "kartografische Symbolposition; nicht vermessungstechnisch oder vor Ort bestätigt",
        "marker-color": "#1565c0",
        "marker-symbol": "fire-station",
        "marker-size": "medium",
        "title": "625 - Hydrant"
      }
    },
    {
      "type": "Feature",
      "id": "626",
      "geometry": {
        "type": "Point",
        "coordinates": [
          8.523385,
          54.683731
        ]
      },
      "properties": {
        "id": "626",
        "typ": "Hydrant",
        "menge_l_min": 1600,
        "quellkarte": "03_Foehr_ges_Quer.pdf",
        "ortsname": "Föhr",
        "ortsquelle": "03_Foehr_ges_Quer.pdf",
        "zuordnungsabstand_relativ": 0.916,
        "pdf_x_pt": 2333.412,
        "pdf_y_von_oben_pt": 2196.666,
        "koordinatenquelle": "eingebettete GeoPDF-Georeferenzierung",
        "lagehinweis": "kartografische Symbolposition; nicht vermessungstechnisch oder vor Ort bestätigt",
        "marker-color": "#1565c0",
        "marker-symbol": "fire-station",
        "marker-size": "medium",
        "title": "626 - Hydrant"
      }
    },
    {
      "type": "Feature",
      "id": "627",
      "geometry": {
        "type": "Point",
        "coordinates": [
          8.522172,
          54.682751
        ]
      },
      "properties": {
        "id": "627",
        "typ": "Hydrant",
        "menge_l_min": 1600,
        "quellkarte": "03_Foehr_ges_Quer.pdf",
        "ortsname": "Föhr",
        "ortsquelle": "03_Foehr_ges_Quer.pdf",
        "zuordnungsabstand_relativ": 1.297,
        "pdf_x_pt": 2311.044,
        "pdf_y_von_oben_pt": 2227.403,
        "koordinatenquelle": "eingebettete GeoPDF-Georeferenzierung",
        "lagehinweis": "kartografische Symbolposition; nicht vermessungstechnisch oder vor Ort bestätigt",
        "marker-color": "#1565c0",
        "marker-symbol": "fire-station",
        "marker-size": "medium",
        "title": "627 - Hydrant"
      }
    },
    {
      "type": "Feature",
      "id": "628",
      "geometry": {
        "type": "Point",
        "coordinates": [
          8.521585,
          54.683208
        ]
      },
      "properties": {
        "id": "628",
        "typ": "Hydrant",
        "menge_l_min": 1600,
        "quellkarte": "03_Foehr_ges_Quer.pdf",
        "ortsname": "Föhr",
        "ortsquelle": "03_Foehr_ges_Quer.pdf",
        "zuordnungsabstand_relativ": 0.817,
        "pdf_x_pt": 2300.407,
        "pdf_y_von_oben_pt": 2212.899,
        "koordinatenquelle": "eingebettete GeoPDF-Georeferenzierung",
        "lagehinweis": "kartografische Symbolposition; nicht vermessungstechnisch oder vor Ort bestätigt",
        "marker-color": "#1565c0",
        "marker-symbol": "fire-station",
        "marker-size": "medium",
        "title": "628 - Hydrant"
      }
    },
    {
      "type": "Feature",
      "id": "629",
      "geometry": {
        "type": "Point",
        "coordinates": [
          8.522159,
          54.683819
        ]
      },
      "properties": {
        "id": "629",
        "typ": "Hydrant",
        "menge_l_min": 1600,
        "quellkarte": "03_Foehr_ges_Quer.pdf",
        "ortsname": "Föhr",
        "ortsquelle": "03_Foehr_ges_Quer.pdf",
        "zuordnungsabstand_relativ": 0.825,
        "pdf_x_pt": 2311.033,
        "pdf_y_von_oben_pt": 2193.705,
        "koordinatenquelle": "eingebettete GeoPDF-Georeferenzierung",
        "lagehinweis": "kartografische Symbolposition; nicht vermessungstechnisch oder vor Ort bestätigt",
        "marker-color": "#1565c0",
        "marker-symbol": "fire-station",
        "marker-size": "medium",
        "title": "629 - Hydrant"
      }
    },
    {
      "type": "Feature",
      "id": "631",
      "geometry": {
        "type": "Point",
        "coordinates": [
          8.515481,
          54.68492
        ]
      },
      "properties": {
        "id": "631",
        "typ": "Hydrant",
        "menge_l_min": 1600,
        "quellkarte": "03_Foehr_ges_Quer.pdf",
        "ortsname": "Föhr",
        "ortsquelle": "03_Foehr_ges_Quer.pdf",
        "zuordnungsabstand_relativ": 0.808,
        "pdf_x_pt": 2189.26,
        "pdf_y_von_oben_pt": 2158.122,
        "koordinatenquelle": "eingebettete GeoPDF-Georeferenzierung",
        "lagehinweis": "kartografische Symbolposition; nicht vermessungstechnisch oder vor Ort bestätigt",
        "marker-color": "#1565c0",
        "marker-symbol": "fire-station",
        "marker-size": "medium",
        "title": "631 - Hydrant"
      }
    },
    {
      "type": "Feature",
      "id": "632",
      "geometry": {
        "type": "Point",
        "coordinates": [
          8.514612,
          54.684121
        ]
      },
      "properties": {
        "id": "632",
        "typ": "Hydrant",
        "menge_l_min": 1600,
        "quellkarte": "03_Foehr_ges_Quer.pdf",
        "ortsname": "Föhr",
        "ortsquelle": "03_Foehr_ges_Quer.pdf",
        "zuordnungsabstand_relativ": 0.945,
        "pdf_x_pt": 2173.198,
        "pdf_y_von_oben_pt": 2183.187,
        "koordinatenquelle": "eingebettete GeoPDF-Georeferenzierung",
        "lagehinweis": "kartografische Symbolposition; nicht vermessungstechnisch oder vor Ort bestätigt",
        "marker-color": "#1565c0",
        "marker-symbol": "fire-station",
        "marker-size": "medium",
        "title": "632 - Hydrant"
      }
    },
    {
      "type": "Feature",
      "id": "633",
      "geometry": {
        "type": "Point",
        "coordinates": [
          8.513735,
          54.683388
        ]
      },
      "properties": {
        "id": "633",
        "typ": "Hydrant",
        "menge_l_min": 1600,
        "quellkarte": "03_Foehr_ges_Quer.pdf",
        "ortsname": "Föhr",
        "ortsquelle": "03_Foehr_ges_Quer.pdf",
        "zuordnungsabstand_relativ": 0.756,
        "pdf_x_pt": 2157.028,
        "pdf_y_von_oben_pt": 2206.192,
        "koordinatenquelle": "eingebettete GeoPDF-Georeferenzierung",
        "lagehinweis": "kartografische Symbolposition; nicht vermessungstechnisch oder vor Ort bestätigt",
        "marker-color": "#1565c0",
        "marker-symbol": "fire-station",
        "marker-size": "medium",
        "title": "633 - Hydrant"
      }
    },
    {
      "type": "Feature",
      "id": "634",
      "geometry": {
        "type": "Point",
        "coordinates": [
          8.513613,
          54.682635
        ]
      },
      "properties": {
        "id": "634",
        "typ": "Hydrant",
        "menge_l_min": 800,
        "quellkarte": "03_Foehr_ges_Quer.pdf",
        "ortsname": "Föhr",
        "ortsquelle": "03_Foehr_ges_Quer.pdf",
        "zuordnungsabstand_relativ": 0.85,
        "pdf_x_pt": 2154.632,
        "pdf_y_von_oben_pt": 2229.904,
        "koordinatenquelle": "eingebettete GeoPDF-Georeferenzierung",
        "lagehinweis": "kartografische Symbolposition; nicht vermessungstechnisch oder vor Ort bestätigt",
        "marker-color": "#1565c0",
        "marker-symbol": "fire-station",
        "marker-size": "medium",
        "title": "634 - Hydrant"
      }
    },
    {
      "type": "Feature",
      "id": "635",
      "geometry": {
        "type": "Point",
        "coordinates": [
          8.514936,
          54.682269
        ]
      },
      "properties": {
        "id": "635",
        "typ": "Hydrant",
        "menge_l_min": 800,
        "quellkarte": "03_Foehr_ges_Quer.pdf",
        "ortsname": "Föhr",
        "ortsquelle": "03_Foehr_ges_Quer.pdf",
        "zuordnungsabstand_relativ": 0.991,
        "pdf_x_pt": 2178.726,
        "pdf_y_von_oben_pt": 2241.644,
        "koordinatenquelle": "eingebettete GeoPDF-Georeferenzierung",
        "lagehinweis": "kartografische Symbolposition; nicht vermessungstechnisch oder vor Ort bestätigt",
        "marker-color": "#1565c0",
        "marker-symbol": "fire-station",
        "marker-size": "medium",
        "title": "635 - Hydrant"
      }
    },
    {
      "type": "Feature",
      "id": "636",
      "geometry": {
        "type": "Point",
        "coordinates": [
          8.515737,
          54.682615
        ]
      },
      "properties": {
        "id": "636",
        "typ": "Hydrant",
        "menge_l_min": 800,
        "quellkarte": "03_Foehr_ges_Quer.pdf",
        "ortsname": "Föhr",
        "ortsquelle": "03_Foehr_ges_Quer.pdf",
        "zuordnungsabstand_relativ": 1.15,
        "pdf_x_pt": 2193.436,
        "pdf_y_von_oben_pt": 2230.84,
        "koordinatenquelle": "eingebettete GeoPDF-Georeferenzierung",
        "lagehinweis": "kartografische Symbolposition; nicht vermessungstechnisch oder vor Ort bestätigt",
        "marker-color": "#1565c0",
        "marker-symbol": "fire-station",
        "marker-size": "medium",
        "title": "636 - Hydrant"
      }
    },
    {
      "type": "Feature",
      "id": "637",
      "geometry": {
        "type": "Point",
        "coordinates": [
          8.515232,
          54.683431
        ]
      },
      "properties": {
        "id": "637",
        "typ": "Hydrant",
        "menge_l_min": 800,
        "quellkarte": "03_Foehr_ges_Quer.pdf",
        "ortsname": "Föhr",
        "ortsquelle": "03_Foehr_ges_Quer.pdf",
        "zuordnungsabstand_relativ": 0.857,
        "pdf_x_pt": 2184.383,
        "pdf_y_von_oben_pt": 2205.017,
        "koordinatenquelle": "eingebettete GeoPDF-Georeferenzierung",
        "lagehinweis": "kartografische Symbolposition; nicht vermessungstechnisch oder vor Ort bestätigt",
        "marker-color": "#1565c0",
        "marker-symbol": "fire-station",
        "marker-size": "medium",
        "title": "637 - Hydrant"
      }
    },
    {
      "type": "Feature",
      "id": "638",
      "geometry": {
        "type": "Point",
        "coordinates": [
          8.513334,
          54.683957
        ]
      },
      "properties": {
        "id": "638",
        "typ": "Hydrant",
        "menge_l_min": 1600,
        "quellkarte": "03_Foehr_ges_Quer.pdf",
        "ortsname": "Föhr",
        "ortsquelle": "03_Foehr_ges_Quer.pdf",
        "zuordnungsabstand_relativ": 0.807,
        "pdf_x_pt": 2149.813,
        "pdf_y_von_oben_pt": 2188.189,
        "koordinatenquelle": "eingebettete GeoPDF-Georeferenzierung",
        "lagehinweis": "kartografische Symbolposition; nicht vermessungstechnisch oder vor Ort bestätigt",
        "marker-color": "#1565c0",
        "marker-symbol": "fire-station",
        "marker-size": "medium",
        "title": "638 - Hydrant"
      }
    },
    {
      "type": "Feature",
      "id": "639",
      "geometry": {
        "type": "Point",
        "coordinates": [
          8.511851,
          54.684
        ]
      },
      "properties": {
        "id": "639",
        "typ": "Hydrant",
        "menge_l_min": 1600,
        "quellkarte": "03_Foehr_ges_Quer.pdf",
        "ortsname": "Föhr",
        "ortsquelle": "03_Foehr_ges_Quer.pdf",
        "zuordnungsabstand_relativ": 0.837,
        "pdf_x_pt": 2122.737,
        "pdf_y_von_oben_pt": 2186.623,
        "koordinatenquelle": "eingebettete GeoPDF-Georeferenzierung",
        "lagehinweis": "kartografische Symbolposition; nicht vermessungstechnisch oder vor Ort bestätigt",
        "marker-color": "#1565c0",
        "marker-symbol": "fire-station",
        "marker-size": "medium",
        "title": "639 - Hydrant"
      }
    },
    {
      "type": "Feature",
      "id": "641",
      "geometry": {
        "type": "Point",
        "coordinates": [
          8.507772,
          54.684252
        ]
      },
      "properties": {
        "id": "641",
        "typ": "E-Bohrbrunnen",
        "menge_l_min": null,
        "quellkarte": "03_Foehr_ges_Quer.pdf",
        "ortsname": "Föhr",
        "ortsquelle": "03_Foehr_ges_Quer.pdf",
        "zuordnungsabstand_relativ": 0.976,
        "pdf_x_pt": 2048.262,
        "pdf_y_von_oben_pt": 2178.157,
        "koordinatenquelle": "eingebettete GeoPDF-Georeferenzierung",
        "lagehinweis": "kartografische Symbolposition; nicht vermessungstechnisch oder vor Ort bestätigt",
        "marker-color": "#8e24aa",
        "marker-symbol": "industrial",
        "marker-size": "medium",
        "title": "641 - E-Bohrbrunnen"
      }
    },
    {
      "type": "Feature",
      "id": "642",
      "geometry": {
        "type": "Point",
        "coordinates": [
          8.50805,
          54.686728
        ]
      },
      "properties": {
        "id": "642",
        "typ": "Hydrant",
        "menge_l_min": 1600,
        "quellkarte": "03_Foehr_ges_Quer.pdf",
        "ortsname": "Föhr",
        "ortsquelle": "03_Foehr_ges_Quer.pdf",
        "zuordnungsabstand_relativ": 0.901,
        "pdf_x_pt": 2053.882,
        "pdf_y_von_oben_pt": 2100.112,
        "koordinatenquelle": "eingebettete GeoPDF-Georeferenzierung",
        "lagehinweis": "kartografische Symbolposition; nicht vermessungstechnisch oder vor Ort bestätigt",
        "marker-color": "#1565c0",
        "marker-symbol": "fire-station",
        "marker-size": "medium",
        "title": "642 - Hydrant"
      }
    },
    {
      "type": "Feature",
      "id": "643",
      "geometry": {
        "type": "Point",
        "coordinates": [
          8.499942,
          54.683165
        ]
      },
      "properties": {
        "id": "643",
        "typ": "Hydrant",
        "menge_l_min": 800,
        "quellkarte": "03_Foehr_ges_Quer.pdf",
        "ortsname": "Föhr",
        "ortsquelle": "03_Foehr_ges_Quer.pdf",
        "zuordnungsabstand_relativ": 0.909,
        "pdf_x_pt": 1904.969,
        "pdf_y_von_oben_pt": 2211.388,
        "koordinatenquelle": "eingebettete GeoPDF-Georeferenzierung",
        "lagehinweis": "kartografische Symbolposition; nicht vermessungstechnisch oder vor Ort bestätigt",
        "marker-color": "#1565c0",
        "marker-symbol": "fire-station",
        "marker-size": "medium",
        "title": "643 - Hydrant"
      }
    },
    {
      "type": "Feature",
      "id": "644",
      "geometry": {
        "type": "Point",
        "coordinates": [
          8.492952,
          54.686493
        ]
      },
      "properties": {
        "id": "644",
        "typ": "Hydrant",
        "menge_l_min": 800,
        "quellkarte": "03_Foehr_ges_Quer.pdf",
        "ortsname": "Föhr",
        "ortsquelle": "03_Foehr_ges_Quer.pdf",
        "zuordnungsabstand_relativ": 0.539,
        "pdf_x_pt": 1778.001,
        "pdf_y_von_oben_pt": 2105.512,
        "koordinatenquelle": "eingebettete GeoPDF-Georeferenzierung",
        "lagehinweis": "kartografische Symbolposition; nicht vermessungstechnisch oder vor Ort bestätigt",
        "marker-color": "#1565c0",
        "marker-symbol": "fire-station",
        "marker-size": "medium",
        "title": "644 - Hydrant"
      }
    },
    {
      "type": "Feature",
      "id": "645",
      "geometry": {
        "type": "Point",
        "coordinates": [
          8.493253,
          54.687505
        ]
      },
      "properties": {
        "id": "645",
        "typ": "Hydrant",
        "menge_l_min": 1600,
        "quellkarte": "03_Foehr_ges_Quer.pdf",
        "ortsname": "Föhr",
        "ortsquelle": "03_Foehr_ges_Quer.pdf",
        "zuordnungsabstand_relativ": 0.852,
        "pdf_x_pt": 1783.729,
        "pdf_y_von_oben_pt": 2073.62,
        "koordinatenquelle": "eingebettete GeoPDF-Georeferenzierung",
        "lagehinweis": "kartografische Symbolposition; nicht vermessungstechnisch oder vor Ort bestätigt",
        "marker-color": "#1565c0",
        "marker-symbol": "fire-station",
        "marker-size": "medium",
        "title": "645 - Hydrant"
      }
    },
    {
      "type": "Feature",
      "id": "646",
      "geometry": {
        "type": "Point",
        "coordinates": [
          8.49557,
          54.688483
        ]
      },
      "properties": {
        "id": "646",
        "typ": "Hydrant",
        "menge_l_min": 1600,
        "quellkarte": "03_Foehr_ges_Quer.pdf",
        "ortsname": "Föhr",
        "ortsquelle": "03_Foehr_ges_Quer.pdf",
        "zuordnungsabstand_relativ": 1.092,
        "pdf_x_pt": 1826.293,
        "pdf_y_von_oben_pt": 2043.104,
        "koordinatenquelle": "eingebettete GeoPDF-Georeferenzierung",
        "lagehinweis": "kartografische Symbolposition; nicht vermessungstechnisch oder vor Ort bestätigt",
        "marker-color": "#1565c0",
        "marker-symbol": "fire-station",
        "marker-size": "medium",
        "title": "646 - Hydrant"
      }
    },
    {
      "type": "Feature",
      "id": "647",
      "geometry": {
        "type": "Point",
        "coordinates": [
          8.492121,
          54.688239
        ]
      },
      "properties": {
        "id": "647",
        "typ": "Hydrant",
        "menge_l_min": 1600,
        "quellkarte": "03_Foehr_ges_Quer.pdf",
        "ortsname": "Föhr",
        "ortsquelle": "03_Foehr_ges_Quer.pdf",
        "zuordnungsabstand_relativ": 1.216,
        "pdf_x_pt": 1763.213,
        "pdf_y_von_oben_pt": 2050.331,
        "koordinatenquelle": "eingebettete GeoPDF-Georeferenzierung",
        "lagehinweis": "kartografische Symbolposition; nicht vermessungstechnisch oder vor Ort bestätigt",
        "marker-color": "#1565c0",
        "marker-symbol": "fire-station",
        "marker-size": "medium",
        "title": "647 - Hydrant"
      }
    },
    {
      "type": "Feature",
      "id": "648",
      "geometry": {
        "type": "Point",
        "coordinates": [
          8.491473,
          54.687797
        ]
      },
      "properties": {
        "id": "648",
        "typ": "Hydrant",
        "menge_l_min": 800,
        "quellkarte": "03_Foehr_ges_Quer.pdf",
        "ortsname": "Föhr",
        "ortsquelle": "03_Foehr_ges_Quer.pdf",
        "zuordnungsabstand_relativ": 0.98,
        "pdf_x_pt": 1751.279,
        "pdf_y_von_oben_pt": 2064.196,
        "koordinatenquelle": "eingebettete GeoPDF-Georeferenzierung",
        "lagehinweis": "kartografische Symbolposition; nicht vermessungstechnisch oder vor Ort bestätigt",
        "marker-color": "#1565c0",
        "marker-symbol": "fire-station",
        "marker-size": "medium",
        "title": "648 - Hydrant"
      }
    },
    {
      "type": "Feature",
      "id": "649",
      "geometry": {
        "type": "Point",
        "coordinates": [
          8.490739,
          54.687356
        ]
      },
      "properties": {
        "id": "649",
        "typ": "Hydrant",
        "menge_l_min": 800,
        "quellkarte": "03_Foehr_ges_Quer.pdf",
        "ortsname": "Föhr",
        "ortsquelle": "03_Foehr_ges_Quer.pdf",
        "zuordnungsabstand_relativ": 1.259,
        "pdf_x_pt": 1737.768,
        "pdf_y_von_oben_pt": 2077.987,
        "koordinatenquelle": "eingebettete GeoPDF-Georeferenzierung",
        "lagehinweis": "kartografische Symbolposition; nicht vermessungstechnisch oder vor Ort bestätigt",
        "marker-color": "#1565c0",
        "marker-symbol": "fire-station",
        "marker-size": "medium",
        "title": "649 - Hydrant"
      }
    },
    {
      "type": "Feature",
      "id": "651",
      "geometry": {
        "type": "Point",
        "coordinates": [
          8.489648,
          54.687244
        ]
      },
      "properties": {
        "id": "651",
        "typ": "Hydrant",
        "menge_l_min": 800,
        "quellkarte": "03_Foehr_ges_Quer.pdf",
        "ortsname": "Föhr",
        "ortsquelle": "03_Foehr_ges_Quer.pdf",
        "zuordnungsabstand_relativ": 0.53,
        "pdf_x_pt": 1717.81,
        "pdf_y_von_oben_pt": 2081.375,
        "koordinatenquelle": "eingebettete GeoPDF-Georeferenzierung",
        "lagehinweis": "kartografische Symbolposition; nicht vermessungstechnisch oder vor Ort bestätigt",
        "marker-color": "#1565c0",
        "marker-symbol": "fire-station",
        "marker-size": "medium",
        "title": "651 - Hydrant"
      }
    },
    {
      "type": "Feature",
      "id": "653",
      "geometry": {
        "type": "Point",
        "coordinates": [
          8.489804,
          54.688197
        ]
      },
      "properties": {
        "id": "653",
        "typ": "Hydrant",
        "menge_l_min": 800,
        "quellkarte": "03_Foehr_ges_Quer.pdf",
        "ortsname": "Föhr",
        "ortsquelle": "03_Foehr_ges_Quer.pdf",
        "zuordnungsabstand_relativ": 1.11,
        "pdf_x_pt": 1720.881,
        "pdf_y_von_oben_pt": 2051.365,
        "koordinatenquelle": "eingebettete GeoPDF-Georeferenzierung",
        "lagehinweis": "kartografische Symbolposition; nicht vermessungstechnisch oder vor Ort bestätigt",
        "marker-color": "#1565c0",
        "marker-symbol": "fire-station",
        "marker-size": "medium",
        "title": "653 - Hydrant"
      }
    },
    {
      "type": "Feature",
      "id": "654",
      "geometry": {
        "type": "Point",
        "coordinates": [
          8.489335,
          54.687935
        ]
      },
      "properties": {
        "id": "654",
        "typ": "Hydrant",
        "menge_l_min": 800,
        "quellkarte": "03_Foehr_ges_Quer.pdf",
        "ortsname": "Föhr",
        "ortsquelle": "03_Foehr_ges_Quer.pdf",
        "zuordnungsabstand_relativ": 0.843,
        "pdf_x_pt": 1712.251,
        "pdf_y_von_oben_pt": 2059.557,
        "koordinatenquelle": "eingebettete GeoPDF-Georeferenzierung",
        "lagehinweis": "kartografische Symbolposition; nicht vermessungstechnisch oder vor Ort bestätigt",
        "marker-color": "#1565c0",
        "marker-symbol": "fire-station",
        "marker-size": "medium",
        "title": "654 - Hydrant"
      }
    },
    {
      "type": "Feature",
      "id": "655",
      "geometry": {
        "type": "Point",
        "coordinates": [
          8.489129,
          54.687597
        ]
      },
      "properties": {
        "id": "655",
        "typ": "Hydrant",
        "menge_l_min": 800,
        "quellkarte": "03_Foehr_ges_Quer.pdf",
        "ortsname": "Föhr",
        "ortsquelle": "03_Foehr_ges_Quer.pdf",
        "zuordnungsabstand_relativ": 0.835,
        "pdf_x_pt": 1708.406,
        "pdf_y_von_oben_pt": 2070.174,
        "koordinatenquelle": "eingebettete GeoPDF-Georeferenzierung",
        "lagehinweis": "kartografische Symbolposition; nicht vermessungstechnisch oder vor Ort bestätigt",
        "marker-color": "#1565c0",
        "marker-symbol": "fire-station",
        "marker-size": "medium",
        "title": "655 - Hydrant"
      }
    },
    {
      "type": "Feature",
      "id": "656",
      "geometry": {
        "type": "Point",
        "coordinates": [
          8.493202,
          54.690257
        ]
      },
      "properties": {
        "id": "656",
        "typ": "Hydrant",
        "menge_l_min": 1600,
        "quellkarte": "03_Foehr_ges_Quer.pdf",
        "ortsname": "Föhr",
        "ortsquelle": "03_Foehr_ges_Quer.pdf",
        "zuordnungsabstand_relativ": 0.834,
        "pdf_x_pt": 1783.436,
        "pdf_y_von_oben_pt": 1986.853,
        "koordinatenquelle": "eingebettete GeoPDF-Georeferenzierung",
        "lagehinweis": "kartografische Symbolposition; nicht vermessungstechnisch oder vor Ort bestätigt",
        "marker-color": "#1565c0",
        "marker-symbol": "fire-station",
        "marker-size": "medium",
        "title": "656 - Hydrant"
      }
    },
    {
      "type": "Feature",
      "id": "657",
      "geometry": {
        "type": "Point",
        "coordinates": [
          8.491468,
          54.688683
        ]
      },
      "properties": {
        "id": "657",
        "typ": "Hydrant",
        "menge_l_min": 1600,
        "quellkarte": "03_Foehr_ges_Quer.pdf",
        "ortsname": "Föhr",
        "ortsquelle": "03_Foehr_ges_Quer.pdf",
        "zuordnungsabstand_relativ": 0.809,
        "pdf_x_pt": 1751.391,
        "pdf_y_von_oben_pt": 2036.236,
        "koordinatenquelle": "eingebettete GeoPDF-Georeferenzierung",
        "lagehinweis": "kartografische Symbolposition; nicht vermessungstechnisch oder vor Ort bestätigt",
        "marker-color": "#1565c0",
        "marker-symbol": "fire-station",
        "marker-size": "medium",
        "title": "657 - Hydrant"
      }
    },
    {
      "type": "Feature",
      "id": "658",
      "geometry": {
        "type": "Point",
        "coordinates": [
          8.495623,
          54.692363
        ]
      },
      "properties": {
        "id": "658",
        "typ": "Hydrant",
        "menge_l_min": 800,
        "quellkarte": "03_Foehr_ges_Quer.pdf",
        "ortsname": "Föhr",
        "ortsquelle": "03_Foehr_ges_Quer.pdf",
        "zuordnungsabstand_relativ": 1.016,
        "pdf_x_pt": 1828.133,
        "pdf_y_von_oben_pt": 1920.754,
        "koordinatenquelle": "eingebettete GeoPDF-Georeferenzierung",
        "lagehinweis": "kartografische Symbolposition; nicht vermessungstechnisch oder vor Ort bestätigt",
        "marker-color": "#1565c0",
        "marker-symbol": "fire-station",
        "marker-size": "medium",
        "title": "658 - Hydrant"
      }
    },
    {
      "type": "Feature",
      "id": "659",
      "geometry": {
        "type": "Point",
        "coordinates": [
          8.495122,
          54.696101
        ]
      },
      "properties": {
        "id": "659",
        "typ": "Hydrant",
        "menge_l_min": 800,
        "quellkarte": "03_Foehr_ges_Quer.pdf",
        "ortsname": "Föhr",
        "ortsquelle": "03_Foehr_ges_Quer.pdf",
        "zuordnungsabstand_relativ": 0.794,
        "pdf_x_pt": 1819.82,
        "pdf_y_von_oben_pt": 1802.84,
        "koordinatenquelle": "eingebettete GeoPDF-Georeferenzierung",
        "lagehinweis": "kartografische Symbolposition; nicht vermessungstechnisch oder vor Ort bestätigt",
        "marker-color": "#1565c0",
        "marker-symbol": "fire-station",
        "marker-size": "medium",
        "title": "659 - Hydrant"
      }
    },
    {
      "type": "Feature",
      "id": "661",
      "geometry": {
        "type": "Point",
        "coordinates": [
          8.493079,
          54.694094
        ]
      },
      "properties": {
        "id": "661",
        "typ": "Hydrant",
        "menge_l_min": 800,
        "quellkarte": "03_Foehr_ges_Quer.pdf",
        "ortsname": "Föhr",
        "ortsquelle": "03_Foehr_ges_Quer.pdf",
        "zuordnungsabstand_relativ": 0.58,
        "pdf_x_pt": 1782.055,
        "pdf_y_von_oben_pt": 1865.84,
        "koordinatenquelle": "eingebettete GeoPDF-Georeferenzierung",
        "lagehinweis": "kartografische Symbolposition; nicht vermessungstechnisch oder vor Ort bestätigt",
        "marker-color": "#1565c0",
        "marker-symbol": "fire-station",
        "marker-size": "medium",
        "title": "661 - Hydrant"
      }
    },
    {
      "type": "Feature",
      "id": "662",
      "geometry": {
        "type": "Point",
        "coordinates": [
          8.493908,
          54.693887
        ]
      },
      "properties": {
        "id": "662",
        "typ": "Hydrant",
        "menge_l_min": 800,
        "quellkarte": "03_Foehr_ges_Quer.pdf",
        "ortsname": "Föhr",
        "ortsquelle": "03_Foehr_ges_Quer.pdf",
        "zuordnungsabstand_relativ": 0.91,
        "pdf_x_pt": 1797.15,
        "pdf_y_von_oben_pt": 1872.483,
        "koordinatenquelle": "eingebettete GeoPDF-Georeferenzierung",
        "lagehinweis": "kartografische Symbolposition; nicht vermessungstechnisch oder vor Ort bestätigt",
        "marker-color": "#1565c0",
        "marker-symbol": "fire-station",
        "marker-size": "medium",
        "title": "662 - Hydrant"
      }
    },
    {
      "type": "Feature",
      "id": "663",
      "geometry": {
        "type": "Point",
        "coordinates": [
          8.49195,
          54.693212
        ]
      },
      "properties": {
        "id": "663",
        "typ": "Hydrant",
        "menge_l_min": 1600,
        "quellkarte": "03_Foehr_ges_Quer.pdf",
        "ortsname": "Föhr",
        "ortsquelle": "03_Foehr_ges_Quer.pdf",
        "zuordnungsabstand_relativ": 0.986,
        "pdf_x_pt": 1761.233,
        "pdf_y_von_oben_pt": 1893.497,
        "koordinatenquelle": "eingebettete GeoPDF-Georeferenzierung",
        "lagehinweis": "kartografische Symbolposition; nicht vermessungstechnisch oder vor Ort bestätigt",
        "marker-color": "#1565c0",
        "marker-symbol": "fire-station",
        "marker-size": "medium",
        "title": "663 - Hydrant"
      }
    },
    {
      "type": "Feature",
      "id": "664",
      "geometry": {
        "type": "Point",
        "coordinates": [
          8.491732,
          54.692403
        ]
      },
      "properties": {
        "id": "664",
        "typ": "Hydrant",
        "menge_l_min": 1600,
        "quellkarte": "03_Foehr_ges_Quer.pdf",
        "ortsname": "Föhr",
        "ortsquelle": "03_Foehr_ges_Quer.pdf",
        "zuordnungsabstand_relativ": 0.557,
        "pdf_x_pt": 1757.073,
        "pdf_y_von_oben_pt": 1918.982,
        "koordinatenquelle": "eingebettete GeoPDF-Georeferenzierung",
        "lagehinweis": "kartografische Symbolposition; nicht vermessungstechnisch oder vor Ort bestätigt",
        "marker-color": "#1565c0",
        "marker-symbol": "fire-station",
        "marker-size": "medium",
        "title": "664 - Hydrant"
      }
    },
    {
      "type": "Feature",
      "id": "665",
      "geometry": {
        "type": "Point",
        "coordinates": [
          8.493895,
          54.69239
        ]
      },
      "properties": {
        "id": "665",
        "typ": "Bohrbrunnen",
        "menge_l_min": null,
        "quellkarte": "03_Foehr_ges_Quer.pdf",
        "ortsname": "Föhr",
        "ortsquelle": "03_Foehr_ges_Quer.pdf",
        "zuordnungsabstand_relativ": 0.978,
        "pdf_x_pt": 1796.567,
        "pdf_y_von_oben_pt": 1919.68,
        "koordinatenquelle": "eingebettete GeoPDF-Georeferenzierung",
        "lagehinweis": "kartografische Symbolposition; nicht vermessungstechnisch oder vor Ort bestätigt",
        "marker-color": "#f9a825",
        "marker-symbol": "water",
        "marker-size": "medium",
        "title": "665 - Bohrbrunnen"
      }
    },
    {
      "type": "Feature",
      "id": "666",
      "geometry": {
        "type": "Point",
        "coordinates": [
          8.492189,
          54.69091
        ]
      },
      "properties": {
        "id": "666",
        "typ": "Bohrbrunnen",
        "menge_l_min": null,
        "quellkarte": "03_Foehr_ges_Quer.pdf",
        "ortsname": "Föhr",
        "ortsquelle": "03_Foehr_ges_Quer.pdf",
        "zuordnungsabstand_relativ": 0.893,
        "pdf_x_pt": 1765.076,
        "pdf_y_von_oben_pt": 1966.128,
        "koordinatenquelle": "eingebettete GeoPDF-Georeferenzierung",
        "lagehinweis": "kartografische Symbolposition; nicht vermessungstechnisch oder vor Ort bestätigt",
        "marker-color": "#f9a825",
        "marker-symbol": "water",
        "marker-size": "medium",
        "title": "666 - Bohrbrunnen"
      }
    },
    {
      "type": "Feature",
      "id": "668",
      "geometry": {
        "type": "Point",
        "coordinates": [
          8.49077,
          54.691157
        ]
      },
      "properties": {
        "id": "668",
        "typ": "Hydrant",
        "menge_l_min": 1600,
        "quellkarte": "03_Foehr_ges_Quer.pdf",
        "ortsname": "Föhr",
        "ortsquelle": "03_Foehr_ges_Quer.pdf",
        "zuordnungsabstand_relativ": 1.116,
        "pdf_x_pt": 1739.201,
        "pdf_y_von_oben_pt": 1958.149,
        "koordinatenquelle": "eingebettete GeoPDF-Georeferenzierung",
        "lagehinweis": "kartografische Symbolposition; nicht vermessungstechnisch oder vor Ort bestätigt",
        "marker-color": "#1565c0",
        "marker-symbol": "fire-station",
        "marker-size": "medium",
        "title": "668 - Hydrant"
      }
    },
    {
      "type": "Feature",
      "id": "669",
      "geometry": {
        "type": "Point",
        "coordinates": [
          8.490667,
          54.692494
        ]
      },
      "properties": {
        "id": "669",
        "typ": "Bohrbrunnen",
        "menge_l_min": null,
        "quellkarte": "03_Foehr_ges_Quer.pdf",
        "ortsname": "Föhr",
        "ortsquelle": "03_Foehr_ges_Quer.pdf",
        "zuordnungsabstand_relativ": 0.984,
        "pdf_x_pt": 1737.629,
        "pdf_y_von_oben_pt": 1915.977,
        "koordinatenquelle": "eingebettete GeoPDF-Georeferenzierung",
        "lagehinweis": "kartografische Symbolposition; nicht vermessungstechnisch oder vor Ort bestätigt",
        "marker-color": "#f9a825",
        "marker-symbol": "water",
        "marker-size": "medium",
        "title": "669 - Bohrbrunnen"
      }
    },
    {
      "type": "Feature",
      "id": "671",
      "geometry": {
        "type": "Point",
        "coordinates": [
          8.489388,
          54.693183
        ]
      },
      "properties": {
        "id": "671",
        "typ": "Hydrant",
        "menge_l_min": 800,
        "quellkarte": "03_Foehr_ges_Quer.pdf",
        "ortsname": "Föhr",
        "ortsquelle": "03_Foehr_ges_Quer.pdf",
        "zuordnungsabstand_relativ": 0.837,
        "pdf_x_pt": 1714.425,
        "pdf_y_von_oben_pt": 1894.092,
        "koordinatenquelle": "eingebettete GeoPDF-Georeferenzierung",
        "lagehinweis": "kartografische Symbolposition; nicht vermessungstechnisch oder vor Ort bestätigt",
        "marker-color": "#1565c0",
        "marker-symbol": "fire-station",
        "marker-size": "medium",
        "title": "671 - Hydrant"
      }
    },
    {
      "type": "Feature",
      "id": "672",
      "geometry": {
        "type": "Point",
        "coordinates": [
          8.489054,
          54.6919
        ]
      },
      "properties": {
        "id": "672",
        "typ": "Hydrant",
        "menge_l_min": 800,
        "quellkarte": "03_Foehr_ges_Quer.pdf",
        "ortsname": "Föhr",
        "ortsquelle": "03_Foehr_ges_Quer.pdf",
        "zuordnungsabstand_relativ": 0.855,
        "pdf_x_pt": 1708.027,
        "pdf_y_von_oben_pt": 1934.484,
        "koordinatenquelle": "eingebettete GeoPDF-Georeferenzierung",
        "lagehinweis": "kartografische Symbolposition; nicht vermessungstechnisch oder vor Ort bestätigt",
        "marker-color": "#1565c0",
        "marker-symbol": "fire-station",
        "marker-size": "medium",
        "title": "672 - Hydrant"
      }
    },
    {
      "type": "Feature",
      "id": "673",
      "geometry": {
        "type": "Point",
        "coordinates": [
          8.489513,
          54.690987
        ]
      },
      "properties": {
        "id": "673",
        "typ": "Hydrant",
        "menge_l_min": 1600,
        "quellkarte": "03_Foehr_ges_Quer.pdf",
        "ortsname": "Föhr",
        "ortsquelle": "03_Foehr_ges_Quer.pdf",
        "zuordnungsabstand_relativ": 1.499,
        "pdf_x_pt": 1716.208,
        "pdf_y_von_oben_pt": 1963.335,
        "koordinatenquelle": "eingebettete GeoPDF-Georeferenzierung",
        "lagehinweis": "kartografische Symbolposition; nicht vermessungstechnisch oder vor Ort bestätigt",
        "marker-color": "#1565c0",
        "marker-symbol": "fire-station",
        "marker-size": "medium",
        "title": "673 - Hydrant"
      }
    },
    {
      "type": "Feature",
      "id": "674",
      "geometry": {
        "type": "Point",
        "coordinates": [
          8.488094,
          54.69157
        ]
      },
      "properties": {
        "id": "674",
        "typ": "Bohrbrunnen",
        "menge_l_min": null,
        "quellkarte": "03_Foehr_ges_Quer.pdf",
        "ortsname": "Föhr",
        "ortsquelle": "03_Foehr_ges_Quer.pdf",
        "zuordnungsabstand_relativ": 1.542,
        "pdf_x_pt": 1690.417,
        "pdf_y_von_oben_pt": 1944.777,
        "koordinatenquelle": "eingebettete GeoPDF-Georeferenzierung",
        "lagehinweis": "kartografische Symbolposition; nicht vermessungstechnisch oder vor Ort bestätigt",
        "marker-color": "#f9a825",
        "marker-symbol": "water",
        "marker-size": "medium",
        "title": "674 - Bohrbrunnen"
      }
    },
    {
      "type": "Feature",
      "id": "675",
      "geometry": {
        "type": "Point",
        "coordinates": [
          8.486821,
          54.691129
        ]
      },
      "properties": {
        "id": "675",
        "typ": "Hydrant",
        "menge_l_min": 1600,
        "quellkarte": "03_Foehr_ges_Quer.pdf",
        "ortsname": "Föhr",
        "ortsquelle": "03_Foehr_ges_Quer.pdf",
        "zuordnungsabstand_relativ": 0.906,
        "pdf_x_pt": 1667.071,
        "pdf_y_von_oben_pt": 1958.498,
        "koordinatenquelle": "eingebettete GeoPDF-Georeferenzierung",
        "lagehinweis": "kartografische Symbolposition; nicht vermessungstechnisch oder vor Ort bestätigt",
        "marker-color": "#1565c0",
        "marker-symbol": "fire-station",
        "marker-size": "medium",
        "title": "675 - Hydrant"
      }
    },
    {
      "type": "Feature",
      "id": "676",
      "geometry": {
        "type": "Point",
        "coordinates": [
          8.485879,
          54.690461
        ]
      },
      "properties": {
        "id": "676",
        "typ": "Hydrant",
        "menge_l_min": 1600,
        "quellkarte": "03_Foehr_ges_Quer.pdf",
        "ortsname": "Föhr",
        "ortsquelle": "03_Foehr_ges_Quer.pdf",
        "zuordnungsabstand_relativ": 0.915,
        "pdf_x_pt": 1649.702,
        "pdf_y_von_oben_pt": 1979.428,
        "koordinatenquelle": "eingebettete GeoPDF-Georeferenzierung",
        "lagehinweis": "kartografische Symbolposition; nicht vermessungstechnisch oder vor Ort bestätigt",
        "marker-color": "#1565c0",
        "marker-symbol": "fire-station",
        "marker-size": "medium",
        "title": "676 - Hydrant"
      }
    },
    {
      "type": "Feature",
      "id": "678",
      "geometry": {
        "type": "Point",
        "coordinates": [
          8.487563,
          54.689935
        ]
      },
      "properties": {
        "id": "678",
        "typ": "Saugstelle",
        "menge_l_min": null,
        "quellkarte": "03_Foehr_ges_Quer.pdf",
        "ortsname": "Föhr",
        "ortsquelle": "03_Foehr_ges_Quer.pdf",
        "zuordnungsabstand_relativ": 1.091,
        "pdf_x_pt": 1680.347,
        "pdf_y_von_oben_pt": 1996.251,
        "koordinatenquelle": "eingebettete GeoPDF-Georeferenzierung",
        "lagehinweis": "kartografische Symbolposition; nicht vermessungstechnisch oder vor Ort bestätigt",
        "marker-color": "#00897b",
        "marker-symbol": "harbor",
        "marker-size": "medium",
        "title": "678 - Saugstelle"
      }
    },
    {
      "type": "Feature",
      "id": "679",
      "geometry": {
        "type": "Point",
        "coordinates": [
          8.487511,
          54.688993
        ]
      },
      "properties": {
        "id": "679",
        "typ": "Hydrant",
        "menge_l_min": 1600,
        "quellkarte": "03_Foehr_ges_Quer.pdf",
        "ortsname": "Föhr",
        "ortsquelle": "03_Foehr_ges_Quer.pdf",
        "zuordnungsabstand_relativ": 0.805,
        "pdf_x_pt": 1679.175,
        "pdf_y_von_oben_pt": 2025.956,
        "koordinatenquelle": "eingebettete GeoPDF-Georeferenzierung",
        "lagehinweis": "kartografische Symbolposition; nicht vermessungstechnisch oder vor Ort bestätigt",
        "marker-color": "#1565c0",
        "marker-symbol": "fire-station",
        "marker-size": "medium",
        "title": "679 - Hydrant"
      }
    },
    {
      "type": "Feature",
      "id": "681",
      "geometry": {
        "type": "Point",
        "coordinates": [
          8.484832,
          54.689821
        ]
      },
      "properties": {
        "id": "681",
        "typ": "Hydrant",
        "menge_l_min": 1600,
        "quellkarte": "03_Foehr_ges_Quer.pdf",
        "ortsname": "Föhr",
        "ortsquelle": "03_Foehr_ges_Quer.pdf",
        "zuordnungsabstand_relativ": 0.986,
        "pdf_x_pt": 1630.425,
        "pdf_y_von_oben_pt": 1999.492,
        "koordinatenquelle": "eingebettete GeoPDF-Georeferenzierung",
        "lagehinweis": "kartografische Symbolposition; nicht vermessungstechnisch oder vor Ort bestätigt",
        "marker-color": "#1565c0",
        "marker-symbol": "fire-station",
        "marker-size": "medium",
        "title": "681 - Hydrant"
      }
    },
    {
      "type": "Feature",
      "id": "682",
      "geometry": {
        "type": "Point",
        "coordinates": [
          8.485132,
          54.689203
        ]
      },
      "properties": {
        "id": "682",
        "typ": "Hydrant",
        "menge_l_min": 1600,
        "quellkarte": "03_Foehr_ges_Quer.pdf",
        "ortsname": "Föhr",
        "ortsquelle": "03_Foehr_ges_Quer.pdf",
        "zuordnungsabstand_relativ": 0.782,
        "pdf_x_pt": 1635.766,
        "pdf_y_von_oben_pt": 2019.019,
        "koordinatenquelle": "eingebettete GeoPDF-Georeferenzierung",
        "lagehinweis": "kartografische Symbolposition; nicht vermessungstechnisch oder vor Ort bestätigt",
        "marker-color": "#1565c0",
        "marker-symbol": "fire-station",
        "marker-size": "medium",
        "title": "682 - Hydrant"
      }
    },
    {
      "type": "Feature",
      "id": "683",
      "geometry": {
        "type": "Point",
        "coordinates": [
          8.485418,
          54.688602
        ]
      },
      "properties": {
        "id": "683",
        "typ": "Hydrant",
        "menge_l_min": 1600,
        "quellkarte": "03_Foehr_ges_Quer.pdf",
        "ortsname": "Föhr",
        "ortsquelle": "03_Foehr_ges_Quer.pdf",
        "zuordnungsabstand_relativ": 0.983,
        "pdf_x_pt": 1640.848,
        "pdf_y_von_oben_pt": 2038.002,
        "koordinatenquelle": "eingebettete GeoPDF-Georeferenzierung",
        "lagehinweis": "kartografische Symbolposition; nicht vermessungstechnisch oder vor Ort bestätigt",
        "marker-color": "#1565c0",
        "marker-symbol": "fire-station",
        "marker-size": "medium",
        "title": "683 - Hydrant"
      }
    },
    {
      "type": "Feature",
      "id": "684",
      "geometry": {
        "type": "Point",
        "coordinates": [
          8.486262,
          54.687341
        ]
      },
      "properties": {
        "id": "684",
        "typ": "Hydrant",
        "menge_l_min": 800,
        "quellkarte": "03_Foehr_ges_Quer.pdf",
        "ortsname": "Föhr",
        "ortsquelle": "03_Foehr_ges_Quer.pdf",
        "zuordnungsabstand_relativ": 0.794,
        "pdf_x_pt": 1655.981,
        "pdf_y_von_oben_pt": 2077.88,
        "koordinatenquelle": "eingebettete GeoPDF-Georeferenzierung",
        "lagehinweis": "kartografische Symbolposition; nicht vermessungstechnisch oder vor Ort bestätigt",
        "marker-color": "#1565c0",
        "marker-symbol": "fire-station",
        "marker-size": "medium",
        "title": "684 - Hydrant"
      }
    },
    {
      "type": "Feature",
      "id": "685",
      "geometry": {
        "type": "Point",
        "coordinates": [
          8.486752,
          54.687878
        ]
      },
      "properties": {
        "id": "685",
        "typ": "Hydrant",
        "menge_l_min": 1600,
        "quellkarte": "03_Foehr_ges_Quer.pdf",
        "ortsname": "Föhr",
        "ortsquelle": "03_Foehr_ges_Quer.pdf",
        "zuordnungsabstand_relativ": 1.034,
        "pdf_x_pt": 1665.046,
        "pdf_y_von_oben_pt": 2061.019,
        "koordinatenquelle": "eingebettete GeoPDF-Georeferenzierung",
        "lagehinweis": "kartografische Symbolposition; nicht vermessungstechnisch oder vor Ort bestätigt",
        "marker-color": "#1565c0",
        "marker-symbol": "fire-station",
        "marker-size": "medium",
        "title": "685 - Hydrant"
      }
    },
    {
      "type": "Feature",
      "id": "701",
      "geometry": {
        "type": "Point",
        "coordinates": [
          8.481515,
          54.690665
        ]
      },
      "properties": {
        "id": "701",
        "typ": "Hydrant",
        "menge_l_min": 1600,
        "quellkarte": "03_Foehr_ges_Quer.pdf",
        "ortsname": "Föhr",
        "ortsquelle": "03_Foehr_ges_Quer.pdf",
        "zuordnungsabstand_relativ": 0.872,
        "pdf_x_pt": 1570.019,
        "pdf_y_von_oben_pt": 1972.433,
        "koordinatenquelle": "eingebettete GeoPDF-Georeferenzierung",
        "lagehinweis": "kartografische Symbolposition; nicht vermessungstechnisch oder vor Ort bestätigt",
        "marker-color": "#1565c0",
        "marker-symbol": "fire-station",
        "marker-size": "medium",
        "title": "701 - Hydrant"
      }
    },
    {
      "type": "Feature",
      "id": "702",
      "geometry": {
        "type": "Point",
        "coordinates": [
          8.476809,
          54.689845
        ]
      },
      "properties": {
        "id": "702",
        "typ": "Bohrbrunnen",
        "menge_l_min": null,
        "quellkarte": "03_Foehr_ges_Quer.pdf",
        "ortsname": "Föhr",
        "ortsquelle": "03_Foehr_ges_Quer.pdf",
        "zuordnungsabstand_relativ": 0.984,
        "pdf_x_pt": 1483.877,
        "pdf_y_von_oben_pt": 1997.645,
        "koordinatenquelle": "eingebettete GeoPDF-Georeferenzierung",
        "lagehinweis": "kartografische Symbolposition; nicht vermessungstechnisch oder vor Ort bestätigt",
        "marker-color": "#f9a825",
        "marker-symbol": "water",
        "marker-size": "medium",
        "title": "702 - Bohrbrunnen"
      }
    },
    {
      "type": "Feature",
      "id": "703",
      "geometry": {
        "type": "Point",
        "coordinates": [
          8.474355,
          54.689651
        ]
      },
      "properties": {
        "id": "703",
        "typ": "Hydrant",
        "menge_l_min": 1600,
        "quellkarte": "03_Foehr_ges_Quer.pdf",
        "ortsname": "Föhr",
        "ortsquelle": "03_Foehr_ges_Quer.pdf",
        "zuordnungsabstand_relativ": 1.134,
        "pdf_x_pt": 1438.994,
        "pdf_y_von_oben_pt": 2003.43,
        "koordinatenquelle": "eingebettete GeoPDF-Georeferenzierung",
        "lagehinweis": "kartografische Symbolposition; nicht vermessungstechnisch oder vor Ort bestätigt",
        "marker-color": "#1565c0",
        "marker-symbol": "fire-station",
        "marker-size": "medium",
        "title": "703 - Hydrant"
      }
    },
    {
      "type": "Feature",
      "id": "704",
      "geometry": {
        "type": "Point",
        "coordinates": [
          8.474405,
          54.688481
        ]
      },
      "properties": {
        "id": "704",
        "typ": "Hydrant",
        "menge_l_min": 800,
        "quellkarte": "03_Foehr_ges_Quer.pdf",
        "ortsname": "Föhr",
        "ortsquelle": "03_Foehr_ges_Quer.pdf",
        "zuordnungsabstand_relativ": 0.758,
        "pdf_x_pt": 1439.638,
        "pdf_y_von_oben_pt": 2040.36,
        "koordinatenquelle": "eingebettete GeoPDF-Georeferenzierung",
        "lagehinweis": "kartografische Symbolposition; nicht vermessungstechnisch oder vor Ort bestätigt",
        "marker-color": "#1565c0",
        "marker-symbol": "fire-station",
        "marker-size": "medium",
        "title": "704 - Hydrant"
      }
    },
    {
      "type": "Feature",
      "id": "705",
      "geometry": {
        "type": "Point",
        "coordinates": [
          8.472662,
          54.688312
        ]
      },
      "properties": {
        "id": "705",
        "typ": "Hydrant",
        "menge_l_min": 800,
        "quellkarte": "03_Foehr_ges_Quer.pdf",
        "ortsname": "Föhr",
        "ortsquelle": "03_Foehr_ges_Quer.pdf",
        "zuordnungsabstand_relativ": 0.769,
        "pdf_x_pt": 1407.748,
        "pdf_y_von_oben_pt": 2045.445,
        "koordinatenquelle": "eingebettete GeoPDF-Georeferenzierung",
        "lagehinweis": "kartografische Symbolposition; nicht vermessungstechnisch oder vor Ort bestätigt",
        "marker-color": "#1565c0",
        "marker-symbol": "fire-station",
        "marker-size": "medium",
        "title": "705 - Hydrant"
      }
    },
    {
      "type": "Feature",
      "id": "706",
      "geometry": {
        "type": "Point",
        "coordinates": [
          8.471135,
          54.688304
        ]
      },
      "properties": {
        "id": "706",
        "typ": "Hydrant",
        "menge_l_min": 800,
        "quellkarte": "03_Foehr_ges_Quer.pdf",
        "ortsname": "Föhr",
        "ortsquelle": "03_Foehr_ges_Quer.pdf",
        "zuordnungsabstand_relativ": 0.958,
        "pdf_x_pt": 1379.852,
        "pdf_y_von_oben_pt": 2045.486,
        "koordinatenquelle": "eingebettete GeoPDF-Georeferenzierung",
        "lagehinweis": "kartografische Symbolposition; nicht vermessungstechnisch oder vor Ort bestätigt",
        "marker-color": "#1565c0",
        "marker-symbol": "fire-station",
        "marker-size": "medium",
        "title": "706 - Hydrant"
      }
    },
    {
      "type": "Feature",
      "id": "707",
      "geometry": {
        "type": "Point",
        "coordinates": [
          8.469451,
          54.686395
        ]
      },
      "properties": {
        "id": "707",
        "typ": "Hydrant",
        "menge_l_min": 800,
        "quellkarte": "03_Foehr_ges_Quer.pdf",
        "ortsname": "Föhr",
        "ortsquelle": "03_Foehr_ges_Quer.pdf",
        "zuordnungsabstand_relativ": 0.828,
        "pdf_x_pt": 1348.637,
        "pdf_y_von_oben_pt": 2105.448,
        "koordinatenquelle": "eingebettete GeoPDF-Georeferenzierung",
        "lagehinweis": "kartografische Symbolposition; nicht vermessungstechnisch oder vor Ort bestätigt",
        "marker-color": "#1565c0",
        "marker-symbol": "fire-station",
        "marker-size": "medium",
        "title": "707 - Hydrant"
      }
    },
    {
      "type": "Feature",
      "id": "708",
      "geometry": {
        "type": "Point",
        "coordinates": [
          8.47077,
          54.686287
        ]
      },
      "properties": {
        "id": "708",
        "typ": "Hydrant",
        "menge_l_min": 800,
        "quellkarte": "03_Foehr_ges_Quer.pdf",
        "ortsname": "Föhr",
        "ortsquelle": "03_Foehr_ges_Quer.pdf",
        "zuordnungsabstand_relativ": 0.825,
        "pdf_x_pt": 1372.696,
        "pdf_y_von_oben_pt": 2109.047,
        "koordinatenquelle": "eingebettete GeoPDF-Georeferenzierung",
        "lagehinweis": "kartografische Symbolposition; nicht vermessungstechnisch oder vor Ort bestätigt",
        "marker-color": "#1565c0",
        "marker-symbol": "fire-station",
        "marker-size": "medium",
        "title": "708 - Hydrant"
      }
    },
    {
      "type": "Feature",
      "id": "709",
      "geometry": {
        "type": "Point",
        "coordinates": [
          8.468508,
          54.685942
        ]
      },
      "properties": {
        "id": "709",
        "typ": "Hydrant",
        "menge_l_min": 800,
        "quellkarte": "03_Foehr_ges_Quer.pdf",
        "ortsname": "Föhr",
        "ortsquelle": "03_Foehr_ges_Quer.pdf",
        "zuordnungsabstand_relativ": 0.819,
        "pdf_x_pt": 1331.298,
        "pdf_y_von_oben_pt": 2119.627,
        "koordinatenquelle": "eingebettete GeoPDF-Georeferenzierung",
        "lagehinweis": "kartografische Symbolposition; nicht vermessungstechnisch oder vor Ort bestätigt",
        "marker-color": "#1565c0",
        "marker-symbol": "fire-station",
        "marker-size": "medium",
        "title": "709 - Hydrant"
      }
    },
    {
      "type": "Feature",
      "id": "711",
      "geometry": {
        "type": "Point",
        "coordinates": [
          8.470166,
          54.688736
        ]
      },
      "properties": {
        "id": "711",
        "typ": "Hydrant",
        "menge_l_min": 1600,
        "quellkarte": "03_Foehr_ges_Quer.pdf",
        "ortsname": "Föhr",
        "ortsquelle": "03_Foehr_ges_Quer.pdf",
        "zuordnungsabstand_relativ": 0.793,
        "pdf_x_pt": 1362.256,
        "pdf_y_von_oben_pt": 2031.724,
        "koordinatenquelle": "eingebettete GeoPDF-Georeferenzierung",
        "lagehinweis": "kartografische Symbolposition; nicht vermessungstechnisch oder vor Ort bestätigt",
        "marker-color": "#1565c0",
        "marker-symbol": "fire-station",
        "marker-size": "medium",
        "title": "711 - Hydrant"
      }
    },
    {
      "type": "Feature",
      "id": "712",
      "geometry": {
        "type": "Point",
        "coordinates": [
          8.471593,
          54.689213
        ]
      },
      "properties": {
        "id": "712",
        "typ": "Bohrbrunnen",
        "menge_l_min": null,
        "quellkarte": "03_Foehr_ges_Quer.pdf",
        "ortsname": "Föhr",
        "ortsquelle": "03_Foehr_ges_Quer.pdf",
        "zuordnungsabstand_relativ": 1.55,
        "pdf_x_pt": 1388.425,
        "pdf_y_von_oben_pt": 2016.879,
        "koordinatenquelle": "eingebettete GeoPDF-Georeferenzierung",
        "lagehinweis": "kartografische Symbolposition; nicht vermessungstechnisch oder vor Ort bestätigt",
        "marker-color": "#f9a825",
        "marker-symbol": "water",
        "marker-size": "medium",
        "title": "712 - Bohrbrunnen"
      }
    },
    {
      "type": "Feature",
      "id": "713",
      "geometry": {
        "type": "Point",
        "coordinates": [
          8.471323,
          54.689567
        ]
      },
      "properties": {
        "id": "713",
        "typ": "Hydrant",
        "menge_l_min": 1600,
        "quellkarte": "03_Foehr_ges_Quer.pdf",
        "ortsname": "Föhr",
        "ortsquelle": "03_Foehr_ges_Quer.pdf",
        "zuordnungsabstand_relativ": 0.853,
        "pdf_x_pt": 1383.584,
        "pdf_y_von_oben_pt": 2005.677,
        "koordinatenquelle": "eingebettete GeoPDF-Georeferenzierung",
        "lagehinweis": "kartografische Symbolposition; nicht vermessungstechnisch oder vor Ort bestätigt",
        "marker-color": "#1565c0",
        "marker-symbol": "fire-station",
        "marker-size": "medium",
        "title": "713 - Hydrant"
      }
    },
    {
      "type": "Feature",
      "id": "714",
      "geometry": {
        "type": "Point",
        "coordinates": [
          8.471832,
          54.690601
        ]
      },
      "properties": {
        "id": "714",
        "typ": "Hydrant",
        "menge_l_min": 1600,
        "quellkarte": "03_Foehr_ges_Quer.pdf",
        "ortsname": "Föhr",
        "ortsquelle": "03_Foehr_ges_Quer.pdf",
        "zuordnungsabstand_relativ": 0.821,
        "pdf_x_pt": 1393.124,
        "pdf_y_von_oben_pt": 1973.159,
        "koordinatenquelle": "eingebettete GeoPDF-Georeferenzierung",
        "lagehinweis": "kartografische Symbolposition; nicht vermessungstechnisch oder vor Ort bestätigt",
        "marker-color": "#1565c0",
        "marker-symbol": "fire-station",
        "marker-size": "medium",
        "title": "714 - Hydrant"
      }
    },
    {
      "type": "Feature",
      "id": "715",
      "geometry": {
        "type": "Point",
        "coordinates": [
          8.471922,
          54.691958
        ]
      },
      "properties": {
        "id": "715",
        "typ": "Hydrant",
        "menge_l_min": 1600,
        "quellkarte": "03_Foehr_ges_Quer.pdf",
        "ortsname": "Föhr",
        "ortsquelle": "03_Foehr_ges_Quer.pdf",
        "zuordnungsabstand_relativ": 0.816,
        "pdf_x_pt": 1395.092,
        "pdf_y_von_oben_pt": 1930.362,
        "koordinatenquelle": "eingebettete GeoPDF-Georeferenzierung",
        "lagehinweis": "kartografische Symbolposition; nicht vermessungstechnisch oder vor Ort bestätigt",
        "marker-color": "#1565c0",
        "marker-symbol": "fire-station",
        "marker-size": "medium",
        "title": "715 - Hydrant"
      }
    },
    {
      "type": "Feature",
      "id": "716",
      "geometry": {
        "type": "Point",
        "coordinates": [
          8.468044,
          54.693246
        ]
      },
      "properties": {
        "id": "716",
        "typ": "Hydrant",
        "menge_l_min": 1600,
        "quellkarte": "03_Foehr_ges_Quer.pdf",
        "ortsname": "Föhr",
        "ortsquelle": "03_Foehr_ges_Quer.pdf",
        "zuordnungsabstand_relativ": 1.021,
        "pdf_x_pt": 1324.561,
        "pdf_y_von_oben_pt": 1889.254,
        "koordinatenquelle": "eingebettete GeoPDF-Georeferenzierung",
        "lagehinweis": "kartografische Symbolposition; nicht vermessungstechnisch oder vor Ort bestätigt",
        "marker-color": "#1565c0",
        "marker-symbol": "fire-station",
        "marker-size": "medium",
        "title": "716 - Hydrant"
      }
    },
    {
      "type": "Feature",
      "id": "717",
      "geometry": {
        "type": "Point",
        "coordinates": [
          8.464188,
          54.694184
        ]
      },
      "properties": {
        "id": "717",
        "typ": "Hydrant",
        "menge_l_min": 1600,
        "quellkarte": "03_Foehr_ges_Quer.pdf",
        "ortsname": "Föhr",
        "ortsquelle": "03_Foehr_ges_Quer.pdf",
        "zuordnungsabstand_relativ": 0.888,
        "pdf_x_pt": 1254.351,
        "pdf_y_von_oben_pt": 1859.145,
        "koordinatenquelle": "eingebettete GeoPDF-Georeferenzierung",
        "lagehinweis": "kartografische Symbolposition; nicht vermessungstechnisch oder vor Ort bestätigt",
        "marker-color": "#1565c0",
        "marker-symbol": "fire-station",
        "marker-size": "medium",
        "title": "717 - Hydrant"
      }
    },
    {
      "type": "Feature",
      "id": "725",
      "geometry": {
        "type": "Point",
        "coordinates": [
          8.463523,
          54.697126
        ]
      },
      "properties": {
        "id": "725",
        "typ": "Hydrant",
        "menge_l_min": 800,
        "quellkarte": "03_Foehr_ges_Quer.pdf",
        "ortsname": "Föhr",
        "ortsquelle": "03_Foehr_ges_Quer.pdf",
        "zuordnungsabstand_relativ": 0.837,
        "pdf_x_pt": 1242.918,
        "pdf_y_von_oben_pt": 1766.302,
        "koordinatenquelle": "eingebettete GeoPDF-Georeferenzierung",
        "lagehinweis": "kartografische Symbolposition; nicht vermessungstechnisch oder vor Ort bestätigt",
        "marker-color": "#1565c0",
        "marker-symbol": "fire-station",
        "marker-size": "medium",
        "title": "725 - Hydrant"
      }
    },
    {
      "type": "Feature",
      "id": "726",
      "geometry": {
        "type": "Point",
        "coordinates": [
          8.462814,
          54.697697
        ]
      },
      "properties": {
        "id": "726",
        "typ": "Hydrant",
        "menge_l_min": 800,
        "quellkarte": "03_Foehr_ges_Quer.pdf",
        "ortsname": "Föhr",
        "ortsquelle": "03_Foehr_ges_Quer.pdf",
        "zuordnungsabstand_relativ": 0.785,
        "pdf_x_pt": 1230.094,
        "pdf_y_von_oben_pt": 1748.193,
        "koordinatenquelle": "eingebettete GeoPDF-Georeferenzierung",
        "lagehinweis": "kartografische Symbolposition; nicht vermessungstechnisch oder vor Ort bestätigt",
        "marker-color": "#1565c0",
        "marker-symbol": "fire-station",
        "marker-size": "medium",
        "title": "726 - Hydrant"
      }
    },
    {
      "type": "Feature",
      "id": "727",
      "geometry": {
        "type": "Point",
        "coordinates": [
          8.46192,
          54.6984
        ]
      },
      "properties": {
        "id": "727",
        "typ": "Hydrant",
        "menge_l_min": 800,
        "quellkarte": "03_Foehr_ges_Quer.pdf",
        "ortsname": "Föhr",
        "ortsquelle": "03_Foehr_ges_Quer.pdf",
        "zuordnungsabstand_relativ": 1.011,
        "pdf_x_pt": 1213.944,
        "pdf_y_von_oben_pt": 1725.923,
        "koordinatenquelle": "eingebettete GeoPDF-Georeferenzierung",
        "lagehinweis": "kartografische Symbolposition; nicht vermessungstechnisch oder vor Ort bestätigt",
        "marker-color": "#1565c0",
        "marker-symbol": "fire-station",
        "marker-size": "medium",
        "title": "727 - Hydrant"
      }
    },
    {
      "type": "Feature",
      "id": "728",
      "geometry": {
        "type": "Point",
        "coordinates": [
          8.461132,
          54.697373
        ]
      },
      "properties": {
        "id": "728",
        "typ": "Hydrant",
        "menge_l_min": 800,
        "quellkarte": "03_Foehr_ges_Quer.pdf",
        "ortsname": "Föhr",
        "ortsquelle": "03_Foehr_ges_Quer.pdf",
        "zuordnungsabstand_relativ": 1.011,
        "pdf_x_pt": 1199.308,
        "pdf_y_von_oben_pt": 1758.197,
        "koordinatenquelle": "eingebettete GeoPDF-Georeferenzierung",
        "lagehinweis": "kartografische Symbolposition; nicht vermessungstechnisch oder vor Ort bestätigt",
        "marker-color": "#1565c0",
        "marker-symbol": "fire-station",
        "marker-size": "medium",
        "title": "728 - Hydrant"
      }
    },
    {
      "type": "Feature",
      "id": "729",
      "geometry": {
        "type": "Point",
        "coordinates": [
          8.45986,
          54.695119
        ]
      },
      "properties": {
        "id": "729",
        "typ": "Hydrant",
        "menge_l_min": 1600,
        "quellkarte": "03_Foehr_ges_Quer.pdf",
        "ortsname": "Föhr",
        "ortsquelle": "03_Foehr_ges_Quer.pdf",
        "zuordnungsabstand_relativ": 0.872,
        "pdf_x_pt": 1175.531,
        "pdf_y_von_oben_pt": 1829.108,
        "koordinatenquelle": "eingebettete GeoPDF-Georeferenzierung",
        "lagehinweis": "kartografische Symbolposition; nicht vermessungstechnisch oder vor Ort bestätigt",
        "marker-color": "#1565c0",
        "marker-symbol": "fire-station",
        "marker-size": "medium",
        "title": "729 - Hydrant"
      }
    },
    {
      "type": "Feature",
      "id": "731",
      "geometry": {
        "type": "Point",
        "coordinates": [
          8.461017,
          54.699108
        ]
      },
      "properties": {
        "id": "731",
        "typ": "Bohrbrunnen",
        "menge_l_min": null,
        "quellkarte": "03_Foehr_ges_Quer.pdf",
        "ortsname": "Föhr",
        "ortsquelle": "03_Foehr_ges_Quer.pdf",
        "zuordnungsabstand_relativ": 1.177,
        "pdf_x_pt": 1197.622,
        "pdf_y_von_oben_pt": 1703.477,
        "koordinatenquelle": "eingebettete GeoPDF-Georeferenzierung",
        "lagehinweis": "kartografische Symbolposition; nicht vermessungstechnisch oder vor Ort bestätigt",
        "marker-color": "#f9a825",
        "marker-symbol": "water",
        "marker-size": "medium",
        "title": "731 - Bohrbrunnen"
      }
    },
    {
      "type": "Feature",
      "id": "733",
      "geometry": {
        "type": "Point",
        "coordinates": [
          8.459823,
          54.699872
        ]
      },
      "properties": {
        "id": "733",
        "typ": "Hydrant",
        "menge_l_min": 800,
        "quellkarte": "03_Foehr_ges_Quer.pdf",
        "ortsname": "Föhr",
        "ortsquelle": "03_Foehr_ges_Quer.pdf",
        "zuordnungsabstand_relativ": 0.853,
        "pdf_x_pt": 1175.992,
        "pdf_y_von_oben_pt": 1679.205,
        "koordinatenquelle": "eingebettete GeoPDF-Georeferenzierung",
        "lagehinweis": "kartografische Symbolposition; nicht vermessungstechnisch oder vor Ort bestätigt",
        "marker-color": "#1565c0",
        "marker-symbol": "fire-station",
        "marker-size": "medium",
        "title": "733 - Hydrant"
      }
    },
    {
      "type": "Feature",
      "id": "735",
      "geometry": {
        "type": "Point",
        "coordinates": [
          8.458791,
          54.698902
        ]
      },
      "properties": {
        "id": "735",
        "typ": "Hydrant",
        "menge_l_min": 800,
        "quellkarte": "03_Foehr_ges_Quer.pdf",
        "ortsname": "Föhr",
        "ortsquelle": "03_Foehr_ges_Quer.pdf",
        "zuordnungsabstand_relativ": 0.957,
        "pdf_x_pt": 1156.914,
        "pdf_y_von_oben_pt": 1709.652,
        "koordinatenquelle": "eingebettete GeoPDF-Georeferenzierung",
        "lagehinweis": "kartografische Symbolposition; nicht vermessungstechnisch oder vor Ort bestätigt",
        "marker-color": "#1565c0",
        "marker-symbol": "fire-station",
        "marker-size": "medium",
        "title": "735 - Hydrant"
      }
    },
    {
      "type": "Feature",
      "id": "736",
      "geometry": {
        "type": "Point",
        "coordinates": [
          8.458596,
          54.698249
        ]
      },
      "properties": {
        "id": "736",
        "typ": "Hydrant",
        "menge_l_min": 800,
        "quellkarte": "03_Foehr_ges_Quer.pdf",
        "ortsname": "Föhr",
        "ortsquelle": "03_Foehr_ges_Quer.pdf",
        "zuordnungsabstand_relativ": 0.836,
        "pdf_x_pt": 1153.199,
        "pdf_y_von_oben_pt": 1730.23,
        "koordinatenquelle": "eingebettete GeoPDF-Georeferenzierung",
        "lagehinweis": "kartografische Symbolposition; nicht vermessungstechnisch oder vor Ort bestätigt",
        "marker-color": "#1565c0",
        "marker-symbol": "fire-station",
        "marker-size": "medium",
        "title": "736 - Hydrant"
      }
    },
    {
      "type": "Feature",
      "id": "737",
      "geometry": {
        "type": "Point",
        "coordinates": [
          8.458962,
          54.700366
        ]
      },
      "properties": {
        "id": "737",
        "typ": "Hydrant",
        "menge_l_min": 800,
        "quellkarte": "03_Foehr_ges_Quer.pdf",
        "ortsname": "Föhr",
        "ortsquelle": "03_Foehr_ges_Quer.pdf",
        "zuordnungsabstand_relativ": 0.767,
        "pdf_x_pt": 1160.392,
        "pdf_y_von_oben_pt": 1663.537,
        "koordinatenquelle": "eingebettete GeoPDF-Georeferenzierung",
        "lagehinweis": "kartografische Symbolposition; nicht vermessungstechnisch oder vor Ort bestätigt",
        "marker-color": "#1565c0",
        "marker-symbol": "fire-station",
        "marker-size": "medium",
        "title": "737 - Hydrant"
      }
    },
    {
      "type": "Feature",
      "id": "738",
      "geometry": {
        "type": "Point",
        "coordinates": [
          8.458063,
          54.700945
        ]
      },
      "properties": {
        "id": "738",
        "typ": "Hydrant",
        "menge_l_min": 1600,
        "quellkarte": "03_Foehr_ges_Quer.pdf",
        "ortsname": "Föhr",
        "ortsquelle": "03_Foehr_ges_Quer.pdf",
        "zuordnungsabstand_relativ": 0.768,
        "pdf_x_pt": 1144.11,
        "pdf_y_von_oben_pt": 1645.145,
        "koordinatenquelle": "eingebettete GeoPDF-Georeferenzierung",
        "lagehinweis": "kartografische Symbolposition; nicht vermessungstechnisch oder vor Ort bestätigt",
        "marker-color": "#1565c0",
        "marker-symbol": "fire-station",
        "marker-size": "medium",
        "title": "738 - Hydrant"
      }
    },
    {
      "type": "Feature",
      "id": "739",
      "geometry": {
        "type": "Point",
        "coordinates": [
          8.457391,
          54.701405
        ]
      },
      "properties": {
        "id": "739",
        "typ": "Hydrant",
        "menge_l_min": 1600,
        "quellkarte": "03_Foehr_ges_Quer.pdf",
        "ortsname": "Föhr",
        "ortsquelle": "03_Foehr_ges_Quer.pdf",
        "zuordnungsabstand_relativ": 0.826,
        "pdf_x_pt": 1131.95,
        "pdf_y_von_oben_pt": 1630.563,
        "koordinatenquelle": "eingebettete GeoPDF-Georeferenzierung",
        "lagehinweis": "kartografische Symbolposition; nicht vermessungstechnisch oder vor Ort bestätigt",
        "marker-color": "#1565c0",
        "marker-symbol": "fire-station",
        "marker-size": "medium",
        "title": "739 - Hydrant"
      }
    },
    {
      "type": "Feature",
      "id": "741",
      "geometry": {
        "type": "Point",
        "coordinates": [
          8.456904,
          54.701817
        ]
      },
      "properties": {
        "id": "741",
        "typ": "Hydrant",
        "menge_l_min": 1600,
        "quellkarte": "03_Foehr_ges_Quer.pdf",
        "ortsname": "Föhr",
        "ortsquelle": "03_Foehr_ges_Quer.pdf",
        "zuordnungsabstand_relativ": 0.83,
        "pdf_x_pt": 1123.155,
        "pdf_y_von_oben_pt": 1617.491,
        "koordinatenquelle": "eingebettete GeoPDF-Georeferenzierung",
        "lagehinweis": "kartografische Symbolposition; nicht vermessungstechnisch oder vor Ort bestätigt",
        "marker-color": "#1565c0",
        "marker-symbol": "fire-station",
        "marker-size": "medium",
        "title": "741 - Hydrant"
      }
    },
    {
      "type": "Feature",
      "id": "742",
      "geometry": {
        "type": "Point",
        "coordinates": [
          8.455925,
          54.700818
        ]
      },
      "properties": {
        "id": "742",
        "typ": "Bohrbrunnen",
        "menge_l_min": null,
        "quellkarte": "03_Foehr_ges_Quer.pdf",
        "ortsname": "Föhr",
        "ortsquelle": "03_Foehr_ges_Quer.pdf",
        "zuordnungsabstand_relativ": 0.984,
        "pdf_x_pt": 1105.05,
        "pdf_y_von_oben_pt": 1648.861,
        "koordinatenquelle": "eingebettete GeoPDF-Georeferenzierung",
        "lagehinweis": "kartografische Symbolposition; nicht vermessungstechnisch oder vor Ort bestätigt",
        "marker-color": "#f9a825",
        "marker-symbol": "water",
        "marker-size": "medium",
        "title": "742 - Bohrbrunnen"
      }
    },
    {
      "type": "Feature",
      "id": "743",
      "geometry": {
        "type": "Point",
        "coordinates": [
          8.456295,
          54.700514
        ]
      },
      "properties": {
        "id": "743",
        "typ": "Hydrant",
        "menge_l_min": 1600,
        "quellkarte": "03_Foehr_ges_Quer.pdf",
        "ortsname": "Föhr",
        "ortsquelle": "03_Foehr_ges_Quer.pdf",
        "zuordnungsabstand_relativ": 0.613,
        "pdf_x_pt": 1111.726,
        "pdf_y_von_oben_pt": 1658.516,
        "koordinatenquelle": "eingebettete GeoPDF-Georeferenzierung",
        "lagehinweis": "kartografische Symbolposition; nicht vermessungstechnisch oder vor Ort bestätigt",
        "marker-color": "#1565c0",
        "marker-symbol": "fire-station",
        "marker-size": "medium",
        "title": "743 - Hydrant"
      }
    },
    {
      "type": "Feature",
      "id": "744",
      "geometry": {
        "type": "Point",
        "coordinates": [
          8.457011,
          54.700233
        ]
      },
      "properties": {
        "id": "744",
        "typ": "Hydrant",
        "menge_l_min": 800,
        "quellkarte": "03_Foehr_ges_Quer.pdf",
        "ortsname": "Föhr",
        "ortsquelle": "03_Foehr_ges_Quer.pdf",
        "zuordnungsabstand_relativ": 0.863,
        "pdf_x_pt": 1124.738,
        "pdf_y_von_oben_pt": 1667.461,
        "koordinatenquelle": "eingebettete GeoPDF-Georeferenzierung",
        "lagehinweis": "kartografische Symbolposition; nicht vermessungstechnisch oder vor Ort bestätigt",
        "marker-color": "#1565c0",
        "marker-symbol": "fire-station",
        "marker-size": "medium",
        "title": "744 - Hydrant"
      }
    },
    {
      "type": "Feature",
      "id": "745",
      "geometry": {
        "type": "Point",
        "coordinates": [
          8.457458,
          54.699754
        ]
      },
      "properties": {
        "id": "745",
        "typ": "Hydrant",
        "menge_l_min": 800,
        "quellkarte": "03_Foehr_ges_Quer.pdf",
        "ortsname": "Föhr",
        "ortsquelle": "03_Foehr_ges_Quer.pdf",
        "zuordnungsabstand_relativ": 0.823,
        "pdf_x_pt": 1132.77,
        "pdf_y_von_oben_pt": 1682.613,
        "koordinatenquelle": "eingebettete GeoPDF-Georeferenzierung",
        "lagehinweis": "kartografische Symbolposition; nicht vermessungstechnisch oder vor Ort bestätigt",
        "marker-color": "#1565c0",
        "marker-symbol": "fire-station",
        "marker-size": "medium",
        "title": "745 - Hydrant"
      }
    },
    {
      "type": "Feature",
      "id": "746",
      "geometry": {
        "type": "Point",
        "coordinates": [
          8.459072,
          54.699365
        ]
      },
      "properties": {
        "id": "746",
        "typ": "Hydrant",
        "menge_l_min": 800,
        "quellkarte": "03_Foehr_ges_Quer.pdf",
        "ortsname": "Föhr",
        "ortsquelle": "03_Foehr_ges_Quer.pdf",
        "zuordnungsabstand_relativ": 0.737,
        "pdf_x_pt": 1162.154,
        "pdf_y_von_oben_pt": 1695.113,
        "koordinatenquelle": "eingebettete GeoPDF-Georeferenzierung",
        "lagehinweis": "kartografische Symbolposition; nicht vermessungstechnisch oder vor Ort bestätigt",
        "marker-color": "#1565c0",
        "marker-symbol": "fire-station",
        "marker-size": "medium",
        "title": "746 - Hydrant"
      }
    },
    {
      "type": "Feature",
      "id": "747",
      "geometry": {
        "type": "Point",
        "coordinates": [
          8.457823,
          54.699153
        ]
      },
      "properties": {
        "id": "747",
        "typ": "Bohrbrunnen",
        "menge_l_min": null,
        "quellkarte": "03_Foehr_ges_Quer.pdf",
        "ortsname": "Föhr",
        "ortsquelle": "03_Foehr_ges_Quer.pdf",
        "zuordnungsabstand_relativ": 0.974,
        "pdf_x_pt": 1139.301,
        "pdf_y_von_oben_pt": 1701.626,
        "koordinatenquelle": "eingebettete GeoPDF-Georeferenzierung",
        "lagehinweis": "kartografische Symbolposition; nicht vermessungstechnisch oder vor Ort bestätigt",
        "marker-color": "#f9a825",
        "marker-symbol": "water",
        "marker-size": "medium",
        "title": "747 - Bohrbrunnen"
      }
    },
    {
      "type": "Feature",
      "id": "748",
      "geometry": {
        "type": "Point",
        "coordinates": [
          8.457676,
          54.698684
        ]
      },
      "properties": {
        "id": "748",
        "typ": "Hydrant",
        "menge_l_min": 800,
        "quellkarte": "03_Foehr_ges_Quer.pdf",
        "ortsname": "Föhr",
        "ortsquelle": "03_Foehr_ges_Quer.pdf",
        "zuordnungsabstand_relativ": 1.116,
        "pdf_x_pt": 1136.503,
        "pdf_y_von_oben_pt": 1716.4,
        "koordinatenquelle": "eingebettete GeoPDF-Georeferenzierung",
        "lagehinweis": "kartografische Symbolposition; nicht vermessungstechnisch oder vor Ort bestätigt",
        "marker-color": "#1565c0",
        "marker-symbol": "fire-station",
        "marker-size": "medium",
        "title": "748 - Hydrant"
      }
    },
    {
      "type": "Feature",
      "id": "749",
      "geometry": {
        "type": "Point",
        "coordinates": [
          8.454944,
          54.698992
        ]
      },
      "properties": {
        "id": "749",
        "typ": "Hydrant",
        "menge_l_min": 1600,
        "quellkarte": "03_Foehr_ges_Quer.pdf",
        "ortsname": "Föhr",
        "ortsquelle": "03_Foehr_ges_Quer.pdf",
        "zuordnungsabstand_relativ": 0.895,
        "pdf_x_pt": 1086.675,
        "pdf_y_von_oben_pt": 1706.31,
        "koordinatenquelle": "eingebettete GeoPDF-Georeferenzierung",
        "lagehinweis": "kartografische Symbolposition; nicht vermessungstechnisch oder vor Ort bestätigt",
        "marker-color": "#1565c0",
        "marker-symbol": "fire-station",
        "marker-size": "medium",
        "title": "749 - Hydrant"
      }
    },
    {
      "type": "Feature",
      "id": "751",
      "geometry": {
        "type": "Point",
        "coordinates": [
          8.462447,
          54.701707
        ]
      },
      "properties": {
        "id": "751",
        "typ": "Hydrant",
        "menge_l_min": 1600,
        "quellkarte": "03_Foehr_ges_Quer.pdf",
        "ortsname": "Föhr",
        "ortsquelle": "03_Foehr_ges_Quer.pdf",
        "zuordnungsabstand_relativ": 0.812,
        "pdf_x_pt": 1224.369,
        "pdf_y_von_oben_pt": 1621.704,
        "koordinatenquelle": "eingebettete GeoPDF-Georeferenzierung",
        "lagehinweis": "kartografische Symbolposition; nicht vermessungstechnisch oder vor Ort bestätigt",
        "marker-color": "#1565c0",
        "marker-symbol": "fire-station",
        "marker-size": "medium",
        "title": "751 - Hydrant"
      }
    },
    {
      "type": "Feature",
      "id": "752",
      "geometry": {
        "type": "Point",
        "coordinates": [
          8.462392,
          54.701665
        ]
      },
      "properties": {
        "id": "752",
        "typ": "Hydrant",
        "menge_l_min": 1600,
        "quellkarte": "03_Foehr_ges_Quer.pdf",
        "ortsname": "Föhr",
        "ortsquelle": "03_Foehr_ges_Quer.pdf",
        "zuordnungsabstand_relativ": 0.922,
        "pdf_x_pt": 1223.358,
        "pdf_y_von_oben_pt": 1623.014,
        "koordinatenquelle": "eingebettete GeoPDF-Georeferenzierung",
        "lagehinweis": "kartografische Symbolposition; nicht vermessungstechnisch oder vor Ort bestätigt",
        "marker-color": "#1565c0",
        "marker-symbol": "fire-station",
        "marker-size": "medium",
        "title": "752 - Hydrant"
      }
    },
    {
      "type": "Feature",
      "id": "753",
      "geometry": {
        "type": "Point",
        "coordinates": [
          8.460715,
          54.701415
        ]
      },
      "properties": {
        "id": "753",
        "typ": "Hydrant",
        "menge_l_min": 1600,
        "quellkarte": "03_Foehr_ges_Quer.pdf",
        "ortsname": "Föhr",
        "ortsquelle": "03_Foehr_ges_Quer.pdf",
        "zuordnungsabstand_relativ": 1.119,
        "pdf_x_pt": 1192.672,
        "pdf_y_von_oben_pt": 1630.677,
        "koordinatenquelle": "eingebettete GeoPDF-Georeferenzierung",
        "lagehinweis": "kartografische Symbolposition; nicht vermessungstechnisch oder vor Ort bestätigt",
        "marker-color": "#1565c0",
        "marker-symbol": "fire-station",
        "marker-size": "medium",
        "title": "753 - Hydrant"
      }
    },
    {
      "type": "Feature",
      "id": "754",
      "geometry": {
        "type": "Point",
        "coordinates": [
          8.459482,
          54.702021
        ]
      },
      "properties": {
        "id": "754",
        "typ": "Hydrant",
        "menge_l_min": 1600,
        "quellkarte": "03_Foehr_ges_Quer.pdf",
        "ortsname": "Föhr",
        "ortsquelle": "03_Foehr_ges_Quer.pdf",
        "zuordnungsabstand_relativ": 1.192,
        "pdf_x_pt": 1170.301,
        "pdf_y_von_oben_pt": 1611.398,
        "koordinatenquelle": "eingebettete GeoPDF-Georeferenzierung",
        "lagehinweis": "kartografische Symbolposition; nicht vermessungstechnisch oder vor Ort bestätigt",
        "marker-color": "#1565c0",
        "marker-symbol": "fire-station",
        "marker-size": "medium",
        "title": "754 - Hydrant"
      }
    },
    {
      "type": "Feature",
      "id": "755",
      "geometry": {
        "type": "Point",
        "coordinates": [
          8.458057,
          54.702023
        ]
      },
      "properties": {
        "id": "755",
        "typ": "Hydrant",
        "menge_l_min": 1600,
        "quellkarte": "03_Foehr_ges_Quer.pdf",
        "ortsname": "Föhr",
        "ortsquelle": "03_Foehr_ges_Quer.pdf",
        "zuordnungsabstand_relativ": 1.09,
        "pdf_x_pt": 1144.263,
        "pdf_y_von_oben_pt": 1611.172,
        "koordinatenquelle": "eingebettete GeoPDF-Georeferenzierung",
        "lagehinweis": "kartografische Symbolposition; nicht vermessungstechnisch oder vor Ort bestätigt",
        "marker-color": "#1565c0",
        "marker-symbol": "fire-station",
        "marker-size": "medium",
        "title": "755 - Hydrant"
      }
    },
    {
      "type": "Feature",
      "id": "757",
      "geometry": {
        "type": "Point",
        "coordinates": [
          8.458743,
          54.702592
        ]
      },
      "properties": {
        "id": "757",
        "typ": "Bohrbrunnen",
        "menge_l_min": null,
        "quellkarte": "03_Foehr_ges_Quer.pdf",
        "ortsname": "Föhr",
        "ortsquelle": "03_Foehr_ges_Quer.pdf",
        "zuordnungsabstand_relativ": 0.959,
        "pdf_x_pt": 1156.932,
        "pdf_y_von_oben_pt": 1593.312,
        "koordinatenquelle": "eingebettete GeoPDF-Georeferenzierung",
        "lagehinweis": "kartografische Symbolposition; nicht vermessungstechnisch oder vor Ort bestätigt",
        "marker-color": "#f9a825",
        "marker-symbol": "water",
        "marker-size": "medium",
        "title": "757 - Bohrbrunnen"
      }
    },
    {
      "type": "Feature",
      "id": "758",
      "geometry": {
        "type": "Point",
        "coordinates": [
          8.458727,
          54.703591
        ]
      },
      "properties": {
        "id": "758",
        "typ": "Hydrant",
        "menge_l_min": 1600,
        "quellkarte": "03_Foehr_ges_Quer.pdf",
        "ortsname": "Föhr",
        "ortsquelle": "03_Foehr_ges_Quer.pdf",
        "zuordnungsabstand_relativ": 0.854,
        "pdf_x_pt": 1156.878,
        "pdf_y_von_oben_pt": 1561.805,
        "koordinatenquelle": "eingebettete GeoPDF-Georeferenzierung",
        "lagehinweis": "kartografische Symbolposition; nicht vermessungstechnisch oder vor Ort bestätigt",
        "marker-color": "#1565c0",
        "marker-symbol": "fire-station",
        "marker-size": "medium",
        "title": "758 - Hydrant"
      }
    },
    {
      "type": "Feature",
      "id": "759",
      "geometry": {
        "type": "Point",
        "coordinates": [
          8.457807,
          54.704527
        ]
      },
      "properties": {
        "id": "759",
        "typ": "Hydrant",
        "menge_l_min": 800,
        "quellkarte": "03_Foehr_ges_Quer.pdf",
        "ortsname": "Föhr",
        "ortsquelle": "03_Foehr_ges_Quer.pdf",
        "zuordnungsabstand_relativ": 0.852,
        "pdf_x_pt": 1140.318,
        "pdf_y_von_oben_pt": 1532.155,
        "koordinatenquelle": "eingebettete GeoPDF-Georeferenzierung",
        "lagehinweis": "kartografische Symbolposition; nicht vermessungstechnisch oder vor Ort bestätigt",
        "marker-color": "#1565c0",
        "marker-symbol": "fire-station",
        "marker-size": "medium",
        "title": "759 - Hydrant"
      }
    },
    {
      "type": "Feature",
      "id": "761",
      "geometry": {
        "type": "Point",
        "coordinates": [
          8.45458,
          54.702349
        ]
      },
      "properties": {
        "id": "761",
        "typ": "Hydrant",
        "menge_l_min": 1600,
        "quellkarte": "03_Foehr_ges_Quer.pdf",
        "ortsname": "Föhr",
        "ortsquelle": "03_Foehr_ges_Quer.pdf",
        "zuordnungsabstand_relativ": 0.968,
        "pdf_x_pt": 1080.847,
        "pdf_y_von_oben_pt": 1600.42,
        "koordinatenquelle": "eingebettete GeoPDF-Georeferenzierung",
        "lagehinweis": "kartografische Symbolposition; nicht vermessungstechnisch oder vor Ort bestätigt",
        "marker-color": "#1565c0",
        "marker-symbol": "fire-station",
        "marker-size": "medium",
        "title": "761 - Hydrant"
      }
    },
    {
      "type": "Feature",
      "id": "762",
      "geometry": {
        "type": "Point",
        "coordinates": [
          8.453458,
          54.702638
        ]
      },
      "properties": {
        "id": "762",
        "typ": "Hydrant",
        "menge_l_min": 800,
        "quellkarte": "03_Foehr_ges_Quer.pdf",
        "ortsname": "Föhr",
        "ortsquelle": "03_Foehr_ges_Quer.pdf",
        "zuordnungsabstand_relativ": 0.513,
        "pdf_x_pt": 1060.426,
        "pdf_y_von_oben_pt": 1591.151,
        "koordinatenquelle": "eingebettete GeoPDF-Georeferenzierung",
        "lagehinweis": "kartografische Symbolposition; nicht vermessungstechnisch oder vor Ort bestätigt",
        "marker-color": "#1565c0",
        "marker-symbol": "fire-station",
        "marker-size": "medium",
        "title": "762 - Hydrant"
      }
    },
    {
      "type": "Feature",
      "id": "763",
      "geometry": {
        "type": "Point",
        "coordinates": [
          8.452322,
          54.703007
        ]
      },
      "properties": {
        "id": "763",
        "typ": "Hydrant",
        "menge_l_min": 800,
        "quellkarte": "03_Foehr_ges_Quer.pdf",
        "ortsname": "Föhr",
        "ortsquelle": "03_Foehr_ges_Quer.pdf",
        "zuordnungsabstand_relativ": 0.924,
        "pdf_x_pt": 1039.781,
        "pdf_y_von_oben_pt": 1579.374,
        "koordinatenquelle": "eingebettete GeoPDF-Georeferenzierung",
        "lagehinweis": "kartografische Symbolposition; nicht vermessungstechnisch oder vor Ort bestätigt",
        "marker-color": "#1565c0",
        "marker-symbol": "fire-station",
        "marker-size": "medium",
        "title": "763 - Hydrant"
      }
    },
    {
      "type": "Feature",
      "id": "765",
      "geometry": {
        "type": "Point",
        "coordinates": [
          8.453063,
          54.704261
        ]
      },
      "properties": {
        "id": "765",
        "typ": "Bohrbrunnen",
        "menge_l_min": null,
        "quellkarte": "03_Foehr_ges_Quer.pdf",
        "ortsname": "Föhr",
        "ortsquelle": "03_Foehr_ges_Quer.pdf",
        "zuordnungsabstand_relativ": 0.584,
        "pdf_x_pt": 1053.619,
        "pdf_y_von_oben_pt": 1539.932,
        "koordinatenquelle": "eingebettete GeoPDF-Georeferenzierung",
        "lagehinweis": "kartografische Symbolposition; nicht vermessungstechnisch oder vor Ort bestätigt",
        "marker-color": "#f9a825",
        "marker-symbol": "water",
        "marker-size": "medium",
        "title": "765 - Bohrbrunnen"
      }
    },
    {
      "type": "Feature",
      "id": "766",
      "geometry": {
        "type": "Point",
        "coordinates": [
          8.454898,
          54.705184
        ]
      },
      "properties": {
        "id": "766",
        "typ": "Hydrant",
        "menge_l_min": 800,
        "quellkarte": "03_Foehr_ges_Quer.pdf",
        "ortsname": "Föhr",
        "ortsquelle": "03_Foehr_ges_Quer.pdf",
        "zuordnungsabstand_relativ": 0.781,
        "pdf_x_pt": 1087.343,
        "pdf_y_von_oben_pt": 1511.063,
        "koordinatenquelle": "eingebettete GeoPDF-Georeferenzierung",
        "lagehinweis": "kartografische Symbolposition; nicht vermessungstechnisch oder vor Ort bestätigt",
        "marker-color": "#1565c0",
        "marker-symbol": "fire-station",
        "marker-size": "medium",
        "title": "766 - Hydrant"
      }
    },
    {
      "type": "Feature",
      "id": "767",
      "geometry": {
        "type": "Point",
        "coordinates": [
          8.444231,
          54.708363
        ]
      },
      "properties": {
        "id": "767",
        "typ": "Hydrant",
        "menge_l_min": 400,
        "quellkarte": "03_Foehr_ges_Quer.pdf",
        "ortsname": "Föhr",
        "ortsquelle": "03_Foehr_ges_Quer.pdf",
        "zuordnungsabstand_relativ": 0.926,
        "pdf_x_pt": 893.347,
        "pdf_y_von_oben_pt": 1409.413,
        "koordinatenquelle": "eingebettete GeoPDF-Georeferenzierung",
        "lagehinweis": "kartografische Symbolposition; nicht vermessungstechnisch oder vor Ort bestätigt",
        "marker-color": "#1565c0",
        "marker-symbol": "fire-station",
        "marker-size": "medium",
        "title": "767 - Hydrant"
      }
    },
    {
      "type": "Feature",
      "id": "774",
      "geometry": {
        "type": "Point",
        "coordinates": [
          8.479293,
          54.719884
        ]
      },
      "properties": {
        "id": "774",
        "typ": "Hydrant",
        "menge_l_min": 800,
        "quellkarte": "03_Foehr_ges_Quer.pdf",
        "ortsname": "Föhr",
        "ortsquelle": "03_Foehr_ges_Quer.pdf",
        "zuordnungsabstand_relativ": 0.814,
        "pdf_x_pt": 1536.258,
        "pdf_y_von_oben_pt": 1050.808,
        "koordinatenquelle": "eingebettete GeoPDF-Georeferenzierung",
        "lagehinweis": "kartografische Symbolposition; nicht vermessungstechnisch oder vor Ort bestätigt",
        "marker-color": "#1565c0",
        "marker-symbol": "fire-station",
        "marker-size": "medium",
        "title": "774 - Hydrant"
      }
    },
    {
      "type": "Feature",
      "id": "775",
      "geometry": {
        "type": "Point",
        "coordinates": [
          8.475673,
          54.719915
        ]
      },
      "properties": {
        "id": "775",
        "typ": "Hydrant",
        "menge_l_min": 800,
        "quellkarte": "03_Foehr_ges_Quer.pdf",
        "ortsname": "Föhr",
        "ortsquelle": "03_Foehr_ges_Quer.pdf",
        "zuordnungsabstand_relativ": 0.923,
        "pdf_x_pt": 1470.181,
        "pdf_y_von_oben_pt": 1049.325,
        "koordinatenquelle": "eingebettete GeoPDF-Georeferenzierung",
        "lagehinweis": "kartografische Symbolposition; nicht vermessungstechnisch oder vor Ort bestätigt",
        "marker-color": "#1565c0",
        "marker-symbol": "fire-station",
        "marker-size": "medium",
        "title": "775 - Hydrant"
      }
    },
    {
      "type": "Feature",
      "id": "780",
      "geometry": {
        "type": "Point",
        "coordinates": [
          8.442064,
          54.698037
        ]
      },
      "properties": {
        "id": "780",
        "typ": "Hydrant",
        "menge_l_min": 1600,
        "quellkarte": "03_Foehr_ges_Quer.pdf",
        "ortsname": "Föhr",
        "ortsquelle": "03_Foehr_ges_Quer.pdf",
        "zuordnungsabstand_relativ": 0.833,
        "pdf_x_pt": 851.204,
        "pdf_y_von_oben_pt": 1734.721,
        "koordinatenquelle": "eingebettete GeoPDF-Georeferenzierung",
        "lagehinweis": "kartografische Symbolposition; nicht vermessungstechnisch oder vor Ort bestätigt",
        "marker-color": "#1565c0",
        "marker-symbol": "fire-station",
        "marker-size": "medium",
        "title": "780 - Hydrant"
      }
    },
    {
      "type": "Feature",
      "id": "781",
      "geometry": {
        "type": "Point",
        "coordinates": [
          8.442077,
          54.698991
        ]
      },
      "properties": {
        "id": "781",
        "typ": "Hydrant",
        "menge_l_min": 1600,
        "quellkarte": "03_Foehr_ges_Quer.pdf",
        "ortsname": "Föhr",
        "ortsquelle": "03_Foehr_ges_Quer.pdf",
        "zuordnungsabstand_relativ": 0.972,
        "pdf_x_pt": 851.672,
        "pdf_y_von_oben_pt": 1704.643,
        "koordinatenquelle": "eingebettete GeoPDF-Georeferenzierung",
        "lagehinweis": "kartografische Symbolposition; nicht vermessungstechnisch oder vor Ort bestätigt",
        "marker-color": "#1565c0",
        "marker-symbol": "fire-station",
        "marker-size": "medium",
        "title": "781 - Hydrant"
      }
    },
    {
      "type": "Feature",
      "id": "782",
      "geometry": {
        "type": "Point",
        "coordinates": [
          8.442472,
          54.699919
        ]
      },
      "properties": {
        "id": "782",
        "typ": "Hydrant",
        "menge_l_min": 800,
        "quellkarte": "03_Foehr_ges_Quer.pdf",
        "ortsname": "Föhr",
        "ortsquelle": "03_Foehr_ges_Quer.pdf",
        "zuordnungsabstand_relativ": 0.787,
        "pdf_x_pt": 859.119,
        "pdf_y_von_oben_pt": 1675.411,
        "koordinatenquelle": "eingebettete GeoPDF-Georeferenzierung",
        "lagehinweis": "kartografische Symbolposition; nicht vermessungstechnisch oder vor Ort bestätigt",
        "marker-color": "#1565c0",
        "marker-symbol": "fire-station",
        "marker-size": "medium",
        "title": "782 - Hydrant"
      }
    },
    {
      "type": "Feature",
      "id": "783",
      "geometry": {
        "type": "Point",
        "coordinates": [
          8.439634,
          54.700444
        ]
      },
      "properties": {
        "id": "783",
        "typ": "Hydrant",
        "menge_l_min": 800,
        "quellkarte": "03_Foehr_ges_Quer.pdf",
        "ortsname": "Föhr",
        "ortsquelle": "03_Foehr_ges_Quer.pdf",
        "zuordnungsabstand_relativ": 1.138,
        "pdf_x_pt": 807.424,
        "pdf_y_von_oben_pt": 1658.489,
        "koordinatenquelle": "eingebettete GeoPDF-Georeferenzierung",
        "lagehinweis": "kartografische Symbolposition; nicht vermessungstechnisch oder vor Ort bestätigt",
        "marker-color": "#1565c0",
        "marker-symbol": "fire-station",
        "marker-size": "medium",
        "title": "783 - Hydrant"
      }
    },
    {
      "type": "Feature",
      "id": "784",
      "geometry": {
        "type": "Point",
        "coordinates": [
          8.439949,
          54.699074
        ]
      },
      "properties": {
        "id": "784",
        "typ": "Bohrbrunnen",
        "menge_l_min": null,
        "quellkarte": "03_Foehr_ges_Quer.pdf",
        "ortsname": "Föhr",
        "ortsquelle": "03_Foehr_ges_Quer.pdf",
        "zuordnungsabstand_relativ": 1.171,
        "pdf_x_pt": 812.829,
        "pdf_y_von_oben_pt": 1701.729,
        "koordinatenquelle": "eingebettete GeoPDF-Georeferenzierung",
        "lagehinweis": "kartografische Symbolposition; nicht vermessungstechnisch oder vor Ort bestätigt",
        "marker-color": "#f9a825",
        "marker-symbol": "water",
        "marker-size": "medium",
        "title": "784 - Bohrbrunnen"
      }
    },
    {
      "type": "Feature",
      "id": "785",
      "geometry": {
        "type": "Point",
        "coordinates": [
          8.439637,
          54.698829
        ]
      },
      "properties": {
        "id": "785",
        "typ": "Hydrant",
        "menge_l_min": 1600,
        "quellkarte": "03_Foehr_ges_Quer.pdf",
        "ortsname": "Föhr",
        "ortsquelle": "03_Foehr_ges_Quer.pdf",
        "zuordnungsabstand_relativ": 0.855,
        "pdf_x_pt": 807.074,
        "pdf_y_von_oben_pt": 1709.421,
        "koordinatenquelle": "eingebettete GeoPDF-Georeferenzierung",
        "lagehinweis": "kartografische Symbolposition; nicht vermessungstechnisch oder vor Ort bestätigt",
        "marker-color": "#1565c0",
        "marker-symbol": "fire-station",
        "marker-size": "medium",
        "title": "785 - Hydrant"
      }
    },
    {
      "type": "Feature",
      "id": "786",
      "geometry": {
        "type": "Point",
        "coordinates": [
          8.434268,
          54.699915
        ]
      },
      "properties": {
        "id": "786",
        "typ": "Hydrant",
        "menge_l_min": 1600,
        "quellkarte": "03_Foehr_ges_Quer.pdf",
        "ortsname": "Föhr",
        "ortsquelle": "03_Foehr_ges_Quer.pdf",
        "zuordnungsabstand_relativ": 1.139,
        "pdf_x_pt": 709.292,
        "pdf_y_von_oben_pt": 1674.44,
        "koordinatenquelle": "eingebettete GeoPDF-Georeferenzierung",
        "lagehinweis": "kartografische Symbolposition; nicht vermessungstechnisch oder vor Ort bestätigt",
        "marker-color": "#1565c0",
        "marker-symbol": "fire-station",
        "marker-size": "medium",
        "title": "786 - Hydrant"
      }
    },
    {
      "type": "Feature",
      "id": "789",
      "geometry": {
        "type": "Point",
        "coordinates": [
          8.434535,
          54.701465
        ]
      },
      "properties": {
        "id": "789",
        "typ": "Hydrant",
        "menge_l_min": 1600,
        "quellkarte": "03_Foehr_ges_Quer.pdf",
        "ortsname": "Föhr",
        "ortsquelle": "03_Foehr_ges_Quer.pdf",
        "zuordnungsabstand_relativ": 0.877,
        "pdf_x_pt": 714.57,
        "pdf_y_von_oben_pt": 1625.603,
        "koordinatenquelle": "eingebettete GeoPDF-Georeferenzierung",
        "lagehinweis": "kartografische Symbolposition; nicht vermessungstechnisch oder vor Ort bestätigt",
        "marker-color": "#1565c0",
        "marker-symbol": "fire-station",
        "marker-size": "medium",
        "title": "789 - Hydrant"
      }
    },
    {
      "type": "Feature",
      "id": "795",
      "geometry": {
        "type": "Point",
        "coordinates": [
          8.464166,
          54.729741
        ]
      },
      "properties": {
        "id": "795",
        "typ": "Hydrant",
        "menge_l_min": 800,
        "quellkarte": "03_Foehr_ges_Quer.pdf",
        "ortsname": "Föhr",
        "ortsquelle": "03_Foehr_ges_Quer.pdf",
        "zuordnungsabstand_relativ": 1.083,
        "pdf_x_pt": 1262.494,
        "pdf_y_von_oben_pt": 737.953,
        "koordinatenquelle": "eingebettete GeoPDF-Georeferenzierung",
        "lagehinweis": "kartografische Symbolposition; nicht vermessungstechnisch oder vor Ort bestätigt",
        "marker-color": "#1565c0",
        "marker-symbol": "fire-station",
        "marker-size": "medium",
        "title": "795 - Hydrant"
      }
    },
    {
      "type": "Feature",
      "id": "796",
      "geometry": {
        "type": "Point",
        "coordinates": [
          8.464304,
          54.7292
        ]
      },
      "properties": {
        "id": "796",
        "typ": "Hydrant",
        "menge_l_min": 800,
        "quellkarte": "03_Foehr_ges_Quer.pdf",
        "ortsname": "Föhr",
        "ortsquelle": "03_Foehr_ges_Quer.pdf",
        "zuordnungsabstand_relativ": 0.836,
        "pdf_x_pt": 1264.879,
        "pdf_y_von_oben_pt": 755.047,
        "koordinatenquelle": "eingebettete GeoPDF-Georeferenzierung",
        "lagehinweis": "kartografische Symbolposition; nicht vermessungstechnisch oder vor Ort bestätigt",
        "marker-color": "#1565c0",
        "marker-symbol": "fire-station",
        "marker-size": "medium",
        "title": "796 - Hydrant"
      }
    },
    {
      "type": "Feature",
      "id": "797",
      "geometry": {
        "type": "Point",
        "coordinates": [
          8.463844,
          54.731274
        ]
      },
      "properties": {
        "id": "797",
        "typ": "Saugstelle",
        "menge_l_min": null,
        "quellkarte": "03_Foehr_ges_Quer.pdf",
        "ortsname": "Föhr",
        "ortsquelle": "03_Foehr_ges_Quer.pdf",
        "zuordnungsabstand_relativ": 1.091,
        "pdf_x_pt": 1256.982,
        "pdf_y_von_oben_pt": 689.571,
        "koordinatenquelle": "eingebettete GeoPDF-Georeferenzierung",
        "lagehinweis": "kartografische Symbolposition; nicht vermessungstechnisch oder vor Ort bestätigt",
        "marker-color": "#00897b",
        "marker-symbol": "harbor",
        "marker-size": "medium",
        "title": "797 - Saugstelle"
      }
    },
    {
      "type": "Feature",
      "id": "798",
      "geometry": {
        "type": "Point",
        "coordinates": [
          8.463352,
          54.730256
        ]
      },
      "properties": {
        "id": "798",
        "typ": "Hydrant",
        "menge_l_min": 800,
        "quellkarte": "03_Foehr_ges_Quer.pdf",
        "ortsname": "Föhr",
        "ortsquelle": "03_Foehr_ges_Quer.pdf",
        "zuordnungsabstand_relativ": 1.171,
        "pdf_x_pt": 1247.752,
        "pdf_y_von_oben_pt": 721.626,
        "koordinatenquelle": "eingebettete GeoPDF-Georeferenzierung",
        "lagehinweis": "kartografische Symbolposition; nicht vermessungstechnisch oder vor Ort bestätigt",
        "marker-color": "#1565c0",
        "marker-symbol": "fire-station",
        "marker-size": "medium",
        "title": "798 - Hydrant"
      }
    },
    {
      "type": "Feature",
      "id": "799",
      "geometry": {
        "type": "Point",
        "coordinates": [
          8.463608,
          54.728861
        ]
      },
      "properties": {
        "id": "799",
        "typ": "Hydrant",
        "menge_l_min": 800,
        "quellkarte": "03_Foehr_ges_Quer.pdf",
        "ortsname": "Föhr",
        "ortsquelle": "03_Foehr_ges_Quer.pdf",
        "zuordnungsabstand_relativ": 1.144,
        "pdf_x_pt": 1252.099,
        "pdf_y_von_oben_pt": 765.649,
        "koordinatenquelle": "eingebettete GeoPDF-Georeferenzierung",
        "lagehinweis": "kartografische Symbolposition; nicht vermessungstechnisch oder vor Ort bestätigt",
        "marker-color": "#1565c0",
        "marker-symbol": "fire-station",
        "marker-size": "medium",
        "title": "799 - Hydrant"
      }
    },
    {
      "type": "Feature",
      "id": "801",
      "geometry": {
        "type": "Point",
        "coordinates": [
          8.462757,
          54.7289
        ]
      },
      "properties": {
        "id": "801",
        "typ": "Hydrant",
        "menge_l_min": 800,
        "quellkarte": "03_Foehr_ges_Quer.pdf",
        "ortsname": "Föhr",
        "ortsquelle": "03_Foehr_ges_Quer.pdf",
        "zuordnungsabstand_relativ": 1.655,
        "pdf_x_pt": 1236.582,
        "pdf_y_von_oben_pt": 764.303,
        "koordinatenquelle": "eingebettete GeoPDF-Georeferenzierung",
        "lagehinweis": "kartografische Symbolposition; nicht vermessungstechnisch oder vor Ort bestätigt",
        "marker-color": "#1565c0",
        "marker-symbol": "fire-station",
        "marker-size": "medium",
        "title": "801 - Hydrant"
      }
    },
    {
      "type": "Feature",
      "id": "802",
      "geometry": {
        "type": "Point",
        "coordinates": [
          8.462187,
          54.728084
        ]
      },
      "properties": {
        "id": "802",
        "typ": "Hydrant",
        "menge_l_min": 800,
        "quellkarte": "03_Foehr_ges_Quer.pdf",
        "ortsname": "Föhr",
        "ortsquelle": "03_Foehr_ges_Quer.pdf",
        "zuordnungsabstand_relativ": 1.316,
        "pdf_x_pt": 1225.975,
        "pdf_y_von_oben_pt": 789.954,
        "koordinatenquelle": "eingebettete GeoPDF-Georeferenzierung",
        "lagehinweis": "kartografische Symbolposition; nicht vermessungstechnisch oder vor Ort bestätigt",
        "marker-color": "#1565c0",
        "marker-symbol": "fire-station",
        "marker-size": "medium",
        "title": "802 - Hydrant"
      }
    },
    {
      "type": "Feature",
      "id": "803",
      "geometry": {
        "type": "Point",
        "coordinates": [
          8.4608,
          54.727892
        ]
      },
      "properties": {
        "id": "803",
        "typ": "Hydrant",
        "menge_l_min": 800,
        "quellkarte": "03_Foehr_ges_Quer.pdf",
        "ortsname": "Föhr",
        "ortsquelle": "03_Foehr_ges_Quer.pdf",
        "zuordnungsabstand_relativ": 1.118,
        "pdf_x_pt": 1200.615,
        "pdf_y_von_oben_pt": 795.832,
        "koordinatenquelle": "eingebettete GeoPDF-Georeferenzierung",
        "lagehinweis": "kartografische Symbolposition; nicht vermessungstechnisch oder vor Ort bestätigt",
        "marker-color": "#1565c0",
        "marker-symbol": "fire-station",
        "marker-size": "medium",
        "title": "803 - Hydrant"
      }
    },
    {
      "type": "Feature",
      "id": "804",
      "geometry": {
        "type": "Point",
        "coordinates": [
          8.462125,
          54.730876
        ]
      },
      "properties": {
        "id": "804",
        "typ": "Hydrant",
        "menge_l_min": 800,
        "quellkarte": "03_Foehr_ges_Quer.pdf",
        "ortsname": "Föhr",
        "ortsquelle": "03_Foehr_ges_Quer.pdf",
        "zuordnungsabstand_relativ": 0.902,
        "pdf_x_pt": 1225.512,
        "pdf_y_von_oben_pt": 701.898,
        "koordinatenquelle": "eingebettete GeoPDF-Georeferenzierung",
        "lagehinweis": "kartografische Symbolposition; nicht vermessungstechnisch oder vor Ort bestätigt",
        "marker-color": "#1565c0",
        "marker-symbol": "fire-station",
        "marker-size": "medium",
        "title": "804 - Hydrant"
      }
    },
    {
      "type": "Feature",
      "id": "805",
      "geometry": {
        "type": "Point",
        "coordinates": [
          8.46106,
          54.73096
        ]
      },
      "properties": {
        "id": "805",
        "typ": "Hydrant",
        "menge_l_min": 800,
        "quellkarte": "03_Foehr_ges_Quer.pdf",
        "ortsname": "Föhr",
        "ortsquelle": "03_Foehr_ges_Quer.pdf",
        "zuordnungsabstand_relativ": 0.88,
        "pdf_x_pt": 1206.097,
        "pdf_y_von_oben_pt": 699.105,
        "koordinatenquelle": "eingebettete GeoPDF-Georeferenzierung",
        "lagehinweis": "kartografische Symbolposition; nicht vermessungstechnisch oder vor Ort bestätigt",
        "marker-color": "#1565c0",
        "marker-symbol": "fire-station",
        "marker-size": "medium",
        "title": "805 - Hydrant"
      }
    },
    {
      "type": "Feature",
      "id": "807",
      "geometry": {
        "type": "Point",
        "coordinates": [
          8.461182,
          54.729219
        ]
      },
      "properties": {
        "id": "807",
        "typ": "Hydrant",
        "menge_l_min": 800,
        "quellkarte": "03_Foehr_ges_Quer.pdf",
        "ortsname": "Föhr",
        "ortsquelle": "03_Foehr_ges_Quer.pdf",
        "zuordnungsabstand_relativ": 0.804,
        "pdf_x_pt": 1207.911,
        "pdf_y_von_oben_pt": 754.019,
        "koordinatenquelle": "eingebettete GeoPDF-Georeferenzierung",
        "lagehinweis": "kartografische Symbolposition; nicht vermessungstechnisch oder vor Ort bestätigt",
        "marker-color": "#1565c0",
        "marker-symbol": "fire-station",
        "marker-size": "medium",
        "title": "807 - Hydrant"
      }
    },
    {
      "type": "Feature",
      "id": "808",
      "geometry": {
        "type": "Point",
        "coordinates": [
          8.460076,
          54.72942
        ]
      },
      "properties": {
        "id": "808",
        "typ": "Hydrant",
        "menge_l_min": 800,
        "quellkarte": "03_Foehr_ges_Quer.pdf",
        "ortsname": "Föhr",
        "ortsquelle": "03_Foehr_ges_Quer.pdf",
        "zuordnungsabstand_relativ": 1.223,
        "pdf_x_pt": 1187.772,
        "pdf_y_von_oben_pt": 747.552,
        "koordinatenquelle": "eingebettete GeoPDF-Georeferenzierung",
        "lagehinweis": "kartografische Symbolposition; nicht vermessungstechnisch oder vor Ort bestätigt",
        "marker-color": "#1565c0",
        "marker-symbol": "fire-station",
        "marker-size": "medium",
        "title": "808 - Hydrant"
      }
    },
    {
      "type": "Feature",
      "id": "809",
      "geometry": {
        "type": "Point",
        "coordinates": [
          8.459248,
          54.729546
        ]
      },
      "properties": {
        "id": "809",
        "typ": "Hydrant",
        "menge_l_min": 800,
        "quellkarte": "03_Foehr_ges_Quer.pdf",
        "ortsname": "Föhr",
        "ortsquelle": "03_Foehr_ges_Quer.pdf",
        "zuordnungsabstand_relativ": 1.273,
        "pdf_x_pt": 1172.694,
        "pdf_y_von_oben_pt": 743.47,
        "koordinatenquelle": "eingebettete GeoPDF-Georeferenzierung",
        "lagehinweis": "kartografische Symbolposition; nicht vermessungstechnisch oder vor Ort bestätigt",
        "marker-color": "#1565c0",
        "marker-symbol": "fire-station",
        "marker-size": "medium",
        "title": "809 - Hydrant"
      }
    },
    {
      "type": "Feature",
      "id": "811",
      "geometry": {
        "type": "Point",
        "coordinates": [
          8.459175,
          54.730975
        ]
      },
      "properties": {
        "id": "811",
        "typ": "Hydrant",
        "menge_l_min": 800,
        "quellkarte": "03_Foehr_ges_Quer.pdf",
        "ortsname": "Föhr",
        "ortsquelle": "03_Foehr_ges_Quer.pdf",
        "zuordnungsabstand_relativ": 0.818,
        "pdf_x_pt": 1171.711,
        "pdf_y_von_oben_pt": 698.382,
        "koordinatenquelle": "eingebettete GeoPDF-Georeferenzierung",
        "lagehinweis": "kartografische Symbolposition; nicht vermessungstechnisch oder vor Ort bestätigt",
        "marker-color": "#1565c0",
        "marker-symbol": "fire-station",
        "marker-size": "medium",
        "title": "811 - Hydrant"
      }
    },
    {
      "type": "Feature",
      "id": "812",
      "geometry": {
        "type": "Point",
        "coordinates": [
          8.457769,
          54.731331
        ]
      },
      "properties": {
        "id": "812",
        "typ": "Hydrant",
        "menge_l_min": 800,
        "quellkarte": "03_Foehr_ges_Quer.pdf",
        "ortsname": "Föhr",
        "ortsquelle": "03_Foehr_ges_Quer.pdf",
        "zuordnungsabstand_relativ": 1.225,
        "pdf_x_pt": 1146.127,
        "pdf_y_von_oben_pt": 686.979,
        "koordinatenquelle": "eingebettete GeoPDF-Georeferenzierung",
        "lagehinweis": "kartografische Symbolposition; nicht vermessungstechnisch oder vor Ort bestätigt",
        "marker-color": "#1565c0",
        "marker-symbol": "fire-station",
        "marker-size": "medium",
        "title": "812 - Hydrant"
      }
    },
    {
      "type": "Feature",
      "id": "813",
      "geometry": {
        "type": "Point",
        "coordinates": [
          8.45627,
          54.728507
        ]
      },
      "properties": {
        "id": "813",
        "typ": "Hydrant",
        "menge_l_min": 800,
        "quellkarte": "03_Foehr_ges_Quer.pdf",
        "ortsname": "Föhr",
        "ortsquelle": "03_Foehr_ges_Quer.pdf",
        "zuordnungsabstand_relativ": 0.888,
        "pdf_x_pt": 1118.085,
        "pdf_y_von_oben_pt": 775.827,
        "koordinatenquelle": "eingebettete GeoPDF-Georeferenzierung",
        "lagehinweis": "kartografische Symbolposition; nicht vermessungstechnisch oder vor Ort bestätigt",
        "marker-color": "#1565c0",
        "marker-symbol": "fire-station",
        "marker-size": "medium",
        "title": "813 - Hydrant"
      }
    },
    {
      "type": "Feature",
      "id": "814",
      "geometry": {
        "type": "Point",
        "coordinates": [
          8.45575,
          54.731687
        ]
      },
      "properties": {
        "id": "814",
        "typ": "Hydrant",
        "menge_l_min": 800,
        "quellkarte": "03_Foehr_ges_Quer.pdf",
        "ortsname": "Föhr",
        "ortsquelle": "03_Foehr_ges_Quer.pdf",
        "zuordnungsabstand_relativ": 0.835,
        "pdf_x_pt": 1109.364,
        "pdf_y_von_oben_pt": 675.477,
        "koordinatenquelle": "eingebettete GeoPDF-Georeferenzierung",
        "lagehinweis": "kartografische Symbolposition; nicht vermessungstechnisch oder vor Ort bestätigt",
        "marker-color": "#1565c0",
        "marker-symbol": "fire-station",
        "marker-size": "medium",
        "title": "814 - Hydrant"
      }
    },
    {
      "type": "Feature",
      "id": "815",
      "geometry": {
        "type": "Point",
        "coordinates": [
          8.456229,
          54.73258
        ]
      },
      "properties": {
        "id": "815",
        "typ": "Saugstelle",
        "menge_l_min": null,
        "quellkarte": "03_Foehr_ges_Quer.pdf",
        "ortsname": "Föhr",
        "ortsquelle": "03_Foehr_ges_Quer.pdf",
        "zuordnungsabstand_relativ": 1.091,
        "pdf_x_pt": 1118.329,
        "pdf_y_von_oben_pt": 647.4,
        "koordinatenquelle": "eingebettete GeoPDF-Georeferenzierung",
        "lagehinweis": "kartografische Symbolposition; nicht vermessungstechnisch oder vor Ort bestätigt",
        "marker-color": "#00897b",
        "marker-symbol": "harbor",
        "marker-size": "medium",
        "title": "815 - Saugstelle"
      }
    },
    {
      "type": "Feature",
      "id": "816",
      "geometry": {
        "type": "Point",
        "coordinates": [
          8.454471,
          54.731698
        ]
      },
      "properties": {
        "id": "816",
        "typ": "Hydrant",
        "menge_l_min": 800,
        "quellkarte": "03_Foehr_ges_Quer.pdf",
        "ortsname": "Föhr",
        "ortsquelle": "03_Foehr_ges_Quer.pdf",
        "zuordnungsabstand_relativ": 0.78,
        "pdf_x_pt": 1086.027,
        "pdf_y_von_oben_pt": 674.961,
        "koordinatenquelle": "eingebettete GeoPDF-Georeferenzierung",
        "lagehinweis": "kartografische Symbolposition; nicht vermessungstechnisch oder vor Ort bestätigt",
        "marker-color": "#1565c0",
        "marker-symbol": "fire-station",
        "marker-size": "medium",
        "title": "816 - Hydrant"
      }
    },
    {
      "type": "Feature",
      "id": "817",
      "geometry": {
        "type": "Point",
        "coordinates": [
          8.452996,
          54.730245
        ]
      },
      "properties": {
        "id": "817",
        "typ": "Bohrbrunnen",
        "menge_l_min": null,
        "quellkarte": "03_Foehr_ges_Quer.pdf",
        "ortsname": "Föhr",
        "ortsquelle": "03_Foehr_ges_Quer.pdf",
        "zuordnungsabstand_relativ": 0.961,
        "pdf_x_pt": 1058.763,
        "pdf_y_von_oben_pt": 720.587,
        "koordinatenquelle": "eingebettete GeoPDF-Georeferenzierung",
        "lagehinweis": "kartografische Symbolposition; nicht vermessungstechnisch oder vor Ort bestätigt",
        "marker-color": "#f9a825",
        "marker-symbol": "water",
        "marker-size": "medium",
        "title": "817 - Bohrbrunnen"
      }
    },
    {
      "type": "Feature",
      "id": "818",
      "geometry": {
        "type": "Point",
        "coordinates": [
          8.452393,
          54.730025
        ]
      },
      "properties": {
        "id": "818",
        "typ": "Hydrant",
        "menge_l_min": 800,
        "quellkarte": "03_Foehr_ges_Quer.pdf",
        "ortsname": "Föhr",
        "ortsquelle": "03_Foehr_ges_Quer.pdf",
        "zuordnungsabstand_relativ": 0.934,
        "pdf_x_pt": 1047.71,
        "pdf_y_von_oben_pt": 727.453,
        "koordinatenquelle": "eingebettete GeoPDF-Georeferenzierung",
        "lagehinweis": "kartografische Symbolposition; nicht vermessungstechnisch oder vor Ort bestätigt",
        "marker-color": "#1565c0",
        "marker-symbol": "fire-station",
        "marker-size": "medium",
        "title": "818 - Hydrant"
      }
    },
    {
      "type": "Feature",
      "id": "819",
      "geometry": {
        "type": "Point",
        "coordinates": [
          8.453089,
          54.732094
        ]
      },
      "properties": {
        "id": "819",
        "typ": "Hydrant",
        "menge_l_min": 800,
        "quellkarte": "03_Foehr_ges_Quer.pdf",
        "ortsname": "Föhr",
        "ortsquelle": "03_Foehr_ges_Quer.pdf",
        "zuordnungsabstand_relativ": 0.859,
        "pdf_x_pt": 1060.916,
        "pdf_y_von_oben_pt": 662.306,
        "koordinatenquelle": "eingebettete GeoPDF-Georeferenzierung",
        "lagehinweis": "kartografische Symbolposition; nicht vermessungstechnisch oder vor Ort bestätigt",
        "marker-color": "#1565c0",
        "marker-symbol": "fire-station",
        "marker-size": "medium",
        "title": "819 - Hydrant"
      }
    },
    {
      "type": "Feature",
      "id": "821",
      "geometry": {
        "type": "Point",
        "coordinates": [
          8.452099,
          54.732724
        ]
      },
      "properties": {
        "id": "821",
        "typ": "Hydrant",
        "menge_l_min": 800,
        "quellkarte": "03_Foehr_ges_Quer.pdf",
        "ortsname": "Föhr",
        "ortsquelle": "03_Foehr_ges_Quer.pdf",
        "zuordnungsabstand_relativ": 1.031,
        "pdf_x_pt": 1042.99,
        "pdf_y_von_oben_pt": 642.312,
        "koordinatenquelle": "eingebettete GeoPDF-Georeferenzierung",
        "lagehinweis": "kartografische Symbolposition; nicht vermessungstechnisch oder vor Ort bestätigt",
        "marker-color": "#1565c0",
        "marker-symbol": "fire-station",
        "marker-size": "medium",
        "title": "821 - Hydrant"
      }
    },
    {
      "type": "Feature",
      "id": "822",
      "geometry": {
        "type": "Point",
        "coordinates": [
          8.449831,
          54.731089
        ]
      },
      "properties": {
        "id": "822",
        "typ": "Hydrant",
        "menge_l_min": 800,
        "quellkarte": "03_Foehr_ges_Quer.pdf",
        "ortsname": "Föhr",
        "ortsquelle": "03_Foehr_ges_Quer.pdf",
        "zuordnungsabstand_relativ": 0.844,
        "pdf_x_pt": 1001.204,
        "pdf_y_von_oben_pt": 693.535,
        "koordinatenquelle": "eingebettete GeoPDF-Georeferenzierung",
        "lagehinweis": "kartografische Symbolposition; nicht vermessungstechnisch oder vor Ort bestätigt",
        "marker-color": "#1565c0",
        "marker-symbol": "fire-station",
        "marker-size": "medium",
        "title": "822 - Hydrant"
      }
    },
    {
      "type": "Feature",
      "id": "823",
      "geometry": {
        "type": "Point",
        "coordinates": [
          8.448758,
          54.730383
        ]
      },
      "properties": {
        "id": "823",
        "typ": "Hydrant",
        "menge_l_min": 800,
        "quellkarte": "03_Foehr_ges_Quer.pdf",
        "ortsname": "Föhr",
        "ortsquelle": "03_Foehr_ges_Quer.pdf",
        "zuordnungsabstand_relativ": 0.907,
        "pdf_x_pt": 981.456,
        "pdf_y_von_oben_pt": 715.682,
        "koordinatenquelle": "eingebettete GeoPDF-Georeferenzierung",
        "lagehinweis": "kartografische Symbolposition; nicht vermessungstechnisch oder vor Ort bestätigt",
        "marker-color": "#1565c0",
        "marker-symbol": "fire-station",
        "marker-size": "medium",
        "title": "823 - Hydrant"
      }
    },
    {
      "type": "Feature",
      "id": "824",
      "geometry": {
        "type": "Point",
        "coordinates": [
          8.44818,
          54.729946
        ]
      },
      "properties": {
        "id": "824",
        "typ": "Hydrant",
        "menge_l_min": 800,
        "quellkarte": "03_Foehr_ges_Quer.pdf",
        "ortsname": "Föhr",
        "ortsquelle": "03_Foehr_ges_Quer.pdf",
        "zuordnungsabstand_relativ": 0.978,
        "pdf_x_pt": 970.803,
        "pdf_y_von_oben_pt": 729.36,
        "koordinatenquelle": "eingebettete GeoPDF-Georeferenzierung",
        "lagehinweis": "kartografische Symbolposition; nicht vermessungstechnisch oder vor Ort bestätigt",
        "marker-color": "#1565c0",
        "marker-symbol": "fire-station",
        "marker-size": "medium",
        "title": "824 - Hydrant"
      }
    },
    {
      "type": "Feature",
      "id": "825",
      "geometry": {
        "type": "Point",
        "coordinates": [
          8.450454,
          54.732969
        ]
      },
      "properties": {
        "id": "825",
        "typ": "Hydrant",
        "menge_l_min": 800,
        "quellkarte": "03_Foehr_ges_Quer.pdf",
        "ortsname": "Föhr",
        "ortsquelle": "03_Foehr_ges_Quer.pdf",
        "zuordnungsabstand_relativ": 0.941,
        "pdf_x_pt": 1013.032,
        "pdf_y_von_oben_pt": 634.362,
        "koordinatenquelle": "eingebettete GeoPDF-Georeferenzierung",
        "lagehinweis": "kartografische Symbolposition; nicht vermessungstechnisch oder vor Ort bestätigt",
        "marker-color": "#1565c0",
        "marker-symbol": "fire-station",
        "marker-size": "medium",
        "title": "825 - Hydrant"
      }
    },
    {
      "type": "Feature",
      "id": "826",
      "geometry": {
        "type": "Point",
        "coordinates": [
          8.449372,
          54.73226
        ]
      },
      "properties": {
        "id": "826",
        "typ": "Hydrant",
        "menge_l_min": 1600,
        "quellkarte": "03_Foehr_ges_Quer.pdf",
        "ortsname": "Föhr",
        "ortsquelle": "03_Foehr_ges_Quer.pdf",
        "zuordnungsabstand_relativ": 0.792,
        "pdf_x_pt": 993.119,
        "pdf_y_von_oben_pt": 656.55,
        "koordinatenquelle": "eingebettete GeoPDF-Georeferenzierung",
        "lagehinweis": "kartografische Symbolposition; nicht vermessungstechnisch oder vor Ort bestätigt",
        "marker-color": "#1565c0",
        "marker-symbol": "fire-station",
        "marker-size": "medium",
        "title": "826 - Hydrant"
      }
    },
    {
      "type": "Feature",
      "id": "827",
      "geometry": {
        "type": "Point",
        "coordinates": [
          8.448303,
          54.731651
        ]
      },
      "properties": {
        "id": "827",
        "typ": "Hydrant",
        "menge_l_min": 1600,
        "quellkarte": "03_Foehr_ges_Quer.pdf",
        "ortsname": "Föhr",
        "ortsquelle": "03_Foehr_ges_Quer.pdf",
        "zuordnungsabstand_relativ": 1.147,
        "pdf_x_pt": 973.462,
        "pdf_y_von_oben_pt": 675.639,
        "koordinatenquelle": "eingebettete GeoPDF-Georeferenzierung",
        "lagehinweis": "kartografische Symbolposition; nicht vermessungstechnisch oder vor Ort bestätigt",
        "marker-color": "#1565c0",
        "marker-symbol": "fire-station",
        "marker-size": "medium",
        "title": "827 - Hydrant"
      }
    },
    {
      "type": "Feature",
      "id": "828",
      "geometry": {
        "type": "Point",
        "coordinates": [
          8.448414,
          54.731695
        ]
      },
      "properties": {
        "id": "828",
        "typ": "Hydrant",
        "menge_l_min": 1600,
        "quellkarte": "03_Foehr_ges_Quer.pdf",
        "ortsname": "Föhr",
        "ortsquelle": "03_Foehr_ges_Quer.pdf",
        "zuordnungsabstand_relativ": 0.723,
        "pdf_x_pt": 975.496,
        "pdf_y_von_oben_pt": 674.263,
        "koordinatenquelle": "eingebettete GeoPDF-Georeferenzierung",
        "lagehinweis": "kartografische Symbolposition; nicht vermessungstechnisch oder vor Ort bestätigt",
        "marker-color": "#1565c0",
        "marker-symbol": "fire-station",
        "marker-size": "medium",
        "title": "828 - Hydrant"
      }
    },
    {
      "type": "Feature",
      "id": "829",
      "geometry": {
        "type": "Point",
        "coordinates": [
          8.447184,
          54.731152
        ]
      },
      "properties": {
        "id": "829",
        "typ": "Hydrant",
        "menge_l_min": 1600,
        "quellkarte": "03_Foehr_ges_Quer.pdf",
        "ortsname": "Föhr",
        "ortsquelle": "03_Foehr_ges_Quer.pdf",
        "zuordnungsabstand_relativ": 1.07,
        "pdf_x_pt": 952.909,
        "pdf_y_von_oben_pt": 691.207,
        "koordinatenquelle": "eingebettete GeoPDF-Georeferenzierung",
        "lagehinweis": "kartografische Symbolposition; nicht vermessungstechnisch oder vor Ort bestätigt",
        "marker-color": "#1565c0",
        "marker-symbol": "fire-station",
        "marker-size": "medium",
        "title": "829 - Hydrant"
      }
    },
    {
      "type": "Feature",
      "id": "831",
      "geometry": {
        "type": "Point",
        "coordinates": [
          8.445671,
          54.730429
        ]
      },
      "properties": {
        "id": "831",
        "typ": "Hydrant",
        "menge_l_min": 1600,
        "quellkarte": "03_Foehr_ges_Quer.pdf",
        "ortsname": "Föhr",
        "ortsquelle": "03_Foehr_ges_Quer.pdf",
        "zuordnungsabstand_relativ": 0.946,
        "pdf_x_pt": 925.135,
        "pdf_y_von_oben_pt": 713.798,
        "koordinatenquelle": "eingebettete GeoPDF-Georeferenzierung",
        "lagehinweis": "kartografische Symbolposition; nicht vermessungstechnisch oder vor Ort bestätigt",
        "marker-color": "#1565c0",
        "marker-symbol": "fire-station",
        "marker-size": "medium",
        "title": "831 - Hydrant"
      }
    },
    {
      "type": "Feature",
      "id": "832",
      "geometry": {
        "type": "Point",
        "coordinates": [
          8.446671,
          54.729918
        ]
      },
      "properties": {
        "id": "832",
        "typ": "Bohrbrunnen",
        "menge_l_min": null,
        "quellkarte": "03_Foehr_ges_Quer.pdf",
        "ortsname": "Föhr",
        "ortsquelle": "03_Foehr_ges_Quer.pdf",
        "zuordnungsabstand_relativ": 0.984,
        "pdf_x_pt": 943.253,
        "pdf_y_von_oben_pt": 730.05,
        "koordinatenquelle": "eingebettete GeoPDF-Georeferenzierung",
        "lagehinweis": "kartografische Symbolposition; nicht vermessungstechnisch oder vor Ort bestätigt",
        "marker-color": "#f9a825",
        "marker-symbol": "water",
        "marker-size": "medium",
        "title": "832 - Bohrbrunnen"
      }
    },
    {
      "type": "Feature",
      "id": "834",
      "geometry": {
        "type": "Point",
        "coordinates": [
          8.448672,
          54.732869
        ]
      },
      "properties": {
        "id": "834",
        "typ": "E-Bohrbrunnen",
        "menge_l_min": null,
        "quellkarte": "03_Foehr_ges_Quer.pdf",
        "ortsname": "Föhr",
        "ortsquelle": "03_Foehr_ges_Quer.pdf",
        "zuordnungsabstand_relativ": 0.99,
        "pdf_x_pt": 980.488,
        "pdf_y_von_oben_pt": 637.274,
        "koordinatenquelle": "eingebettete GeoPDF-Georeferenzierung",
        "lagehinweis": "kartografische Symbolposition; nicht vermessungstechnisch oder vor Ort bestätigt",
        "marker-color": "#8e24aa",
        "marker-symbol": "industrial",
        "marker-size": "medium",
        "title": "834 - E-Bohrbrunnen"
      }
    },
    {
      "type": "Feature",
      "id": "835",
      "geometry": {
        "type": "Point",
        "coordinates": [
          8.44287,
          54.732308
        ]
      },
      "properties": {
        "id": "835",
        "typ": "Hydrant",
        "menge_l_min": 800,
        "quellkarte": "03_Foehr_ges_Quer.pdf",
        "ortsname": "Föhr",
        "ortsquelle": "03_Foehr_ges_Quer.pdf",
        "zuordnungsabstand_relativ": 0.915,
        "pdf_x_pt": 874.478,
        "pdf_y_von_oben_pt": 654.183,
        "koordinatenquelle": "eingebettete GeoPDF-Georeferenzierung",
        "lagehinweis": "kartografische Symbolposition; nicht vermessungstechnisch oder vor Ort bestätigt",
        "marker-color": "#1565c0",
        "marker-symbol": "fire-station",
        "marker-size": "medium",
        "title": "835 - Hydrant"
      }
    },
    {
      "type": "Feature",
      "id": "836",
      "geometry": {
        "type": "Point",
        "coordinates": [
          8.438872,
          54.733411
        ]
      },
      "properties": {
        "id": "836",
        "typ": "Hydrant",
        "menge_l_min": 800,
        "quellkarte": "03_Foehr_ges_Quer.pdf",
        "ortsname": "Föhr",
        "ortsquelle": "03_Foehr_ges_Quer.pdf",
        "zuordnungsabstand_relativ": 0.797,
        "pdf_x_pt": 801.788,
        "pdf_y_von_oben_pt": 618.872,
        "koordinatenquelle": "eingebettete GeoPDF-Georeferenzierung",
        "lagehinweis": "kartografische Symbolposition; nicht vermessungstechnisch oder vor Ort bestätigt",
        "marker-color": "#1565c0",
        "marker-symbol": "fire-station",
        "marker-size": "medium",
        "title": "836 - Hydrant"
      }
    },
    {
      "type": "Feature",
      "id": "838",
      "geometry": {
        "type": "Point",
        "coordinates": [
          8.485988,
          54.741022
        ]
      },
      "properties": {
        "id": "838",
        "typ": "Hydrant",
        "menge_l_min": 800,
        "quellkarte": "03_Foehr_ges_Quer.pdf",
        "ortsname": "Föhr",
        "ortsquelle": "03_Foehr_ges_Quer.pdf",
        "zuordnungsabstand_relativ": 0.946,
        "pdf_x_pt": 1663.337,
        "pdf_y_von_oben_pt": 385.175,
        "koordinatenquelle": "eingebettete GeoPDF-Georeferenzierung",
        "lagehinweis": "kartografische Symbolposition; nicht vermessungstechnisch oder vor Ort bestätigt",
        "marker-color": "#1565c0",
        "marker-symbol": "fire-station",
        "marker-size": "medium",
        "title": "838 - Hydrant"
      }
    },
    {
      "type": "Feature",
      "id": "839",
      "geometry": {
        "type": "Point",
        "coordinates": [
          8.495619,
          54.739167
        ]
      },
      "properties": {
        "id": "839",
        "typ": "Hydrant",
        "menge_l_min": 800,
        "quellkarte": "03_Foehr_ges_Quer.pdf",
        "ortsname": "Föhr",
        "ortsquelle": "03_Foehr_ges_Quer.pdf",
        "zuordnungsabstand_relativ": 0.959,
        "pdf_x_pt": 1838.641,
        "pdf_y_von_oben_pt": 444.94,
        "koordinatenquelle": "eingebettete GeoPDF-Georeferenzierung",
        "lagehinweis": "kartografische Symbolposition; nicht vermessungstechnisch oder vor Ort bestätigt",
        "marker-color": "#1565c0",
        "marker-symbol": "fire-station",
        "marker-size": "medium",
        "title": "839 - Hydrant"
      }
    },
    {
      "type": "Feature",
      "id": "841",
      "geometry": {
        "type": "Point",
        "coordinates": [
          8.466196,
          54.722098
        ]
      },
      "properties": {
        "id": "841",
        "typ": "Hydrant",
        "menge_l_min": 800,
        "quellkarte": "03_Foehr_ges_Quer.pdf",
        "ortsname": "Föhr",
        "ortsquelle": "03_Foehr_ges_Quer.pdf",
        "zuordnungsabstand_relativ": 0.839,
        "pdf_x_pt": 1297.717,
        "pdf_y_von_oben_pt": 979.232,
        "koordinatenquelle": "eingebettete GeoPDF-Georeferenzierung",
        "lagehinweis": "kartografische Symbolposition; nicht vermessungstechnisch oder vor Ort bestätigt",
        "marker-color": "#1565c0",
        "marker-symbol": "fire-station",
        "marker-size": "medium",
        "title": "841 - Hydrant"
      }
    },
    {
      "type": "Feature",
      "id": "855",
      "geometry": {
        "type": "Point",
        "coordinates": [
          8.45472,
          54.718192
        ]
      },
      "properties": {
        "id": "855",
        "typ": "Hydrant",
        "menge_l_min": 800,
        "quellkarte": "03_Foehr_ges_Quer.pdf",
        "ortsname": "Föhr",
        "ortsquelle": "03_Foehr_ges_Quer.pdf",
        "zuordnungsabstand_relativ": 0.822,
        "pdf_x_pt": 1087.28,
        "pdf_y_von_oben_pt": 1100.885,
        "koordinatenquelle": "eingebettete GeoPDF-Georeferenzierung",
        "lagehinweis": "kartografische Symbolposition; nicht vermessungstechnisch oder vor Ort bestätigt",
        "marker-color": "#1565c0",
        "marker-symbol": "fire-station",
        "marker-size": "medium",
        "title": "855 - Hydrant"
      }
    },
    {
      "type": "Feature",
      "id": "856",
      "geometry": {
        "type": "Point",
        "coordinates": [
          8.448967,
          54.721342
        ]
      },
      "properties": {
        "id": "856",
        "typ": "Hydrant",
        "menge_l_min": 800,
        "quellkarte": "03_Foehr_ges_Quer.pdf",
        "ortsname": "Föhr",
        "ortsquelle": "03_Foehr_ges_Quer.pdf",
        "zuordnungsabstand_relativ": 0.802,
        "pdf_x_pt": 983.04,
        "pdf_y_von_oben_pt": 1000.775,
        "koordinatenquelle": "eingebettete GeoPDF-Georeferenzierung",
        "lagehinweis": "kartografische Symbolposition; nicht vermessungstechnisch oder vor Ort bestätigt",
        "marker-color": "#1565c0",
        "marker-symbol": "fire-station",
        "marker-size": "medium",
        "title": "856 - Hydrant"
      }
    },
    {
      "type": "Feature",
      "id": "857",
      "geometry": {
        "type": "Point",
        "coordinates": [
          8.451098,
          54.724679
        ]
      },
      "properties": {
        "id": "857",
        "typ": "Hydrant",
        "menge_l_min": 800,
        "quellkarte": "03_Foehr_ges_Quer.pdf",
        "ortsname": "Föhr",
        "ortsquelle": "03_Foehr_ges_Quer.pdf",
        "zuordnungsabstand_relativ": 0.811,
        "pdf_x_pt": 1022.759,
        "pdf_y_von_oben_pt": 895.838,
        "koordinatenquelle": "eingebettete GeoPDF-Georeferenzierung",
        "lagehinweis": "kartografische Symbolposition; nicht vermessungstechnisch oder vor Ort bestätigt",
        "marker-color": "#1565c0",
        "marker-symbol": "fire-station",
        "marker-size": "medium",
        "title": "857 - Hydrant"
      }
    },
    {
      "type": "Feature",
      "id": "858",
      "geometry": {
        "type": "Point",
        "coordinates": [
          8.447669,
          54.721973
        ]
      },
      "properties": {
        "id": "858",
        "typ": "Hydrant",
        "menge_l_min": 1600,
        "quellkarte": "03_Foehr_ges_Quer.pdf",
        "ortsname": "Föhr",
        "ortsquelle": "03_Foehr_ges_Quer.pdf",
        "zuordnungsabstand_relativ": 0.824,
        "pdf_x_pt": 959.497,
        "pdf_y_von_oben_pt": 980.715,
        "koordinatenquelle": "eingebettete GeoPDF-Georeferenzierung",
        "lagehinweis": "kartografische Symbolposition; nicht vermessungstechnisch oder vor Ort bestätigt",
        "marker-color": "#1565c0",
        "marker-symbol": "fire-station",
        "marker-size": "medium",
        "title": "858 - Hydrant"
      }
    },
    {
      "type": "Feature",
      "id": "859",
      "geometry": {
        "type": "Point",
        "coordinates": [
          8.444794,
          54.72264
        ]
      },
      "properties": {
        "id": "859",
        "typ": "Hydrant",
        "menge_l_min": 1600,
        "quellkarte": "03_Foehr_ges_Quer.pdf",
        "ortsname": "Föhr",
        "ortsquelle": "03_Foehr_ges_Quer.pdf",
        "zuordnungsabstand_relativ": 1.097,
        "pdf_x_pt": 907.177,
        "pdf_y_von_oben_pt": 959.282,
        "koordinatenquelle": "eingebettete GeoPDF-Georeferenzierung",
        "lagehinweis": "kartografische Symbolposition; nicht vermessungstechnisch oder vor Ort bestätigt",
        "marker-color": "#1565c0",
        "marker-symbol": "fire-station",
        "marker-size": "medium",
        "title": "859 - Hydrant"
      }
    },
    {
      "type": "Feature",
      "id": "861",
      "geometry": {
        "type": "Point",
        "coordinates": [
          8.429908,
          54.728754
        ]
      },
      "properties": {
        "id": "861",
        "typ": "Hydrant",
        "menge_l_min": 1600,
        "quellkarte": "03_Foehr_ges_Quer.pdf",
        "ortsname": "Föhr",
        "ortsquelle": "03_Foehr_ges_Quer.pdf",
        "zuordnungsabstand_relativ": 0.817,
        "pdf_x_pt": 637.024,
        "pdf_y_von_oben_pt": 764.517,
        "koordinatenquelle": "eingebettete GeoPDF-Georeferenzierung",
        "lagehinweis": "kartografische Symbolposition; nicht vermessungstechnisch oder vor Ort bestätigt",
        "marker-color": "#1565c0",
        "marker-symbol": "fire-station",
        "marker-size": "medium",
        "title": "861 - Hydrant"
      }
    },
    {
      "type": "Feature",
      "id": "862",
      "geometry": {
        "type": "Point",
        "coordinates": [
          8.44286,
          54.727059
        ]
      },
      "properties": {
        "id": "862",
        "typ": "Hydrant",
        "menge_l_min": 800,
        "quellkarte": "03_Foehr_ges_Quer.pdf",
        "ortsname": "Föhr",
        "ortsquelle": "03_Foehr_ges_Quer.pdf",
        "zuordnungsabstand_relativ": 1.083,
        "pdf_x_pt": 872.978,
        "pdf_y_von_oben_pt": 819.705,
        "koordinatenquelle": "eingebettete GeoPDF-Georeferenzierung",
        "lagehinweis": "kartografische Symbolposition; nicht vermessungstechnisch oder vor Ort bestätigt",
        "marker-color": "#1565c0",
        "marker-symbol": "fire-station",
        "marker-size": "medium",
        "title": "862 - Hydrant"
      }
    },
    {
      "type": "Feature",
      "id": "863",
      "geometry": {
        "type": "Point",
        "coordinates": [
          8.440476,
          54.726774
        ]
      },
      "properties": {
        "id": "863",
        "typ": "Hydrant",
        "menge_l_min": 1600,
        "quellkarte": "03_Foehr_ges_Quer.pdf",
        "ortsname": "Föhr",
        "ortsquelle": "03_Foehr_ges_Quer.pdf",
        "zuordnungsabstand_relativ": 0.769,
        "pdf_x_pt": 829.413,
        "pdf_y_von_oben_pt": 828.359,
        "koordinatenquelle": "eingebettete GeoPDF-Georeferenzierung",
        "lagehinweis": "kartografische Symbolposition; nicht vermessungstechnisch oder vor Ort bestätigt",
        "marker-color": "#1565c0",
        "marker-symbol": "fire-station",
        "marker-size": "medium",
        "title": "863 - Hydrant"
      }
    },
    {
      "type": "Feature",
      "id": "864",
      "geometry": {
        "type": "Point",
        "coordinates": [
          8.443574,
          54.726074
        ]
      },
      "properties": {
        "id": "864",
        "typ": "Saugstelle",
        "menge_l_min": null,
        "quellkarte": "03_Foehr_ges_Quer.pdf",
        "ortsname": "Föhr",
        "ortsquelle": "03_Foehr_ges_Quer.pdf",
        "zuordnungsabstand_relativ": 1.091,
        "pdf_x_pt": 885.766,
        "pdf_y_von_oben_pt": 850.849,
        "koordinatenquelle": "eingebettete GeoPDF-Georeferenzierung",
        "lagehinweis": "kartografische Symbolposition; nicht vermessungstechnisch oder vor Ort bestätigt",
        "marker-color": "#00897b",
        "marker-symbol": "harbor",
        "marker-size": "medium",
        "title": "864 - Saugstelle"
      }
    },
    {
      "type": "Feature",
      "id": "865",
      "geometry": {
        "type": "Point",
        "coordinates": [
          8.442317,
          54.725938
        ]
      },
      "properties": {
        "id": "865",
        "typ": "Hydrant",
        "menge_l_min": 1600,
        "quellkarte": "03_Foehr_ges_Quer.pdf",
        "ortsname": "Föhr",
        "ortsquelle": "03_Foehr_ges_Quer.pdf",
        "zuordnungsabstand_relativ": 1.217,
        "pdf_x_pt": 862.797,
        "pdf_y_von_oben_pt": 854.979,
        "koordinatenquelle": "eingebettete GeoPDF-Georeferenzierung",
        "lagehinweis": "kartografische Symbolposition; nicht vermessungstechnisch oder vor Ort bestätigt",
        "marker-color": "#1565c0",
        "marker-symbol": "fire-station",
        "marker-size": "medium",
        "title": "865 - Hydrant"
      }
    },
    {
      "type": "Feature",
      "id": "866",
      "geometry": {
        "type": "Point",
        "coordinates": [
          8.442124,
          54.725654
        ]
      },
      "properties": {
        "id": "866",
        "typ": "Hydrant",
        "menge_l_min": 1600,
        "quellkarte": "03_Foehr_ges_Quer.pdf",
        "ortsname": "Föhr",
        "ortsquelle": "03_Foehr_ges_Quer.pdf",
        "zuordnungsabstand_relativ": 1.146,
        "pdf_x_pt": 859.195,
        "pdf_y_von_oben_pt": 863.9,
        "koordinatenquelle": "eingebettete GeoPDF-Georeferenzierung",
        "lagehinweis": "kartografische Symbolposition; nicht vermessungstechnisch oder vor Ort bestätigt",
        "marker-color": "#1565c0",
        "marker-symbol": "fire-station",
        "marker-size": "medium",
        "title": "866 - Hydrant"
      }
    },
    {
      "type": "Feature",
      "id": "867",
      "geometry": {
        "type": "Point",
        "coordinates": [
          8.443409,
          54.725443
        ]
      },
      "properties": {
        "id": "867",
        "typ": "Hydrant",
        "menge_l_min": 1600,
        "quellkarte": "03_Foehr_ges_Quer.pdf",
        "ortsname": "Föhr",
        "ortsquelle": "03_Foehr_ges_Quer.pdf",
        "zuordnungsabstand_relativ": 0.903,
        "pdf_x_pt": 882.609,
        "pdf_y_von_oben_pt": 870.714,
        "koordinatenquelle": "eingebettete GeoPDF-Georeferenzierung",
        "lagehinweis": "kartografische Symbolposition; nicht vermessungstechnisch oder vor Ort bestätigt",
        "marker-color": "#1565c0",
        "marker-symbol": "fire-station",
        "marker-size": "medium",
        "title": "867 - Hydrant"
      }
    },
    {
      "type": "Feature",
      "id": "868",
      "geometry": {
        "type": "Point",
        "coordinates": [
          8.443335,
          54.724792
        ]
      },
      "properties": {
        "id": "868",
        "typ": "Hydrant",
        "menge_l_min": 800,
        "quellkarte": "03_Foehr_ges_Quer.pdf",
        "ortsname": "Föhr",
        "ortsquelle": "03_Foehr_ges_Quer.pdf",
        "zuordnungsabstand_relativ": 0.844,
        "pdf_x_pt": 881.09,
        "pdf_y_von_oben_pt": 891.249,
        "koordinatenquelle": "eingebettete GeoPDF-Georeferenzierung",
        "lagehinweis": "kartografische Symbolposition; nicht vermessungstechnisch oder vor Ort bestätigt",
        "marker-color": "#1565c0",
        "marker-symbol": "fire-station",
        "marker-size": "medium",
        "title": "868 - Hydrant"
      }
    },
    {
      "type": "Feature",
      "id": "869",
      "geometry": {
        "type": "Point",
        "coordinates": [
          8.439509,
          54.725986
        ]
      },
      "properties": {
        "id": "869",
        "typ": "Hydrant",
        "menge_l_min": 800,
        "quellkarte": "03_Foehr_ges_Quer.pdf",
        "ortsname": "Föhr",
        "ortsquelle": "03_Foehr_ges_Quer.pdf",
        "zuordnungsabstand_relativ": 1.113,
        "pdf_x_pt": 811.556,
        "pdf_y_von_oben_pt": 853.077,
        "koordinatenquelle": "eingebettete GeoPDF-Georeferenzierung",
        "lagehinweis": "kartografische Symbolposition; nicht vermessungstechnisch oder vor Ort bestätigt",
        "marker-color": "#1565c0",
        "marker-symbol": "fire-station",
        "marker-size": "medium",
        "title": "869 - Hydrant"
      }
    },
    {
      "type": "Feature",
      "id": "871",
      "geometry": {
        "type": "Point",
        "coordinates": [
          8.440726,
          54.724954
        ]
      },
      "properties": {
        "id": "871",
        "typ": "Hydrant",
        "menge_l_min": 1600,
        "quellkarte": "03_Foehr_ges_Quer.pdf",
        "ortsname": "Föhr",
        "ortsquelle": "03_Foehr_ges_Quer.pdf",
        "zuordnungsabstand_relativ": 1.213,
        "pdf_x_pt": 833.516,
        "pdf_y_von_oben_pt": 885.791,
        "koordinatenquelle": "eingebettete GeoPDF-Georeferenzierung",
        "lagehinweis": "kartografische Symbolposition; nicht vermessungstechnisch oder vor Ort bestätigt",
        "marker-color": "#1565c0",
        "marker-symbol": "fire-station",
        "marker-size": "medium",
        "title": "871 - Hydrant"
      }
    },
    {
      "type": "Feature",
      "id": "872",
      "geometry": {
        "type": "Point",
        "coordinates": [
          8.439273,
          54.725065
        ]
      },
      "properties": {
        "id": "872",
        "typ": "Hydrant",
        "menge_l_min": 1600,
        "quellkarte": "03_Foehr_ges_Quer.pdf",
        "ortsname": "Föhr",
        "ortsquelle": "03_Foehr_ges_Quer.pdf",
        "zuordnungsabstand_relativ": 0.868,
        "pdf_x_pt": 807.014,
        "pdf_y_von_oben_pt": 882.083,
        "koordinatenquelle": "eingebettete GeoPDF-Georeferenzierung",
        "lagehinweis": "kartografische Symbolposition; nicht vermessungstechnisch oder vor Ort bestätigt",
        "marker-color": "#1565c0",
        "marker-symbol": "fire-station",
        "marker-size": "medium",
        "title": "872 - Hydrant"
      }
    },
    {
      "type": "Feature",
      "id": "874",
      "geometry": {
        "type": "Point",
        "coordinates": [
          8.437929,
          54.722712
        ]
      },
      "properties": {
        "id": "874",
        "typ": "Hydrant",
        "menge_l_min": 1600,
        "quellkarte": "03_Foehr_ges_Quer.pdf",
        "ortsname": "Föhr",
        "ortsquelle": "03_Foehr_ges_Quer.pdf",
        "zuordnungsabstand_relativ": 1.268,
        "pdf_x_pt": 781.895,
        "pdf_y_von_oben_pt": 956.094,
        "koordinatenquelle": "eingebettete GeoPDF-Georeferenzierung",
        "lagehinweis": "kartografische Symbolposition; nicht vermessungstechnisch oder vor Ort bestätigt",
        "marker-color": "#1565c0",
        "marker-symbol": "fire-station",
        "marker-size": "medium",
        "title": "874 - Hydrant"
      }
    },
    {
      "type": "Feature",
      "id": "875",
      "geometry": {
        "type": "Point",
        "coordinates": [
          8.436457,
          54.719639
        ]
      },
      "properties": {
        "id": "875",
        "typ": "Hydrant",
        "menge_l_min": 1600,
        "quellkarte": "03_Foehr_ges_Quer.pdf",
        "ortsname": "Föhr",
        "ortsquelle": "03_Foehr_ges_Quer.pdf",
        "zuordnungsabstand_relativ": 0.822,
        "pdf_x_pt": 754.247,
        "pdf_y_von_oben_pt": 1052.818,
        "koordinatenquelle": "eingebettete GeoPDF-Georeferenzierung",
        "lagehinweis": "kartografische Symbolposition; nicht vermessungstechnisch oder vor Ort bestätigt",
        "marker-color": "#1565c0",
        "marker-symbol": "fire-station",
        "marker-size": "medium",
        "title": "875 - Hydrant"
      }
    },
    {
      "type": "Feature",
      "id": "876",
      "geometry": {
        "type": "Point",
        "coordinates": [
          8.436163,
          54.719052
        ]
      },
      "properties": {
        "id": "876",
        "typ": "Hydrant",
        "menge_l_min": 1600,
        "quellkarte": "03_Foehr_ges_Quer.pdf",
        "ortsname": "Föhr",
        "ortsquelle": "03_Foehr_ges_Quer.pdf",
        "zuordnungsabstand_relativ": 0.776,
        "pdf_x_pt": 748.738,
        "pdf_y_von_oben_pt": 1071.271,
        "koordinatenquelle": "eingebettete GeoPDF-Georeferenzierung",
        "lagehinweis": "kartografische Symbolposition; nicht vermessungstechnisch oder vor Ort bestätigt",
        "marker-color": "#1565c0",
        "marker-symbol": "fire-station",
        "marker-size": "medium",
        "title": "876 - Hydrant"
      }
    },
    {
      "type": "Feature",
      "id": "877",
      "geometry": {
        "type": "Point",
        "coordinates": [
          8.435878,
          54.717397
        ]
      },
      "properties": {
        "id": "877",
        "typ": "Hydrant",
        "menge_l_min": 1600,
        "quellkarte": "03_Foehr_ges_Quer.pdf",
        "ortsname": "Föhr",
        "ortsquelle": "03_Foehr_ges_Quer.pdf",
        "zuordnungsabstand_relativ": 0.833,
        "pdf_x_pt": 743.125,
        "pdf_y_von_oben_pt": 1123.433,
        "koordinatenquelle": "eingebettete GeoPDF-Georeferenzierung",
        "lagehinweis": "kartografische Symbolposition; nicht vermessungstechnisch oder vor Ort bestätigt",
        "marker-color": "#1565c0",
        "marker-symbol": "fire-station",
        "marker-size": "medium",
        "title": "877 - Hydrant"
      }
    },
    {
      "type": "Feature",
      "id": "891",
      "geometry": {
        "type": "Point",
        "coordinates": [
          8.424734,
          54.729934
        ]
      },
      "properties": {
        "id": "891",
        "typ": "Hydrant",
        "menge_l_min": 1600,
        "quellkarte": "03_Foehr_ges_Quer.pdf",
        "ortsname": "Föhr",
        "ortsquelle": "03_Foehr_ges_Quer.pdf",
        "zuordnungsabstand_relativ": 1.043,
        "pdf_x_pt": 542.905,
        "pdf_y_von_oben_pt": 726.628,
        "koordinatenquelle": "eingebettete GeoPDF-Georeferenzierung",
        "lagehinweis": "kartografische Symbolposition; nicht vermessungstechnisch oder vor Ort bestätigt",
        "marker-color": "#1565c0",
        "marker-symbol": "fire-station",
        "marker-size": "medium",
        "title": "891 - Hydrant"
      }
    },
    {
      "type": "Feature",
      "id": "892",
      "geometry": {
        "type": "Point",
        "coordinates": [
          8.424993,
          54.730514
        ]
      },
      "properties": {
        "id": "892",
        "typ": "Hydrant",
        "menge_l_min": 1600,
        "quellkarte": "03_Foehr_ges_Quer.pdf",
        "ortsname": "Föhr",
        "ortsquelle": "03_Foehr_ges_Quer.pdf",
        "zuordnungsabstand_relativ": 0.894,
        "pdf_x_pt": 547.775,
        "pdf_y_von_oben_pt": 708.371,
        "koordinatenquelle": "eingebettete GeoPDF-Georeferenzierung",
        "lagehinweis": "kartografische Symbolposition; nicht vermessungstechnisch oder vor Ort bestätigt",
        "marker-color": "#1565c0",
        "marker-symbol": "fire-station",
        "marker-size": "medium",
        "title": "892 - Hydrant"
      }
    },
    {
      "type": "Feature",
      "id": "893",
      "geometry": {
        "type": "Point",
        "coordinates": [
          8.425263,
          54.731064
        ]
      },
      "properties": {
        "id": "893",
        "typ": "Hydrant",
        "menge_l_min": 800,
        "quellkarte": "03_Foehr_ges_Quer.pdf",
        "ortsname": "Föhr",
        "ortsquelle": "03_Foehr_ges_Quer.pdf",
        "zuordnungsabstand_relativ": 0.827,
        "pdf_x_pt": 552.85,
        "pdf_y_von_oben_pt": 691.06,
        "koordinatenquelle": "eingebettete GeoPDF-Georeferenzierung",
        "lagehinweis": "kartografische Symbolposition; nicht vermessungstechnisch oder vor Ort bestätigt",
        "marker-color": "#1565c0",
        "marker-symbol": "fire-station",
        "marker-size": "medium",
        "title": "893 - Hydrant"
      }
    },
    {
      "type": "Feature",
      "id": "894",
      "geometry": {
        "type": "Point",
        "coordinates": [
          8.425605,
          54.731694
        ]
      },
      "properties": {
        "id": "894",
        "typ": "Hydrant",
        "menge_l_min": 800,
        "quellkarte": "03_Foehr_ges_Quer.pdf",
        "ortsname": "Föhr",
        "ortsquelle": "03_Foehr_ges_Quer.pdf",
        "zuordnungsabstand_relativ": 0.782,
        "pdf_x_pt": 559.247,
        "pdf_y_von_oben_pt": 671.246,
        "koordinatenquelle": "eingebettete GeoPDF-Georeferenzierung",
        "lagehinweis": "kartografische Symbolposition; nicht vermessungstechnisch oder vor Ort bestätigt",
        "marker-color": "#1565c0",
        "marker-symbol": "fire-station",
        "marker-size": "medium",
        "title": "894 - Hydrant"
      }
    },
    {
      "type": "Feature",
      "id": "895",
      "geometry": {
        "type": "Point",
        "coordinates": [
          8.425785,
          54.732022
        ]
      },
      "properties": {
        "id": "895",
        "typ": "Hydrant",
        "menge_l_min": 800,
        "quellkarte": "03_Foehr_ges_Quer.pdf",
        "ortsname": "Föhr",
        "ortsquelle": "03_Foehr_ges_Quer.pdf",
        "zuordnungsabstand_relativ": 0.877,
        "pdf_x_pt": 562.625,
        "pdf_y_von_oben_pt": 660.916,
        "koordinatenquelle": "eingebettete GeoPDF-Georeferenzierung",
        "lagehinweis": "kartografische Symbolposition; nicht vermessungstechnisch oder vor Ort bestätigt",
        "marker-color": "#1565c0",
        "marker-symbol": "fire-station",
        "marker-size": "medium",
        "title": "895 - Hydrant"
      }
    },
    {
      "type": "Feature",
      "id": "897",
      "geometry": {
        "type": "Point",
        "coordinates": [
          8.418124,
          54.731209
        ]
      },
      "properties": {
        "id": "897",
        "typ": "Hydrant",
        "menge_l_min": 1600,
        "quellkarte": "03_Foehr_ges_Quer.pdf",
        "ortsname": "Föhr",
        "ortsquelle": "03_Foehr_ges_Quer.pdf",
        "zuordnungsabstand_relativ": 0.804,
        "pdf_x_pt": 422.605,
        "pdf_y_von_oben_pt": 685.556,
        "koordinatenquelle": "eingebettete GeoPDF-Georeferenzierung",
        "lagehinweis": "kartografische Symbolposition; nicht vermessungstechnisch oder vor Ort bestätigt",
        "marker-color": "#1565c0",
        "marker-symbol": "fire-station",
        "marker-size": "medium",
        "title": "897 - Hydrant"
      }
    },
    {
      "type": "Feature",
      "id": "898",
      "geometry": {
        "type": "Point",
        "coordinates": [
          8.414571,
          54.731492
        ]
      },
      "properties": {
        "id": "898",
        "typ": "Bohrbrunnen",
        "menge_l_min": null,
        "quellkarte": "03_Foehr_ges_Quer.pdf",
        "ortsname": "Föhr",
        "ortsquelle": "03_Foehr_ges_Quer.pdf",
        "zuordnungsabstand_relativ": 0.778,
        "pdf_x_pt": 357.833,
        "pdf_y_von_oben_pt": 676.155,
        "koordinatenquelle": "eingebettete GeoPDF-Georeferenzierung",
        "lagehinweis": "kartografische Symbolposition; nicht vermessungstechnisch oder vor Ort bestätigt",
        "marker-color": "#f9a825",
        "marker-symbol": "water",
        "marker-size": "medium",
        "title": "898 - Bohrbrunnen"
      }
    },
    {
      "type": "Feature",
      "id": "901",
      "geometry": {
        "type": "Point",
        "coordinates": [
          8.41422,
          54.729749
        ]
      },
      "properties": {
        "id": "901",
        "typ": "Hydrant",
        "menge_l_min": 1600,
        "quellkarte": "03_Foehr_ges_Quer.pdf",
        "ortsname": "Föhr",
        "ortsquelle": "03_Foehr_ges_Quer.pdf",
        "zuordnungsabstand_relativ": 0.793,
        "pdf_x_pt": 350.975,
        "pdf_y_von_oben_pt": 731.06,
        "koordinatenquelle": "eingebettete GeoPDF-Georeferenzierung",
        "lagehinweis": "kartografische Symbolposition; nicht vermessungstechnisch oder vor Ort bestätigt",
        "marker-color": "#1565c0",
        "marker-symbol": "fire-station",
        "marker-size": "medium",
        "title": "901 - Hydrant"
      }
    },
    {
      "type": "Feature",
      "id": "902",
      "geometry": {
        "type": "Point",
        "coordinates": [
          8.41266,
          54.726997
        ]
      },
      "properties": {
        "id": "902",
        "typ": "Saugstelle",
        "menge_l_min": null,
        "quellkarte": "03_Foehr_ges_Quer.pdf",
        "ortsname": "Föhr",
        "ortsquelle": "03_Foehr_ges_Quer.pdf",
        "zuordnungsabstand_relativ": 1.091,
        "pdf_x_pt": 321.793,
        "pdf_y_von_oben_pt": 817.626,
        "koordinatenquelle": "eingebettete GeoPDF-Georeferenzierung",
        "lagehinweis": "kartografische Symbolposition; nicht vermessungstechnisch oder vor Ort bestätigt",
        "marker-color": "#00897b",
        "marker-symbol": "harbor",
        "marker-size": "medium",
        "title": "902 - Saugstelle"
      }
    },
    {
      "type": "Feature",
      "id": "906",
      "geometry": {
        "type": "Point",
        "coordinates": [
          8.411748,
          54.724439
        ]
      },
      "properties": {
        "id": "906",
        "typ": "Hydrant",
        "menge_l_min": 1600,
        "quellkarte": "03_Foehr_ges_Quer.pdf",
        "ortsname": "Föhr",
        "ortsquelle": "03_Foehr_ges_Quer.pdf",
        "zuordnungsabstand_relativ": 1.06,
        "pdf_x_pt": 304.461,
        "pdf_y_von_oben_pt": 898.177,
        "koordinatenquelle": "eingebettete GeoPDF-Georeferenzierung",
        "lagehinweis": "kartografische Symbolposition; nicht vermessungstechnisch oder vor Ort bestätigt",
        "marker-color": "#1565c0",
        "marker-symbol": "fire-station",
        "marker-size": "medium",
        "title": "906 - Hydrant"
      }
    },
    {
      "type": "Feature",
      "id": "907",
      "geometry": {
        "type": "Point",
        "coordinates": [
          8.410976,
          54.719569
        ]
      },
      "properties": {
        "id": "907",
        "typ": "Hydrant",
        "menge_l_min": 1600,
        "quellkarte": "03_Foehr_ges_Quer.pdf",
        "ortsname": "Föhr",
        "ortsquelle": "03_Foehr_ges_Quer.pdf",
        "zuordnungsabstand_relativ": 0.829,
        "pdf_x_pt": 289.09,
        "pdf_y_von_oben_pt": 1051.613,
        "koordinatenquelle": "eingebettete GeoPDF-Georeferenzierung",
        "lagehinweis": "kartografische Symbolposition; nicht vermessungstechnisch oder vor Ort bestätigt",
        "marker-color": "#1565c0",
        "marker-symbol": "fire-station",
        "marker-size": "medium",
        "title": "907 - Hydrant"
      }
    },
    {
      "type": "Feature",
      "id": "908",
      "geometry": {
        "type": "Point",
        "coordinates": [
          8.407772,
          54.715932
        ]
      },
      "properties": {
        "id": "908",
        "typ": "Hydrant",
        "menge_l_min": 1600,
        "quellkarte": "03_Foehr_ges_Quer.pdf",
        "ortsname": "Föhr",
        "ortsquelle": "03_Foehr_ges_Quer.pdf",
        "zuordnungsabstand_relativ": 0.901,
        "pdf_x_pt": 229.638,
        "pdf_y_von_oben_pt": 1165.869,
        "koordinatenquelle": "eingebettete GeoPDF-Georeferenzierung",
        "lagehinweis": "kartografische Symbolposition; nicht vermessungstechnisch oder vor Ort bestätigt",
        "marker-color": "#1565c0",
        "marker-symbol": "fire-station",
        "marker-size": "medium",
        "title": "908 - Hydrant"
      }
    },
    {
      "type": "Feature",
      "id": "909",
      "geometry": {
        "type": "Point",
        "coordinates": [
          8.407483,
          54.715624
        ]
      },
      "properties": {
        "id": "909",
        "typ": "Hydrant",
        "menge_l_min": 1600,
        "quellkarte": "03_Foehr_ges_Quer.pdf",
        "ortsname": "Föhr",
        "ortsquelle": "03_Foehr_ges_Quer.pdf",
        "zuordnungsabstand_relativ": 0.852,
        "pdf_x_pt": 224.291,
        "pdf_y_von_oben_pt": 1175.549,
        "koordinatenquelle": "eingebettete GeoPDF-Georeferenzierung",
        "lagehinweis": "kartografische Symbolposition; nicht vermessungstechnisch oder vor Ort bestätigt",
        "marker-color": "#1565c0",
        "marker-symbol": "fire-station",
        "marker-size": "medium",
        "title": "909 - Hydrant"
      }
    },
    {
      "type": "Feature",
      "id": "911",
      "geometry": {
        "type": "Point",
        "coordinates": [
          8.403091,
          54.71565
        ]
      },
      "properties": {
        "id": "911",
        "typ": "Hydrant",
        "menge_l_min": 400,
        "quellkarte": "03_Foehr_ges_Quer.pdf",
        "ortsname": "Föhr",
        "ortsquelle": "03_Foehr_ges_Quer.pdf",
        "zuordnungsabstand_relativ": 0.885,
        "pdf_x_pt": 144.115,
        "pdf_y_von_oben_pt": 1174.147,
        "koordinatenquelle": "eingebettete GeoPDF-Georeferenzierung",
        "lagehinweis": "kartografische Symbolposition; nicht vermessungstechnisch oder vor Ort bestätigt",
        "marker-color": "#1565c0",
        "marker-symbol": "fire-station",
        "marker-size": "medium",
        "title": "911 - Hydrant"
      }
    },
    {
      "type": "Feature",
      "id": "913",
      "geometry": {
        "type": "Point",
        "coordinates": [
          8.404241,
          54.715437
        ]
      },
      "properties": {
        "id": "913",
        "typ": "E-Bohrbrunnen",
        "menge_l_min": null,
        "quellkarte": "03_Foehr_ges_Quer.pdf",
        "ortsname": "Föhr",
        "ortsquelle": "03_Foehr_ges_Quer.pdf",
        "zuordnungsabstand_relativ": 0.817,
        "pdf_x_pt": 165.052,
        "pdf_y_von_oben_pt": 1180.997,
        "koordinatenquelle": "eingebettete GeoPDF-Georeferenzierung",
        "lagehinweis": "kartografische Symbolposition; nicht vermessungstechnisch oder vor Ort bestätigt",
        "marker-color": "#8e24aa",
        "marker-symbol": "industrial",
        "marker-size": "medium",
        "title": "913 - E-Bohrbrunnen"
      }
    },
    {
      "type": "Feature",
      "id": "914",
      "geometry": {
        "type": "Point",
        "coordinates": [
          8.404079,
          54.714735
        ]
      },
      "properties": {
        "id": "914",
        "typ": "Hydrant",
        "menge_l_min": 1600,
        "quellkarte": "03_Foehr_ges_Quer.pdf",
        "ortsname": "Föhr",
        "ortsquelle": "03_Foehr_ges_Quer.pdf",
        "zuordnungsabstand_relativ": 1.031,
        "pdf_x_pt": 161.894,
        "pdf_y_von_oben_pt": 1203.126,
        "koordinatenquelle": "eingebettete GeoPDF-Georeferenzierung",
        "lagehinweis": "kartografische Symbolposition; nicht vermessungstechnisch oder vor Ort bestätigt",
        "marker-color": "#1565c0",
        "marker-symbol": "fire-station",
        "marker-size": "medium",
        "title": "914 - Hydrant"
      }
    },
    {
      "type": "Feature",
      "id": "915",
      "geometry": {
        "type": "Point",
        "coordinates": [
          8.406922,
          54.714618
        ]
      },
      "properties": {
        "id": "915",
        "typ": "E-Bohrbrunnen",
        "menge_l_min": null,
        "quellkarte": "03_Foehr_ges_Quer.pdf",
        "ortsname": "Föhr",
        "ortsquelle": "03_Foehr_ges_Quer.pdf",
        "zuordnungsabstand_relativ": 1.042,
        "pdf_x_pt": 213.781,
        "pdf_y_von_oben_pt": 1207.198,
        "koordinatenquelle": "eingebettete GeoPDF-Georeferenzierung",
        "lagehinweis": "kartografische Symbolposition; nicht vermessungstechnisch oder vor Ort bestätigt",
        "marker-color": "#8e24aa",
        "marker-symbol": "industrial",
        "marker-size": "medium",
        "title": "915 - E-Bohrbrunnen"
      }
    },
    {
      "type": "Feature",
      "id": "916",
      "geometry": {
        "type": "Point",
        "coordinates": [
          8.407223,
          54.714533
        ]
      },
      "properties": {
        "id": "916",
        "typ": "E-Bohrbrunnen",
        "menge_l_min": null,
        "quellkarte": "03_Foehr_ges_Quer.pdf",
        "ortsname": "Föhr",
        "ortsquelle": "03_Foehr_ges_Quer.pdf",
        "zuordnungsabstand_relativ": 0.726,
        "pdf_x_pt": 219.241,
        "pdf_y_von_oben_pt": 1209.904,
        "koordinatenquelle": "eingebettete GeoPDF-Georeferenzierung",
        "lagehinweis": "kartografische Symbolposition; nicht vermessungstechnisch oder vor Ort bestätigt",
        "marker-color": "#8e24aa",
        "marker-symbol": "industrial",
        "marker-size": "medium",
        "title": "916 - E-Bohrbrunnen"
      }
    },
    {
      "type": "Feature",
      "id": "918",
      "geometry": {
        "type": "Point",
        "coordinates": [
          8.403774,
          54.71383
        ]
      },
      "properties": {
        "id": "918",
        "typ": "Hydrant",
        "menge_l_min": 1600,
        "quellkarte": "03_Foehr_ges_Quer.pdf",
        "ortsname": "Föhr",
        "ortsquelle": "03_Foehr_ges_Quer.pdf",
        "zuordnungsabstand_relativ": 0.997,
        "pdf_x_pt": 156.088,
        "pdf_y_von_oben_pt": 1231.632,
        "koordinatenquelle": "eingebettete GeoPDF-Georeferenzierung",
        "lagehinweis": "kartografische Symbolposition; nicht vermessungstechnisch oder vor Ort bestätigt",
        "marker-color": "#1565c0",
        "marker-symbol": "fire-station",
        "marker-size": "medium",
        "title": "918 - Hydrant"
      }
    },
    {
      "type": "Feature",
      "id": "919",
      "geometry": {
        "type": "Point",
        "coordinates": [
          8.406602,
          54.713774
        ]
      },
      "properties": {
        "id": "919",
        "typ": "Hydrant",
        "menge_l_min": 1600,
        "quellkarte": "03_Foehr_ges_Quer.pdf",
        "ortsname": "Föhr",
        "ortsquelle": "03_Foehr_ges_Quer.pdf",
        "zuordnungsabstand_relativ": 1.133,
        "pdf_x_pt": 207.7,
        "pdf_y_von_oben_pt": 1233.768,
        "koordinatenquelle": "eingebettete GeoPDF-Georeferenzierung",
        "lagehinweis": "kartografische Symbolposition; nicht vermessungstechnisch oder vor Ort bestätigt",
        "marker-color": "#1565c0",
        "marker-symbol": "fire-station",
        "marker-size": "medium",
        "title": "919 - Hydrant"
      }
    },
    {
      "type": "Feature",
      "id": "921",
      "geometry": {
        "type": "Point",
        "coordinates": [
          8.40647,
          54.711894
        ]
      },
      "properties": {
        "id": "921",
        "typ": "Hydrant",
        "menge_l_min": 1600,
        "quellkarte": "03_Foehr_ges_Quer.pdf",
        "ortsname": "Föhr",
        "ortsquelle": "03_Foehr_ges_Quer.pdf",
        "zuordnungsabstand_relativ": 0.833,
        "pdf_x_pt": 204.793,
        "pdf_y_von_oben_pt": 1293.033,
        "koordinatenquelle": "eingebettete GeoPDF-Georeferenzierung",
        "lagehinweis": "kartografische Symbolposition; nicht vermessungstechnisch oder vor Ort bestätigt",
        "marker-color": "#1565c0",
        "marker-symbol": "fire-station",
        "marker-size": "medium",
        "title": "921 - Hydrant"
      }
    },
    {
      "type": "Feature",
      "id": "922",
      "geometry": {
        "type": "Point",
        "coordinates": [
          8.405175,
          54.712014
        ]
      },
      "properties": {
        "id": "922",
        "typ": "Hydrant",
        "menge_l_min": 1600,
        "quellkarte": "03_Foehr_ges_Quer.pdf",
        "ortsname": "Föhr",
        "ortsquelle": "03_Foehr_ges_Quer.pdf",
        "zuordnungsabstand_relativ": 0.751,
        "pdf_x_pt": 181.181,
        "pdf_y_von_oben_pt": 1289.065,
        "koordinatenquelle": "eingebettete GeoPDF-Georeferenzierung",
        "lagehinweis": "kartografische Symbolposition; nicht vermessungstechnisch oder vor Ort bestätigt",
        "marker-color": "#1565c0",
        "marker-symbol": "fire-station",
        "marker-size": "medium",
        "title": "922 - Hydrant"
      }
    },
    {
      "type": "Feature",
      "id": "924",
      "geometry": {
        "type": "Point",
        "coordinates": [
          8.404931,
          54.712338
        ]
      },
      "properties": {
        "id": "924",
        "typ": "Hydrant",
        "menge_l_min": 1600,
        "quellkarte": "03_Foehr_ges_Quer.pdf",
        "ortsname": "Föhr",
        "ortsquelle": "03_Foehr_ges_Quer.pdf",
        "zuordnungsabstand_relativ": 0.779,
        "pdf_x_pt": 176.813,
        "pdf_y_von_oben_pt": 1278.834,
        "koordinatenquelle": "eingebettete GeoPDF-Georeferenzierung",
        "lagehinweis": "kartografische Symbolposition; nicht vermessungstechnisch oder vor Ort bestätigt",
        "marker-color": "#1565c0",
        "marker-symbol": "fire-station",
        "marker-size": "medium",
        "title": "924 - Hydrant"
      }
    },
    {
      "type": "Feature",
      "id": "925",
      "geometry": {
        "type": "Point",
        "coordinates": [
          8.402825,
          54.712194
        ]
      },
      "properties": {
        "id": "925",
        "typ": "Hydrant",
        "menge_l_min": 1600,
        "quellkarte": "03_Foehr_ges_Quer.pdf",
        "ortsname": "Föhr",
        "ortsquelle": "03_Foehr_ges_Quer.pdf",
        "zuordnungsabstand_relativ": 1.194,
        "pdf_x_pt": 138.327,
        "pdf_y_von_oben_pt": 1283.092,
        "koordinatenquelle": "eingebettete GeoPDF-Georeferenzierung",
        "lagehinweis": "kartografische Symbolposition; nicht vermessungstechnisch oder vor Ort bestätigt",
        "marker-color": "#1565c0",
        "marker-symbol": "fire-station",
        "marker-size": "medium",
        "title": "925 - Hydrant"
      }
    },
    {
      "type": "Feature",
      "id": "926",
      "geometry": {
        "type": "Point",
        "coordinates": [
          8.398553,
          54.712765
        ]
      },
      "properties": {
        "id": "926",
        "typ": "Hydrant",
        "menge_l_min": 1600,
        "quellkarte": "03_Foehr_ges_Quer.pdf",
        "ortsname": "Föhr",
        "ortsquelle": "03_Foehr_ges_Quer.pdf",
        "zuordnungsabstand_relativ": 0.782,
        "pdf_x_pt": 60.482,
        "pdf_y_von_oben_pt": 1264.521,
        "koordinatenquelle": "eingebettete GeoPDF-Georeferenzierung",
        "lagehinweis": "kartografische Symbolposition; nicht vermessungstechnisch oder vor Ort bestätigt",
        "marker-color": "#1565c0",
        "marker-symbol": "fire-station",
        "marker-size": "medium",
        "title": "926 - Hydrant"
      }
    },
    {
      "type": "Feature",
      "id": "927",
      "geometry": {
        "type": "Point",
        "coordinates": [
          8.397289,
          54.713599
        ]
      },
      "properties": {
        "id": "927",
        "typ": "Hydrant",
        "menge_l_min": 800,
        "quellkarte": "03_Foehr_ges_Quer.pdf",
        "ortsname": "Föhr",
        "ortsquelle": "03_Foehr_ges_Quer.pdf",
        "zuordnungsabstand_relativ": 0.824,
        "pdf_x_pt": 37.637,
        "pdf_y_von_oben_pt": 1238.048,
        "koordinatenquelle": "eingebettete GeoPDF-Georeferenzierung",
        "lagehinweis": "kartografische Symbolposition; nicht vermessungstechnisch oder vor Ort bestätigt",
        "marker-color": "#1565c0",
        "marker-symbol": "fire-station",
        "marker-size": "medium",
        "title": "927 - Hydrant"
      }
    },
    {
      "type": "Feature",
      "id": "928",
      "geometry": {
        "type": "Point",
        "coordinates": [
          8.398322,
          54.711104
        ]
      },
      "properties": {
        "id": "928",
        "typ": "Hydrant",
        "menge_l_min": 1600,
        "quellkarte": "03_Foehr_ges_Quer.pdf",
        "ortsname": "Föhr",
        "ortsquelle": "03_Foehr_ges_Quer.pdf",
        "zuordnungsabstand_relativ": 0.866,
        "pdf_x_pt": 55.818,
        "pdf_y_von_oben_pt": 1316.857,
        "koordinatenquelle": "eingebettete GeoPDF-Georeferenzierung",
        "lagehinweis": "kartografische Symbolposition; nicht vermessungstechnisch oder vor Ort bestätigt",
        "marker-color": "#1565c0",
        "marker-symbol": "fire-station",
        "marker-size": "medium",
        "title": "928 - Hydrant"
      }
    },
    {
      "type": "Feature",
      "id": "929",
      "geometry": {
        "type": "Point",
        "coordinates": [
          8.397585,
          54.709682
        ]
      },
      "properties": {
        "id": "929",
        "typ": "Hydrant",
        "menge_l_min": 1600,
        "quellkarte": "03_Foehr_ges_Quer.pdf",
        "ortsname": "Föhr",
        "ortsquelle": "03_Foehr_ges_Quer.pdf",
        "zuordnungsabstand_relativ": 0.824,
        "pdf_x_pt": 41.989,
        "pdf_y_von_oben_pt": 1361.6,
        "koordinatenquelle": "eingebettete GeoPDF-Georeferenzierung",
        "lagehinweis": "kartografische Symbolposition; nicht vermessungstechnisch oder vor Ort bestätigt",
        "marker-color": "#1565c0",
        "marker-symbol": "fire-station",
        "marker-size": "medium",
        "title": "929 - Hydrant"
      }
    },
    {
      "type": "Feature",
      "id": "931",
      "geometry": {
        "type": "Point",
        "coordinates": [
          8.404516,
          54.709803
        ]
      },
      "properties": {
        "id": "931",
        "typ": "Hydrant",
        "menge_l_min": 1600,
        "quellkarte": "03_Foehr_ges_Quer.pdf",
        "ortsname": "Föhr",
        "ortsquelle": "03_Foehr_ges_Quer.pdf",
        "zuordnungsabstand_relativ": 0.874,
        "pdf_x_pt": 168.561,
        "pdf_y_von_oben_pt": 1358.686,
        "koordinatenquelle": "eingebettete GeoPDF-Georeferenzierung",
        "lagehinweis": "kartografische Symbolposition; nicht vermessungstechnisch oder vor Ort bestätigt",
        "marker-color": "#1565c0",
        "marker-symbol": "fire-station",
        "marker-size": "medium",
        "title": "931 - Hydrant"
      }
    },
    {
      "type": "Feature",
      "id": "932",
      "geometry": {
        "type": "Point",
        "coordinates": [
          8.401236,
          54.709407
        ]
      },
      "properties": {
        "id": "932",
        "typ": "Hydrant",
        "menge_l_min": 1600,
        "quellkarte": "03_Foehr_ges_Quer.pdf",
        "ortsname": "Föhr",
        "ortsquelle": "03_Foehr_ges_Quer.pdf",
        "zuordnungsabstand_relativ": 1.176,
        "pdf_x_pt": 108.57,
        "pdf_y_von_oben_pt": 1370.761,
        "koordinatenquelle": "eingebettete GeoPDF-Georeferenzierung",
        "lagehinweis": "kartografische Symbolposition; nicht vermessungstechnisch oder vor Ort bestätigt",
        "marker-color": "#1565c0",
        "marker-symbol": "fire-station",
        "marker-size": "medium",
        "title": "932 - Hydrant"
      }
    },
    {
      "type": "Feature",
      "id": "933",
      "geometry": {
        "type": "Point",
        "coordinates": [
          8.405882,
          54.709337
        ]
      },
      "properties": {
        "id": "933",
        "typ": "Hydrant",
        "menge_l_min": 1600,
        "quellkarte": "03_Foehr_ges_Quer.pdf",
        "ortsname": "Föhr",
        "ortsquelle": "03_Foehr_ges_Quer.pdf",
        "zuordnungsabstand_relativ": 0.902,
        "pdf_x_pt": 193.386,
        "pdf_y_von_oben_pt": 1373.576,
        "koordinatenquelle": "eingebettete GeoPDF-Georeferenzierung",
        "lagehinweis": "kartografische Symbolposition; nicht vermessungstechnisch oder vor Ort bestätigt",
        "marker-color": "#1565c0",
        "marker-symbol": "fire-station",
        "marker-size": "medium",
        "title": "933 - Hydrant"
      }
    },
    {
      "type": "Feature",
      "id": "934",
      "geometry": {
        "type": "Point",
        "coordinates": [
          8.402777,
          54.708767
        ]
      },
      "properties": {
        "id": "934",
        "typ": "Hydrant",
        "menge_l_min": 1600,
        "quellkarte": "03_Foehr_ges_Quer.pdf",
        "ortsname": "Föhr",
        "ortsquelle": "03_Foehr_ges_Quer.pdf",
        "zuordnungsabstand_relativ": 1.05,
        "pdf_x_pt": 136.529,
        "pdf_y_von_oben_pt": 1391.138,
        "koordinatenquelle": "eingebettete GeoPDF-Georeferenzierung",
        "lagehinweis": "kartografische Symbolposition; nicht vermessungstechnisch oder vor Ort bestätigt",
        "marker-color": "#1565c0",
        "marker-symbol": "fire-station",
        "marker-size": "medium",
        "title": "934 - Hydrant"
      }
    },
    {
      "type": "Feature",
      "id": "935",
      "geometry": {
        "type": "Point",
        "coordinates": [
          8.40343,
          54.70881
        ]
      },
      "properties": {
        "id": "935",
        "typ": "E-Bohrbrunnen",
        "menge_l_min": null,
        "quellkarte": "03_Foehr_ges_Quer.pdf",
        "ortsname": "Föhr",
        "ortsquelle": "03_Foehr_ges_Quer.pdf",
        "zuordnungsabstand_relativ": 1.149,
        "pdf_x_pt": 148.466,
        "pdf_y_von_oben_pt": 1389.87,
        "koordinatenquelle": "eingebettete GeoPDF-Georeferenzierung",
        "lagehinweis": "kartografische Symbolposition; nicht vermessungstechnisch oder vor Ort bestätigt",
        "marker-color": "#8e24aa",
        "marker-symbol": "industrial",
        "marker-size": "medium",
        "title": "935 - E-Bohrbrunnen"
      }
    },
    {
      "type": "Feature",
      "id": "936",
      "geometry": {
        "type": "Point",
        "coordinates": [
          8.40409,
          54.708755
        ]
      },
      "properties": {
        "id": "936",
        "typ": "Hydrant",
        "menge_l_min": 1600,
        "quellkarte": "03_Foehr_ges_Quer.pdf",
        "ortsname": "Föhr",
        "ortsquelle": "03_Foehr_ges_Quer.pdf",
        "zuordnungsabstand_relativ": 0.799,
        "pdf_x_pt": 160.508,
        "pdf_y_von_oben_pt": 1391.695,
        "koordinatenquelle": "eingebettete GeoPDF-Georeferenzierung",
        "lagehinweis": "kartografische Symbolposition; nicht vermessungstechnisch oder vor Ort bestätigt",
        "marker-color": "#1565c0",
        "marker-symbol": "fire-station",
        "marker-size": "medium",
        "title": "936 - Hydrant"
      }
    },
    {
      "type": "Feature",
      "id": "937",
      "geometry": {
        "type": "Point",
        "coordinates": [
          8.401004,
          54.708431
        ]
      },
      "properties": {
        "id": "937",
        "typ": "Hydrant",
        "menge_l_min": 1600,
        "quellkarte": "03_Foehr_ges_Quer.pdf",
        "ortsname": "Föhr",
        "ortsquelle": "03_Foehr_ges_Quer.pdf",
        "zuordnungsabstand_relativ": 0.752,
        "pdf_x_pt": 104.077,
        "pdf_y_von_oben_pt": 1401.508,
        "koordinatenquelle": "eingebettete GeoPDF-Georeferenzierung",
        "lagehinweis": "kartografische Symbolposition; nicht vermessungstechnisch oder vor Ort bestätigt",
        "marker-color": "#1565c0",
        "marker-symbol": "fire-station",
        "marker-size": "medium",
        "title": "937 - Hydrant"
      }
    },
    {
      "type": "Feature",
      "id": "938",
      "geometry": {
        "type": "Point",
        "coordinates": [
          8.405703,
          54.70716
        ]
      },
      "properties": {
        "id": "938",
        "typ": "Hydrant",
        "menge_l_min": 1600,
        "quellkarte": "03_Foehr_ges_Quer.pdf",
        "ortsname": "Föhr",
        "ortsquelle": "03_Foehr_ges_Quer.pdf",
        "zuordnungsabstand_relativ": 0.79,
        "pdf_x_pt": 189.528,
        "pdf_y_von_oben_pt": 1442.194,
        "koordinatenquelle": "eingebettete GeoPDF-Georeferenzierung",
        "lagehinweis": "kartografische Symbolposition; nicht vermessungstechnisch oder vor Ort bestätigt",
        "marker-color": "#1565c0",
        "marker-symbol": "fire-station",
        "marker-size": "medium",
        "title": "938 - Hydrant"
      }
    },
    {
      "type": "Feature",
      "id": "939",
      "geometry": {
        "type": "Point",
        "coordinates": [
          8.403768,
          54.703624
        ]
      },
      "properties": {
        "id": "939",
        "typ": "Hydrant",
        "menge_l_min": 1600,
        "quellkarte": "03_Foehr_ges_Quer.pdf",
        "ortsname": "Föhr",
        "ortsquelle": "03_Foehr_ges_Quer.pdf",
        "zuordnungsabstand_relativ": 0.811,
        "pdf_x_pt": 153.254,
        "pdf_y_von_oben_pt": 1553.428,
        "koordinatenquelle": "eingebettete GeoPDF-Georeferenzierung",
        "lagehinweis": "kartografische Symbolposition; nicht vermessungstechnisch oder vor Ort bestätigt",
        "marker-color": "#1565c0",
        "marker-symbol": "fire-station",
        "marker-size": "medium",
        "title": "939 - Hydrant"
      }
    },
    {
      "type": "Feature",
      "id": "941",
      "geometry": {
        "type": "Point",
        "coordinates": [
          8.399473,
          54.70514
        ]
      },
      "properties": {
        "id": "941",
        "typ": "E-Bohrbrunnen",
        "menge_l_min": null,
        "quellkarte": "03_Foehr_ges_Quer.pdf",
        "ortsname": "Föhr",
        "ortsquelle": "03_Foehr_ges_Quer.pdf",
        "zuordnungsabstand_relativ": 0.987,
        "pdf_x_pt": 75.231,
        "pdf_y_von_oben_pt": 1505.068,
        "koordinatenquelle": "eingebettete GeoPDF-Georeferenzierung",
        "lagehinweis": "kartografische Symbolposition; nicht vermessungstechnisch oder vor Ort bestätigt",
        "marker-color": "#8e24aa",
        "marker-symbol": "industrial",
        "marker-size": "medium",
        "title": "941 - E-Bohrbrunnen"
      }
    },
    {
      "type": "Feature",
      "id": "942",
      "geometry": {
        "type": "Point",
        "coordinates": [
          8.400201,
          54.70511
        ]
      },
      "properties": {
        "id": "942",
        "typ": "Hydrant",
        "menge_l_min": 1600,
        "quellkarte": "03_Foehr_ges_Quer.pdf",
        "ortsname": "Föhr",
        "ortsquelle": "03_Foehr_ges_Quer.pdf",
        "zuordnungsabstand_relativ": 0.792,
        "pdf_x_pt": 88.518,
        "pdf_y_von_oben_pt": 1506.095,
        "koordinatenquelle": "eingebettete GeoPDF-Georeferenzierung",
        "lagehinweis": "kartografische Symbolposition; nicht vermessungstechnisch oder vor Ort bestätigt",
        "marker-color": "#1565c0",
        "marker-symbol": "fire-station",
        "marker-size": "medium",
        "title": "942 - Hydrant"
      }
    },
    {
      "type": "Feature",
      "id": "943",
      "geometry": {
        "type": "Point",
        "coordinates": [
          8.400046,
          54.70448
        ]
      },
      "properties": {
        "id": "943",
        "typ": "Hydrant",
        "menge_l_min": 1600,
        "quellkarte": "03_Foehr_ges_Quer.pdf",
        "ortsname": "Föhr",
        "ortsquelle": "03_Foehr_ges_Quer.pdf",
        "zuordnungsabstand_relativ": 0.912,
        "pdf_x_pt": 85.508,
        "pdf_y_von_oben_pt": 1525.955,
        "koordinatenquelle": "eingebettete GeoPDF-Georeferenzierung",
        "lagehinweis": "kartografische Symbolposition; nicht vermessungstechnisch oder vor Ort bestätigt",
        "marker-color": "#1565c0",
        "marker-symbol": "fire-station",
        "marker-size": "medium",
        "title": "943 - Hydrant"
      }
    },
    {
      "type": "Feature",
      "id": "944",
      "geometry": {
        "type": "Point",
        "coordinates": [
          8.39945,
          54.704067
        ]
      },
      "properties": {
        "id": "944",
        "typ": "Hydrant",
        "menge_l_min": 1600,
        "quellkarte": "03_Foehr_ges_Quer.pdf",
        "ortsname": "Föhr",
        "ortsquelle": "03_Foehr_ges_Quer.pdf",
        "zuordnungsabstand_relativ": 0.879,
        "pdf_x_pt": 74.521,
        "pdf_y_von_oben_pt": 1538.904,
        "koordinatenquelle": "eingebettete GeoPDF-Georeferenzierung",
        "lagehinweis": "kartografische Symbolposition; nicht vermessungstechnisch oder vor Ort bestätigt",
        "marker-color": "#1565c0",
        "marker-symbol": "fire-station",
        "marker-size": "medium",
        "title": "944 - Hydrant"
      }
    },
    {
      "type": "Feature",
      "id": "945",
      "geometry": {
        "type": "Point",
        "coordinates": [
          8.401847,
          54.703838
        ]
      },
      "properties": {
        "id": "945",
        "typ": "E-Bohrbrunnen",
        "menge_l_min": null,
        "quellkarte": "03_Foehr_ges_Quer.pdf",
        "ortsname": "Föhr",
        "ortsquelle": "03_Foehr_ges_Quer.pdf",
        "zuordnungsabstand_relativ": 0.974,
        "pdf_x_pt": 118.226,
        "pdf_y_von_oben_pt": 1546.416,
        "koordinatenquelle": "eingebettete GeoPDF-Georeferenzierung",
        "lagehinweis": "kartografische Symbolposition; nicht vermessungstechnisch oder vor Ort bestätigt",
        "marker-color": "#8e24aa",
        "marker-symbol": "industrial",
        "marker-size": "medium",
        "title": "945 - E-Bohrbrunnen"
      }
    },
    {
      "type": "Feature",
      "id": "947",
      "geometry": {
        "type": "Point",
        "coordinates": [
          8.399789,
          54.703305
        ]
      },
      "properties": {
        "id": "947",
        "typ": "E-Bohrbrunnen",
        "menge_l_min": null,
        "quellkarte": "03_Foehr_ges_Quer.pdf",
        "ortsname": "Föhr",
        "ortsquelle": "03_Foehr_ges_Quer.pdf",
        "zuordnungsabstand_relativ": 0.8,
        "pdf_x_pt": 80.515,
        "pdf_y_von_oben_pt": 1562.958,
        "koordinatenquelle": "eingebettete GeoPDF-Georeferenzierung",
        "lagehinweis": "kartografische Symbolposition; nicht vermessungstechnisch oder vor Ort bestätigt",
        "marker-color": "#8e24aa",
        "marker-symbol": "industrial",
        "marker-size": "medium",
        "title": "947 - E-Bohrbrunnen"
      }
    },
    {
      "type": "Feature",
      "id": "948",
      "geometry": {
        "type": "Point",
        "coordinates": [
          8.401047,
          54.703258
        ]
      },
      "properties": {
        "id": "948",
        "typ": "Hydrant",
        "menge_l_min": 800,
        "quellkarte": "03_Foehr_ges_Quer.pdf",
        "ortsname": "Föhr",
        "ortsquelle": "03_Foehr_ges_Quer.pdf",
        "zuordnungsabstand_relativ": 0.78,
        "pdf_x_pt": 103.463,
        "pdf_y_von_oben_pt": 1564.599,
        "koordinatenquelle": "eingebettete GeoPDF-Georeferenzierung",
        "lagehinweis": "kartografische Symbolposition; nicht vermessungstechnisch oder vor Ort bestätigt",
        "marker-color": "#1565c0",
        "marker-symbol": "fire-station",
        "marker-size": "medium",
        "title": "948 - Hydrant"
      }
    },
    {
      "type": "Feature",
      "id": "949",
      "geometry": {
        "type": "Point",
        "coordinates": [
          8.401182,
          54.702918
        ]
      },
      "properties": {
        "id": "949",
        "typ": "Hydrant",
        "menge_l_min": 800,
        "quellkarte": "03_Foehr_ges_Quer.pdf",
        "ortsname": "Föhr",
        "ortsquelle": "03_Foehr_ges_Quer.pdf",
        "zuordnungsabstand_relativ": 0.846,
        "pdf_x_pt": 105.85,
        "pdf_y_von_oben_pt": 1575.353,
        "koordinatenquelle": "eingebettete GeoPDF-Georeferenzierung",
        "lagehinweis": "kartografische Symbolposition; nicht vermessungstechnisch oder vor Ort bestätigt",
        "marker-color": "#1565c0",
        "marker-symbol": "fire-station",
        "marker-size": "medium",
        "title": "949 - Hydrant"
      }
    },
    {
      "type": "Feature",
      "id": "951",
      "geometry": {
        "type": "Point",
        "coordinates": [
          8.401753,
          54.702905
        ]
      },
      "properties": {
        "id": "951",
        "typ": "E-Bohrbrunnen",
        "menge_l_min": null,
        "quellkarte": "03_Foehr_ges_Quer.pdf",
        "ortsname": "Föhr",
        "ortsquelle": "03_Foehr_ges_Quer.pdf",
        "zuordnungsabstand_relativ": 0.984,
        "pdf_x_pt": 116.271,
        "pdf_y_von_oben_pt": 1575.833,
        "koordinatenquelle": "eingebettete GeoPDF-Georeferenzierung",
        "lagehinweis": "kartografische Symbolposition; nicht vermessungstechnisch oder vor Ort bestätigt",
        "marker-color": "#8e24aa",
        "marker-symbol": "industrial",
        "marker-size": "medium",
        "title": "951 - E-Bohrbrunnen"
      }
    },
    {
      "type": "Feature",
      "id": "954",
      "geometry": {
        "type": "Point",
        "coordinates": [
          8.422032,
          54.716126
        ]
      },
      "properties": {
        "id": "954",
        "typ": "Hydrant",
        "menge_l_min": 800,
        "quellkarte": "03_Foehr_ges_Quer.pdf",
        "ortsname": "Föhr",
        "ortsquelle": "03_Foehr_ges_Quer.pdf",
        "zuordnungsabstand_relativ": 1.204,
        "pdf_x_pt": 490.03,
        "pdf_y_von_oben_pt": 1161.66,
        "koordinatenquelle": "eingebettete GeoPDF-Georeferenzierung",
        "lagehinweis": "kartografische Symbolposition; nicht vermessungstechnisch oder vor Ort bestätigt",
        "marker-color": "#1565c0",
        "marker-symbol": "fire-station",
        "marker-size": "medium",
        "title": "954 - Hydrant"
      }
    },
    {
      "type": "Feature",
      "id": "955",
      "geometry": {
        "type": "Point",
        "coordinates": [
          8.425561,
          54.716152
        ]
      },
      "properties": {
        "id": "955",
        "typ": "Hydrant",
        "menge_l_min": 800,
        "quellkarte": "03_Foehr_ges_Quer.pdf",
        "ortsname": "Föhr",
        "ortsquelle": "03_Foehr_ges_Quer.pdf",
        "zuordnungsabstand_relativ": 0.838,
        "pdf_x_pt": 554.453,
        "pdf_y_von_oben_pt": 1161.303,
        "koordinatenquelle": "eingebettete GeoPDF-Georeferenzierung",
        "lagehinweis": "kartografische Symbolposition; nicht vermessungstechnisch oder vor Ort bestätigt",
        "marker-color": "#1565c0",
        "marker-symbol": "fire-station",
        "marker-size": "medium",
        "title": "955 - Hydrant"
      }
    },
    {
      "type": "Feature",
      "id": "966",
      "geometry": {
        "type": "Point",
        "coordinates": [
          8.415262,
          54.705635
        ]
      },
      "properties": {
        "id": "966",
        "typ": "Hydrant",
        "menge_l_min": 1600,
        "quellkarte": "03_Foehr_ges_Quer.pdf",
        "ortsname": "Föhr",
        "ortsquelle": "03_Foehr_ges_Quer.pdf",
        "zuordnungsabstand_relativ": 0.928,
        "pdf_x_pt": 363.688,
        "pdf_y_von_oben_pt": 1491.571,
        "koordinatenquelle": "eingebettete GeoPDF-Georeferenzierung",
        "lagehinweis": "kartografische Symbolposition; nicht vermessungstechnisch oder vor Ort bestätigt",
        "marker-color": "#1565c0",
        "marker-symbol": "fire-station",
        "marker-size": "medium",
        "title": "966 - Hydrant"
      }
    },
    {
      "type": "Feature",
      "id": "967",
      "geometry": {
        "type": "Point",
        "coordinates": [
          8.416747,
          54.705273
        ]
      },
      "properties": {
        "id": "967",
        "typ": "Hydrant",
        "menge_l_min": 3200,
        "quellkarte": "03_Foehr_ges_Quer.pdf",
        "ortsname": "Föhr",
        "ortsquelle": "03_Foehr_ges_Quer.pdf",
        "zuordnungsabstand_relativ": 1.148,
        "pdf_x_pt": 390.695,
        "pdf_y_von_oben_pt": 1503.172,
        "koordinatenquelle": "eingebettete GeoPDF-Georeferenzierung",
        "lagehinweis": "kartografische Symbolposition; nicht vermessungstechnisch oder vor Ort bestätigt",
        "marker-color": "#1565c0",
        "marker-symbol": "fire-station",
        "marker-size": "medium",
        "title": "967 - Hydrant"
      }
    },
    {
      "type": "Feature",
      "id": "968",
      "geometry": {
        "type": "Point",
        "coordinates": [
          8.418126,
          54.704992
        ]
      },
      "properties": {
        "id": "968",
        "typ": "Hydrant",
        "menge_l_min": 3200,
        "quellkarte": "03_Foehr_ges_Quer.pdf",
        "ortsname": "Föhr",
        "ortsquelle": "03_Foehr_ges_Quer.pdf",
        "zuordnungsabstand_relativ": 0.811,
        "pdf_x_pt": 415.803,
        "pdf_y_von_oben_pt": 1512.204,
        "koordinatenquelle": "eingebettete GeoPDF-Georeferenzierung",
        "lagehinweis": "kartografische Symbolposition; nicht vermessungstechnisch oder vor Ort bestätigt",
        "marker-color": "#1565c0",
        "marker-symbol": "fire-station",
        "marker-size": "medium",
        "title": "968 - Hydrant"
      }
    },
    {
      "type": "Feature",
      "id": "969",
      "geometry": {
        "type": "Point",
        "coordinates": [
          8.418057,
          54.703871
        ]
      },
      "properties": {
        "id": "969",
        "typ": "Bohrbrunnen",
        "menge_l_min": null,
        "quellkarte": "03_Foehr_ges_Quer.pdf",
        "ortsname": "Föhr",
        "ortsquelle": "03_Foehr_ges_Quer.pdf",
        "zuordnungsabstand_relativ": 1.013,
        "pdf_x_pt": 414.256,
        "pdf_y_von_oben_pt": 1547.548,
        "koordinatenquelle": "eingebettete GeoPDF-Georeferenzierung",
        "lagehinweis": "kartografische Symbolposition; nicht vermessungstechnisch oder vor Ort bestätigt",
        "marker-color": "#f9a825",
        "marker-symbol": "water",
        "marker-size": "medium",
        "title": "969 - Bohrbrunnen"
      }
    },
    {
      "type": "Feature",
      "id": "972",
      "geometry": {
        "type": "Point",
        "coordinates": [
          8.417253,
          54.703466
        ]
      },
      "properties": {
        "id": "972",
        "typ": "Hydrant",
        "menge_l_min": 800,
        "quellkarte": "03_Foehr_ges_Quer.pdf",
        "ortsname": "Föhr",
        "ortsquelle": "03_Foehr_ges_Quer.pdf",
        "zuordnungsabstand_relativ": 0.814,
        "pdf_x_pt": 399.474,
        "pdf_y_von_oben_pt": 1560.229,
        "koordinatenquelle": "eingebettete GeoPDF-Georeferenzierung",
        "lagehinweis": "kartografische Symbolposition; nicht vermessungstechnisch oder vor Ort bestätigt",
        "marker-color": "#1565c0",
        "marker-symbol": "fire-station",
        "marker-size": "medium",
        "title": "972 - Hydrant"
      }
    },
    {
      "type": "Feature",
      "id": "973",
      "geometry": {
        "type": "Point",
        "coordinates": [
          8.41617,
          54.703683
        ]
      },
      "properties": {
        "id": "973",
        "typ": "Hydrant",
        "menge_l_min": 800,
        "quellkarte": "03_Foehr_ges_Quer.pdf",
        "ortsname": "Föhr",
        "ortsquelle": "03_Foehr_ges_Quer.pdf",
        "zuordnungsabstand_relativ": 1.081,
        "pdf_x_pt": 379.748,
        "pdf_y_von_oben_pt": 1553.236,
        "koordinatenquelle": "eingebettete GeoPDF-Georeferenzierung",
        "lagehinweis": "kartografische Symbolposition; nicht vermessungstechnisch oder vor Ort bestätigt",
        "marker-color": "#1565c0",
        "marker-symbol": "fire-station",
        "marker-size": "medium",
        "title": "973 - Hydrant"
      }
    },
    {
      "type": "Feature",
      "id": "974",
      "geometry": {
        "type": "Point",
        "coordinates": [
          8.419513,
          54.704669
        ]
      },
      "properties": {
        "id": "974",
        "typ": "Hydrant",
        "menge_l_min": 3200,
        "quellkarte": "03_Foehr_ges_Quer.pdf",
        "ortsname": "Föhr",
        "ortsquelle": "03_Foehr_ges_Quer.pdf",
        "zuordnungsabstand_relativ": 1.244,
        "pdf_x_pt": 441.061,
        "pdf_y_von_oben_pt": 1522.573,
        "koordinatenquelle": "eingebettete GeoPDF-Georeferenzierung",
        "lagehinweis": "kartografische Symbolposition; nicht vermessungstechnisch oder vor Ort bestätigt",
        "marker-color": "#1565c0",
        "marker-symbol": "fire-station",
        "marker-size": "medium",
        "title": "974 - Hydrant"
      }
    },
    {
      "type": "Feature",
      "id": "977",
      "geometry": {
        "type": "Point",
        "coordinates": [
          8.421499,
          54.704336
        ]
      },
      "properties": {
        "id": "977",
        "typ": "Hydrant",
        "menge_l_min": 3200,
        "quellkarte": "03_Foehr_ges_Quer.pdf",
        "ortsname": "Föhr",
        "ortsquelle": "03_Foehr_ges_Quer.pdf",
        "zuordnungsabstand_relativ": 0.856,
        "pdf_x_pt": 477.228,
        "pdf_y_von_oben_pt": 1533.337,
        "koordinatenquelle": "eingebettete GeoPDF-Georeferenzierung",
        "lagehinweis": "kartografische Symbolposition; nicht vermessungstechnisch oder vor Ort bestätigt",
        "marker-color": "#1565c0",
        "marker-symbol": "fire-station",
        "marker-size": "medium",
        "title": "977 - Hydrant"
      }
    },
    {
      "type": "Feature",
      "id": "978",
      "geometry": {
        "type": "Point",
        "coordinates": [
          8.423965,
          54.703852
        ]
      },
      "properties": {
        "id": "978",
        "typ": "Hydrant",
        "menge_l_min": 1600,
        "quellkarte": "03_Foehr_ges_Quer.pdf",
        "ortsname": "Föhr",
        "ortsquelle": "03_Foehr_ges_Quer.pdf",
        "zuordnungsabstand_relativ": 0.83,
        "pdf_x_pt": 522.144,
        "pdf_y_von_oben_pt": 1548.93,
        "koordinatenquelle": "eingebettete GeoPDF-Georeferenzierung",
        "lagehinweis": "kartografische Symbolposition; nicht vermessungstechnisch oder vor Ort bestätigt",
        "marker-color": "#1565c0",
        "marker-symbol": "fire-station",
        "marker-size": "medium",
        "title": "978 - Hydrant"
      }
    },
    {
      "type": "Feature",
      "id": "982",
      "geometry": {
        "type": "Point",
        "coordinates": [
          8.4224,
          54.706572
        ]
      },
      "properties": {
        "id": "982",
        "typ": "Hydrant",
        "menge_l_min": 1600,
        "quellkarte": "03_Foehr_ges_Quer.pdf",
        "ortsname": "Föhr",
        "ortsquelle": "03_Foehr_ges_Quer.pdf",
        "zuordnungsabstand_relativ": 0.418,
        "pdf_x_pt": 494.263,
        "pdf_y_von_oben_pt": 1462.96,
        "koordinatenquelle": "eingebettete GeoPDF-Georeferenzierung",
        "lagehinweis": "kartografische Symbolposition; nicht vermessungstechnisch oder vor Ort bestätigt",
        "marker-color": "#1565c0",
        "marker-symbol": "fire-station",
        "marker-size": "medium",
        "title": "982 - Hydrant"
      }
    },
    {
      "type": "Feature",
      "id": "983",
      "geometry": {
        "type": "Point",
        "coordinates": [
          8.423137,
          54.706413
        ]
      },
      "properties": {
        "id": "983",
        "typ": "Hydrant",
        "menge_l_min": 3200,
        "quellkarte": "03_Foehr_ges_Quer.pdf",
        "ortsname": "Föhr",
        "ortsquelle": "03_Foehr_ges_Quer.pdf",
        "zuordnungsabstand_relativ": 0.519,
        "pdf_x_pt": 507.676,
        "pdf_y_von_oben_pt": 1468.075,
        "koordinatenquelle": "eingebettete GeoPDF-Georeferenzierung",
        "lagehinweis": "kartografische Symbolposition; nicht vermessungstechnisch oder vor Ort bestätigt",
        "marker-color": "#1565c0",
        "marker-symbol": "fire-station",
        "marker-size": "medium",
        "title": "983 - Hydrant"
      }
    },
    {
      "type": "Feature",
      "id": "984",
      "geometry": {
        "type": "Point",
        "coordinates": [
          8.422476,
          54.706383
        ]
      },
      "properties": {
        "id": "984",
        "typ": "Hydrant",
        "menge_l_min": 3200,
        "quellkarte": "03_Foehr_ges_Quer.pdf",
        "ortsname": "Föhr",
        "ortsquelle": "03_Foehr_ges_Quer.pdf",
        "zuordnungsabstand_relativ": 1.118,
        "pdf_x_pt": 495.604,
        "pdf_y_von_oben_pt": 1468.922,
        "koordinatenquelle": "eingebettete GeoPDF-Georeferenzierung",
        "lagehinweis": "kartografische Symbolposition; nicht vermessungstechnisch oder vor Ort bestätigt",
        "marker-color": "#1565c0",
        "marker-symbol": "fire-station",
        "marker-size": "medium",
        "title": "984 - Hydrant"
      }
    }
  ]
}