{
  "type": "FeatureCollection",
  "name": "04_Foehr_Sued_Ost",
  "features": [
    {
      "type": "Feature",
      "id": "101",
      "geometry": {
        "type": "Point",
        "coordinates": [
          8.569667,
          54.68734
        ]
      },
      "properties": {
        "id": "101",
        "typ": "Bohrbrunnen",
        "menge_l_min": null,
        "quellkarte": "04_Foehr_Sued_Ost.pdf",
        "ortsname": "Föhr (Südost)",
        "ortsquelle": "04_Foehr_Sued_Ost.pdf",
        "zuordnungsabstand_relativ": 1.543,
        "pdf_x_pt": 2959.793,
        "pdf_y_von_oben_pt": 1864.344,
        "koordinatenquelle": "eingebettete GeoPDF-Georeferenzierung",
        "lagehinweis": "kartografische Symbolposition; nicht vermessungstechnisch oder vor Ort bestätigt",
        "marker-color": "#f9a825",
        "marker-symbol": "water",
        "marker-size": "medium",
        "title": "101 - Bohrbrunnen"
      }
    },
    {
      "type": "Feature",
      "id": "102",
      "geometry": {
        "type": "Point",
        "coordinates": [
          8.569508,
          54.687194
        ]
      },
      "properties": {
        "id": "102",
        "typ": "Hydrant",
        "menge_l_min": 1600,
        "quellkarte": "04_Foehr_Sued_Ost.pdf",
        "ortsname": "Föhr (Südost)",
        "ortsquelle": "04_Foehr_Sued_Ost.pdf",
        "zuordnungsabstand_relativ": 0.955,
        "pdf_x_pt": 2954.459,
        "pdf_y_von_oben_pt": 1872.675,
        "koordinatenquelle": "eingebettete GeoPDF-Georeferenzierung",
        "lagehinweis": "kartografische Symbolposition; nicht vermessungstechnisch oder vor Ort bestätigt",
        "marker-color": "#1565c0",
        "marker-symbol": "fire-station",
        "marker-size": "medium",
        "title": "102 - Hydrant"
      }
    },
    {
      "type": "Feature",
      "id": "103",
      "geometry": {
        "type": "Point",
        "coordinates": [
          8.56918,
          54.68664
        ]
      },
      "properties": {
        "id": "103",
        "typ": "Hydrant",
        "menge_l_min": 1600,
        "quellkarte": "04_Foehr_Sued_Ost.pdf",
        "ortsname": "Föhr (Südost)",
        "ortsquelle": "04_Foehr_Sued_Ost.pdf",
        "zuordnungsabstand_relativ": 0.881,
        "pdf_x_pt": 2943.377,
        "pdf_y_von_oben_pt": 1904.331,
        "koordinatenquelle": "eingebettete GeoPDF-Georeferenzierung",
        "lagehinweis": "kartografische Symbolposition; nicht vermessungstechnisch oder vor Ort bestätigt",
        "marker-color": "#1565c0",
        "marker-symbol": "fire-station",
        "marker-size": "medium",
        "title": "103 - Hydrant"
      }
    },
    {
      "type": "Feature",
      "id": "104",
      "geometry": {
        "type": "Point",
        "coordinates": [
          8.569054,
          54.686393
        ]
      },
      "properties": {
        "id": "104",
        "typ": "Hydrant",
        "menge_l_min": 1600,
        "quellkarte": "04_Foehr_Sued_Ost.pdf",
        "ortsname": "Föhr (Südost)",
        "ortsquelle": "04_Foehr_Sued_Ost.pdf",
        "zuordnungsabstand_relativ": 0.65,
        "pdf_x_pt": 2939.115,
        "pdf_y_von_oben_pt": 1918.465,
        "koordinatenquelle": "eingebettete GeoPDF-Georeferenzierung",
        "lagehinweis": "kartografische Symbolposition; nicht vermessungstechnisch oder vor Ort bestätigt",
        "marker-color": "#1565c0",
        "marker-symbol": "fire-station",
        "marker-size": "medium",
        "title": "104 - Hydrant"
      }
    },
    {
      "type": "Feature",
      "id": "105",
      "geometry": {
        "type": "Point",
        "coordinates": [
          8.568824,
          54.688135
        ]
      },
      "properties": {
        "id": "105",
        "typ": "Hydrant",
        "menge_l_min": 1600,
        "quellkarte": "04_Foehr_Sued_Ost.pdf",
        "ortsname": "Föhr (Südost)",
        "ortsquelle": "04_Foehr_Sued_Ost.pdf",
        "zuordnungsabstand_relativ": 0.885,
        "pdf_x_pt": 2932.079,
        "pdf_y_von_oben_pt": 1818.555,
        "koordinatenquelle": "eingebettete GeoPDF-Georeferenzierung",
        "lagehinweis": "kartografische Symbolposition; nicht vermessungstechnisch oder vor Ort bestätigt",
        "marker-color": "#1565c0",
        "marker-symbol": "fire-station",
        "marker-size": "medium",
        "title": "105 - Hydrant"
      }
    },
    {
      "type": "Feature",
      "id": "106",
      "geometry": {
        "type": "Point",
        "coordinates": [
          8.568317,
          54.687561
        ]
      },
      "properties": {
        "id": "106",
        "typ": "Hydrant",
        "menge_l_min": 1600,
        "quellkarte": "04_Foehr_Sued_Ost.pdf",
        "ortsname": "Föhr (Südost)",
        "ortsquelle": "04_Foehr_Sued_Ost.pdf",
        "zuordnungsabstand_relativ": 0.848,
        "pdf_x_pt": 2915.041,
        "pdf_y_von_oben_pt": 1851.347,
        "koordinatenquelle": "eingebettete GeoPDF-Georeferenzierung",
        "lagehinweis": "kartografische Symbolposition; nicht vermessungstechnisch oder vor Ort bestätigt",
        "marker-color": "#1565c0",
        "marker-symbol": "fire-station",
        "marker-size": "medium",
        "title": "106 - Hydrant"
      }
    },
    {
      "type": "Feature",
      "id": "107",
      "geometry": {
        "type": "Point",
        "coordinates": [
          8.568267,
          54.687505
        ]
      },
      "properties": {
        "id": "107",
        "typ": "Hydrant",
        "menge_l_min": 1600,
        "quellkarte": "04_Foehr_Sued_Ost.pdf",
        "ortsname": "Föhr (Südost)",
        "ortsquelle": "04_Foehr_Sued_Ost.pdf",
        "zuordnungsabstand_relativ": 0.888,
        "pdf_x_pt": 2913.356,
        "pdf_y_von_oben_pt": 1854.574,
        "koordinatenquelle": "eingebettete GeoPDF-Georeferenzierung",
        "lagehinweis": "kartografische Symbolposition; nicht vermessungstechnisch oder vor Ort bestätigt",
        "marker-color": "#1565c0",
        "marker-symbol": "fire-station",
        "marker-size": "medium",
        "title": "107 - Hydrant"
      }
    },
    {
      "type": "Feature",
      "id": "108",
      "geometry": {
        "type": "Point",
        "coordinates": [
          8.567622,
          54.686797
        ]
      },
      "properties": {
        "id": "108",
        "typ": "Hydrant",
        "menge_l_min": 1600,
        "quellkarte": "04_Foehr_Sued_Ost.pdf",
        "ortsname": "Föhr (Südost)",
        "ortsquelle": "04_Foehr_Sued_Ost.pdf",
        "zuordnungsabstand_relativ": 0.994,
        "pdf_x_pt": 2891.676,
        "pdf_y_von_oben_pt": 1895.008,
        "koordinatenquelle": "eingebettete GeoPDF-Georeferenzierung",
        "lagehinweis": "kartografische Symbolposition; nicht vermessungstechnisch oder vor Ort bestätigt",
        "marker-color": "#1565c0",
        "marker-symbol": "fire-station",
        "marker-size": "medium",
        "title": "108 - Hydrant"
      }
    },
    {
      "type": "Feature",
      "id": "109",
      "geometry": {
        "type": "Point",
        "coordinates": [
          8.568011,
          54.688404
        ]
      },
      "properties": {
        "id": "109",
        "typ": "Hydrant",
        "menge_l_min": 1600,
        "quellkarte": "04_Foehr_Sued_Ost.pdf",
        "ortsname": "Föhr (Südost)",
        "ortsquelle": "04_Foehr_Sued_Ost.pdf",
        "zuordnungsabstand_relativ": 1.642,
        "pdf_x_pt": 2905.153,
        "pdf_y_von_oben_pt": 1802.942,
        "koordinatenquelle": "eingebettete GeoPDF-Georeferenzierung",
        "lagehinweis": "kartografische Symbolposition; nicht vermessungstechnisch oder vor Ort bestätigt",
        "marker-color": "#1565c0",
        "marker-symbol": "fire-station",
        "marker-size": "medium",
        "title": "109 - Hydrant"
      }
    },
    {
      "type": "Feature",
      "id": "110",
      "geometry": {
        "type": "Point",
        "coordinates": [
          8.569279,
          54.688515
        ]
      },
      "properties": {
        "id": "110",
        "typ": "Hydrant",
        "menge_l_min": 1600,
        "quellkarte": "04_Foehr_Sued_Ost.pdf",
        "ortsname": "Föhr (Südost)",
        "ortsquelle": "04_Foehr_Sued_Ost.pdf",
        "zuordnungsabstand_relativ": 1.211,
        "pdf_x_pt": 2947.319,
        "pdf_y_von_oben_pt": 1796.884,
        "koordinatenquelle": "eingebettete GeoPDF-Georeferenzierung",
        "lagehinweis": "kartografische Symbolposition; nicht vermessungstechnisch oder vor Ort bestätigt",
        "marker-color": "#1565c0",
        "marker-symbol": "fire-station",
        "marker-size": "medium",
        "title": "110 - Hydrant"
      }
    },
    {
      "type": "Feature",
      "id": "112",
      "geometry": {
        "type": "Point",
        "coordinates": [
          8.567422,
          54.687698
        ]
      },
      "properties": {
        "id": "112",
        "typ": "Hydrant",
        "menge_l_min": 1600,
        "quellkarte": "04_Foehr_Sued_Ost.pdf",
        "ortsname": "Föhr (Südost)",
        "ortsquelle": "04_Foehr_Sued_Ost.pdf",
        "zuordnungsabstand_relativ": 0.817,
        "pdf_x_pt": 2885.35,
        "pdf_y_von_oben_pt": 1843.323,
        "koordinatenquelle": "eingebettete GeoPDF-Georeferenzierung",
        "lagehinweis": "kartografische Symbolposition; nicht vermessungstechnisch oder vor Ort bestätigt",
        "marker-color": "#1565c0",
        "marker-symbol": "fire-station",
        "marker-size": "medium",
        "title": "112 - Hydrant"
      }
    },
    {
      "type": "Feature",
      "id": "113",
      "geometry": {
        "type": "Point",
        "coordinates": [
          8.566595,
          54.687097
        ]
      },
      "properties": {
        "id": "113",
        "typ": "Hydrant",
        "menge_l_min": 1600,
        "quellkarte": "04_Foehr_Sued_Ost.pdf",
        "ortsname": "Föhr (Südost)",
        "ortsquelle": "04_Foehr_Sued_Ost.pdf",
        "zuordnungsabstand_relativ": 0.863,
        "pdf_x_pt": 2857.66,
        "pdf_y_von_oben_pt": 1877.573,
        "koordinatenquelle": "eingebettete GeoPDF-Georeferenzierung",
        "lagehinweis": "kartografische Symbolposition; nicht vermessungstechnisch oder vor Ort bestätigt",
        "marker-color": "#1565c0",
        "marker-symbol": "fire-station",
        "marker-size": "medium",
        "title": "113 - Hydrant"
      }
    },
    {
      "type": "Feature",
      "id": "114",
      "geometry": {
        "type": "Point",
        "coordinates": [
          8.56568,
          54.687551
        ]
      },
      "properties": {
        "id": "114",
        "typ": "Hydrant",
        "menge_l_min": 1600,
        "quellkarte": "04_Foehr_Sued_Ost.pdf",
        "ortsname": "Föhr (Südost)",
        "ortsquelle": "04_Foehr_Sued_Ost.pdf",
        "zuordnungsabstand_relativ": 1.244,
        "pdf_x_pt": 2827.417,
        "pdf_y_von_oben_pt": 1851.361,
        "koordinatenquelle": "eingebettete GeoPDF-Georeferenzierung",
        "lagehinweis": "kartografische Symbolposition; nicht vermessungstechnisch oder vor Ort bestätigt",
        "marker-color": "#1565c0",
        "marker-symbol": "fire-station",
        "marker-size": "medium",
        "title": "114 - Hydrant"
      }
    },
    {
      "type": "Feature",
      "id": "115",
      "geometry": {
        "type": "Point",
        "coordinates": [
          8.565211,
          54.688687
        ]
      },
      "properties": {
        "id": "115",
        "typ": "Hydrant",
        "menge_l_min": 1600,
        "quellkarte": "04_Foehr_Sued_Ost.pdf",
        "ortsname": "Föhr (Südost)",
        "ortsquelle": "04_Foehr_Sued_Ost.pdf",
        "zuordnungsabstand_relativ": 1.111,
        "pdf_x_pt": 2812.234,
        "pdf_y_von_oben_pt": 1786.088,
        "koordinatenquelle": "eingebettete GeoPDF-Georeferenzierung",
        "lagehinweis": "kartografische Symbolposition; nicht vermessungstechnisch oder vor Ort bestätigt",
        "marker-color": "#1565c0",
        "marker-symbol": "fire-station",
        "marker-size": "medium",
        "title": "115 - Hydrant"
      }
    },
    {
      "type": "Feature",
      "id": "116",
      "geometry": {
        "type": "Point",
        "coordinates": [
          8.564615,
          54.688013
        ]
      },
      "properties": {
        "id": "116",
        "typ": "Hydrant",
        "menge_l_min": 1600,
        "quellkarte": "04_Foehr_Sued_Ost.pdf",
        "ortsname": "Föhr (Südost)",
        "ortsquelle": "04_Foehr_Sued_Ost.pdf",
        "zuordnungsabstand_relativ": 0.859,
        "pdf_x_pt": 2792.204,
        "pdf_y_von_oben_pt": 1824.641,
        "koordinatenquelle": "eingebettete GeoPDF-Georeferenzierung",
        "lagehinweis": "kartografische Symbolposition; nicht vermessungstechnisch oder vor Ort bestätigt",
        "marker-color": "#1565c0",
        "marker-symbol": "fire-station",
        "marker-size": "medium",
        "title": "116 - Hydrant"
      }
    },
    {
      "type": "Feature",
      "id": "119",
      "geometry": {
        "type": "Point",
        "coordinates": [
          8.568484,
          54.685559
        ]
      },
      "properties": {
        "id": "119",
        "typ": "Hydrant",
        "menge_l_min": 1600,
        "quellkarte": "04_Foehr_Sued_Ost.pdf",
        "ortsname": "Föhr (Südost)",
        "ortsquelle": "04_Foehr_Sued_Ost.pdf",
        "zuordnungsabstand_relativ": 0.788,
        "pdf_x_pt": 2919.876,
        "pdf_y_von_oben_pt": 1966.178,
        "koordinatenquelle": "eingebettete GeoPDF-Georeferenzierung",
        "lagehinweis": "kartografische Symbolposition; nicht vermessungstechnisch oder vor Ort bestätigt",
        "marker-color": "#1565c0",
        "marker-symbol": "fire-station",
        "marker-size": "medium",
        "title": "119 - Hydrant"
      }
    },
    {
      "type": "Feature",
      "id": "120",
      "geometry": {
        "type": "Point",
        "coordinates": [
          8.56846,
          54.684746
        ]
      },
      "properties": {
        "id": "120",
        "typ": "Hydrant",
        "menge_l_min": 1600,
        "quellkarte": "04_Foehr_Sued_Ost.pdf",
        "ortsname": "Föhr (Südost)",
        "ortsquelle": "04_Foehr_Sued_Ost.pdf",
        "zuordnungsabstand_relativ": 0.904,
        "pdf_x_pt": 2918.814,
        "pdf_y_von_oben_pt": 2012.766,
        "koordinatenquelle": "eingebettete GeoPDF-Georeferenzierung",
        "lagehinweis": "kartografische Symbolposition; nicht vermessungstechnisch oder vor Ort bestätigt",
        "marker-color": "#1565c0",
        "marker-symbol": "fire-station",
        "marker-size": "medium",
        "title": "120 - Hydrant"
      }
    },
    {
      "type": "Feature",
      "id": "121",
      "geometry": {
        "type": "Point",
        "coordinates": [
          8.568466,
          54.684213
        ]
      },
      "properties": {
        "id": "121",
        "typ": "Hydrant",
        "menge_l_min": 1600,
        "quellkarte": "04_Foehr_Sued_Ost.pdf",
        "ortsname": "Föhr (Südost)",
        "ortsquelle": "04_Foehr_Sued_Ost.pdf",
        "zuordnungsabstand_relativ": 0.867,
        "pdf_x_pt": 2918.799,
        "pdf_y_von_oben_pt": 2043.354,
        "koordinatenquelle": "eingebettete GeoPDF-Georeferenzierung",
        "lagehinweis": "kartografische Symbolposition; nicht vermessungstechnisch oder vor Ort bestätigt",
        "marker-color": "#1565c0",
        "marker-symbol": "fire-station",
        "marker-size": "medium",
        "title": "121 - Hydrant"
      }
    },
    {
      "type": "Feature",
      "id": "122",
      "geometry": {
        "type": "Point",
        "coordinates": [
          8.567314,
          54.683715
        ]
      },
      "properties": {
        "id": "122",
        "typ": "Hydrant",
        "menge_l_min": 1600,
        "quellkarte": "04_Foehr_Sued_Ost.pdf",
        "ortsname": "Föhr (Südost)",
        "ortsquelle": "04_Foehr_Sued_Ost.pdf",
        "zuordnungsabstand_relativ": 0.923,
        "pdf_x_pt": 2880.354,
        "pdf_y_von_oben_pt": 2071.65,
        "koordinatenquelle": "eingebettete GeoPDF-Georeferenzierung",
        "lagehinweis": "kartografische Symbolposition; nicht vermessungstechnisch oder vor Ort bestätigt",
        "marker-color": "#1565c0",
        "marker-symbol": "fire-station",
        "marker-size": "medium",
        "title": "122 - Hydrant"
      }
    },
    {
      "type": "Feature",
      "id": "123",
      "geometry": {
        "type": "Point",
        "coordinates": [
          8.56703,
          54.686195
        ]
      },
      "properties": {
        "id": "123",
        "typ": "Hydrant",
        "menge_l_min": 1600,
        "quellkarte": "04_Foehr_Sued_Ost.pdf",
        "ortsname": "Föhr (Südost)",
        "ortsquelle": "04_Foehr_Sued_Ost.pdf",
        "zuordnungsabstand_relativ": 1.096,
        "pdf_x_pt": 2871.783,
        "pdf_y_von_oben_pt": 1929.37,
        "koordinatenquelle": "eingebettete GeoPDF-Georeferenzierung",
        "lagehinweis": "kartografische Symbolposition; nicht vermessungstechnisch oder vor Ort bestätigt",
        "marker-color": "#1565c0",
        "marker-symbol": "fire-station",
        "marker-size": "medium",
        "title": "123 - Hydrant"
      }
    },
    {
      "type": "Feature",
      "id": "124",
      "geometry": {
        "type": "Point",
        "coordinates": [
          8.566437,
          54.685518
        ]
      },
      "properties": {
        "id": "124",
        "typ": "Hydrant",
        "menge_l_min": 1600,
        "quellkarte": "04_Foehr_Sued_Ost.pdf",
        "ortsname": "Föhr (Südost)",
        "ortsquelle": "04_Foehr_Sued_Ost.pdf",
        "zuordnungsabstand_relativ": 1.005,
        "pdf_x_pt": 2851.844,
        "pdf_y_von_oben_pt": 1968.087,
        "koordinatenquelle": "eingebettete GeoPDF-Georeferenzierung",
        "lagehinweis": "kartografische Symbolposition; nicht vermessungstechnisch oder vor Ort bestätigt",
        "marker-color": "#1565c0",
        "marker-symbol": "fire-station",
        "marker-size": "medium",
        "title": "124 - Hydrant"
      }
    },
    {
      "type": "Feature",
      "id": "125",
      "geometry": {
        "type": "Point",
        "coordinates": [
          8.565793,
          54.684809
        ]
      },
      "properties": {
        "id": "125",
        "typ": "Hydrant",
        "menge_l_min": 1600,
        "quellkarte": "04_Foehr_Sued_Ost.pdf",
        "ortsname": "Föhr (Südost)",
        "ortsquelle": "04_Foehr_Sued_Ost.pdf",
        "zuordnungsabstand_relativ": 0.817,
        "pdf_x_pt": 2830.196,
        "pdf_y_von_oben_pt": 2008.559,
        "koordinatenquelle": "eingebettete GeoPDF-Georeferenzierung",
        "lagehinweis": "kartografische Symbolposition; nicht vermessungstechnisch oder vor Ort bestätigt",
        "marker-color": "#1565c0",
        "marker-symbol": "fire-station",
        "marker-size": "medium",
        "title": "125 - Hydrant"
      }
    },
    {
      "type": "Feature",
      "id": "126",
      "geometry": {
        "type": "Point",
        "coordinates": [
          8.565268,
          54.68432
        ]
      },
      "properties": {
        "id": "126",
        "typ": "Hydrant",
        "menge_l_min": 1600,
        "quellkarte": "04_Foehr_Sued_Ost.pdf",
        "ortsname": "Föhr (Südost)",
        "ortsquelle": "04_Foehr_Sued_Ost.pdf",
        "zuordnungsabstand_relativ": 0.985,
        "pdf_x_pt": 2812.6,
        "pdf_y_von_oben_pt": 2036.511,
        "koordinatenquelle": "eingebettete GeoPDF-Georeferenzierung",
        "lagehinweis": "kartografische Symbolposition; nicht vermessungstechnisch oder vor Ort bestätigt",
        "marker-color": "#1565c0",
        "marker-symbol": "fire-station",
        "marker-size": "medium",
        "title": "126 - Hydrant"
      }
    },
    {
      "type": "Feature",
      "id": "127",
      "geometry": {
        "type": "Point",
        "coordinates": [
          8.565671,
          54.686058
        ]
      },
      "properties": {
        "id": "127",
        "typ": "Hydrant",
        "menge_l_min": 1600,
        "quellkarte": "04_Foehr_Sued_Ost.pdf",
        "ortsname": "Föhr (Südost)",
        "ortsquelle": "04_Foehr_Sued_Ost.pdf",
        "zuordnungsabstand_relativ": 0.835,
        "pdf_x_pt": 2826.597,
        "pdf_y_von_oben_pt": 1936.96,
        "koordinatenquelle": "eingebettete GeoPDF-Georeferenzierung",
        "lagehinweis": "kartografische Symbolposition; nicht vermessungstechnisch oder vor Ort bestätigt",
        "marker-color": "#1565c0",
        "marker-symbol": "fire-station",
        "marker-size": "medium",
        "title": "127 - Hydrant"
      }
    },
    {
      "type": "Feature",
      "id": "128",
      "geometry": {
        "type": "Point",
        "coordinates": [
          8.564874,
          54.685537
        ]
      },
      "properties": {
        "id": "128",
        "typ": "Hydrant",
        "menge_l_min": 1600,
        "quellkarte": "04_Foehr_Sued_Ost.pdf",
        "ortsname": "Föhr (Südost)",
        "ortsquelle": "04_Foehr_Sued_Ost.pdf",
        "zuordnungsabstand_relativ": 1.719,
        "pdf_x_pt": 2799.914,
        "pdf_y_von_oben_pt": 1966.645,
        "koordinatenquelle": "eingebettete GeoPDF-Georeferenzierung",
        "lagehinweis": "kartografische Symbolposition; nicht vermessungstechnisch oder vor Ort bestätigt",
        "marker-color": "#1565c0",
        "marker-symbol": "fire-station",
        "marker-size": "medium",
        "title": "128 - Hydrant"
      }
    },
    {
      "type": "Feature",
      "id": "129",
      "geometry": {
        "type": "Point",
        "coordinates": [
          8.565181,
          54.68553
        ]
      },
      "properties": {
        "id": "129",
        "typ": "Hydrant",
        "menge_l_min": 1600,
        "quellkarte": "04_Foehr_Sued_Ost.pdf",
        "ortsname": "Föhr (Südost)",
        "ortsquelle": "04_Foehr_Sued_Ost.pdf",
        "zuordnungsabstand_relativ": 0.17,
        "pdf_x_pt": 2810.133,
        "pdf_y_von_oben_pt": 1967.136,
        "koordinatenquelle": "eingebettete GeoPDF-Georeferenzierung",
        "lagehinweis": "kartografische Symbolposition; nicht vermessungstechnisch oder vor Ort bestätigt",
        "marker-color": "#1565c0",
        "marker-symbol": "fire-station",
        "marker-size": "medium",
        "title": "129 - Hydrant"
      }
    },
    {
      "type": "Feature",
      "id": "130",
      "geometry": {
        "type": "Point",
        "coordinates": [
          8.563842,
          54.684855
        ]
      },
      "properties": {
        "id": "130",
        "typ": "Hydrant",
        "menge_l_min": 1600,
        "quellkarte": "04_Foehr_Sued_Ost.pdf",
        "ortsname": "Föhr (Südost)",
        "ortsquelle": "04_Foehr_Sued_Ost.pdf",
        "zuordnungsabstand_relativ": 0.944,
        "pdf_x_pt": 2765.41,
        "pdf_y_von_oben_pt": 2005.52,
        "koordinatenquelle": "eingebettete GeoPDF-Georeferenzierung",
        "lagehinweis": "kartografische Symbolposition; nicht vermessungstechnisch oder vor Ort bestätigt",
        "marker-color": "#1565c0",
        "marker-symbol": "fire-station",
        "marker-size": "medium",
        "title": "130 - Hydrant"
      }
    },
    {
      "type": "Feature",
      "id": "131",
      "geometry": {
        "type": "Point",
        "coordinates": [
          8.563343,
          54.6852
        ]
      },
      "properties": {
        "id": "131",
        "typ": "E-Bohrbrunnen",
        "menge_l_min": null,
        "quellkarte": "04_Foehr_Sued_Ost.pdf",
        "ortsname": "Föhr (Südost)",
        "ortsquelle": "04_Foehr_Sued_Ost.pdf",
        "zuordnungsabstand_relativ": 1.305,
        "pdf_x_pt": 2748.932,
        "pdf_y_von_oben_pt": 1985.609,
        "koordinatenquelle": "eingebettete GeoPDF-Georeferenzierung",
        "lagehinweis": "kartografische Symbolposition; nicht vermessungstechnisch oder vor Ort bestätigt",
        "marker-color": "#8e24aa",
        "marker-symbol": "industrial",
        "marker-size": "medium",
        "title": "131 - E-Bohrbrunnen"
      }
    },
    {
      "type": "Feature",
      "id": "133",
      "geometry": {
        "type": "Point",
        "coordinates": [
          8.563736,
          54.687004
        ]
      },
      "properties": {
        "id": "133",
        "typ": "Hydrant",
        "menge_l_min": 1600,
        "quellkarte": "04_Foehr_Sued_Ost.pdf",
        "ortsname": "Föhr (Südost)",
        "ortsquelle": "04_Foehr_Sued_Ost.pdf",
        "zuordnungsabstand_relativ": 0.869,
        "pdf_x_pt": 2762.637,
        "pdf_y_von_oben_pt": 1882.285,
        "koordinatenquelle": "eingebettete GeoPDF-Georeferenzierung",
        "lagehinweis": "kartografische Symbolposition; nicht vermessungstechnisch oder vor Ort bestätigt",
        "marker-color": "#1565c0",
        "marker-symbol": "fire-station",
        "marker-size": "medium",
        "title": "133 - Hydrant"
      }
    },
    {
      "type": "Feature",
      "id": "134",
      "geometry": {
        "type": "Point",
        "coordinates": [
          8.562387,
          54.685759
        ]
      },
      "properties": {
        "id": "134",
        "typ": "Hydrant",
        "menge_l_min": 1600,
        "quellkarte": "04_Foehr_Sued_Ost.pdf",
        "ortsname": "Föhr (Südost)",
        "ortsquelle": "04_Foehr_Sued_Ost.pdf",
        "zuordnungsabstand_relativ": 0.8,
        "pdf_x_pt": 2717.369,
        "pdf_y_von_oben_pt": 1953.353,
        "koordinatenquelle": "eingebettete GeoPDF-Georeferenzierung",
        "lagehinweis": "kartografische Symbolposition; nicht vermessungstechnisch oder vor Ort bestätigt",
        "marker-color": "#1565c0",
        "marker-symbol": "fire-station",
        "marker-size": "medium",
        "title": "134 - Hydrant"
      }
    },
    {
      "type": "Feature",
      "id": "135",
      "geometry": {
        "type": "Point",
        "coordinates": [
          8.567075,
          54.681977
        ]
      },
      "properties": {
        "id": "135",
        "typ": "Hydrant",
        "menge_l_min": 1600,
        "quellkarte": "04_Foehr_Sued_Ost.pdf",
        "ortsname": "Föhr (Südost)",
        "ortsquelle": "04_Foehr_Sued_Ost.pdf",
        "zuordnungsabstand_relativ": 0.88,
        "pdf_x_pt": 2871.821,
        "pdf_y_von_oben_pt": 2171.254,
        "koordinatenquelle": "eingebettete GeoPDF-Georeferenzierung",
        "lagehinweis": "kartografische Symbolposition; nicht vermessungstechnisch oder vor Ort bestätigt",
        "marker-color": "#1565c0",
        "marker-symbol": "fire-station",
        "marker-size": "medium",
        "title": "135 - Hydrant"
      }
    },
    {
      "type": "Feature",
      "id": "136",
      "geometry": {
        "type": "Point",
        "coordinates": [
          8.566322,
          54.68119
        ]
      },
      "properties": {
        "id": "136",
        "typ": "Hydrant",
        "menge_l_min": 1600,
        "quellkarte": "04_Foehr_Sued_Ost.pdf",
        "ortsname": "Föhr (Südost)",
        "ortsquelle": "04_Foehr_Sued_Ost.pdf",
        "zuordnungsabstand_relativ": 0.786,
        "pdf_x_pt": 2846.532,
        "pdf_y_von_oben_pt": 2216.203,
        "koordinatenquelle": "eingebettete GeoPDF-Georeferenzierung",
        "lagehinweis": "kartografische Symbolposition; nicht vermessungstechnisch oder vor Ort bestätigt",
        "marker-color": "#1565c0",
        "marker-symbol": "fire-station",
        "marker-size": "medium",
        "title": "136 - Hydrant"
      }
    },
    {
      "type": "Feature",
      "id": "137",
      "geometry": {
        "type": "Point",
        "coordinates": [
          8.564507,
          54.681193
        ]
      },
      "properties": {
        "id": "137",
        "typ": "Hydrant",
        "menge_l_min": 1600,
        "quellkarte": "04_Foehr_Sued_Ost.pdf",
        "ortsname": "Föhr (Südost)",
        "ortsquelle": "04_Foehr_Sued_Ost.pdf",
        "zuordnungsabstand_relativ": 0.904,
        "pdf_x_pt": 2786.211,
        "pdf_y_von_oben_pt": 2215.666,
        "koordinatenquelle": "eingebettete GeoPDF-Georeferenzierung",
        "lagehinweis": "kartografische Symbolposition; nicht vermessungstechnisch oder vor Ort bestätigt",
        "marker-color": "#1565c0",
        "marker-symbol": "fire-station",
        "marker-size": "medium",
        "title": "137 - Hydrant"
      }
    },
    {
      "type": "Feature",
      "id": "138",
      "geometry": {
        "type": "Point",
        "coordinates": [
          8.564426,
          54.681938
        ]
      },
      "properties": {
        "id": "138",
        "typ": "Hydrant",
        "menge_l_min": 1600,
        "quellkarte": "04_Foehr_Sued_Ost.pdf",
        "ortsname": "Föhr (Südost)",
        "ortsquelle": "04_Foehr_Sued_Ost.pdf",
        "zuordnungsabstand_relativ": 0.998,
        "pdf_x_pt": 2783.78,
        "pdf_y_von_oben_pt": 2172.891,
        "koordinatenquelle": "eingebettete GeoPDF-Georeferenzierung",
        "lagehinweis": "kartografische Symbolposition; nicht vermessungstechnisch oder vor Ort bestätigt",
        "marker-color": "#1565c0",
        "marker-symbol": "fire-station",
        "marker-size": "medium",
        "title": "138 - Hydrant"
      }
    },
    {
      "type": "Feature",
      "id": "139",
      "geometry": {
        "type": "Point",
        "coordinates": [
          8.563527,
          54.682094
        ]
      },
      "properties": {
        "id": "139",
        "typ": "Hydrant",
        "menge_l_min": 1600,
        "quellkarte": "04_Foehr_Sued_Ost.pdf",
        "ortsname": "Föhr (Südost)",
        "ortsquelle": "04_Foehr_Sued_Ost.pdf",
        "zuordnungsabstand_relativ": 0.83,
        "pdf_x_pt": 2753.973,
        "pdf_y_von_oben_pt": 2163.758,
        "koordinatenquelle": "eingebettete GeoPDF-Georeferenzierung",
        "lagehinweis": "kartografische Symbolposition; nicht vermessungstechnisch oder vor Ort bestätigt",
        "marker-color": "#1565c0",
        "marker-symbol": "fire-station",
        "marker-size": "medium",
        "title": "139 - Hydrant"
      }
    },
    {
      "type": "Feature",
      "id": "140",
      "geometry": {
        "type": "Point",
        "coordinates": [
          8.563097,
          54.681728
        ]
      },
      "properties": {
        "id": "140",
        "typ": "Hydrant",
        "menge_l_min": 1600,
        "quellkarte": "04_Foehr_Sued_Ost.pdf",
        "ortsname": "Föhr (Südost)",
        "ortsquelle": "04_Foehr_Sued_Ost.pdf",
        "zuordnungsabstand_relativ": 1.556,
        "pdf_x_pt": 2739.55,
        "pdf_y_von_oben_pt": 2184.643,
        "koordinatenquelle": "eingebettete GeoPDF-Georeferenzierung",
        "lagehinweis": "kartografische Symbolposition; nicht vermessungstechnisch oder vor Ort bestätigt",
        "marker-color": "#1565c0",
        "marker-symbol": "fire-station",
        "marker-size": "medium",
        "title": "140 - Hydrant"
      }
    },
    {
      "type": "Feature",
      "id": "141",
      "geometry": {
        "type": "Point",
        "coordinates": [
          8.562478,
          54.682128
        ]
      },
      "properties": {
        "id": "141",
        "typ": "Hydrant",
        "menge_l_min": 1600,
        "quellkarte": "04_Foehr_Sued_Ost.pdf",
        "ortsname": "Föhr (Südost)",
        "ortsquelle": "04_Foehr_Sued_Ost.pdf",
        "zuordnungsabstand_relativ": 0.852,
        "pdf_x_pt": 2719.125,
        "pdf_y_von_oben_pt": 2161.564,
        "koordinatenquelle": "eingebettete GeoPDF-Georeferenzierung",
        "lagehinweis": "kartografische Symbolposition; nicht vermessungstechnisch oder vor Ort bestätigt",
        "marker-color": "#1565c0",
        "marker-symbol": "fire-station",
        "marker-size": "medium",
        "title": "141 - Hydrant"
      }
    },
    {
      "type": "Feature",
      "id": "142",
      "geometry": {
        "type": "Point",
        "coordinates": [
          8.562187,
          54.682877
        ]
      },
      "properties": {
        "id": "142",
        "typ": "Hydrant",
        "menge_l_min": 1600,
        "quellkarte": "04_Foehr_Sued_Ost.pdf",
        "ortsname": "Föhr (Südost)",
        "ortsquelle": "04_Foehr_Sued_Ost.pdf",
        "zuordnungsabstand_relativ": 0.91,
        "pdf_x_pt": 2709.704,
        "pdf_y_von_oben_pt": 2118.596,
        "koordinatenquelle": "eingebettete GeoPDF-Georeferenzierung",
        "lagehinweis": "kartografische Symbolposition; nicht vermessungstechnisch oder vor Ort bestätigt",
        "marker-color": "#1565c0",
        "marker-symbol": "fire-station",
        "marker-size": "medium",
        "title": "142 - Hydrant"
      }
    },
    {
      "type": "Feature",
      "id": "143",
      "geometry": {
        "type": "Point",
        "coordinates": [
          8.563723,
          54.683034
        ]
      },
      "properties": {
        "id": "143",
        "typ": "Hydrant",
        "menge_l_min": 1600,
        "quellkarte": "04_Foehr_Sued_Ost.pdf",
        "ortsname": "Föhr (Südost)",
        "ortsquelle": "04_Foehr_Sued_Ost.pdf",
        "zuordnungsabstand_relativ": 1.021,
        "pdf_x_pt": 2760.811,
        "pdf_y_von_oben_pt": 2109.88,
        "koordinatenquelle": "eingebettete GeoPDF-Georeferenzierung",
        "lagehinweis": "kartografische Symbolposition; nicht vermessungstechnisch oder vor Ort bestätigt",
        "marker-color": "#1565c0",
        "marker-symbol": "fire-station",
        "marker-size": "medium",
        "title": "143 - Hydrant"
      }
    },
    {
      "type": "Feature",
      "id": "144",
      "geometry": {
        "type": "Point",
        "coordinates": [
          8.564319,
          54.683859
        ]
      },
      "properties": {
        "id": "144",
        "typ": "Hydrant",
        "menge_l_min": 800,
        "quellkarte": "04_Foehr_Sued_Ost.pdf",
        "ortsname": "Föhr (Südost)",
        "ortsquelle": "04_Foehr_Sued_Ost.pdf",
        "zuordnungsabstand_relativ": 0.953,
        "pdf_x_pt": 2780.891,
        "pdf_y_von_oben_pt": 2062.72,
        "koordinatenquelle": "eingebettete GeoPDF-Georeferenzierung",
        "lagehinweis": "kartografische Symbolposition; nicht vermessungstechnisch oder vor Ort bestätigt",
        "marker-color": "#1565c0",
        "marker-symbol": "fire-station",
        "marker-size": "medium",
        "title": "144 - Hydrant"
      }
    },
    {
      "type": "Feature",
      "id": "145",
      "geometry": {
        "type": "Point",
        "coordinates": [
          8.563084,
          54.683973
        ]
      },
      "properties": {
        "id": "145",
        "typ": "Hydrant",
        "menge_l_min": 1600,
        "quellkarte": "04_Foehr_Sued_Ost.pdf",
        "ortsname": "Föhr (Südost)",
        "ortsquelle": "04_Foehr_Sued_Ost.pdf",
        "zuordnungsabstand_relativ": 1.001,
        "pdf_x_pt": 2739.911,
        "pdf_y_von_oben_pt": 2055.92,
        "koordinatenquelle": "eingebettete GeoPDF-Georeferenzierung",
        "lagehinweis": "kartografische Symbolposition; nicht vermessungstechnisch oder vor Ort bestätigt",
        "marker-color": "#1565c0",
        "marker-symbol": "fire-station",
        "marker-size": "medium",
        "title": "145 - Hydrant"
      }
    },
    {
      "type": "Feature",
      "id": "146",
      "geometry": {
        "type": "Point",
        "coordinates": [
          8.561581,
          54.684848
        ]
      },
      "properties": {
        "id": "146",
        "typ": "Hydrant",
        "menge_l_min": 1600,
        "quellkarte": "04_Foehr_Sued_Ost.pdf",
        "ortsname": "Föhr (Südost)",
        "ortsquelle": "04_Foehr_Sued_Ost.pdf",
        "zuordnungsabstand_relativ": 0.921,
        "pdf_x_pt": 2690.266,
        "pdf_y_von_oben_pt": 2005.443,
        "koordinatenquelle": "eingebettete GeoPDF-Georeferenzierung",
        "lagehinweis": "kartografische Symbolposition; nicht vermessungstechnisch oder vor Ort bestätigt",
        "marker-color": "#1565c0",
        "marker-symbol": "fire-station",
        "marker-size": "medium",
        "title": "146 - Hydrant"
      }
    },
    {
      "type": "Feature",
      "id": "147",
      "geometry": {
        "type": "Point",
        "coordinates": [
          8.560817,
          54.683969
        ]
      },
      "properties": {
        "id": "147",
        "typ": "Hydrant",
        "menge_l_min": 1600,
        "quellkarte": "04_Foehr_Sued_Ost.pdf",
        "ortsname": "Föhr (Südost)",
        "ortsquelle": "04_Foehr_Sued_Ost.pdf",
        "zuordnungsabstand_relativ": 0.852,
        "pdf_x_pt": 2664.576,
        "pdf_y_von_oben_pt": 2055.634,
        "koordinatenquelle": "eingebettete GeoPDF-Georeferenzierung",
        "lagehinweis": "kartografische Symbolposition; nicht vermessungstechnisch oder vor Ort bestätigt",
        "marker-color": "#1565c0",
        "marker-symbol": "fire-station",
        "marker-size": "medium",
        "title": "147 - Hydrant"
      }
    },
    {
      "type": "Feature",
      "id": "148",
      "geometry": {
        "type": "Point",
        "coordinates": [
          8.56022,
          54.683179
        ]
      },
      "properties": {
        "id": "148",
        "typ": "Hydrant",
        "menge_l_min": 1600,
        "quellkarte": "04_Foehr_Sued_Ost.pdf",
        "ortsname": "Föhr (Südost)",
        "ortsquelle": "04_Foehr_Sued_Ost.pdf",
        "zuordnungsabstand_relativ": 0.815,
        "pdf_x_pt": 2644.475,
        "pdf_y_von_oben_pt": 2100.819,
        "koordinatenquelle": "eingebettete GeoPDF-Georeferenzierung",
        "lagehinweis": "kartografische Symbolposition; nicht vermessungstechnisch oder vor Ort bestätigt",
        "marker-color": "#1565c0",
        "marker-symbol": "fire-station",
        "marker-size": "medium",
        "title": "148 - Hydrant"
      }
    },
    {
      "type": "Feature",
      "id": "149",
      "geometry": {
        "type": "Point",
        "coordinates": [
          8.559614,
          54.682426
        ]
      },
      "properties": {
        "id": "149",
        "typ": "Hydrant",
        "menge_l_min": 1600,
        "quellkarte": "04_Foehr_Sued_Ost.pdf",
        "ortsname": "Föhr (Südost)",
        "ortsquelle": "04_Foehr_Sued_Ost.pdf",
        "zuordnungsabstand_relativ": 0.547,
        "pdf_x_pt": 2624.072,
        "pdf_y_von_oben_pt": 2143.843,
        "koordinatenquelle": "eingebettete GeoPDF-Georeferenzierung",
        "lagehinweis": "kartografische Symbolposition; nicht vermessungstechnisch oder vor Ort bestätigt",
        "marker-color": "#1565c0",
        "marker-symbol": "fire-station",
        "marker-size": "medium",
        "title": "149 - Hydrant"
      }
    },
    {
      "type": "Feature",
      "id": "150",
      "geometry": {
        "type": "Point",
        "coordinates": [
          8.55906,
          54.681682
        ]
      },
      "properties": {
        "id": "150",
        "typ": "Hydrant",
        "menge_l_min": 1600,
        "quellkarte": "04_Foehr_Sued_Ost.pdf",
        "ortsname": "Föhr (Südost)",
        "ortsquelle": "04_Foehr_Sued_Ost.pdf",
        "zuordnungsabstand_relativ": 0.934,
        "pdf_x_pt": 2605.397,
        "pdf_y_von_oben_pt": 2186.384,
        "koordinatenquelle": "eingebettete GeoPDF-Georeferenzierung",
        "lagehinweis": "kartografische Symbolposition; nicht vermessungstechnisch oder vor Ort bestätigt",
        "marker-color": "#1565c0",
        "marker-symbol": "fire-station",
        "marker-size": "medium",
        "title": "150 - Hydrant"
      }
    },
    {
      "type": "Feature",
      "id": "152",
      "geometry": {
        "type": "Point",
        "coordinates": [
          8.558353,
          54.680844
        ]
      },
      "properties": {
        "id": "152",
        "typ": "Hydrant",
        "menge_l_min": 1600,
        "quellkarte": "04_Foehr_Sued_Ost.pdf",
        "ortsname": "Föhr (Südost)",
        "ortsquelle": "04_Foehr_Sued_Ost.pdf",
        "zuordnungsabstand_relativ": 0.991,
        "pdf_x_pt": 2581.596,
        "pdf_y_von_oben_pt": 2234.28,
        "koordinatenquelle": "eingebettete GeoPDF-Georeferenzierung",
        "lagehinweis": "kartografische Symbolposition; nicht vermessungstechnisch oder vor Ort bestätigt",
        "marker-color": "#1565c0",
        "marker-symbol": "fire-station",
        "marker-size": "medium",
        "title": "152 - Hydrant"
      }
    },
    {
      "type": "Feature",
      "id": "153",
      "geometry": {
        "type": "Point",
        "coordinates": [
          8.55776,
          54.680053
        ]
      },
      "properties": {
        "id": "153",
        "typ": "Hydrant",
        "menge_l_min": 1600,
        "quellkarte": "04_Foehr_Sued_Ost.pdf",
        "ortsname": "Föhr (Südost)",
        "ortsquelle": "04_Foehr_Sued_Ost.pdf",
        "zuordnungsabstand_relativ": 0.886,
        "pdf_x_pt": 2561.609,
        "pdf_y_von_oben_pt": 2279.534,
        "koordinatenquelle": "eingebettete GeoPDF-Georeferenzierung",
        "lagehinweis": "kartografische Symbolposition; nicht vermessungstechnisch oder vor Ort bestätigt",
        "marker-color": "#1565c0",
        "marker-symbol": "fire-station",
        "marker-size": "medium",
        "title": "153 - Hydrant"
      }
    },
    {
      "type": "Feature",
      "id": "154",
      "geometry": {
        "type": "Point",
        "coordinates": [
          8.564817,
          54.680568
        ]
      },
      "properties": {
        "id": "154",
        "typ": "Hydrant",
        "menge_l_min": 1600,
        "quellkarte": "04_Foehr_Sued_Ost.pdf",
        "ortsname": "Föhr (Südost)",
        "ortsquelle": "04_Foehr_Sued_Ost.pdf",
        "zuordnungsabstand_relativ": 0.824,
        "pdf_x_pt": 2796.293,
        "pdf_y_von_oben_pt": 2251.559,
        "koordinatenquelle": "eingebettete GeoPDF-Georeferenzierung",
        "lagehinweis": "kartografische Symbolposition; nicht vermessungstechnisch oder vor Ort bestätigt",
        "marker-color": "#1565c0",
        "marker-symbol": "fire-station",
        "marker-size": "medium",
        "title": "154 - Hydrant"
      }
    },
    {
      "type": "Feature",
      "id": "155",
      "geometry": {
        "type": "Point",
        "coordinates": [
          8.563106,
          54.680417
        ]
      },
      "properties": {
        "id": "155",
        "typ": "Bohrbrunnen",
        "menge_l_min": null,
        "quellkarte": "04_Foehr_Sued_Ost.pdf",
        "ortsname": "Föhr (Südost)",
        "ortsquelle": "04_Foehr_Sued_Ost.pdf",
        "zuordnungsabstand_relativ": 1.186,
        "pdf_x_pt": 2739.367,
        "pdf_y_von_oben_pt": 2259.824,
        "koordinatenquelle": "eingebettete GeoPDF-Georeferenzierung",
        "lagehinweis": "kartografische Symbolposition; nicht vermessungstechnisch oder vor Ort bestätigt",
        "marker-color": "#f9a825",
        "marker-symbol": "water",
        "marker-size": "medium",
        "title": "155 - Bohrbrunnen"
      }
    },
    {
      "type": "Feature",
      "id": "156",
      "geometry": {
        "type": "Point",
        "coordinates": [
          8.562489,
          54.680274
        ]
      },
      "properties": {
        "id": "156",
        "typ": "Hydrant",
        "menge_l_min": 1600,
        "quellkarte": "04_Foehr_Sued_Ost.pdf",
        "ortsname": "Föhr (Südost)",
        "ortsquelle": "04_Foehr_Sued_Ost.pdf",
        "zuordnungsabstand_relativ": 0.808,
        "pdf_x_pt": 2718.812,
        "pdf_y_von_oben_pt": 2267.885,
        "koordinatenquelle": "eingebettete GeoPDF-Georeferenzierung",
        "lagehinweis": "kartografische Symbolposition; nicht vermessungstechnisch oder vor Ort bestätigt",
        "marker-color": "#1565c0",
        "marker-symbol": "fire-station",
        "marker-size": "medium",
        "title": "156 - Hydrant"
      }
    },
    {
      "type": "Feature",
      "id": "158",
      "geometry": {
        "type": "Point",
        "coordinates": [
          8.560868,
          54.680141
        ]
      },
      "properties": {
        "id": "158",
        "typ": "Hydrant",
        "menge_l_min": 1600,
        "quellkarte": "04_Foehr_Sued_Ost.pdf",
        "ortsname": "Föhr (Südost)",
        "ortsquelle": "04_Foehr_Sued_Ost.pdf",
        "zuordnungsabstand_relativ": 0.868,
        "pdf_x_pt": 2664.899,
        "pdf_y_von_oben_pt": 2275.134,
        "koordinatenquelle": "eingebettete GeoPDF-Georeferenzierung",
        "lagehinweis": "kartografische Symbolposition; nicht vermessungstechnisch oder vor Ort bestätigt",
        "marker-color": "#1565c0",
        "marker-symbol": "fire-station",
        "marker-size": "medium",
        "title": "158 - Hydrant"
      }
    },
    {
      "type": "Feature",
      "id": "159",
      "geometry": {
        "type": "Point",
        "coordinates": [
          8.559375,
          54.680103
        ]
      },
      "properties": {
        "id": "159",
        "typ": "Hydrant",
        "menge_l_min": 1600,
        "quellkarte": "04_Foehr_Sued_Ost.pdf",
        "ortsname": "Föhr (Südost)",
        "ortsquelle": "04_Foehr_Sued_Ost.pdf",
        "zuordnungsabstand_relativ": 0.87,
        "pdf_x_pt": 2615.294,
        "pdf_y_von_oben_pt": 2276.994,
        "koordinatenquelle": "eingebettete GeoPDF-Georeferenzierung",
        "lagehinweis": "kartografische Symbolposition; nicht vermessungstechnisch oder vor Ort bestätigt",
        "marker-color": "#1565c0",
        "marker-symbol": "fire-station",
        "marker-size": "medium",
        "title": "159 - Hydrant"
      }
    },
    {
      "type": "Feature",
      "id": "160",
      "geometry": {
        "type": "Point",
        "coordinates": [
          8.560463,
          54.68077
        ]
      },
      "properties": {
        "id": "160",
        "typ": "Hydrant",
        "menge_l_min": 1600,
        "quellkarte": "04_Foehr_Sued_Ost.pdf",
        "ortsname": "Föhr (Südost)",
        "ortsquelle": "04_Foehr_Sued_Ost.pdf",
        "zuordnungsabstand_relativ": 1.194,
        "pdf_x_pt": 2651.684,
        "pdf_y_von_oben_pt": 2239.022,
        "koordinatenquelle": "eingebettete GeoPDF-Georeferenzierung",
        "lagehinweis": "kartografische Symbolposition; nicht vermessungstechnisch oder vor Ort bestätigt",
        "marker-color": "#1565c0",
        "marker-symbol": "fire-station",
        "marker-size": "medium",
        "title": "160 - Hydrant"
      }
    },
    {
      "type": "Feature",
      "id": "161",
      "geometry": {
        "type": "Point",
        "coordinates": [
          8.556939,
          54.6803
        ]
      },
      "properties": {
        "id": "161",
        "typ": "Hydrant",
        "menge_l_min": 1600,
        "quellkarte": "04_Foehr_Sued_Ost.pdf",
        "ortsname": "Föhr (Südost)",
        "ortsquelle": "04_Foehr_Sued_Ost.pdf",
        "zuordnungsabstand_relativ": 1.009,
        "pdf_x_pt": 2534.404,
        "pdf_y_von_oben_pt": 2265.193,
        "koordinatenquelle": "eingebettete GeoPDF-Georeferenzierung",
        "lagehinweis": "kartografische Symbolposition; nicht vermessungstechnisch oder vor Ort bestätigt",
        "marker-color": "#1565c0",
        "marker-symbol": "fire-station",
        "marker-size": "medium",
        "title": "161 - Hydrant"
      }
    },
    {
      "type": "Feature",
      "id": "162",
      "geometry": {
        "type": "Point",
        "coordinates": [
          8.557437,
          54.680976
        ]
      },
      "properties": {
        "id": "162",
        "typ": "Hydrant",
        "menge_l_min": 1600,
        "quellkarte": "04_Foehr_Sued_Ost.pdf",
        "ortsname": "Föhr (Südost)",
        "ortsquelle": "04_Foehr_Sued_Ost.pdf",
        "zuordnungsabstand_relativ": 0.862,
        "pdf_x_pt": 2551.191,
        "pdf_y_von_oben_pt": 2226.526,
        "koordinatenquelle": "eingebettete GeoPDF-Georeferenzierung",
        "lagehinweis": "kartografische Symbolposition; nicht vermessungstechnisch oder vor Ort bestätigt",
        "marker-color": "#1565c0",
        "marker-symbol": "fire-station",
        "marker-size": "medium",
        "title": "162 - Hydrant"
      }
    },
    {
      "type": "Feature",
      "id": "163",
      "geometry": {
        "type": "Point",
        "coordinates": [
          8.55542,
          54.680592
        ]
      },
      "properties": {
        "id": "163",
        "typ": "Hydrant",
        "menge_l_min": 1600,
        "quellkarte": "04_Foehr_Sued_Ost.pdf",
        "ortsname": "Föhr (Südost)",
        "ortsquelle": "04_Foehr_Sued_Ost.pdf",
        "zuordnungsabstand_relativ": 0.855,
        "pdf_x_pt": 2484.052,
        "pdf_y_von_oben_pt": 2248.121,
        "koordinatenquelle": "eingebettete GeoPDF-Georeferenzierung",
        "lagehinweis": "kartografische Symbolposition; nicht vermessungstechnisch oder vor Ort bestätigt",
        "marker-color": "#1565c0",
        "marker-symbol": "fire-station",
        "marker-size": "medium",
        "title": "163 - Hydrant"
      }
    },
    {
      "type": "Feature",
      "id": "164",
      "geometry": {
        "type": "Point",
        "coordinates": [
          8.5539,
          54.681002
        ]
      },
      "properties": {
        "id": "164",
        "typ": "Hydrant",
        "menge_l_min": 1600,
        "quellkarte": "04_Foehr_Sued_Ost.pdf",
        "ortsname": "Föhr (Südost)",
        "ortsquelle": "04_Foehr_Sued_Ost.pdf",
        "zuordnungsabstand_relativ": 0.976,
        "pdf_x_pt": 2433.69,
        "pdf_y_von_oben_pt": 2224.276,
        "koordinatenquelle": "eingebettete GeoPDF-Georeferenzierung",
        "lagehinweis": "kartografische Symbolposition; nicht vermessungstechnisch oder vor Ort bestätigt",
        "marker-color": "#1565c0",
        "marker-symbol": "fire-station",
        "marker-size": "medium",
        "title": "164 - Hydrant"
      }
    },
    {
      "type": "Feature",
      "id": "165",
      "geometry": {
        "type": "Point",
        "coordinates": [
          8.55236,
          54.681451
        ]
      },
      "properties": {
        "id": "165",
        "typ": "Hydrant",
        "menge_l_min": 1600,
        "quellkarte": "04_Foehr_Sued_Ost.pdf",
        "ortsname": "Föhr (Südost)",
        "ortsquelle": "04_Foehr_Sued_Ost.pdf",
        "zuordnungsabstand_relativ": 1.158,
        "pdf_x_pt": 2382.67,
        "pdf_y_von_oben_pt": 2198.184,
        "koordinatenquelle": "eingebettete GeoPDF-Georeferenzierung",
        "lagehinweis": "kartografische Symbolposition; nicht vermessungstechnisch oder vor Ort bestätigt",
        "marker-color": "#1565c0",
        "marker-symbol": "fire-station",
        "marker-size": "medium",
        "title": "165 - Hydrant"
      }
    },
    {
      "type": "Feature",
      "id": "166",
      "geometry": {
        "type": "Point",
        "coordinates": [
          8.552855,
          54.681959
        ]
      },
      "properties": {
        "id": "166",
        "typ": "Hydrant",
        "menge_l_min": 1600,
        "quellkarte": "04_Foehr_Sued_Ost.pdf",
        "ortsname": "Föhr (Südost)",
        "ortsquelle": "04_Foehr_Sued_Ost.pdf",
        "zuordnungsabstand_relativ": 0.964,
        "pdf_x_pt": 2399.304,
        "pdf_y_von_oben_pt": 2169.157,
        "koordinatenquelle": "eingebettete GeoPDF-Georeferenzierung",
        "lagehinweis": "kartografische Symbolposition; nicht vermessungstechnisch oder vor Ort bestätigt",
        "marker-color": "#1565c0",
        "marker-symbol": "fire-station",
        "marker-size": "medium",
        "title": "166 - Hydrant"
      }
    },
    {
      "type": "Feature",
      "id": "167",
      "geometry": {
        "type": "Point",
        "coordinates": [
          8.551801,
          54.68081
        ]
      },
      "properties": {
        "id": "167",
        "typ": "Hydrant",
        "menge_l_min": 1600,
        "quellkarte": "04_Foehr_Sued_Ost.pdf",
        "ortsname": "Föhr (Südost)",
        "ortsquelle": "04_Foehr_Sued_Ost.pdf",
        "zuordnungsabstand_relativ": 1.144,
        "pdf_x_pt": 2363.873,
        "pdf_y_von_oben_pt": 2234.784,
        "koordinatenquelle": "eingebettete GeoPDF-Georeferenzierung",
        "lagehinweis": "kartografische Symbolposition; nicht vermessungstechnisch oder vor Ort bestätigt",
        "marker-color": "#1565c0",
        "marker-symbol": "fire-station",
        "marker-size": "medium",
        "title": "167 - Hydrant"
      }
    },
    {
      "type": "Feature",
      "id": "168",
      "geometry": {
        "type": "Point",
        "coordinates": [
          8.551584,
          54.680746
        ]
      },
      "properties": {
        "id": "168",
        "typ": "E-Bohrbrunnen",
        "menge_l_min": null,
        "quellkarte": "04_Foehr_Sued_Ost.pdf",
        "ortsname": "Föhr (Südost)",
        "ortsquelle": "04_Foehr_Sued_Ost.pdf",
        "zuordnungsabstand_relativ": 1.12,
        "pdf_x_pt": 2356.631,
        "pdf_y_von_oben_pt": 2238.43,
        "koordinatenquelle": "eingebettete GeoPDF-Georeferenzierung",
        "lagehinweis": "kartografische Symbolposition; nicht vermessungstechnisch oder vor Ort bestätigt",
        "marker-color": "#8e24aa",
        "marker-symbol": "industrial",
        "marker-size": "medium",
        "title": "168 - E-Bohrbrunnen"
      }
    },
    {
      "type": "Feature",
      "id": "169",
      "geometry": {
        "type": "Point",
        "coordinates": [
          8.551198,
          54.680353
        ]
      },
      "properties": {
        "id": "169",
        "typ": "Hydrant",
        "menge_l_min": 1600,
        "quellkarte": "04_Foehr_Sued_Ost.pdf",
        "ortsname": "Föhr (Südost)",
        "ortsquelle": "04_Foehr_Sued_Ost.pdf",
        "zuordnungsabstand_relativ": 0.813,
        "pdf_x_pt": 2343.65,
        "pdf_y_von_oben_pt": 2260.867,
        "koordinatenquelle": "eingebettete GeoPDF-Georeferenzierung",
        "lagehinweis": "kartografische Symbolposition; nicht vermessungstechnisch oder vor Ort bestätigt",
        "marker-color": "#1565c0",
        "marker-symbol": "fire-station",
        "marker-size": "medium",
        "title": "169 - Hydrant"
      }
    },
    {
      "type": "Feature",
      "id": "170",
      "geometry": {
        "type": "Point",
        "coordinates": [
          8.550466,
          54.680442
        ]
      },
      "properties": {
        "id": "170",
        "typ": "Hydrant",
        "menge_l_min": 1600,
        "quellkarte": "04_Foehr_Sued_Ost.pdf",
        "ortsname": "Föhr (Südost)",
        "ortsquelle": "04_Foehr_Sued_Ost.pdf",
        "zuordnungsabstand_relativ": 0.808,
        "pdf_x_pt": 2319.366,
        "pdf_y_von_oben_pt": 2255.585,
        "koordinatenquelle": "eingebettete GeoPDF-Georeferenzierung",
        "lagehinweis": "kartografische Symbolposition; nicht vermessungstechnisch oder vor Ort bestätigt",
        "marker-color": "#1565c0",
        "marker-symbol": "fire-station",
        "marker-size": "medium",
        "title": "170 - Hydrant"
      }
    },
    {
      "type": "Feature",
      "id": "172",
      "geometry": {
        "type": "Point",
        "coordinates": [
          8.550015,
          54.680917
        ]
      },
      "properties": {
        "id": "172",
        "typ": "Hydrant",
        "menge_l_min": 1600,
        "quellkarte": "04_Foehr_Sued_Ost.pdf",
        "ortsname": "Föhr (Südost)",
        "ortsquelle": "04_Foehr_Sued_Ost.pdf",
        "zuordnungsabstand_relativ": 0.832,
        "pdf_x_pt": 2304.547,
        "pdf_y_von_oben_pt": 2228.283,
        "koordinatenquelle": "eingebettete GeoPDF-Georeferenzierung",
        "lagehinweis": "kartografische Symbolposition; nicht vermessungstechnisch oder vor Ort bestätigt",
        "marker-color": "#1565c0",
        "marker-symbol": "fire-station",
        "marker-size": "medium",
        "title": "172 - Hydrant"
      }
    },
    {
      "type": "Feature",
      "id": "173",
      "geometry": {
        "type": "Point",
        "coordinates": [
          8.551237,
          54.68178
        ]
      },
      "properties": {
        "id": "173",
        "typ": "Hydrant",
        "menge_l_min": 1600,
        "quellkarte": "04_Foehr_Sued_Ost.pdf",
        "ortsname": "Föhr (Südost)",
        "ortsquelle": "04_Foehr_Sued_Ost.pdf",
        "zuordnungsabstand_relativ": 1.022,
        "pdf_x_pt": 2345.466,
        "pdf_y_von_oben_pt": 2179.033,
        "koordinatenquelle": "eingebettete GeoPDF-Georeferenzierung",
        "lagehinweis": "kartografische Symbolposition; nicht vermessungstechnisch oder vor Ort bestätigt",
        "marker-color": "#1565c0",
        "marker-symbol": "fire-station",
        "marker-size": "medium",
        "title": "173 - Hydrant"
      }
    },
    {
      "type": "Feature",
      "id": "174",
      "geometry": {
        "type": "Point",
        "coordinates": [
          8.549822,
          54.682167
        ]
      },
      "properties": {
        "id": "174",
        "typ": "Hydrant",
        "menge_l_min": 1600,
        "quellkarte": "04_Foehr_Sued_Ost.pdf",
        "ortsname": "Föhr (Südost)",
        "ortsquelle": "04_Foehr_Sued_Ost.pdf",
        "zuordnungsabstand_relativ": 1.034,
        "pdf_x_pt": 2298.585,
        "pdf_y_von_oben_pt": 2156.569,
        "koordinatenquelle": "eingebettete GeoPDF-Georeferenzierung",
        "lagehinweis": "kartografische Symbolposition; nicht vermessungstechnisch oder vor Ort bestätigt",
        "marker-color": "#1565c0",
        "marker-symbol": "fire-station",
        "marker-size": "medium",
        "title": "174 - Hydrant"
      }
    },
    {
      "type": "Feature",
      "id": "175",
      "geometry": {
        "type": "Point",
        "coordinates": [
          8.548181,
          54.680644
        ]
      },
      "properties": {
        "id": "175",
        "typ": "Hydrant",
        "menge_l_min": 1600,
        "quellkarte": "04_Foehr_Sued_Ost.pdf",
        "ortsname": "Föhr (Südost)",
        "ortsquelle": "04_Foehr_Sued_Ost.pdf",
        "zuordnungsabstand_relativ": 0.83,
        "pdf_x_pt": 2243.511,
        "pdf_y_von_oben_pt": 2243.506,
        "koordinatenquelle": "eingebettete GeoPDF-Georeferenzierung",
        "lagehinweis": "kartografische Symbolposition; nicht vermessungstechnisch oder vor Ort bestätigt",
        "marker-color": "#1565c0",
        "marker-symbol": "fire-station",
        "marker-size": "medium",
        "title": "175 - Hydrant"
      }
    },
    {
      "type": "Feature",
      "id": "176",
      "geometry": {
        "type": "Point",
        "coordinates": [
          8.54748,
          54.680802
        ]
      },
      "properties": {
        "id": "176",
        "typ": "Hydrant",
        "menge_l_min": 1600,
        "quellkarte": "04_Foehr_Sued_Ost.pdf",
        "ortsname": "Föhr (Südost)",
        "ortsquelle": "04_Foehr_Sued_Ost.pdf",
        "zuordnungsabstand_relativ": 0.815,
        "pdf_x_pt": 2220.273,
        "pdf_y_von_oben_pt": 2234.319,
        "koordinatenquelle": "eingebettete GeoPDF-Georeferenzierung",
        "lagehinweis": "kartografische Symbolposition; nicht vermessungstechnisch oder vor Ort bestätigt",
        "marker-color": "#1565c0",
        "marker-symbol": "fire-station",
        "marker-size": "medium",
        "title": "176 - Hydrant"
      }
    },
    {
      "type": "Feature",
      "id": "177",
      "geometry": {
        "type": "Point",
        "coordinates": [
          8.546594,
          54.680807
        ]
      },
      "properties": {
        "id": "177",
        "typ": "Hydrant",
        "menge_l_min": 1600,
        "quellkarte": "04_Foehr_Sued_Ost.pdf",
        "ortsname": "Föhr (Südost)",
        "ortsquelle": "04_Foehr_Sued_Ost.pdf",
        "zuordnungsabstand_relativ": 0.906,
        "pdf_x_pt": 2190.846,
        "pdf_y_von_oben_pt": 2233.819,
        "koordinatenquelle": "eingebettete GeoPDF-Georeferenzierung",
        "lagehinweis": "kartografische Symbolposition; nicht vermessungstechnisch oder vor Ort bestätigt",
        "marker-color": "#1565c0",
        "marker-symbol": "fire-station",
        "marker-size": "medium",
        "title": "177 - Hydrant"
      }
    },
    {
      "type": "Feature",
      "id": "178",
      "geometry": {
        "type": "Point",
        "coordinates": [
          8.547679,
          54.682229
        ]
      },
      "properties": {
        "id": "178",
        "typ": "Hydrant",
        "menge_l_min": 1600,
        "quellkarte": "04_Foehr_Sued_Ost.pdf",
        "ortsname": "Föhr (Südost)",
        "ortsquelle": "04_Foehr_Sued_Ost.pdf",
        "zuordnungsabstand_relativ": 0.715,
        "pdf_x_pt": 2227.392,
        "pdf_y_von_oben_pt": 2152.531,
        "koordinatenquelle": "eingebettete GeoPDF-Georeferenzierung",
        "lagehinweis": "kartografische Symbolposition; nicht vermessungstechnisch oder vor Ort bestätigt",
        "marker-color": "#1565c0",
        "marker-symbol": "fire-station",
        "marker-size": "medium",
        "title": "178 - Hydrant"
      }
    },
    {
      "type": "Feature",
      "id": "179",
      "geometry": {
        "type": "Point",
        "coordinates": [
          8.548874,
          54.681923
        ]
      },
      "properties": {
        "id": "179",
        "typ": "Hydrant",
        "menge_l_min": 1600,
        "quellkarte": "04_Foehr_Sued_Ost.pdf",
        "ortsname": "Föhr (Südost)",
        "ortsquelle": "04_Foehr_Sued_Ost.pdf",
        "zuordnungsabstand_relativ": 0.605,
        "pdf_x_pt": 2267.013,
        "pdf_y_von_oben_pt": 2170.319,
        "koordinatenquelle": "eingebettete GeoPDF-Georeferenzierung",
        "lagehinweis": "kartografische Symbolposition; nicht vermessungstechnisch oder vor Ort bestätigt",
        "marker-color": "#1565c0",
        "marker-symbol": "fire-station",
        "marker-size": "medium",
        "title": "179 - Hydrant"
      }
    },
    {
      "type": "Feature",
      "id": "180",
      "geometry": {
        "type": "Point",
        "coordinates": [
          8.548138,
          54.682661
        ]
      },
      "properties": {
        "id": "180",
        "typ": "Hydrant",
        "menge_l_min": 1600,
        "quellkarte": "04_Foehr_Sued_Ost.pdf",
        "ortsname": "Föhr (Südost)",
        "ortsquelle": "04_Foehr_Sued_Ost.pdf",
        "zuordnungsabstand_relativ": 1.162,
        "pdf_x_pt": 2242.801,
        "pdf_y_von_oben_pt": 2127.834,
        "koordinatenquelle": "eingebettete GeoPDF-Georeferenzierung",
        "lagehinweis": "kartografische Symbolposition; nicht vermessungstechnisch oder vor Ort bestätigt",
        "marker-color": "#1565c0",
        "marker-symbol": "fire-station",
        "marker-size": "medium",
        "title": "180 - Hydrant"
      }
    },
    {
      "type": "Feature",
      "id": "182",
      "geometry": {
        "type": "Point",
        "coordinates": [
          8.546932,
          54.683001
        ]
      },
      "properties": {
        "id": "182",
        "typ": "Hydrant",
        "menge_l_min": 1600,
        "quellkarte": "04_Foehr_Sued_Ost.pdf",
        "ortsname": "Föhr (Südost)",
        "ortsquelle": "04_Foehr_Sued_Ost.pdf",
        "zuordnungsabstand_relativ": 0.934,
        "pdf_x_pt": 2202.88,
        "pdf_y_von_oben_pt": 2108.105,
        "koordinatenquelle": "eingebettete GeoPDF-Georeferenzierung",
        "lagehinweis": "kartografische Symbolposition; nicht vermessungstechnisch oder vor Ort bestätigt",
        "marker-color": "#1565c0",
        "marker-symbol": "fire-station",
        "marker-size": "medium",
        "title": "182 - Hydrant"
      }
    },
    {
      "type": "Feature",
      "id": "183",
      "geometry": {
        "type": "Point",
        "coordinates": [
          8.546274,
          54.68233
        ]
      },
      "properties": {
        "id": "183",
        "typ": "Hydrant",
        "menge_l_min": 1600,
        "quellkarte": "04_Foehr_Sued_Ost.pdf",
        "ortsname": "Föhr (Südost)",
        "ortsquelle": "04_Foehr_Sued_Ost.pdf",
        "zuordnungsabstand_relativ": 0.591,
        "pdf_x_pt": 2180.753,
        "pdf_y_von_oben_pt": 2146.42,
        "koordinatenquelle": "eingebettete GeoPDF-Georeferenzierung",
        "lagehinweis": "kartografische Symbolposition; nicht vermessungstechnisch oder vor Ort bestätigt",
        "marker-color": "#1565c0",
        "marker-symbol": "fire-station",
        "marker-size": "medium",
        "title": "183 - Hydrant"
      }
    },
    {
      "type": "Feature",
      "id": "184",
      "geometry": {
        "type": "Point",
        "coordinates": [
          8.545993,
          54.682206
        ]
      },
      "properties": {
        "id": "184",
        "typ": "E-Bohrbrunnen",
        "menge_l_min": null,
        "quellkarte": "04_Foehr_Sued_Ost.pdf",
        "ortsname": "Föhr (Südost)",
        "ortsquelle": "04_Foehr_Sued_Ost.pdf",
        "zuordnungsabstand_relativ": 0.987,
        "pdf_x_pt": 2171.383,
        "pdf_y_von_oben_pt": 2153.471,
        "koordinatenquelle": "eingebettete GeoPDF-Georeferenzierung",
        "lagehinweis": "kartografische Symbolposition; nicht vermessungstechnisch oder vor Ort bestätigt",
        "marker-color": "#8e24aa",
        "marker-symbol": "industrial",
        "marker-size": "medium",
        "title": "184 - E-Bohrbrunnen"
      }
    },
    {
      "type": "Feature",
      "id": "185",
      "geometry": {
        "type": "Point",
        "coordinates": [
          8.545681,
          54.6816
        ]
      },
      "properties": {
        "id": "185",
        "typ": "Hydrant",
        "menge_l_min": 1600,
        "quellkarte": "04_Foehr_Sued_Ost.pdf",
        "ortsname": "Föhr (Südost)",
        "ortsquelle": "04_Foehr_Sued_Ost.pdf",
        "zuordnungsabstand_relativ": 0.663,
        "pdf_x_pt": 2160.799,
        "pdf_y_von_oben_pt": 2188.152,
        "koordinatenquelle": "eingebettete GeoPDF-Georeferenzierung",
        "lagehinweis": "kartografische Symbolposition; nicht vermessungstechnisch oder vor Ort bestätigt",
        "marker-color": "#1565c0",
        "marker-symbol": "fire-station",
        "marker-size": "medium",
        "title": "185 - Hydrant"
      }
    },
    {
      "type": "Feature",
      "id": "186",
      "geometry": {
        "type": "Point",
        "coordinates": [
          8.544905,
          54.680709
        ]
      },
      "properties": {
        "id": "186",
        "typ": "Hydrant",
        "menge_l_min": 1600,
        "quellkarte": "04_Foehr_Sued_Ost.pdf",
        "ortsname": "Föhr (Südost)",
        "ortsquelle": "04_Foehr_Sued_Ost.pdf",
        "zuordnungsabstand_relativ": 0.779,
        "pdf_x_pt": 2134.685,
        "pdf_y_von_oben_pt": 2239.083,
        "koordinatenquelle": "eingebettete GeoPDF-Georeferenzierung",
        "lagehinweis": "kartografische Symbolposition; nicht vermessungstechnisch oder vor Ort bestätigt",
        "marker-color": "#1565c0",
        "marker-symbol": "fire-station",
        "marker-size": "medium",
        "title": "186 - Hydrant"
      }
    },
    {
      "type": "Feature",
      "id": "187",
      "geometry": {
        "type": "Point",
        "coordinates": [
          8.557081,
          54.681654
        ]
      },
      "properties": {
        "id": "187",
        "typ": "Hydrant",
        "menge_l_min": 1600,
        "quellkarte": "04_Foehr_Sued_Ost.pdf",
        "ortsname": "Föhr (Südost)",
        "ortsquelle": "04_Foehr_Sued_Ost.pdf",
        "zuordnungsabstand_relativ": 0.838,
        "pdf_x_pt": 2539.605,
        "pdf_y_von_oben_pt": 2187.566,
        "koordinatenquelle": "eingebettete GeoPDF-Georeferenzierung",
        "lagehinweis": "kartografische Symbolposition; nicht vermessungstechnisch oder vor Ort bestätigt",
        "marker-color": "#1565c0",
        "marker-symbol": "fire-station",
        "marker-size": "medium",
        "title": "187 - Hydrant"
      }
    },
    {
      "type": "Feature",
      "id": "189",
      "geometry": {
        "type": "Point",
        "coordinates": [
          8.558202,
          54.682912
        ]
      },
      "properties": {
        "id": "189",
        "typ": "Hydrant",
        "menge_l_min": 1600,
        "quellkarte": "04_Foehr_Sued_Ost.pdf",
        "ortsname": "Föhr (Südost)",
        "ortsquelle": "04_Foehr_Sued_Ost.pdf",
        "zuordnungsabstand_relativ": 1.481,
        "pdf_x_pt": 2577.304,
        "pdf_y_von_oben_pt": 2115.666,
        "koordinatenquelle": "eingebettete GeoPDF-Georeferenzierung",
        "lagehinweis": "kartografische Symbolposition; nicht vermessungstechnisch oder vor Ort bestätigt",
        "marker-color": "#1565c0",
        "marker-symbol": "fire-station",
        "marker-size": "medium",
        "title": "189 - Hydrant"
      }
    },
    {
      "type": "Feature",
      "id": "190",
      "geometry": {
        "type": "Point",
        "coordinates": [
          8.558734,
          54.68364
        ]
      },
      "properties": {
        "id": "190",
        "typ": "Hydrant",
        "menge_l_min": 1600,
        "quellkarte": "04_Foehr_Sued_Ost.pdf",
        "ortsname": "Föhr (Südost)",
        "ortsquelle": "04_Foehr_Sued_Ost.pdf",
        "zuordnungsabstand_relativ": 1.107,
        "pdf_x_pt": 2595.242,
        "pdf_y_von_oben_pt": 2074.042,
        "koordinatenquelle": "eingebettete GeoPDF-Georeferenzierung",
        "lagehinweis": "kartografische Symbolposition; nicht vermessungstechnisch oder vor Ort bestätigt",
        "marker-color": "#1565c0",
        "marker-symbol": "fire-station",
        "marker-size": "medium",
        "title": "190 - Hydrant"
      }
    },
    {
      "type": "Feature",
      "id": "192",
      "geometry": {
        "type": "Point",
        "coordinates": [
          8.555966,
          54.681806
        ]
      },
      "properties": {
        "id": "192",
        "typ": "Hydrant",
        "menge_l_min": 1600,
        "quellkarte": "04_Foehr_Sued_Ost.pdf",
        "ortsname": "Föhr (Südost)",
        "ortsquelle": "04_Foehr_Sued_Ost.pdf",
        "zuordnungsabstand_relativ": 0.81,
        "pdf_x_pt": 2502.627,
        "pdf_y_von_oben_pt": 2178.628,
        "koordinatenquelle": "eingebettete GeoPDF-Georeferenzierung",
        "lagehinweis": "kartografische Symbolposition; nicht vermessungstechnisch oder vor Ort bestätigt",
        "marker-color": "#1565c0",
        "marker-symbol": "fire-station",
        "marker-size": "medium",
        "title": "192 - Hydrant"
      }
    },
    {
      "type": "Feature",
      "id": "193",
      "geometry": {
        "type": "Point",
        "coordinates": [
          8.556681,
          54.682899
        ]
      },
      "properties": {
        "id": "193",
        "typ": "Hydrant",
        "menge_l_min": 1600,
        "quellkarte": "04_Foehr_Sued_Ost.pdf",
        "ortsname": "Föhr (Südost)",
        "ortsquelle": "04_Foehr_Sued_Ost.pdf",
        "zuordnungsabstand_relativ": 0.82,
        "pdf_x_pt": 2526.776,
        "pdf_y_von_oben_pt": 2116.102,
        "koordinatenquelle": "eingebettete GeoPDF-Georeferenzierung",
        "lagehinweis": "kartografische Symbolposition; nicht vermessungstechnisch oder vor Ort bestätigt",
        "marker-color": "#1565c0",
        "marker-symbol": "fire-station",
        "marker-size": "medium",
        "title": "193 - Hydrant"
      }
    },
    {
      "type": "Feature",
      "id": "194",
      "geometry": {
        "type": "Point",
        "coordinates": [
          8.557469,
          54.683704
        ]
      },
      "properties": {
        "id": "194",
        "typ": "Hydrant",
        "menge_l_min": 1600,
        "quellkarte": "04_Foehr_Sued_Ost.pdf",
        "ortsname": "Föhr (Südost)",
        "ortsquelle": "04_Foehr_Sued_Ost.pdf",
        "zuordnungsabstand_relativ": 0.781,
        "pdf_x_pt": 2553.233,
        "pdf_y_von_oben_pt": 2070.122,
        "koordinatenquelle": "eingebettete GeoPDF-Georeferenzierung",
        "lagehinweis": "kartografische Symbolposition; nicht vermessungstechnisch oder vor Ort bestätigt",
        "marker-color": "#1565c0",
        "marker-symbol": "fire-station",
        "marker-size": "medium",
        "title": "194 - Hydrant"
      }
    },
    {
      "type": "Feature",
      "id": "195",
      "geometry": {
        "type": "Point",
        "coordinates": [
          8.554613,
          54.682242
        ]
      },
      "properties": {
        "id": "195",
        "typ": "Hydrant",
        "menge_l_min": 1600,
        "quellkarte": "04_Foehr_Sued_Ost.pdf",
        "ortsname": "Föhr (Südost)",
        "ortsquelle": "04_Foehr_Sued_Ost.pdf",
        "zuordnungsabstand_relativ": 1.091,
        "pdf_x_pt": 2457.822,
        "pdf_y_von_oben_pt": 2153.324,
        "koordinatenquelle": "eingebettete GeoPDF-Georeferenzierung",
        "lagehinweis": "kartografische Symbolposition; nicht vermessungstechnisch oder vor Ort bestätigt",
        "marker-color": "#1565c0",
        "marker-symbol": "fire-station",
        "marker-size": "medium",
        "title": "195 - Hydrant"
      }
    },
    {
      "type": "Feature",
      "id": "196",
      "geometry": {
        "type": "Point",
        "coordinates": [
          8.55537,
          54.683043
        ]
      },
      "properties": {
        "id": "196",
        "typ": "Hydrant",
        "menge_l_min": 1600,
        "quellkarte": "04_Foehr_Sued_Ost.pdf",
        "ortsname": "Föhr (Südost)",
        "ortsquelle": "04_Foehr_Sued_Ost.pdf",
        "zuordnungsabstand_relativ": 1.112,
        "pdf_x_pt": 2483.251,
        "pdf_y_von_oben_pt": 2107.549,
        "koordinatenquelle": "eingebettete GeoPDF-Georeferenzierung",
        "lagehinweis": "kartografische Symbolposition; nicht vermessungstechnisch oder vor Ort bestätigt",
        "marker-color": "#1565c0",
        "marker-symbol": "fire-station",
        "marker-size": "medium",
        "title": "196 - Hydrant"
      }
    },
    {
      "type": "Feature",
      "id": "197",
      "geometry": {
        "type": "Point",
        "coordinates": [
          8.556081,
          54.683814
        ]
      },
      "properties": {
        "id": "197",
        "typ": "Hydrant",
        "menge_l_min": 1600,
        "quellkarte": "04_Foehr_Sued_Ost.pdf",
        "ortsname": "Föhr (Südost)",
        "ortsquelle": "04_Foehr_Sued_Ost.pdf",
        "zuordnungsabstand_relativ": 1.102,
        "pdf_x_pt": 2507.157,
        "pdf_y_von_oben_pt": 2063.507,
        "koordinatenquelle": "eingebettete GeoPDF-Georeferenzierung",
        "lagehinweis": "kartografische Symbolposition; nicht vermessungstechnisch oder vor Ort bestätigt",
        "marker-color": "#1565c0",
        "marker-symbol": "fire-station",
        "marker-size": "medium",
        "title": "197 - Hydrant"
      }
    },
    {
      "type": "Feature",
      "id": "198",
      "geometry": {
        "type": "Point",
        "coordinates": [
          8.557039,
          54.684681
        ]
      },
      "properties": {
        "id": "198",
        "typ": "Bohrbrunnen",
        "menge_l_min": null,
        "quellkarte": "04_Foehr_Sued_Ost.pdf",
        "ortsname": "Föhr (Südost)",
        "ortsquelle": "04_Foehr_Sued_Ost.pdf",
        "zuordnungsabstand_relativ": 0.974,
        "pdf_x_pt": 2539.308,
        "pdf_y_von_oben_pt": 2013.999,
        "koordinatenquelle": "eingebettete GeoPDF-Georeferenzierung",
        "lagehinweis": "kartografische Symbolposition; nicht vermessungstechnisch oder vor Ort bestätigt",
        "marker-color": "#f9a825",
        "marker-symbol": "water",
        "marker-size": "medium",
        "title": "198 - Bohrbrunnen"
      }
    },
    {
      "type": "Feature",
      "id": "199",
      "geometry": {
        "type": "Point",
        "coordinates": [
          8.553443,
          54.68269
        ]
      },
      "properties": {
        "id": "199",
        "typ": "Hydrant",
        "menge_l_min": 1600,
        "quellkarte": "04_Foehr_Sued_Ost.pdf",
        "ortsname": "Föhr (Südost)",
        "ortsquelle": "04_Foehr_Sued_Ost.pdf",
        "zuordnungsabstand_relativ": 0.845,
        "pdf_x_pt": 2419.085,
        "pdf_y_von_oben_pt": 2127.342,
        "koordinatenquelle": "eingebettete GeoPDF-Georeferenzierung",
        "lagehinweis": "kartografische Symbolposition; nicht vermessungstechnisch oder vor Ort bestätigt",
        "marker-color": "#1565c0",
        "marker-symbol": "fire-station",
        "marker-size": "medium",
        "title": "199 - Hydrant"
      }
    },
    {
      "type": "Feature",
      "id": "200",
      "geometry": {
        "type": "Point",
        "coordinates": [
          8.554217,
          54.683574
        ]
      },
      "properties": {
        "id": "200",
        "typ": "Hydrant",
        "menge_l_min": 1600,
        "quellkarte": "04_Foehr_Sued_Ost.pdf",
        "ortsname": "Föhr (Südost)",
        "ortsquelle": "04_Foehr_Sued_Ost.pdf",
        "zuordnungsabstand_relativ": 0.44,
        "pdf_x_pt": 2445.128,
        "pdf_y_von_oben_pt": 2076.875,
        "koordinatenquelle": "eingebettete GeoPDF-Georeferenzierung",
        "lagehinweis": "kartografische Symbolposition; nicht vermessungstechnisch oder vor Ort bestätigt",
        "marker-color": "#1565c0",
        "marker-symbol": "fire-station",
        "marker-size": "medium",
        "title": "200 - Hydrant"
      }
    },
    {
      "type": "Feature",
      "id": "202",
      "geometry": {
        "type": "Point",
        "coordinates": [
          8.554755,
          54.684122
        ]
      },
      "properties": {
        "id": "202",
        "typ": "Hydrant",
        "menge_l_min": 1600,
        "quellkarte": "04_Foehr_Sued_Ost.pdf",
        "ortsname": "Föhr (Südost)",
        "ortsquelle": "04_Foehr_Sued_Ost.pdf",
        "zuordnungsabstand_relativ": 1.093,
        "pdf_x_pt": 2463.222,
        "pdf_y_von_oben_pt": 2045.557,
        "koordinatenquelle": "eingebettete GeoPDF-Georeferenzierung",
        "lagehinweis": "kartografische Symbolposition; nicht vermessungstechnisch oder vor Ort bestätigt",
        "marker-color": "#1565c0",
        "marker-symbol": "fire-station",
        "marker-size": "medium",
        "title": "202 - Hydrant"
      }
    },
    {
      "type": "Feature",
      "id": "203",
      "geometry": {
        "type": "Point",
        "coordinates": [
          8.552415,
          54.683012
        ]
      },
      "properties": {
        "id": "203",
        "typ": "Hydrant",
        "menge_l_min": 1600,
        "quellkarte": "04_Foehr_Sued_Ost.pdf",
        "ortsname": "Föhr (Südost)",
        "ortsquelle": "04_Foehr_Sued_Ost.pdf",
        "zuordnungsabstand_relativ": 0.983,
        "pdf_x_pt": 2385.045,
        "pdf_y_von_oben_pt": 2108.698,
        "koordinatenquelle": "eingebettete GeoPDF-Georeferenzierung",
        "lagehinweis": "kartografische Symbolposition; nicht vermessungstechnisch oder vor Ort bestätigt",
        "marker-color": "#1565c0",
        "marker-symbol": "fire-station",
        "marker-size": "medium",
        "title": "203 - Hydrant"
      }
    },
    {
      "type": "Feature",
      "id": "204",
      "geometry": {
        "type": "Point",
        "coordinates": [
          8.553887,
          54.684411
        ]
      },
      "properties": {
        "id": "204",
        "typ": "Hydrant",
        "menge_l_min": 1600,
        "quellkarte": "04_Foehr_Sued_Ost.pdf",
        "ortsname": "Föhr (Südost)",
        "ortsquelle": "04_Foehr_Sued_Ost.pdf",
        "zuordnungsabstand_relativ": 0.924,
        "pdf_x_pt": 2434.463,
        "pdf_y_von_oben_pt": 2028.772,
        "koordinatenquelle": "eingebettete GeoPDF-Georeferenzierung",
        "lagehinweis": "kartografische Symbolposition; nicht vermessungstechnisch oder vor Ort bestätigt",
        "marker-color": "#1565c0",
        "marker-symbol": "fire-station",
        "marker-size": "medium",
        "title": "204 - Hydrant"
      }
    },
    {
      "type": "Feature",
      "id": "205",
      "geometry": {
        "type": "Point",
        "coordinates": [
          8.551481,
          54.683282
        ]
      },
      "properties": {
        "id": "205",
        "typ": "Hydrant",
        "menge_l_min": 1600,
        "quellkarte": "04_Foehr_Sued_Ost.pdf",
        "ortsname": "Föhr (Südost)",
        "ortsquelle": "04_Foehr_Sued_Ost.pdf",
        "zuordnungsabstand_relativ": 0.849,
        "pdf_x_pt": 2354.131,
        "pdf_y_von_oben_pt": 2093.015,
        "koordinatenquelle": "eingebettete GeoPDF-Georeferenzierung",
        "lagehinweis": "kartografische Symbolposition; nicht vermessungstechnisch oder vor Ort bestätigt",
        "marker-color": "#1565c0",
        "marker-symbol": "fire-station",
        "marker-size": "medium",
        "title": "205 - Hydrant"
      }
    },
    {
      "type": "Feature",
      "id": "206",
      "geometry": {
        "type": "Point",
        "coordinates": [
          8.551984,
          54.683887
        ]
      },
      "properties": {
        "id": "206",
        "typ": "Hydrant",
        "menge_l_min": 1600,
        "quellkarte": "04_Foehr_Sued_Ost.pdf",
        "ortsname": "Föhr (Südost)",
        "ortsquelle": "04_Foehr_Sued_Ost.pdf",
        "zuordnungsabstand_relativ": 1.005,
        "pdf_x_pt": 2371.041,
        "pdf_y_von_oben_pt": 2058.429,
        "koordinatenquelle": "eingebettete GeoPDF-Georeferenzierung",
        "lagehinweis": "kartografische Symbolposition; nicht vermessungstechnisch oder vor Ort bestätigt",
        "marker-color": "#1565c0",
        "marker-symbol": "fire-station",
        "marker-size": "medium",
        "title": "206 - Hydrant"
      }
    },
    {
      "type": "Feature",
      "id": "207",
      "geometry": {
        "type": "Point",
        "coordinates": [
          8.552525,
          54.684541
        ]
      },
      "properties": {
        "id": "207",
        "typ": "Hydrant",
        "menge_l_min": 1600,
        "quellkarte": "04_Foehr_Sued_Ost.pdf",
        "ortsname": "Föhr (Südost)",
        "ortsquelle": "04_Foehr_Sued_Ost.pdf",
        "zuordnungsabstand_relativ": 0.847,
        "pdf_x_pt": 2389.251,
        "pdf_y_von_oben_pt": 2021.011,
        "koordinatenquelle": "eingebettete GeoPDF-Georeferenzierung",
        "lagehinweis": "kartografische Symbolposition; nicht vermessungstechnisch oder vor Ort bestätigt",
        "marker-color": "#1565c0",
        "marker-symbol": "fire-station",
        "marker-size": "medium",
        "title": "207 - Hydrant"
      }
    },
    {
      "type": "Feature",
      "id": "208",
      "geometry": {
        "type": "Point",
        "coordinates": [
          8.55283,
          54.685374
        ]
      },
      "properties": {
        "id": "208",
        "typ": "Hydrant",
        "menge_l_min": 1600,
        "quellkarte": "04_Foehr_Sued_Ost.pdf",
        "ortsname": "Föhr (Südost)",
        "ortsquelle": "04_Foehr_Sued_Ost.pdf",
        "zuordnungsabstand_relativ": 0.882,
        "pdf_x_pt": 2399.698,
        "pdf_y_von_oben_pt": 1973.342,
        "koordinatenquelle": "eingebettete GeoPDF-Georeferenzierung",
        "lagehinweis": "kartografische Symbolposition; nicht vermessungstechnisch oder vor Ort bestätigt",
        "marker-color": "#1565c0",
        "marker-symbol": "fire-station",
        "marker-size": "medium",
        "title": "208 - Hydrant"
      }
    },
    {
      "type": "Feature",
      "id": "209",
      "geometry": {
        "type": "Point",
        "coordinates": [
          8.551297,
          54.684042
        ]
      },
      "properties": {
        "id": "209",
        "typ": "E-Bohrbrunnen",
        "menge_l_min": null,
        "quellkarte": "04_Foehr_Sued_Ost.pdf",
        "ortsname": "Föhr (Südost)",
        "ortsquelle": "04_Foehr_Sued_Ost.pdf",
        "zuordnungsabstand_relativ": 0.974,
        "pdf_x_pt": 2348.3,
        "pdf_y_von_oben_pt": 2049.381,
        "koordinatenquelle": "eingebettete GeoPDF-Georeferenzierung",
        "lagehinweis": "kartografische Symbolposition; nicht vermessungstechnisch oder vor Ort bestätigt",
        "marker-color": "#8e24aa",
        "marker-symbol": "industrial",
        "marker-size": "medium",
        "title": "209 - E-Bohrbrunnen"
      }
    },
    {
      "type": "Feature",
      "id": "210",
      "geometry": {
        "type": "Point",
        "coordinates": [
          8.550829,
          54.684245
        ]
      },
      "properties": {
        "id": "210",
        "typ": "Hydrant",
        "menge_l_min": 1600,
        "quellkarte": "04_Foehr_Sued_Ost.pdf",
        "ortsname": "Föhr (Südost)",
        "ortsquelle": "04_Foehr_Sued_Ost.pdf",
        "zuordnungsabstand_relativ": 0.812,
        "pdf_x_pt": 2332.807,
        "pdf_y_von_oben_pt": 2037.631,
        "koordinatenquelle": "eingebettete GeoPDF-Georeferenzierung",
        "lagehinweis": "kartografische Symbolposition; nicht vermessungstechnisch oder vor Ort bestätigt",
        "marker-color": "#1565c0",
        "marker-symbol": "fire-station",
        "marker-size": "medium",
        "title": "210 - Hydrant"
      }
    },
    {
      "type": "Feature",
      "id": "212",
      "geometry": {
        "type": "Point",
        "coordinates": [
          8.551855,
          54.685559
        ]
      },
      "properties": {
        "id": "212",
        "typ": "Hydrant",
        "menge_l_min": 1600,
        "quellkarte": "04_Foehr_Sued_Ost.pdf",
        "ortsname": "Föhr (Südost)",
        "ortsquelle": "04_Foehr_Sued_Ost.pdf",
        "zuordnungsabstand_relativ": 1.076,
        "pdf_x_pt": 2367.377,
        "pdf_y_von_oben_pt": 1962.49,
        "koordinatenquelle": "eingebettete GeoPDF-Georeferenzierung",
        "lagehinweis": "kartografische Symbolposition; nicht vermessungstechnisch oder vor Ort bestätigt",
        "marker-color": "#1565c0",
        "marker-symbol": "fire-station",
        "marker-size": "medium",
        "title": "212 - Hydrant"
      }
    },
    {
      "type": "Feature",
      "id": "213",
      "geometry": {
        "type": "Point",
        "coordinates": [
          8.549544,
          54.684645
        ]
      },
      "properties": {
        "id": "213",
        "typ": "Hydrant",
        "menge_l_min": 1600,
        "quellkarte": "04_Foehr_Sued_Ost.pdf",
        "ortsname": "Föhr (Südost)",
        "ortsquelle": "04_Foehr_Sued_Ost.pdf",
        "zuordnungsabstand_relativ": 0.826,
        "pdf_x_pt": 2290.257,
        "pdf_y_von_oben_pt": 2014.432,
        "koordinatenquelle": "eingebettete GeoPDF-Georeferenzierung",
        "lagehinweis": "kartografische Symbolposition; nicht vermessungstechnisch oder vor Ort bestätigt",
        "marker-color": "#1565c0",
        "marker-symbol": "fire-station",
        "marker-size": "medium",
        "title": "213 - Hydrant"
      }
    },
    {
      "type": "Feature",
      "id": "214",
      "geometry": {
        "type": "Point",
        "coordinates": [
          8.550782,
          54.685859
        ]
      },
      "properties": {
        "id": "214",
        "typ": "Hydrant",
        "menge_l_min": 1600,
        "quellkarte": "04_Foehr_Sued_Ost.pdf",
        "ortsname": "Föhr (Südost)",
        "ortsquelle": "04_Foehr_Sued_Ost.pdf",
        "zuordnungsabstand_relativ": 0.928,
        "pdf_x_pt": 2331.84,
        "pdf_y_von_oben_pt": 1945.056,
        "koordinatenquelle": "eingebettete GeoPDF-Georeferenzierung",
        "lagehinweis": "kartografische Symbolposition; nicht vermessungstechnisch oder vor Ort bestätigt",
        "marker-color": "#1565c0",
        "marker-symbol": "fire-station",
        "marker-size": "medium",
        "title": "214 - Hydrant"
      }
    },
    {
      "type": "Feature",
      "id": "215",
      "geometry": {
        "type": "Point",
        "coordinates": [
          8.548328,
          54.684644
        ]
      },
      "properties": {
        "id": "215",
        "typ": "Hydrant",
        "menge_l_min": 1600,
        "quellkarte": "04_Foehr_Sued_Ost.pdf",
        "ortsname": "Föhr (Südost)",
        "ortsquelle": "04_Foehr_Sued_Ost.pdf",
        "zuordnungsabstand_relativ": 0.833,
        "pdf_x_pt": 2249.841,
        "pdf_y_von_oben_pt": 2014.219,
        "koordinatenquelle": "eingebettete GeoPDF-Georeferenzierung",
        "lagehinweis": "kartografische Symbolposition; nicht vermessungstechnisch oder vor Ort bestätigt",
        "marker-color": "#1565c0",
        "marker-symbol": "fire-station",
        "marker-size": "medium",
        "title": "215 - Hydrant"
      }
    },
    {
      "type": "Feature",
      "id": "216",
      "geometry": {
        "type": "Point",
        "coordinates": [
          8.549038,
          54.685514
        ]
      },
      "properties": {
        "id": "216",
        "typ": "Hydrant",
        "menge_l_min": 1600,
        "quellkarte": "04_Foehr_Sued_Ost.pdf",
        "ortsname": "Föhr (Südost)",
        "ortsquelle": "04_Foehr_Sued_Ost.pdf",
        "zuordnungsabstand_relativ": 0.857,
        "pdf_x_pt": 2273.758,
        "pdf_y_von_oben_pt": 1964.441,
        "koordinatenquelle": "eingebettete GeoPDF-Georeferenzierung",
        "lagehinweis": "kartografische Symbolposition; nicht vermessungstechnisch oder vor Ort bestätigt",
        "marker-color": "#1565c0",
        "marker-symbol": "fire-station",
        "marker-size": "medium",
        "title": "216 - Hydrant"
      }
    },
    {
      "type": "Feature",
      "id": "217",
      "geometry": {
        "type": "Point",
        "coordinates": [
          8.549701,
          54.686305
        ]
      },
      "properties": {
        "id": "217",
        "typ": "Hydrant",
        "menge_l_min": 1600,
        "quellkarte": "04_Foehr_Sued_Ost.pdf",
        "ortsname": "Föhr (Südost)",
        "ortsquelle": "04_Foehr_Sued_Ost.pdf",
        "zuordnungsabstand_relativ": 1.196,
        "pdf_x_pt": 2296.092,
        "pdf_y_von_oben_pt": 1919.251,
        "koordinatenquelle": "eingebettete GeoPDF-Georeferenzierung",
        "lagehinweis": "kartografische Symbolposition; nicht vermessungstechnisch oder vor Ort bestätigt",
        "marker-color": "#1565c0",
        "marker-symbol": "fire-station",
        "marker-size": "medium",
        "title": "217 - Hydrant"
      }
    },
    {
      "type": "Feature",
      "id": "218",
      "geometry": {
        "type": "Point",
        "coordinates": [
          8.550153,
          54.686864
        ]
      },
      "properties": {
        "id": "218",
        "typ": "Hydrant",
        "menge_l_min": 1600,
        "quellkarte": "04_Foehr_Sued_Ost.pdf",
        "ortsname": "Föhr (Südost)",
        "ortsquelle": "04_Foehr_Sued_Ost.pdf",
        "zuordnungsabstand_relativ": 0.864,
        "pdf_x_pt": 2311.316,
        "pdf_y_von_oben_pt": 1887.306,
        "koordinatenquelle": "eingebettete GeoPDF-Georeferenzierung",
        "lagehinweis": "kartografische Symbolposition; nicht vermessungstechnisch oder vor Ort bestätigt",
        "marker-color": "#1565c0",
        "marker-symbol": "fire-station",
        "marker-size": "medium",
        "title": "218 - Hydrant"
      }
    },
    {
      "type": "Feature",
      "id": "219",
      "geometry": {
        "type": "Point",
        "coordinates": [
          8.559693,
          54.68441
        ]
      },
      "properties": {
        "id": "219",
        "typ": "Hydrant",
        "menge_l_min": 1600,
        "quellkarte": "04_Foehr_Sued_Ost.pdf",
        "ortsname": "Föhr (Südost)",
        "ortsquelle": "04_Foehr_Sued_Ost.pdf",
        "zuordnungsabstand_relativ": 0.954,
        "pdf_x_pt": 2627.386,
        "pdf_y_von_oben_pt": 2030.105,
        "koordinatenquelle": "eingebettete GeoPDF-Georeferenzierung",
        "lagehinweis": "kartografische Symbolposition; nicht vermessungstechnisch oder vor Ort bestätigt",
        "marker-color": "#1565c0",
        "marker-symbol": "fire-station",
        "marker-size": "medium",
        "title": "219 - Hydrant"
      }
    },
    {
      "type": "Feature",
      "id": "220",
      "geometry": {
        "type": "Point",
        "coordinates": [
          8.560544,
          54.685246
        ]
      },
      "properties": {
        "id": "220",
        "typ": "Hydrant",
        "menge_l_min": 1600,
        "quellkarte": "04_Foehr_Sued_Ost.pdf",
        "ortsname": "Föhr (Südost)",
        "ortsquelle": "04_Foehr_Sued_Ost.pdf",
        "zuordnungsabstand_relativ": 0.998,
        "pdf_x_pt": 2655.95,
        "pdf_y_von_oben_pt": 1982.368,
        "koordinatenquelle": "eingebettete GeoPDF-Georeferenzierung",
        "lagehinweis": "kartografische Symbolposition; nicht vermessungstechnisch oder vor Ort bestätigt",
        "marker-color": "#1565c0",
        "marker-symbol": "fire-station",
        "marker-size": "medium",
        "title": "220 - Hydrant"
      }
    },
    {
      "type": "Feature",
      "id": "222",
      "geometry": {
        "type": "Point",
        "coordinates": [
          8.561161,
          54.685978
        ]
      },
      "properties": {
        "id": "222",
        "typ": "Hydrant",
        "menge_l_min": 1600,
        "quellkarte": "04_Foehr_Sued_Ost.pdf",
        "ortsname": "Föhr (Südost)",
        "ortsquelle": "04_Foehr_Sued_Ost.pdf",
        "zuordnungsabstand_relativ": 1.236,
        "pdf_x_pt": 2676.706,
        "pdf_y_von_oben_pt": 1940.55,
        "koordinatenquelle": "eingebettete GeoPDF-Georeferenzierung",
        "lagehinweis": "kartografische Symbolposition; nicht vermessungstechnisch oder vor Ort bestätigt",
        "marker-color": "#1565c0",
        "marker-symbol": "fire-station",
        "marker-size": "medium",
        "title": "222 - Hydrant"
      }
    },
    {
      "type": "Feature",
      "id": "223",
      "geometry": {
        "type": "Point",
        "coordinates": [
          8.56201,
          54.686731
        ]
      },
      "properties": {
        "id": "223",
        "typ": "Hydrant",
        "menge_l_min": 1600,
        "quellkarte": "04_Foehr_Sued_Ost.pdf",
        "ortsname": "Föhr (Südost)",
        "ortsquelle": "04_Foehr_Sued_Ost.pdf",
        "zuordnungsabstand_relativ": 0.859,
        "pdf_x_pt": 2705.2,
        "pdf_y_von_oben_pt": 1897.531,
        "koordinatenquelle": "eingebettete GeoPDF-Georeferenzierung",
        "lagehinweis": "kartografische Symbolposition; nicht vermessungstechnisch oder vor Ort bestätigt",
        "marker-color": "#1565c0",
        "marker-symbol": "fire-station",
        "marker-size": "medium",
        "title": "223 - Hydrant"
      }
    },
    {
      "type": "Feature",
      "id": "224",
      "geometry": {
        "type": "Point",
        "coordinates": [
          8.558833,
          54.68475
        ]
      },
      "properties": {
        "id": "224",
        "typ": "Hydrant",
        "menge_l_min": 1600,
        "quellkarte": "04_Foehr_Sued_Ost.pdf",
        "ortsname": "Föhr (Südost)",
        "ortsquelle": "04_Foehr_Sued_Ost.pdf",
        "zuordnungsabstand_relativ": 0.939,
        "pdf_x_pt": 2598.94,
        "pdf_y_von_oben_pt": 2010.447,
        "koordinatenquelle": "eingebettete GeoPDF-Georeferenzierung",
        "lagehinweis": "kartografische Symbolposition; nicht vermessungstechnisch oder vor Ort bestätigt",
        "marker-color": "#1565c0",
        "marker-symbol": "fire-station",
        "marker-size": "medium",
        "title": "224 - Hydrant"
      }
    },
    {
      "type": "Feature",
      "id": "225",
      "geometry": {
        "type": "Point",
        "coordinates": [
          8.559718,
          54.685561
        ]
      },
      "properties": {
        "id": "225",
        "typ": "Hydrant",
        "menge_l_min": 1600,
        "quellkarte": "04_Foehr_Sued_Ost.pdf",
        "ortsname": "Föhr (Südost)",
        "ortsquelle": "04_Foehr_Sued_Ost.pdf",
        "zuordnungsabstand_relativ": 0.872,
        "pdf_x_pt": 2628.611,
        "pdf_y_von_oben_pt": 1964.127,
        "koordinatenquelle": "eingebettete GeoPDF-Georeferenzierung",
        "lagehinweis": "kartografische Symbolposition; nicht vermessungstechnisch oder vor Ort bestätigt",
        "marker-color": "#1565c0",
        "marker-symbol": "fire-station",
        "marker-size": "medium",
        "title": "225 - Hydrant"
      }
    },
    {
      "type": "Feature",
      "id": "226",
      "geometry": {
        "type": "Point",
        "coordinates": [
          8.560627,
          54.686615
        ]
      },
      "properties": {
        "id": "226",
        "typ": "Hydrant",
        "menge_l_min": 1600,
        "quellkarte": "04_Foehr_Sued_Ost.pdf",
        "ortsname": "Föhr (Südost)",
        "ortsquelle": "04_Foehr_Sued_Ost.pdf",
        "zuordnungsabstand_relativ": 0.775,
        "pdf_x_pt": 2659.199,
        "pdf_y_von_oben_pt": 1903.911,
        "koordinatenquelle": "eingebettete GeoPDF-Georeferenzierung",
        "lagehinweis": "kartografische Symbolposition; nicht vermessungstechnisch oder vor Ort bestätigt",
        "marker-color": "#1565c0",
        "marker-symbol": "fire-station",
        "marker-size": "medium",
        "title": "226 - Hydrant"
      }
    },
    {
      "type": "Feature",
      "id": "227",
      "geometry": {
        "type": "Point",
        "coordinates": [
          8.561534,
          54.687388
        ]
      },
      "properties": {
        "id": "227",
        "typ": "Hydrant",
        "menge_l_min": 1600,
        "quellkarte": "04_Foehr_Sued_Ost.pdf",
        "ortsname": "Föhr (Südost)",
        "ortsquelle": "04_Foehr_Sued_Ost.pdf",
        "zuordnungsabstand_relativ": 0.803,
        "pdf_x_pt": 2689.616,
        "pdf_y_von_oben_pt": 1859.762,
        "koordinatenquelle": "eingebettete GeoPDF-Georeferenzierung",
        "lagehinweis": "kartografische Symbolposition; nicht vermessungstechnisch oder vor Ort bestätigt",
        "marker-color": "#1565c0",
        "marker-symbol": "fire-station",
        "marker-size": "medium",
        "title": "227 - Hydrant"
      }
    },
    {
      "type": "Feature",
      "id": "228",
      "geometry": {
        "type": "Point",
        "coordinates": [
          8.558544,
          54.685379
        ]
      },
      "properties": {
        "id": "228",
        "typ": "Hydrant",
        "menge_l_min": 1600,
        "quellkarte": "04_Foehr_Sued_Ost.pdf",
        "ortsname": "Föhr (Südost)",
        "ortsquelle": "04_Foehr_Sued_Ost.pdf",
        "zuordnungsabstand_relativ": 1.21,
        "pdf_x_pt": 2589.545,
        "pdf_y_von_oben_pt": 1974.311,
        "koordinatenquelle": "eingebettete GeoPDF-Georeferenzierung",
        "lagehinweis": "kartografische Symbolposition; nicht vermessungstechnisch oder vor Ort bestätigt",
        "marker-color": "#1565c0",
        "marker-symbol": "fire-station",
        "marker-size": "medium",
        "title": "228 - Hydrant"
      }
    },
    {
      "type": "Feature",
      "id": "229",
      "geometry": {
        "type": "Point",
        "coordinates": [
          8.559294,
          54.686292
        ]
      },
      "properties": {
        "id": "229",
        "typ": "Hydrant",
        "menge_l_min": 1600,
        "quellkarte": "04_Foehr_Sued_Ost.pdf",
        "ortsname": "Föhr (Südost)",
        "ortsquelle": "04_Foehr_Sued_Ost.pdf",
        "zuordnungsabstand_relativ": 1.14,
        "pdf_x_pt": 2614.807,
        "pdf_y_von_oben_pt": 1922.102,
        "koordinatenquelle": "eingebettete GeoPDF-Georeferenzierung",
        "lagehinweis": "kartografische Symbolposition; nicht vermessungstechnisch oder vor Ort bestätigt",
        "marker-color": "#1565c0",
        "marker-symbol": "fire-station",
        "marker-size": "medium",
        "title": "229 - Hydrant"
      }
    },
    {
      "type": "Feature",
      "id": "230",
      "geometry": {
        "type": "Point",
        "coordinates": [
          8.560023,
          54.687121
        ]
      },
      "properties": {
        "id": "230",
        "typ": "Hydrant",
        "menge_l_min": 1600,
        "quellkarte": "04_Foehr_Sued_Ost.pdf",
        "ortsname": "Föhr (Südost)",
        "ortsquelle": "04_Foehr_Sued_Ost.pdf",
        "zuordnungsabstand_relativ": 0.815,
        "pdf_x_pt": 2639.308,
        "pdf_y_von_oben_pt": 1874.753,
        "koordinatenquelle": "eingebettete GeoPDF-Georeferenzierung",
        "lagehinweis": "kartografische Symbolposition; nicht vermessungstechnisch oder vor Ort bestätigt",
        "marker-color": "#1565c0",
        "marker-symbol": "fire-station",
        "marker-size": "medium",
        "title": "230 - Hydrant"
      }
    },
    {
      "type": "Feature",
      "id": "232",
      "geometry": {
        "type": "Point",
        "coordinates": [
          8.56098,
          54.68817
        ]
      },
      "properties": {
        "id": "232",
        "typ": "Hydrant",
        "menge_l_min": 1600,
        "quellkarte": "04_Foehr_Sued_Ost.pdf",
        "ortsname": "Föhr (Südost)",
        "ortsquelle": "04_Foehr_Sued_Ost.pdf",
        "zuordnungsabstand_relativ": 0.801,
        "pdf_x_pt": 2671.477,
        "pdf_y_von_oben_pt": 1814.808,
        "koordinatenquelle": "eingebettete GeoPDF-Georeferenzierung",
        "lagehinweis": "kartografische Symbolposition; nicht vermessungstechnisch oder vor Ort bestätigt",
        "marker-color": "#1565c0",
        "marker-symbol": "fire-station",
        "marker-size": "medium",
        "title": "232 - Hydrant"
      }
    },
    {
      "type": "Feature",
      "id": "233",
      "geometry": {
        "type": "Point",
        "coordinates": [
          8.558075,
          54.6876
        ]
      },
      "properties": {
        "id": "233",
        "typ": "Hydrant",
        "menge_l_min": 1600,
        "quellkarte": "04_Foehr_Sued_Ost.pdf",
        "ortsname": "Föhr (Südost)",
        "ortsquelle": "04_Foehr_Sued_Ost.pdf",
        "zuordnungsabstand_relativ": 1.078,
        "pdf_x_pt": 2574.775,
        "pdf_y_von_oben_pt": 1846.838,
        "koordinatenquelle": "eingebettete GeoPDF-Georeferenzierung",
        "lagehinweis": "kartografische Symbolposition; nicht vermessungstechnisch oder vor Ort bestätigt",
        "marker-color": "#1565c0",
        "marker-symbol": "fire-station",
        "marker-size": "medium",
        "title": "233 - Hydrant"
      }
    },
    {
      "type": "Feature",
      "id": "234",
      "geometry": {
        "type": "Point",
        "coordinates": [
          8.560011,
          54.689303
        ]
      },
      "properties": {
        "id": "234",
        "typ": "E-Bohrbrunnen",
        "menge_l_min": null,
        "quellkarte": "04_Foehr_Sued_Ost.pdf",
        "ortsname": "Föhr (Südost)",
        "ortsquelle": "04_Foehr_Sued_Ost.pdf",
        "zuordnungsabstand_relativ": 0.974,
        "pdf_x_pt": 2639.698,
        "pdf_y_von_oben_pt": 1749.659,
        "koordinatenquelle": "eingebettete GeoPDF-Georeferenzierung",
        "lagehinweis": "kartografische Symbolposition; nicht vermessungstechnisch oder vor Ort bestätigt",
        "marker-color": "#8e24aa",
        "marker-symbol": "industrial",
        "marker-size": "medium",
        "title": "234 - E-Bohrbrunnen"
      }
    },
    {
      "type": "Feature",
      "id": "235",
      "geometry": {
        "type": "Point",
        "coordinates": [
          8.559933,
          54.689653
        ]
      },
      "properties": {
        "id": "235",
        "typ": "Hydrant",
        "menge_l_min": 1600,
        "quellkarte": "04_Foehr_Sued_Ost.pdf",
        "ortsname": "Föhr (Südost)",
        "ortsquelle": "04_Foehr_Sued_Ost.pdf",
        "zuordnungsabstand_relativ": 1.08,
        "pdf_x_pt": 2637.208,
        "pdf_y_von_oben_pt": 1729.56,
        "koordinatenquelle": "eingebettete GeoPDF-Georeferenzierung",
        "lagehinweis": "kartografische Symbolposition; nicht vermessungstechnisch oder vor Ort bestätigt",
        "marker-color": "#1565c0",
        "marker-symbol": "fire-station",
        "marker-size": "medium",
        "title": "235 - Hydrant"
      }
    },
    {
      "type": "Feature",
      "id": "236",
      "geometry": {
        "type": "Point",
        "coordinates": [
          8.557006,
          54.687963
        ]
      },
      "properties": {
        "id": "236",
        "typ": "Hydrant",
        "menge_l_min": 1600,
        "quellkarte": "04_Foehr_Sued_Ost.pdf",
        "ortsname": "Föhr (Südost)",
        "ortsquelle": "04_Foehr_Sued_Ost.pdf",
        "zuordnungsabstand_relativ": 0.75,
        "pdf_x_pt": 2539.363,
        "pdf_y_von_oben_pt": 1825.777,
        "koordinatenquelle": "eingebettete GeoPDF-Georeferenzierung",
        "lagehinweis": "kartografische Symbolposition; nicht vermessungstechnisch oder vor Ort bestätigt",
        "marker-color": "#1565c0",
        "marker-symbol": "fire-station",
        "marker-size": "medium",
        "title": "236 - Hydrant"
      }
    },
    {
      "type": "Feature",
      "id": "237",
      "geometry": {
        "type": "Point",
        "coordinates": [
          8.557573,
          54.688896
        ]
      },
      "properties": {
        "id": "237",
        "typ": "Hydrant",
        "menge_l_min": 1600,
        "quellkarte": "04_Foehr_Sued_Ost.pdf",
        "ortsname": "Föhr (Südost)",
        "ortsquelle": "04_Foehr_Sued_Ost.pdf",
        "zuordnungsabstand_relativ": 0.856,
        "pdf_x_pt": 2558.553,
        "pdf_y_von_oben_pt": 1772.44,
        "koordinatenquelle": "eingebettete GeoPDF-Georeferenzierung",
        "lagehinweis": "kartografische Symbolposition; nicht vermessungstechnisch oder vor Ort bestätigt",
        "marker-color": "#1565c0",
        "marker-symbol": "fire-station",
        "marker-size": "medium",
        "title": "237 - Hydrant"
      }
    },
    {
      "type": "Feature",
      "id": "238",
      "geometry": {
        "type": "Point",
        "coordinates": [
          8.558265,
          54.689694
        ]
      },
      "properties": {
        "id": "238",
        "typ": "Hydrant",
        "menge_l_min": 1600,
        "quellkarte": "04_Foehr_Sued_Ost.pdf",
        "ortsname": "Föhr (Südost)",
        "ortsquelle": "04_Foehr_Sued_Ost.pdf",
        "zuordnungsabstand_relativ": 0.808,
        "pdf_x_pt": 2581.823,
        "pdf_y_von_oben_pt": 1726.826,
        "koordinatenquelle": "eingebettete GeoPDF-Georeferenzierung",
        "lagehinweis": "kartografische Symbolposition; nicht vermessungstechnisch oder vor Ort bestätigt",
        "marker-color": "#1565c0",
        "marker-symbol": "fire-station",
        "marker-size": "medium",
        "title": "238 - Hydrant"
      }
    },
    {
      "type": "Feature",
      "id": "239",
      "geometry": {
        "type": "Point",
        "coordinates": [
          8.559189,
          54.690344
        ]
      },
      "properties": {
        "id": "239",
        "typ": "Hydrant",
        "menge_l_min": 1600,
        "quellkarte": "04_Foehr_Sued_Ost.pdf",
        "ortsname": "Föhr (Südost)",
        "ortsquelle": "04_Foehr_Sued_Ost.pdf",
        "zuordnungsabstand_relativ": 0.807,
        "pdf_x_pt": 2612.754,
        "pdf_y_von_oben_pt": 1689.748,
        "koordinatenquelle": "eingebettete GeoPDF-Georeferenzierung",
        "lagehinweis": "kartografische Symbolposition; nicht vermessungstechnisch oder vor Ort bestätigt",
        "marker-color": "#1565c0",
        "marker-symbol": "fire-station",
        "marker-size": "medium",
        "title": "239 - Hydrant"
      }
    },
    {
      "type": "Feature",
      "id": "240",
      "geometry": {
        "type": "Point",
        "coordinates": [
          8.559122,
          54.691054
        ]
      },
      "properties": {
        "id": "240",
        "typ": "Hydrant",
        "menge_l_min": 1600,
        "quellkarte": "04_Foehr_Sued_Ost.pdf",
        "ortsname": "Föhr (Südost)",
        "ortsquelle": "04_Foehr_Sued_Ost.pdf",
        "zuordnungsabstand_relativ": 0.959,
        "pdf_x_pt": 2610.79,
        "pdf_y_von_oben_pt": 1649.043,
        "koordinatenquelle": "eingebettete GeoPDF-Georeferenzierung",
        "lagehinweis": "kartografische Symbolposition; nicht vermessungstechnisch oder vor Ort bestätigt",
        "marker-color": "#1565c0",
        "marker-symbol": "fire-station",
        "marker-size": "medium",
        "title": "240 - Hydrant"
      }
    },
    {
      "type": "Feature",
      "id": "241",
      "geometry": {
        "type": "Point",
        "coordinates": [
          8.558688,
          54.692025
        ]
      },
      "properties": {
        "id": "241",
        "typ": "Hydrant",
        "menge_l_min": 1600,
        "quellkarte": "04_Foehr_Sued_Ost.pdf",
        "ortsname": "Föhr (Südost)",
        "ortsquelle": "04_Foehr_Sued_Ost.pdf",
        "zuordnungsabstand_relativ": 1.128,
        "pdf_x_pt": 2596.72,
        "pdf_y_von_oben_pt": 1593.284,
        "koordinatenquelle": "eingebettete GeoPDF-Georeferenzierung",
        "lagehinweis": "kartografische Symbolposition; nicht vermessungstechnisch oder vor Ort bestätigt",
        "marker-color": "#1565c0",
        "marker-symbol": "fire-station",
        "marker-size": "medium",
        "title": "241 - Hydrant"
      }
    },
    {
      "type": "Feature",
      "id": "242",
      "geometry": {
        "type": "Point",
        "coordinates": [
          8.558686,
          54.692014
        ]
      },
      "properties": {
        "id": "242",
        "typ": "Hydrant",
        "menge_l_min": 1600,
        "quellkarte": "04_Foehr_Sued_Ost.pdf",
        "ortsname": "Föhr (Südost)",
        "ortsquelle": "04_Foehr_Sued_Ost.pdf",
        "zuordnungsabstand_relativ": 0.717,
        "pdf_x_pt": 2596.642,
        "pdf_y_von_oben_pt": 1593.89,
        "koordinatenquelle": "eingebettete GeoPDF-Georeferenzierung",
        "lagehinweis": "kartografische Symbolposition; nicht vermessungstechnisch oder vor Ort bestätigt",
        "marker-color": "#1565c0",
        "marker-symbol": "fire-station",
        "marker-size": "medium",
        "title": "242 - Hydrant"
      }
    },
    {
      "type": "Feature",
      "id": "243",
      "geometry": {
        "type": "Point",
        "coordinates": [
          8.553826,
          54.686533
        ]
      },
      "properties": {
        "id": "243",
        "typ": "Hydrant",
        "menge_l_min": 1600,
        "quellkarte": "04_Foehr_Sued_Ost.pdf",
        "ortsname": "Föhr (Südost)",
        "ortsquelle": "04_Foehr_Sued_Ost.pdf",
        "zuordnungsabstand_relativ": 0.768,
        "pdf_x_pt": 2433.223,
        "pdf_y_von_oben_pt": 1907.113,
        "koordinatenquelle": "eingebettete GeoPDF-Georeferenzierung",
        "lagehinweis": "kartografische Symbolposition; nicht vermessungstechnisch oder vor Ort bestätigt",
        "marker-color": "#1565c0",
        "marker-symbol": "fire-station",
        "marker-size": "medium",
        "title": "243 - Hydrant"
      }
    },
    {
      "type": "Feature",
      "id": "244",
      "geometry": {
        "type": "Point",
        "coordinates": [
          8.555044,
          54.687107
        ]
      },
      "properties": {
        "id": "244",
        "typ": "Hydrant",
        "menge_l_min": 1600,
        "quellkarte": "04_Foehr_Sued_Ost.pdf",
        "ortsname": "Föhr (Südost)",
        "ortsquelle": "04_Foehr_Sued_Ost.pdf",
        "zuordnungsabstand_relativ": 0.83,
        "pdf_x_pt": 2473.894,
        "pdf_y_von_oben_pt": 1874.467,
        "koordinatenquelle": "eingebettete GeoPDF-Georeferenzierung",
        "lagehinweis": "kartografische Symbolposition; nicht vermessungstechnisch oder vor Ort bestätigt",
        "marker-color": "#1565c0",
        "marker-symbol": "fire-station",
        "marker-size": "medium",
        "title": "244 - Hydrant"
      }
    },
    {
      "type": "Feature",
      "id": "245",
      "geometry": {
        "type": "Point",
        "coordinates": [
          8.555097,
          54.687761
        ]
      },
      "properties": {
        "id": "245",
        "typ": "Hydrant",
        "menge_l_min": 1600,
        "quellkarte": "04_Foehr_Sued_Ost.pdf",
        "ortsname": "Föhr (Südost)",
        "ortsquelle": "04_Foehr_Sued_Ost.pdf",
        "zuordnungsabstand_relativ": 0.812,
        "pdf_x_pt": 2475.877,
        "pdf_y_von_oben_pt": 1836.941,
        "koordinatenquelle": "eingebettete GeoPDF-Georeferenzierung",
        "lagehinweis": "kartografische Symbolposition; nicht vermessungstechnisch oder vor Ort bestätigt",
        "marker-color": "#1565c0",
        "marker-symbol": "fire-station",
        "marker-size": "medium",
        "title": "245 - Hydrant"
      }
    },
    {
      "type": "Feature",
      "id": "246",
      "geometry": {
        "type": "Point",
        "coordinates": [
          8.555823,
          54.688311
        ]
      },
      "properties": {
        "id": "246",
        "typ": "Hydrant",
        "menge_l_min": 1600,
        "quellkarte": "04_Foehr_Sued_Ost.pdf",
        "ortsname": "Föhr (Südost)",
        "ortsquelle": "04_Foehr_Sued_Ost.pdf",
        "zuordnungsabstand_relativ": 0.814,
        "pdf_x_pt": 2500.191,
        "pdf_y_von_oben_pt": 1805.59,
        "koordinatenquelle": "eingebettete GeoPDF-Georeferenzierung",
        "lagehinweis": "kartografische Symbolposition; nicht vermessungstechnisch oder vor Ort bestätigt",
        "marker-color": "#1565c0",
        "marker-symbol": "fire-station",
        "marker-size": "medium",
        "title": "246 - Hydrant"
      }
    },
    {
      "type": "Feature",
      "id": "247",
      "geometry": {
        "type": "Point",
        "coordinates": [
          8.552739,
          54.686641
        ]
      },
      "properties": {
        "id": "247",
        "typ": "Hydrant",
        "menge_l_min": 1600,
        "quellkarte": "04_Foehr_Sued_Ost.pdf",
        "ortsname": "Föhr (Südost)",
        "ortsquelle": "04_Foehr_Sued_Ost.pdf",
        "zuordnungsabstand_relativ": 1.012,
        "pdf_x_pt": 2397.134,
        "pdf_y_von_oben_pt": 1900.643,
        "koordinatenquelle": "eingebettete GeoPDF-Georeferenzierung",
        "lagehinweis": "kartografische Symbolposition; nicht vermessungstechnisch oder vor Ort bestätigt",
        "marker-color": "#1565c0",
        "marker-symbol": "fire-station",
        "marker-size": "medium",
        "title": "247 - Hydrant"
      }
    },
    {
      "type": "Feature",
      "id": "248",
      "geometry": {
        "type": "Point",
        "coordinates": [
          8.553688,
          54.687035
        ]
      },
      "properties": {
        "id": "248",
        "typ": "Hydrant",
        "menge_l_min": 1600,
        "quellkarte": "04_Foehr_Sued_Ost.pdf",
        "ortsname": "Föhr (Südost)",
        "ortsquelle": "04_Foehr_Sued_Ost.pdf",
        "zuordnungsabstand_relativ": 1.298,
        "pdf_x_pt": 2428.809,
        "pdf_y_von_oben_pt": 1878.279,
        "koordinatenquelle": "eingebettete GeoPDF-Georeferenzierung",
        "lagehinweis": "kartografische Symbolposition; nicht vermessungstechnisch oder vor Ort bestätigt",
        "marker-color": "#1565c0",
        "marker-symbol": "fire-station",
        "marker-size": "medium",
        "title": "248 - Hydrant"
      }
    },
    {
      "type": "Feature",
      "id": "249",
      "geometry": {
        "type": "Point",
        "coordinates": [
          8.554133,
          54.687752
        ]
      },
      "properties": {
        "id": "249",
        "typ": "Hydrant",
        "menge_l_min": 1600,
        "quellkarte": "04_Foehr_Sued_Ost.pdf",
        "ortsname": "Föhr (Südost)",
        "ortsquelle": "04_Foehr_Sued_Ost.pdf",
        "zuordnungsabstand_relativ": 0.792,
        "pdf_x_pt": 2443.855,
        "pdf_y_von_oben_pt": 1837.295,
        "koordinatenquelle": "eingebettete GeoPDF-Georeferenzierung",
        "lagehinweis": "kartografische Symbolposition; nicht vermessungstechnisch oder vor Ort bestätigt",
        "marker-color": "#1565c0",
        "marker-symbol": "fire-station",
        "marker-size": "medium",
        "title": "249 - Hydrant"
      }
    },
    {
      "type": "Feature",
      "id": "250",
      "geometry": {
        "type": "Point",
        "coordinates": [
          8.559256,
          54.692746
        ]
      },
      "properties": {
        "id": "250",
        "typ": "Hydrant",
        "menge_l_min": 1600,
        "quellkarte": "04_Foehr_Sued_Ost.pdf",
        "ortsname": "Föhr (Südost)",
        "ortsquelle": "04_Foehr_Sued_Ost.pdf",
        "zuordnungsabstand_relativ": 0.81,
        "pdf_x_pt": 2615.843,
        "pdf_y_von_oben_pt": 1552.074,
        "koordinatenquelle": "eingebettete GeoPDF-Georeferenzierung",
        "lagehinweis": "kartografische Symbolposition; nicht vermessungstechnisch oder vor Ort bestätigt",
        "marker-color": "#1565c0",
        "marker-symbol": "fire-station",
        "marker-size": "medium",
        "title": "250 - Hydrant"
      }
    },
    {
      "type": "Feature",
      "id": "251",
      "geometry": {
        "type": "Point",
        "coordinates": [
          8.558914,
          54.692375
        ]
      },
      "properties": {
        "id": "251",
        "typ": "Hydrant",
        "menge_l_min": 1600,
        "quellkarte": "04_Foehr_Sued_Ost.pdf",
        "ortsname": "Föhr (Südost)",
        "ortsquelle": "04_Foehr_Sued_Ost.pdf",
        "zuordnungsabstand_relativ": 0.945,
        "pdf_x_pt": 2604.342,
        "pdf_y_von_oben_pt": 1573.244,
        "koordinatenquelle": "eingebettete GeoPDF-Georeferenzierung",
        "lagehinweis": "kartografische Symbolposition; nicht vermessungstechnisch oder vor Ort bestätigt",
        "marker-color": "#1565c0",
        "marker-symbol": "fire-station",
        "marker-size": "medium",
        "title": "251 - Hydrant"
      }
    },
    {
      "type": "Feature",
      "id": "252",
      "geometry": {
        "type": "Point",
        "coordinates": [
          8.555005,
          54.688617
        ]
      },
      "properties": {
        "id": "252",
        "typ": "Hydrant",
        "menge_l_min": 1600,
        "quellkarte": "04_Foehr_Sued_Ost.pdf",
        "ortsname": "Föhr (Südost)",
        "ortsquelle": "04_Foehr_Sued_Ost.pdf",
        "zuordnungsabstand_relativ": 1.021,
        "pdf_x_pt": 2473.139,
        "pdf_y_von_oben_pt": 1787.889,
        "koordinatenquelle": "eingebettete GeoPDF-Georeferenzierung",
        "lagehinweis": "kartografische Symbolposition; nicht vermessungstechnisch oder vor Ort bestätigt",
        "marker-color": "#1565c0",
        "marker-symbol": "fire-station",
        "marker-size": "medium",
        "title": "252 - Hydrant"
      }
    },
    {
      "type": "Feature",
      "id": "253",
      "geometry": {
        "type": "Point",
        "coordinates": [
          8.552066,
          54.687087
        ]
      },
      "properties": {
        "id": "253",
        "typ": "Hydrant",
        "menge_l_min": 1600,
        "quellkarte": "04_Foehr_Sued_Ost.pdf",
        "ortsname": "Föhr (Südost)",
        "ortsquelle": "04_Foehr_Sued_Ost.pdf",
        "zuordnungsabstand_relativ": 0.799,
        "pdf_x_pt": 2374.942,
        "pdf_y_von_oben_pt": 1874.97,
        "koordinatenquelle": "eingebettete GeoPDF-Georeferenzierung",
        "lagehinweis": "kartografische Symbolposition; nicht vermessungstechnisch oder vor Ort bestätigt",
        "marker-color": "#1565c0",
        "marker-symbol": "fire-station",
        "marker-size": "medium",
        "title": "253 - Hydrant"
      }
    },
    {
      "type": "Feature",
      "id": "254",
      "geometry": {
        "type": "Point",
        "coordinates": [
          8.552846,
          54.687636
        ]
      },
      "properties": {
        "id": "254",
        "typ": "Hydrant",
        "menge_l_min": 1600,
        "quellkarte": "04_Foehr_Sued_Ost.pdf",
        "ortsname": "Föhr (Südost)",
        "ortsquelle": "04_Foehr_Sued_Ost.pdf",
        "zuordnungsabstand_relativ": 0.9,
        "pdf_x_pt": 2401.056,
        "pdf_y_von_oben_pt": 1843.645,
        "koordinatenquelle": "eingebettete GeoPDF-Georeferenzierung",
        "lagehinweis": "kartografische Symbolposition; nicht vermessungstechnisch oder vor Ort bestätigt",
        "marker-color": "#1565c0",
        "marker-symbol": "fire-station",
        "marker-size": "medium",
        "title": "254 - Hydrant"
      }
    },
    {
      "type": "Feature",
      "id": "255",
      "geometry": {
        "type": "Point",
        "coordinates": [
          8.550869,
          54.687712
        ]
      },
      "properties": {
        "id": "255",
        "typ": "Hydrant",
        "menge_l_min": 1600,
        "quellkarte": "04_Foehr_Sued_Ost.pdf",
        "ortsname": "Föhr (Südost)",
        "ortsquelle": "04_Foehr_Sued_Ost.pdf",
        "zuordnungsabstand_relativ": 0.82,
        "pdf_x_pt": 2335.393,
        "pdf_y_von_oben_pt": 1838.838,
        "koordinatenquelle": "eingebettete GeoPDF-Georeferenzierung",
        "lagehinweis": "kartografische Symbolposition; nicht vermessungstechnisch oder vor Ort bestätigt",
        "marker-color": "#1565c0",
        "marker-symbol": "fire-station",
        "marker-size": "medium",
        "title": "255 - Hydrant"
      }
    },
    {
      "type": "Feature",
      "id": "256",
      "geometry": {
        "type": "Point",
        "coordinates": [
          8.552046,
          54.687853
        ]
      },
      "properties": {
        "id": "256",
        "typ": "Hydrant",
        "menge_l_min": 1600,
        "quellkarte": "04_Foehr_Sued_Ost.pdf",
        "ortsname": "Föhr (Südost)",
        "ortsquelle": "04_Foehr_Sued_Ost.pdf",
        "zuordnungsabstand_relativ": 0.847,
        "pdf_x_pt": 2374.555,
        "pdf_y_von_oben_pt": 1831.017,
        "koordinatenquelle": "eingebettete GeoPDF-Georeferenzierung",
        "lagehinweis": "kartografische Symbolposition; nicht vermessungstechnisch oder vor Ort bestätigt",
        "marker-color": "#1565c0",
        "marker-symbol": "fire-station",
        "marker-size": "medium",
        "title": "256 - Hydrant"
      }
    },
    {
      "type": "Feature",
      "id": "257",
      "geometry": {
        "type": "Point",
        "coordinates": [
          8.553051,
          54.688384
        ]
      },
      "properties": {
        "id": "257",
        "typ": "Hydrant",
        "menge_l_min": 1600,
        "quellkarte": "04_Foehr_Sued_Ost.pdf",
        "ortsname": "Föhr (Südost)",
        "ortsquelle": "04_Foehr_Sued_Ost.pdf",
        "zuordnungsabstand_relativ": 0.86,
        "pdf_x_pt": 2408.139,
        "pdf_y_von_oben_pt": 1800.819,
        "koordinatenquelle": "eingebettete GeoPDF-Georeferenzierung",
        "lagehinweis": "kartografische Symbolposition; nicht vermessungstechnisch oder vor Ort bestätigt",
        "marker-color": "#1565c0",
        "marker-symbol": "fire-station",
        "marker-size": "medium",
        "title": "257 - Hydrant"
      }
    },
    {
      "type": "Feature",
      "id": "258",
      "geometry": {
        "type": "Point",
        "coordinates": [
          8.553537,
          54.689521
        ]
      },
      "properties": {
        "id": "258",
        "typ": "Hydrant",
        "menge_l_min": 1600,
        "quellkarte": "04_Foehr_Sued_Ost.pdf",
        "ortsname": "Föhr (Südost)",
        "ortsquelle": "04_Foehr_Sued_Ost.pdf",
        "zuordnungsabstand_relativ": 0.771,
        "pdf_x_pt": 2424.699,
        "pdf_y_von_oben_pt": 1735.688,
        "koordinatenquelle": "eingebettete GeoPDF-Georeferenzierung",
        "lagehinweis": "kartografische Symbolposition; nicht vermessungstechnisch oder vor Ort bestätigt",
        "marker-color": "#1565c0",
        "marker-symbol": "fire-station",
        "marker-size": "medium",
        "title": "258 - Hydrant"
      }
    },
    {
      "type": "Feature",
      "id": "259",
      "geometry": {
        "type": "Point",
        "coordinates": [
          8.552299,
          54.68941
        ]
      },
      "properties": {
        "id": "259",
        "typ": "Hydrant",
        "menge_l_min": 1600,
        "quellkarte": "04_Foehr_Sued_Ost.pdf",
        "ortsname": "Föhr (Südost)",
        "ortsquelle": "04_Foehr_Sued_Ost.pdf",
        "zuordnungsabstand_relativ": 0.765,
        "pdf_x_pt": 2383.514,
        "pdf_y_von_oben_pt": 1741.812,
        "koordinatenquelle": "eingebettete GeoPDF-Georeferenzierung",
        "lagehinweis": "kartografische Symbolposition; nicht vermessungstechnisch oder vor Ort bestätigt",
        "marker-color": "#1565c0",
        "marker-symbol": "fire-station",
        "marker-size": "medium",
        "title": "259 - Hydrant"
      }
    },
    {
      "type": "Feature",
      "id": "260",
      "geometry": {
        "type": "Point",
        "coordinates": [
          8.552904,
          54.690183
        ]
      },
      "properties": {
        "id": "260",
        "typ": "Hydrant",
        "menge_l_min": 1600,
        "quellkarte": "04_Foehr_Sued_Ost.pdf",
        "ortsname": "Föhr (Südost)",
        "ortsquelle": "04_Foehr_Sued_Ost.pdf",
        "zuordnungsabstand_relativ": 1.199,
        "pdf_x_pt": 2403.903,
        "pdf_y_von_oben_pt": 1697.58,
        "koordinatenquelle": "eingebettete GeoPDF-Georeferenzierung",
        "lagehinweis": "kartografische Symbolposition; nicht vermessungstechnisch oder vor Ort bestätigt",
        "marker-color": "#1565c0",
        "marker-symbol": "fire-station",
        "marker-size": "medium",
        "title": "260 - Hydrant"
      }
    },
    {
      "type": "Feature",
      "id": "261",
      "geometry": {
        "type": "Point",
        "coordinates": [
          8.553503,
          54.690901
        ]
      },
      "properties": {
        "id": "261",
        "typ": "Hydrant",
        "menge_l_min": 1600,
        "quellkarte": "04_Foehr_Sued_Ost.pdf",
        "ortsname": "Föhr (Südost)",
        "ortsquelle": "04_Foehr_Sued_Ost.pdf",
        "zuordnungsabstand_relativ": 0.91,
        "pdf_x_pt": 2424.064,
        "pdf_y_von_oben_pt": 1656.565,
        "koordinatenquelle": "eingebettete GeoPDF-Georeferenzierung",
        "lagehinweis": "kartografische Symbolposition; nicht vermessungstechnisch oder vor Ort bestätigt",
        "marker-color": "#1565c0",
        "marker-symbol": "fire-station",
        "marker-size": "medium",
        "title": "261 - Hydrant"
      }
    },
    {
      "type": "Feature",
      "id": "262",
      "geometry": {
        "type": "Point",
        "coordinates": [
          8.55444,
          54.69215
        ]
      },
      "properties": {
        "id": "262",
        "typ": "Hydrant",
        "menge_l_min": 1600,
        "quellkarte": "04_Foehr_Sued_Ost.pdf",
        "ortsname": "Föhr (Südost)",
        "ortsquelle": "04_Foehr_Sued_Ost.pdf",
        "zuordnungsabstand_relativ": 0.987,
        "pdf_x_pt": 2455.644,
        "pdf_y_von_oben_pt": 1585.168,
        "koordinatenquelle": "eingebettete GeoPDF-Georeferenzierung",
        "lagehinweis": "kartografische Symbolposition; nicht vermessungstechnisch oder vor Ort bestätigt",
        "marker-color": "#1565c0",
        "marker-symbol": "fire-station",
        "marker-size": "medium",
        "title": "262 - Hydrant"
      }
    },
    {
      "type": "Feature",
      "id": "263",
      "geometry": {
        "type": "Point",
        "coordinates": [
          8.555425,
          54.691858
        ]
      },
      "properties": {
        "id": "263",
        "typ": "Hydrant",
        "menge_l_min": 1600,
        "quellkarte": "04_Foehr_Sued_Ost.pdf",
        "ortsname": "Föhr (Südost)",
        "ortsquelle": "04_Foehr_Sued_Ost.pdf",
        "zuordnungsabstand_relativ": 0.81,
        "pdf_x_pt": 2488.25,
        "pdf_y_von_oben_pt": 1602.147,
        "koordinatenquelle": "eingebettete GeoPDF-Georeferenzierung",
        "lagehinweis": "kartografische Symbolposition; nicht vermessungstechnisch oder vor Ort bestätigt",
        "marker-color": "#1565c0",
        "marker-symbol": "fire-station",
        "marker-size": "medium",
        "title": "263 - Hydrant"
      }
    },
    {
      "type": "Feature",
      "id": "264",
      "geometry": {
        "type": "Point",
        "coordinates": [
          8.555331,
          54.693161
        ]
      },
      "properties": {
        "id": "264",
        "typ": "Hydrant",
        "menge_l_min": 3200,
        "quellkarte": "04_Foehr_Sued_Ost.pdf",
        "ortsname": "Föhr (Südost)",
        "ortsquelle": "04_Foehr_Sued_Ost.pdf",
        "zuordnungsabstand_relativ": 1.018,
        "pdf_x_pt": 2485.593,
        "pdf_y_von_oben_pt": 1527.37,
        "koordinatenquelle": "eingebettete GeoPDF-Georeferenzierung",
        "lagehinweis": "kartografische Symbolposition; nicht vermessungstechnisch oder vor Ort bestätigt",
        "marker-color": "#1565c0",
        "marker-symbol": "fire-station",
        "marker-size": "medium",
        "title": "264 - Hydrant"
      }
    },
    {
      "type": "Feature",
      "id": "265",
      "geometry": {
        "type": "Point",
        "coordinates": [
          8.557367,
          54.692499
        ]
      },
      "properties": {
        "id": "265",
        "typ": "Hydrant",
        "menge_l_min": 1600,
        "quellkarte": "04_Foehr_Sued_Ost.pdf",
        "ortsname": "Föhr (Südost)",
        "ortsquelle": "04_Foehr_Sued_Ost.pdf",
        "zuordnungsabstand_relativ": 0.791,
        "pdf_x_pt": 2552.981,
        "pdf_y_von_oben_pt": 1565.813,
        "koordinatenquelle": "eingebettete GeoPDF-Georeferenzierung",
        "lagehinweis": "kartografische Symbolposition; nicht vermessungstechnisch oder vor Ort bestätigt",
        "marker-color": "#1565c0",
        "marker-symbol": "fire-station",
        "marker-size": "medium",
        "title": "265 - Hydrant"
      }
    },
    {
      "type": "Feature",
      "id": "266",
      "geometry": {
        "type": "Point",
        "coordinates": [
          8.557927,
          54.693165
        ]
      },
      "properties": {
        "id": "266",
        "typ": "Hydrant",
        "menge_l_min": 1600,
        "quellkarte": "04_Foehr_Sued_Ost.pdf",
        "ortsname": "Föhr (Südost)",
        "ortsquelle": "04_Foehr_Sued_Ost.pdf",
        "zuordnungsabstand_relativ": 0.826,
        "pdf_x_pt": 2571.837,
        "pdf_y_von_oben_pt": 1527.742,
        "koordinatenquelle": "eingebettete GeoPDF-Georeferenzierung",
        "lagehinweis": "kartografische Symbolposition; nicht vermessungstechnisch oder vor Ort bestätigt",
        "marker-color": "#1565c0",
        "marker-symbol": "fire-station",
        "marker-size": "medium",
        "title": "266 - Hydrant"
      }
    },
    {
      "type": "Feature",
      "id": "267",
      "geometry": {
        "type": "Point",
        "coordinates": [
          8.557375,
          54.693959
        ]
      },
      "properties": {
        "id": "267",
        "typ": "Hydrant",
        "menge_l_min": 1600,
        "quellkarte": "04_Foehr_Sued_Ost.pdf",
        "ortsname": "Föhr (Südost)",
        "ortsquelle": "04_Foehr_Sued_Ost.pdf",
        "zuordnungsabstand_relativ": 0.758,
        "pdf_x_pt": 2553.765,
        "pdf_y_von_oben_pt": 1482.079,
        "koordinatenquelle": "eingebettete GeoPDF-Georeferenzierung",
        "lagehinweis": "kartografische Symbolposition; nicht vermessungstechnisch oder vor Ort bestätigt",
        "marker-color": "#1565c0",
        "marker-symbol": "fire-station",
        "marker-size": "medium",
        "title": "267 - Hydrant"
      }
    },
    {
      "type": "Feature",
      "id": "268",
      "geometry": {
        "type": "Point",
        "coordinates": [
          8.556513,
          54.694361
        ]
      },
      "properties": {
        "id": "268",
        "typ": "Hydrant",
        "menge_l_min": 3200,
        "quellkarte": "04_Foehr_Sued_Ost.pdf",
        "ortsname": "Föhr (Südost)",
        "ortsquelle": "04_Foehr_Sued_Ost.pdf",
        "zuordnungsabstand_relativ": 0.9,
        "pdf_x_pt": 2525.286,
        "pdf_y_von_oben_pt": 1458.844,
        "koordinatenquelle": "eingebettete GeoPDF-Georeferenzierung",
        "lagehinweis": "kartografische Symbolposition; nicht vermessungstechnisch oder vor Ort bestätigt",
        "marker-color": "#1565c0",
        "marker-symbol": "fire-station",
        "marker-size": "medium",
        "title": "268 - Hydrant"
      }
    },
    {
      "type": "Feature",
      "id": "269",
      "geometry": {
        "type": "Point",
        "coordinates": [
          8.557497,
          54.694897
        ]
      },
      "properties": {
        "id": "269",
        "typ": "Hydrant",
        "menge_l_min": 3200,
        "quellkarte": "04_Foehr_Sued_Ost.pdf",
        "ortsname": "Föhr (Südost)",
        "ortsquelle": "04_Foehr_Sued_Ost.pdf",
        "zuordnungsabstand_relativ": 0.943,
        "pdf_x_pt": 2558.163,
        "pdf_y_von_oben_pt": 1428.316,
        "koordinatenquelle": "eingebettete GeoPDF-Georeferenzierung",
        "lagehinweis": "kartografische Symbolposition; nicht vermessungstechnisch oder vor Ort bestätigt",
        "marker-color": "#1565c0",
        "marker-symbol": "fire-station",
        "marker-size": "medium",
        "title": "269 - Hydrant"
      }
    },
    {
      "type": "Feature",
      "id": "270",
      "geometry": {
        "type": "Point",
        "coordinates": [
          8.558884,
          54.694305
        ]
      },
      "properties": {
        "id": "270",
        "typ": "Hydrant",
        "menge_l_min": 3200,
        "quellkarte": "04_Foehr_Sued_Ost.pdf",
        "ortsname": "Föhr (Südost)",
        "ortsquelle": "04_Foehr_Sued_Ost.pdf",
        "zuordnungsabstand_relativ": 0.806,
        "pdf_x_pt": 2604.039,
        "pdf_y_von_oben_pt": 1462.568,
        "koordinatenquelle": "eingebettete GeoPDF-Georeferenzierung",
        "lagehinweis": "kartografische Symbolposition; nicht vermessungstechnisch oder vor Ort bestätigt",
        "marker-color": "#1565c0",
        "marker-symbol": "fire-station",
        "marker-size": "medium",
        "title": "270 - Hydrant"
      }
    },
    {
      "type": "Feature",
      "id": "271",
      "geometry": {
        "type": "Point",
        "coordinates": [
          8.559893,
          54.693686
        ]
      },
      "properties": {
        "id": "271",
        "typ": "Hydrant",
        "menge_l_min": 3200,
        "quellkarte": "04_Foehr_Sued_Ost.pdf",
        "ortsname": "Föhr (Südost)",
        "ortsquelle": "04_Foehr_Sued_Ost.pdf",
        "zuordnungsabstand_relativ": 0.879,
        "pdf_x_pt": 2637.313,
        "pdf_y_von_oben_pt": 1498.288,
        "koordinatenquelle": "eingebettete GeoPDF-Georeferenzierung",
        "lagehinweis": "kartografische Symbolposition; nicht vermessungstechnisch oder vor Ort bestätigt",
        "marker-color": "#1565c0",
        "marker-symbol": "fire-station",
        "marker-size": "medium",
        "title": "271 - Hydrant"
      }
    },
    {
      "type": "Feature",
      "id": "272",
      "geometry": {
        "type": "Point",
        "coordinates": [
          8.559644,
          54.693134
        ]
      },
      "properties": {
        "id": "272",
        "typ": "Hydrant",
        "menge_l_min": 1600,
        "quellkarte": "04_Foehr_Sued_Ost.pdf",
        "ortsname": "Föhr (Südost)",
        "ortsquelle": "04_Foehr_Sued_Ost.pdf",
        "zuordnungsabstand_relativ": 0.941,
        "pdf_x_pt": 2628.854,
        "pdf_y_von_oben_pt": 1529.883,
        "koordinatenquelle": "eingebettete GeoPDF-Georeferenzierung",
        "lagehinweis": "kartografische Symbolposition; nicht vermessungstechnisch oder vor Ort bestätigt",
        "marker-color": "#1565c0",
        "marker-symbol": "fire-station",
        "marker-size": "medium",
        "title": "272 - Hydrant"
      }
    },
    {
      "type": "Feature",
      "id": "273",
      "geometry": {
        "type": "Point",
        "coordinates": [
          8.554264,
          54.688317
        ]
      },
      "properties": {
        "id": "273",
        "typ": "Hydrant",
        "menge_l_min": 1600,
        "quellkarte": "04_Foehr_Sued_Ost.pdf",
        "ortsname": "Föhr (Südost)",
        "ortsquelle": "04_Foehr_Sued_Ost.pdf",
        "zuordnungsabstand_relativ": 0.787,
        "pdf_x_pt": 2448.399,
        "pdf_y_von_oben_pt": 1804.878,
        "koordinatenquelle": "eingebettete GeoPDF-Georeferenzierung",
        "lagehinweis": "kartografische Symbolposition; nicht vermessungstechnisch oder vor Ort bestätigt",
        "marker-color": "#1565c0",
        "marker-symbol": "fire-station",
        "marker-size": "medium",
        "title": "273 - Hydrant"
      }
    },
    {
      "type": "Feature",
      "id": "275",
      "geometry": {
        "type": "Point",
        "coordinates": [
          8.562085,
          54.694021
        ]
      },
      "properties": {
        "id": "275",
        "typ": "E-Bohrbrunnen",
        "menge_l_min": null,
        "quellkarte": "04_Foehr_Sued_Ost.pdf",
        "ortsname": "Föhr (Südost)",
        "ortsquelle": "04_Foehr_Sued_Ost.pdf",
        "zuordnungsabstand_relativ": 0.984,
        "pdf_x_pt": 2710.259,
        "pdf_y_von_oben_pt": 1479.56,
        "koordinatenquelle": "eingebettete GeoPDF-Georeferenzierung",
        "lagehinweis": "kartografische Symbolposition; nicht vermessungstechnisch oder vor Ort bestätigt",
        "marker-color": "#8e24aa",
        "marker-symbol": "industrial",
        "marker-size": "medium",
        "title": "275 - E-Bohrbrunnen"
      }
    },
    {
      "type": "Feature",
      "id": "276",
      "geometry": {
        "type": "Point",
        "coordinates": [
          8.561326,
          54.693254
        ]
      },
      "properties": {
        "id": "276",
        "typ": "Hydrant",
        "menge_l_min": 1600,
        "quellkarte": "04_Foehr_Sued_Ost.pdf",
        "ortsname": "Föhr (Südost)",
        "ortsquelle": "04_Foehr_Sued_Ost.pdf",
        "zuordnungsabstand_relativ": 0.885,
        "pdf_x_pt": 2684.789,
        "pdf_y_von_oben_pt": 1523.385,
        "koordinatenquelle": "eingebettete GeoPDF-Georeferenzierung",
        "lagehinweis": "kartografische Symbolposition; nicht vermessungstechnisch oder vor Ort bestätigt",
        "marker-color": "#1565c0",
        "marker-symbol": "fire-station",
        "marker-size": "medium",
        "title": "276 - Hydrant"
      }
    },
    {
      "type": "Feature",
      "id": "277",
      "geometry": {
        "type": "Point",
        "coordinates": [
          8.560039,
          54.691628
        ]
      },
      "properties": {
        "id": "277",
        "typ": "Hydrant",
        "menge_l_min": 1600,
        "quellkarte": "04_Foehr_Sued_Ost.pdf",
        "ortsname": "Föhr (Südost)",
        "ortsquelle": "04_Foehr_Sued_Ost.pdf",
        "zuordnungsabstand_relativ": 1.193,
        "pdf_x_pt": 2641.439,
        "pdf_y_von_oben_pt": 1616.311,
        "koordinatenquelle": "eingebettete GeoPDF-Georeferenzierung",
        "lagehinweis": "kartografische Symbolposition; nicht vermessungstechnisch oder vor Ort bestätigt",
        "marker-color": "#1565c0",
        "marker-symbol": "fire-station",
        "marker-size": "medium",
        "title": "277 - Hydrant"
      }
    },
    {
      "type": "Feature",
      "id": "278",
      "geometry": {
        "type": "Point",
        "coordinates": [
          8.561218,
          54.692308
        ]
      },
      "properties": {
        "id": "278",
        "typ": "Hydrant",
        "menge_l_min": 1600,
        "quellkarte": "04_Foehr_Sued_Ost.pdf",
        "ortsname": "Föhr (Südost)",
        "ortsquelle": "04_Foehr_Sued_Ost.pdf",
        "zuordnungsabstand_relativ": 0.947,
        "pdf_x_pt": 2680.869,
        "pdf_y_von_oben_pt": 1577.585,
        "koordinatenquelle": "eingebettete GeoPDF-Georeferenzierung",
        "lagehinweis": "kartografische Symbolposition; nicht vermessungstechnisch oder vor Ort bestätigt",
        "marker-color": "#1565c0",
        "marker-symbol": "fire-station",
        "marker-size": "medium",
        "title": "278 - Hydrant"
      }
    },
    {
      "type": "Feature",
      "id": "279",
      "geometry": {
        "type": "Point",
        "coordinates": [
          8.561936,
          54.69186
        ]
      },
      "properties": {
        "id": "279",
        "typ": "Hydrant",
        "menge_l_min": 1600,
        "quellkarte": "04_Foehr_Sued_Ost.pdf",
        "ortsname": "Föhr (Südost)",
        "ortsquelle": "04_Foehr_Sued_Ost.pdf",
        "zuordnungsabstand_relativ": 0.972,
        "pdf_x_pt": 2704.563,
        "pdf_y_von_oben_pt": 1603.416,
        "koordinatenquelle": "eingebettete GeoPDF-Georeferenzierung",
        "lagehinweis": "kartografische Symbolposition; nicht vermessungstechnisch oder vor Ort bestätigt",
        "marker-color": "#1565c0",
        "marker-symbol": "fire-station",
        "marker-size": "medium",
        "title": "279 - Hydrant"
      }
    },
    {
      "type": "Feature",
      "id": "280",
      "geometry": {
        "type": "Point",
        "coordinates": [
          8.561577,
          54.691474
        ]
      },
      "properties": {
        "id": "280",
        "typ": "Hydrant",
        "menge_l_min": 1600,
        "quellkarte": "04_Foehr_Sued_Ost.pdf",
        "ortsname": "Föhr (Südost)",
        "ortsquelle": "04_Foehr_Sued_Ost.pdf",
        "zuordnungsabstand_relativ": 0.896,
        "pdf_x_pt": 2692.481,
        "pdf_y_von_oben_pt": 1625.477,
        "koordinatenquelle": "eingebettete GeoPDF-Georeferenzierung",
        "lagehinweis": "kartografische Symbolposition; nicht vermessungstechnisch oder vor Ort bestätigt",
        "marker-color": "#1565c0",
        "marker-symbol": "fire-station",
        "marker-size": "medium",
        "title": "280 - Hydrant"
      }
    },
    {
      "type": "Feature",
      "id": "281",
      "geometry": {
        "type": "Point",
        "coordinates": [
          8.560641,
          54.690444
        ]
      },
      "properties": {
        "id": "281",
        "typ": "Hydrant",
        "menge_l_min": 1600,
        "quellkarte": "04_Foehr_Sued_Ost.pdf",
        "ortsname": "Föhr (Südost)",
        "ortsquelle": "04_Foehr_Sued_Ost.pdf",
        "zuordnungsabstand_relativ": 0.905,
        "pdf_x_pt": 2661.018,
        "pdf_y_von_oben_pt": 1684.334,
        "koordinatenquelle": "eingebettete GeoPDF-Georeferenzierung",
        "lagehinweis": "kartografische Symbolposition; nicht vermessungstechnisch oder vor Ort bestätigt",
        "marker-color": "#1565c0",
        "marker-symbol": "fire-station",
        "marker-size": "medium",
        "title": "281 - Hydrant"
      }
    },
    {
      "type": "Feature",
      "id": "282",
      "geometry": {
        "type": "Point",
        "coordinates": [
          8.565913,
          54.69423
        ]
      },
      "properties": {
        "id": "282",
        "typ": "Bohrbrunnen",
        "menge_l_min": null,
        "quellkarte": "04_Foehr_Sued_Ost.pdf",
        "ortsname": "Föhr (Südost)",
        "ortsquelle": "04_Foehr_Sued_Ost.pdf",
        "zuordnungsabstand_relativ": 0.974,
        "pdf_x_pt": 2837.494,
        "pdf_y_von_oben_pt": 1468.452,
        "koordinatenquelle": "eingebettete GeoPDF-Georeferenzierung",
        "lagehinweis": "kartografische Symbolposition; nicht vermessungstechnisch oder vor Ort bestätigt",
        "marker-color": "#f9a825",
        "marker-symbol": "water",
        "marker-size": "medium",
        "title": "282 - Bohrbrunnen"
      }
    },
    {
      "type": "Feature",
      "id": "283",
      "geometry": {
        "type": "Point",
        "coordinates": [
          8.564487,
          54.693788
        ]
      },
      "properties": {
        "id": "283",
        "typ": "Hydrant",
        "menge_l_min": 1600,
        "quellkarte": "04_Foehr_Sued_Ost.pdf",
        "ortsname": "Föhr (Südost)",
        "ortsquelle": "04_Foehr_Sued_Ost.pdf",
        "zuordnungsabstand_relativ": 0.836,
        "pdf_x_pt": 2789.958,
        "pdf_y_von_oben_pt": 1493.463,
        "koordinatenquelle": "eingebettete GeoPDF-Georeferenzierung",
        "lagehinweis": "kartografische Symbolposition; nicht vermessungstechnisch oder vor Ort bestätigt",
        "marker-color": "#1565c0",
        "marker-symbol": "fire-station",
        "marker-size": "medium",
        "title": "283 - Hydrant"
      }
    },
    {
      "type": "Feature",
      "id": "284",
      "geometry": {
        "type": "Point",
        "coordinates": [
          8.563568,
          54.692462
        ]
      },
      "properties": {
        "id": "284",
        "typ": "Hydrant",
        "menge_l_min": 1600,
        "quellkarte": "04_Foehr_Sued_Ost.pdf",
        "ortsname": "Föhr (Südost)",
        "ortsquelle": "04_Foehr_Sued_Ost.pdf",
        "zuordnungsabstand_relativ": 0.793,
        "pdf_x_pt": 2758.963,
        "pdf_y_von_oben_pt": 1569.287,
        "koordinatenquelle": "eingebettete GeoPDF-Georeferenzierung",
        "lagehinweis": "kartografische Symbolposition; nicht vermessungstechnisch oder vor Ort bestätigt",
        "marker-color": "#1565c0",
        "marker-symbol": "fire-station",
        "marker-size": "medium",
        "title": "284 - Hydrant"
      }
    },
    {
      "type": "Feature",
      "id": "285",
      "geometry": {
        "type": "Point",
        "coordinates": [
          8.563162,
          54.691843
        ]
      },
      "properties": {
        "id": "285",
        "typ": "Hydrant",
        "menge_l_min": 1600,
        "quellkarte": "04_Foehr_Sued_Ost.pdf",
        "ortsname": "Föhr (Südost)",
        "ortsquelle": "04_Foehr_Sued_Ost.pdf",
        "zuordnungsabstand_relativ": 0.837,
        "pdf_x_pt": 2745.271,
        "pdf_y_von_oben_pt": 1604.709,
        "koordinatenquelle": "eingebettete GeoPDF-Georeferenzierung",
        "lagehinweis": "kartografische Symbolposition; nicht vermessungstechnisch oder vor Ort bestätigt",
        "marker-color": "#1565c0",
        "marker-symbol": "fire-station",
        "marker-size": "medium",
        "title": "285 - Hydrant"
      }
    },
    {
      "type": "Feature",
      "id": "286",
      "geometry": {
        "type": "Point",
        "coordinates": [
          8.563467,
          54.69105
        ]
      },
      "properties": {
        "id": "286",
        "typ": "E-Bohrbrunnen",
        "menge_l_min": null,
        "quellkarte": "04_Foehr_Sued_Ost.pdf",
        "ortsname": "Föhr (Südost)",
        "ortsquelle": "04_Foehr_Sued_Ost.pdf",
        "zuordnungsabstand_relativ": 1.252,
        "pdf_x_pt": 2755.105,
        "pdf_y_von_oben_pt": 1650.198,
        "koordinatenquelle": "eingebettete GeoPDF-Georeferenzierung",
        "lagehinweis": "kartografische Symbolposition; nicht vermessungstechnisch oder vor Ort bestätigt",
        "marker-color": "#8e24aa",
        "marker-symbol": "industrial",
        "marker-size": "medium",
        "title": "286 - E-Bohrbrunnen"
      }
    },
    {
      "type": "Feature",
      "id": "287",
      "geometry": {
        "type": "Point",
        "coordinates": [
          8.562296,
          54.690883
        ]
      },
      "properties": {
        "id": "287",
        "typ": "Hydrant",
        "menge_l_min": 1600,
        "quellkarte": "04_Foehr_Sued_Ost.pdf",
        "ortsname": "Föhr (Südost)",
        "ortsquelle": "04_Foehr_Sued_Ost.pdf",
        "zuordnungsabstand_relativ": 0.836,
        "pdf_x_pt": 2716.169,
        "pdf_y_von_oben_pt": 1659.56,
        "koordinatenquelle": "eingebettete GeoPDF-Georeferenzierung",
        "lagehinweis": "kartografische Symbolposition; nicht vermessungstechnisch oder vor Ort bestätigt",
        "marker-color": "#1565c0",
        "marker-symbol": "fire-station",
        "marker-size": "medium",
        "title": "287 - Hydrant"
      }
    },
    {
      "type": "Feature",
      "id": "288",
      "geometry": {
        "type": "Point",
        "coordinates": [
          8.56151,
          54.690042
        ]
      },
      "properties": {
        "id": "288",
        "typ": "Hydrant",
        "menge_l_min": 1600,
        "quellkarte": "04_Foehr_Sued_Ost.pdf",
        "ortsname": "Föhr (Südost)",
        "ortsquelle": "04_Foehr_Sued_Ost.pdf",
        "zuordnungsabstand_relativ": 0.992,
        "pdf_x_pt": 2689.735,
        "pdf_y_von_oben_pt": 1707.613,
        "koordinatenquelle": "eingebettete GeoPDF-Georeferenzierung",
        "lagehinweis": "kartografische Symbolposition; nicht vermessungstechnisch oder vor Ort bestätigt",
        "marker-color": "#1565c0",
        "marker-symbol": "fire-station",
        "marker-size": "medium",
        "title": "288 - Hydrant"
      }
    },
    {
      "type": "Feature",
      "id": "289",
      "geometry": {
        "type": "Point",
        "coordinates": [
          8.560843,
          54.689285
        ]
      },
      "properties": {
        "id": "289",
        "typ": "Hydrant",
        "menge_l_min": 1600,
        "quellkarte": "04_Foehr_Sued_Ost.pdf",
        "ortsname": "Föhr (Südost)",
        "ortsquelle": "04_Foehr_Sued_Ost.pdf",
        "zuordnungsabstand_relativ": 1.09,
        "pdf_x_pt": 2667.308,
        "pdf_y_von_oben_pt": 1750.876,
        "koordinatenquelle": "eingebettete GeoPDF-Georeferenzierung",
        "lagehinweis": "kartografische Symbolposition; nicht vermessungstechnisch oder vor Ort bestätigt",
        "marker-color": "#1565c0",
        "marker-symbol": "fire-station",
        "marker-size": "medium",
        "title": "289 - Hydrant"
      }
    },
    {
      "type": "Feature",
      "id": "291",
      "geometry": {
        "type": "Point",
        "coordinates": [
          8.566665,
          54.691213
        ]
      },
      "properties": {
        "id": "291",
        "typ": "Hydrant",
        "menge_l_min": 1600,
        "quellkarte": "04_Foehr_Sued_Ost.pdf",
        "ortsname": "Föhr (Südost)",
        "ortsquelle": "04_Foehr_Sued_Ost.pdf",
        "zuordnungsabstand_relativ": 1.104,
        "pdf_x_pt": 2861.427,
        "pdf_y_von_oben_pt": 1641.601,
        "koordinatenquelle": "eingebettete GeoPDF-Georeferenzierung",
        "lagehinweis": "kartografische Symbolposition; nicht vermessungstechnisch oder vor Ort bestätigt",
        "marker-color": "#1565c0",
        "marker-symbol": "fire-station",
        "marker-size": "medium",
        "title": "291 - Hydrant"
      }
    },
    {
      "type": "Feature",
      "id": "292",
      "geometry": {
        "type": "Point",
        "coordinates": [
          8.566087,
          54.691699
        ]
      },
      "properties": {
        "id": "292",
        "typ": "Hydrant",
        "menge_l_min": 1600,
        "quellkarte": "04_Foehr_Sued_Ost.pdf",
        "ortsname": "Föhr (Südost)",
        "ortsquelle": "04_Foehr_Sued_Ost.pdf",
        "zuordnungsabstand_relativ": 1.387,
        "pdf_x_pt": 2842.394,
        "pdf_y_von_oben_pt": 1613.564,
        "koordinatenquelle": "eingebettete GeoPDF-Georeferenzierung",
        "lagehinweis": "kartografische Symbolposition; nicht vermessungstechnisch oder vor Ort bestätigt",
        "marker-color": "#1565c0",
        "marker-symbol": "fire-station",
        "marker-size": "medium",
        "title": "292 - Hydrant"
      }
    },
    {
      "type": "Feature",
      "id": "293",
      "geometry": {
        "type": "Point",
        "coordinates": [
          8.564746,
          54.692079
        ]
      },
      "properties": {
        "id": "293",
        "typ": "Hydrant",
        "menge_l_min": 1600,
        "quellkarte": "04_Foehr_Sued_Ost.pdf",
        "ortsname": "Föhr (Südost)",
        "ortsquelle": "04_Foehr_Sued_Ost.pdf",
        "zuordnungsabstand_relativ": 1.088,
        "pdf_x_pt": 2797.978,
        "pdf_y_von_oben_pt": 1591.493,
        "koordinatenquelle": "eingebettete GeoPDF-Georeferenzierung",
        "lagehinweis": "kartografische Symbolposition; nicht vermessungstechnisch oder vor Ort bestätigt",
        "marker-color": "#1565c0",
        "marker-symbol": "fire-station",
        "marker-size": "medium",
        "title": "293 - Hydrant"
      }
    },
    {
      "type": "Feature",
      "id": "295",
      "geometry": {
        "type": "Point",
        "coordinates": [
          8.564328,
          54.690786
        ]
      },
      "properties": {
        "id": "295",
        "typ": "Hydrant",
        "menge_l_min": 1600,
        "quellkarte": "04_Foehr_Sued_Ost.pdf",
        "ortsname": "Föhr (Südost)",
        "ortsquelle": "04_Foehr_Sued_Ost.pdf",
        "zuordnungsabstand_relativ": 1.076,
        "pdf_x_pt": 2783.647,
        "pdf_y_von_oben_pt": 1665.571,
        "koordinatenquelle": "eingebettete GeoPDF-Georeferenzierung",
        "lagehinweis": "kartografische Symbolposition; nicht vermessungstechnisch oder vor Ort bestätigt",
        "marker-color": "#1565c0",
        "marker-symbol": "fire-station",
        "marker-size": "medium",
        "title": "295 - Hydrant"
      }
    },
    {
      "type": "Feature",
      "id": "296",
      "geometry": {
        "type": "Point",
        "coordinates": [
          8.563003,
          54.689713
        ]
      },
      "properties": {
        "id": "296",
        "typ": "Hydrant",
        "menge_l_min": 1600,
        "quellkarte": "04_Foehr_Sued_Ost.pdf",
        "ortsname": "Föhr (Südost)",
        "ortsquelle": "04_Foehr_Sued_Ost.pdf",
        "zuordnungsabstand_relativ": 1.021,
        "pdf_x_pt": 2739.239,
        "pdf_y_von_oben_pt": 1726.797,
        "koordinatenquelle": "eingebettete GeoPDF-Georeferenzierung",
        "lagehinweis": "kartografische Symbolposition; nicht vermessungstechnisch oder vor Ort bestätigt",
        "marker-color": "#1565c0",
        "marker-symbol": "fire-station",
        "marker-size": "medium",
        "title": "296 - Hydrant"
      }
    },
    {
      "type": "Feature",
      "id": "297",
      "geometry": {
        "type": "Point",
        "coordinates": [
          8.561978,
          54.688708
        ]
      },
      "properties": {
        "id": "297",
        "typ": "Hydrant",
        "menge_l_min": 1600,
        "quellkarte": "04_Foehr_Sued_Ost.pdf",
        "ortsname": "Föhr (Südost)",
        "ortsquelle": "04_Foehr_Sued_Ost.pdf",
        "zuordnungsabstand_relativ": 0.93,
        "pdf_x_pt": 2704.826,
        "pdf_y_von_oben_pt": 1784.166,
        "koordinatenquelle": "eingebettete GeoPDF-Georeferenzierung",
        "lagehinweis": "kartografische Symbolposition; nicht vermessungstechnisch oder vor Ort bestätigt",
        "marker-color": "#1565c0",
        "marker-symbol": "fire-station",
        "marker-size": "medium",
        "title": "297 - Hydrant"
      }
    },
    {
      "type": "Feature",
      "id": "298",
      "geometry": {
        "type": "Point",
        "coordinates": [
          8.564286,
          54.689264
        ]
      },
      "properties": {
        "id": "298",
        "typ": "Hydrant",
        "menge_l_min": 1600,
        "quellkarte": "04_Foehr_Sued_Ost.pdf",
        "ortsname": "Föhr (Südost)",
        "ortsquelle": "04_Foehr_Sued_Ost.pdf",
        "zuordnungsabstand_relativ": 0.918,
        "pdf_x_pt": 2781.705,
        "pdf_y_von_oben_pt": 1752.838,
        "koordinatenquelle": "eingebettete GeoPDF-Georeferenzierung",
        "lagehinweis": "kartografische Symbolposition; nicht vermessungstechnisch oder vor Ort bestätigt",
        "marker-color": "#1565c0",
        "marker-symbol": "fire-station",
        "marker-size": "medium",
        "title": "298 - Hydrant"
      }
    },
    {
      "type": "Feature",
      "id": "299",
      "geometry": {
        "type": "Point",
        "coordinates": [
          8.563511,
          54.688977
        ]
      },
      "properties": {
        "id": "299",
        "typ": "Hydrant",
        "menge_l_min": 1600,
        "quellkarte": "04_Foehr_Sued_Ost.pdf",
        "ortsname": "Föhr (Südost)",
        "ortsquelle": "04_Foehr_Sued_Ost.pdf",
        "zuordnungsabstand_relativ": 1.129,
        "pdf_x_pt": 2755.861,
        "pdf_y_von_oben_pt": 1769.116,
        "koordinatenquelle": "eingebettete GeoPDF-Georeferenzierung",
        "lagehinweis": "kartografische Symbolposition; nicht vermessungstechnisch oder vor Ort bestätigt",
        "marker-color": "#1565c0",
        "marker-symbol": "fire-station",
        "marker-size": "medium",
        "title": "299 - Hydrant"
      }
    },
    {
      "type": "Feature",
      "id": "300",
      "geometry": {
        "type": "Point",
        "coordinates": [
          8.563964,
          54.688137
        ]
      },
      "properties": {
        "id": "300",
        "typ": "Hydrant",
        "menge_l_min": 1600,
        "quellkarte": "04_Foehr_Sued_Ost.pdf",
        "ortsname": "Föhr (Südost)",
        "ortsquelle": "04_Foehr_Sued_Ost.pdf",
        "zuordnungsabstand_relativ": 1.182,
        "pdf_x_pt": 2770.612,
        "pdf_y_von_oben_pt": 1817.378,
        "koordinatenquelle": "eingebettete GeoPDF-Georeferenzierung",
        "lagehinweis": "kartografische Symbolposition; nicht vermessungstechnisch oder vor Ort bestätigt",
        "marker-color": "#1565c0",
        "marker-symbol": "fire-station",
        "marker-size": "medium",
        "title": "300 - Hydrant"
      }
    },
    {
      "type": "Feature",
      "id": "301",
      "geometry": {
        "type": "Point",
        "coordinates": [
          8.562846,
          54.688241
        ]
      },
      "properties": {
        "id": "301",
        "typ": "Hydrant",
        "menge_l_min": 1600,
        "quellkarte": "04_Foehr_Sued_Ost.pdf",
        "ortsname": "Föhr (Südost)",
        "ortsquelle": "04_Foehr_Sued_Ost.pdf",
        "zuordnungsabstand_relativ": 0.853,
        "pdf_x_pt": 2733.496,
        "pdf_y_von_oben_pt": 1811.124,
        "koordinatenquelle": "eingebettete GeoPDF-Georeferenzierung",
        "lagehinweis": "kartografische Symbolposition; nicht vermessungstechnisch oder vor Ort bestätigt",
        "marker-color": "#1565c0",
        "marker-symbol": "fire-station",
        "marker-size": "medium",
        "title": "301 - Hydrant"
      }
    },
    {
      "type": "Feature",
      "id": "302",
      "geometry": {
        "type": "Point",
        "coordinates": [
          8.562276,
          54.687613
        ]
      },
      "properties": {
        "id": "302",
        "typ": "Hydrant",
        "menge_l_min": 1600,
        "quellkarte": "04_Foehr_Sued_Ost.pdf",
        "ortsname": "Föhr (Südost)",
        "ortsquelle": "04_Foehr_Sued_Ost.pdf",
        "zuordnungsabstand_relativ": 0.915,
        "pdf_x_pt": 2714.347,
        "pdf_y_von_oben_pt": 1847.015,
        "koordinatenquelle": "eingebettete GeoPDF-Georeferenzierung",
        "lagehinweis": "kartografische Symbolposition; nicht vermessungstechnisch oder vor Ort bestätigt",
        "marker-color": "#1565c0",
        "marker-symbol": "fire-station",
        "marker-size": "medium",
        "title": "302 - Hydrant"
      }
    },
    {
      "type": "Feature",
      "id": "303",
      "geometry": {
        "type": "Point",
        "coordinates": [
          8.567304,
          54.692822
        ]
      },
      "properties": {
        "id": "303",
        "typ": "Hydrant",
        "menge_l_min": "<400",
        "quellkarte": "04_Foehr_Sued_Ost.pdf",
        "ortsname": "Föhr (Südost)",
        "ortsquelle": "04_Foehr_Sued_Ost.pdf",
        "zuordnungsabstand_relativ": 0.887,
        "pdf_x_pt": 2883.216,
        "pdf_y_von_oben_pt": 1549.492,
        "koordinatenquelle": "eingebettete GeoPDF-Georeferenzierung",
        "lagehinweis": "kartografische Symbolposition; nicht vermessungstechnisch oder vor Ort bestätigt",
        "marker-color": "#1565c0",
        "marker-symbol": "fire-station",
        "marker-size": "medium",
        "title": "303 - Hydrant"
      }
    },
    {
      "type": "Feature",
      "id": "305",
      "geometry": {
        "type": "Point",
        "coordinates": [
          8.567134,
          54.692365
        ]
      },
      "properties": {
        "id": "305",
        "typ": "Hydrant",
        "menge_l_min": 400,
        "quellkarte": "04_Foehr_Sued_Ost.pdf",
        "ortsname": "Föhr (Südost)",
        "ortsquelle": "04_Foehr_Sued_Ost.pdf",
        "zuordnungsabstand_relativ": 0.543,
        "pdf_x_pt": 2877.402,
        "pdf_y_von_oben_pt": 1575.64,
        "koordinatenquelle": "eingebettete GeoPDF-Georeferenzierung",
        "lagehinweis": "kartografische Symbolposition; nicht vermessungstechnisch oder vor Ort bestätigt",
        "marker-color": "#1565c0",
        "marker-symbol": "fire-station",
        "marker-size": "medium",
        "title": "305 - Hydrant"
      }
    },
    {
      "type": "Feature",
      "id": "306",
      "geometry": {
        "type": "Point",
        "coordinates": [
          8.566999,
          54.692469
        ]
      },
      "properties": {
        "id": "306",
        "typ": "Hydrant",
        "menge_l_min": 400,
        "quellkarte": "04_Foehr_Sued_Ost.pdf",
        "ortsname": "Föhr (Südost)",
        "ortsquelle": "04_Foehr_Sued_Ost.pdf",
        "zuordnungsabstand_relativ": 0.36,
        "pdf_x_pt": 2872.94,
        "pdf_y_von_oben_pt": 1569.629,
        "koordinatenquelle": "eingebettete GeoPDF-Georeferenzierung",
        "lagehinweis": "kartografische Symbolposition; nicht vermessungstechnisch oder vor Ort bestätigt",
        "marker-color": "#1565c0",
        "marker-symbol": "fire-station",
        "marker-size": "medium",
        "title": "306 - Hydrant"
      }
    },
    {
      "type": "Feature",
      "id": "307",
      "geometry": {
        "type": "Point",
        "coordinates": [
          8.567575,
          54.692284
        ]
      },
      "properties": {
        "id": "307",
        "typ": "Hydrant",
        "menge_l_min": 400,
        "quellkarte": "04_Foehr_Sued_Ost.pdf",
        "ortsname": "Föhr (Südost)",
        "ortsquelle": "04_Foehr_Sued_Ost.pdf",
        "zuordnungsabstand_relativ": 0.92,
        "pdf_x_pt": 2892.033,
        "pdf_y_von_oben_pt": 1580.36,
        "koordinatenquelle": "eingebettete GeoPDF-Georeferenzierung",
        "lagehinweis": "kartografische Symbolposition; nicht vermessungstechnisch oder vor Ort bestätigt",
        "marker-color": "#1565c0",
        "marker-symbol": "fire-station",
        "marker-size": "medium",
        "title": "307 - Hydrant"
      }
    },
    {
      "type": "Feature",
      "id": "308",
      "geometry": {
        "type": "Point",
        "coordinates": [
          8.567908,
          54.692151
        ]
      },
      "properties": {
        "id": "308",
        "typ": "Hydrant",
        "menge_l_min": 800,
        "quellkarte": "04_Foehr_Sued_Ost.pdf",
        "ortsname": "Föhr (Südost)",
        "ortsquelle": "04_Foehr_Sued_Ost.pdf",
        "zuordnungsabstand_relativ": 1.07,
        "pdf_x_pt": 2903.031,
        "pdf_y_von_oben_pt": 1588.093,
        "koordinatenquelle": "eingebettete GeoPDF-Georeferenzierung",
        "lagehinweis": "kartografische Symbolposition; nicht vermessungstechnisch oder vor Ort bestätigt",
        "marker-color": "#1565c0",
        "marker-symbol": "fire-station",
        "marker-size": "medium",
        "title": "308 - Hydrant"
      }
    },
    {
      "type": "Feature",
      "id": "309",
      "geometry": {
        "type": "Point",
        "coordinates": [
          8.526827,
          54.684913
        ]
      },
      "properties": {
        "id": "309",
        "typ": "Hydrant",
        "menge_l_min": 3200,
        "quellkarte": "04_Foehr_Sued_Ost.pdf",
        "ortsname": "Föhr (Südost)",
        "ortsquelle": "04_Foehr_Sued_Ost.pdf",
        "zuordnungsabstand_relativ": 1.119,
        "pdf_x_pt": 1535.55,
        "pdf_y_von_oben_pt": 1994.055,
        "koordinatenquelle": "eingebettete GeoPDF-Georeferenzierung",
        "lagehinweis": "kartografische Symbolposition; nicht vermessungstechnisch oder vor Ort bestätigt",
        "marker-color": "#1565c0",
        "marker-symbol": "fire-station",
        "marker-size": "medium",
        "title": "309 - Hydrant"
      }
    },
    {
      "type": "Feature",
      "id": "310",
      "geometry": {
        "type": "Point",
        "coordinates": [
          8.529492,
          54.683251
        ]
      },
      "properties": {
        "id": "310",
        "typ": "Hydrant",
        "menge_l_min": 3200,
        "quellkarte": "04_Foehr_Sued_Ost.pdf",
        "ortsname": "Föhr (Südost)",
        "ortsquelle": "04_Foehr_Sued_Ost.pdf",
        "zuordnungsabstand_relativ": 0.789,
        "pdf_x_pt": 1623.466,
        "pdf_y_von_oben_pt": 2089.898,
        "koordinatenquelle": "eingebettete GeoPDF-Georeferenzierung",
        "lagehinweis": "kartografische Symbolposition; nicht vermessungstechnisch oder vor Ort bestätigt",
        "marker-color": "#1565c0",
        "marker-symbol": "fire-station",
        "marker-size": "medium",
        "title": "310 - Hydrant"
      }
    },
    {
      "type": "Feature",
      "id": "311",
      "geometry": {
        "type": "Point",
        "coordinates": [
          8.531747,
          54.683056
        ]
      },
      "properties": {
        "id": "311",
        "typ": "Hydrant",
        "menge_l_min": 3200,
        "quellkarte": "04_Foehr_Sued_Ost.pdf",
        "ortsname": "Föhr (Südost)",
        "ortsquelle": "04_Foehr_Sued_Ost.pdf",
        "zuordnungsabstand_relativ": 0.875,
        "pdf_x_pt": 1698.324,
        "pdf_y_von_oben_pt": 2101.61,
        "koordinatenquelle": "eingebettete GeoPDF-Georeferenzierung",
        "lagehinweis": "kartografische Symbolposition; nicht vermessungstechnisch oder vor Ort bestätigt",
        "marker-color": "#1565c0",
        "marker-symbol": "fire-station",
        "marker-size": "medium",
        "title": "311 - Hydrant"
      }
    },
    {
      "type": "Feature",
      "id": "312",
      "geometry": {
        "type": "Point",
        "coordinates": [
          8.534556,
          54.682827
        ]
      },
      "properties": {
        "id": "312",
        "typ": "Hydrant",
        "menge_l_min": 3200,
        "quellkarte": "04_Foehr_Sued_Ost.pdf",
        "ortsname": "Föhr (Südost)",
        "ortsquelle": "04_Foehr_Sued_Ost.pdf",
        "zuordnungsabstand_relativ": 1.078,
        "pdf_x_pt": 1791.576,
        "pdf_y_von_oben_pt": 2115.316,
        "koordinatenquelle": "eingebettete GeoPDF-Georeferenzierung",
        "lagehinweis": "kartografische Symbolposition; nicht vermessungstechnisch oder vor Ort bestätigt",
        "marker-color": "#1565c0",
        "marker-symbol": "fire-station",
        "marker-size": "medium",
        "title": "312 - Hydrant"
      }
    },
    {
      "type": "Feature",
      "id": "313",
      "geometry": {
        "type": "Point",
        "coordinates": [
          8.535273,
          54.682135
        ]
      },
      "properties": {
        "id": "313",
        "typ": "Hydrant",
        "menge_l_min": 1600,
        "quellkarte": "04_Foehr_Sued_Ost.pdf",
        "ortsname": "Föhr (Südost)",
        "ortsquelle": "04_Foehr_Sued_Ost.pdf",
        "zuordnungsabstand_relativ": 1.195,
        "pdf_x_pt": 1815.153,
        "pdf_y_von_oben_pt": 2155.198,
        "koordinatenquelle": "eingebettete GeoPDF-Georeferenzierung",
        "lagehinweis": "kartografische Symbolposition; nicht vermessungstechnisch oder vor Ort bestätigt",
        "marker-color": "#1565c0",
        "marker-symbol": "fire-station",
        "marker-size": "medium",
        "title": "313 - Hydrant"
      }
    },
    {
      "type": "Feature",
      "id": "315",
      "geometry": {
        "type": "Point",
        "coordinates": [
          8.537354,
          54.682422
        ]
      },
      "properties": {
        "id": "315",
        "typ": "Hydrant",
        "menge_l_min": 1600,
        "quellkarte": "04_Foehr_Sued_Ost.pdf",
        "ortsname": "Föhr (Südost)",
        "ortsquelle": "04_Foehr_Sued_Ost.pdf",
        "zuordnungsabstand_relativ": 0.819,
        "pdf_x_pt": 1884.413,
        "pdf_y_von_oben_pt": 2139.202,
        "koordinatenquelle": "eingebettete GeoPDF-Georeferenzierung",
        "lagehinweis": "kartografische Symbolposition; nicht vermessungstechnisch oder vor Ort bestätigt",
        "marker-color": "#1565c0",
        "marker-symbol": "fire-station",
        "marker-size": "medium",
        "title": "315 - Hydrant"
      }
    },
    {
      "type": "Feature",
      "id": "316",
      "geometry": {
        "type": "Point",
        "coordinates": [
          8.537617,
          54.682547
        ]
      },
      "properties": {
        "id": "316",
        "typ": "Hydrant",
        "menge_l_min": 1600,
        "quellkarte": "04_Foehr_Sued_Ost.pdf",
        "ortsname": "Föhr (Südost)",
        "ortsquelle": "04_Foehr_Sued_Ost.pdf",
        "zuordnungsabstand_relativ": 0.824,
        "pdf_x_pt": 1893.174,
        "pdf_y_von_oben_pt": 2132.081,
        "koordinatenquelle": "eingebettete GeoPDF-Georeferenzierung",
        "lagehinweis": "kartografische Symbolposition; nicht vermessungstechnisch oder vor Ort bestätigt",
        "marker-color": "#1565c0",
        "marker-symbol": "fire-station",
        "marker-size": "medium",
        "title": "316 - Hydrant"
      }
    },
    {
      "type": "Feature",
      "id": "317",
      "geometry": {
        "type": "Point",
        "coordinates": [
          8.538626,
          54.683117
        ]
      },
      "properties": {
        "id": "317",
        "typ": "Hydrant",
        "menge_l_min": 1600,
        "quellkarte": "04_Foehr_Sued_Ost.pdf",
        "ortsname": "Föhr (Südost)",
        "ortsquelle": "04_Foehr_Sued_Ost.pdf",
        "zuordnungsabstand_relativ": 0.825,
        "pdf_x_pt": 1926.931,
        "pdf_y_von_oben_pt": 2099.59,
        "koordinatenquelle": "eingebettete GeoPDF-Georeferenzierung",
        "lagehinweis": "kartografische Symbolposition; nicht vermessungstechnisch oder vor Ort bestätigt",
        "marker-color": "#1565c0",
        "marker-symbol": "fire-station",
        "marker-size": "medium",
        "title": "317 - Hydrant"
      }
    },
    {
      "type": "Feature",
      "id": "318",
      "geometry": {
        "type": "Point",
        "coordinates": [
          8.540896,
          54.681283
        ]
      },
      "properties": {
        "id": "318",
        "typ": "Hydrant",
        "menge_l_min": 1600,
        "quellkarte": "04_Foehr_Sued_Ost.pdf",
        "ortsname": "Föhr (Südost)",
        "ortsquelle": "04_Foehr_Sued_Ost.pdf",
        "zuordnungsabstand_relativ": 0.83,
        "pdf_x_pt": 2001.672,
        "pdf_y_von_oben_pt": 2205.277,
        "koordinatenquelle": "eingebettete GeoPDF-Georeferenzierung",
        "lagehinweis": "kartografische Symbolposition; nicht vermessungstechnisch oder vor Ort bestätigt",
        "marker-color": "#1565c0",
        "marker-symbol": "fire-station",
        "marker-size": "medium",
        "title": "318 - Hydrant"
      }
    },
    {
      "type": "Feature",
      "id": "319",
      "geometry": {
        "type": "Point",
        "coordinates": [
          8.542749,
          54.683348
        ]
      },
      "properties": {
        "id": "319",
        "typ": "Hydrant",
        "menge_l_min": 1600,
        "quellkarte": "04_Foehr_Sued_Ost.pdf",
        "ortsname": "Föhr (Südost)",
        "ortsquelle": "04_Foehr_Sued_Ost.pdf",
        "zuordnungsabstand_relativ": 0.893,
        "pdf_x_pt": 2064.0,
        "pdf_y_von_oben_pt": 2087.273,
        "koordinatenquelle": "eingebettete GeoPDF-Georeferenzierung",
        "lagehinweis": "kartografische Symbolposition; nicht vermessungstechnisch oder vor Ort bestätigt",
        "marker-color": "#1565c0",
        "marker-symbol": "fire-station",
        "marker-size": "medium",
        "title": "319 - Hydrant"
      }
    },
    {
      "type": "Feature",
      "id": "320",
      "geometry": {
        "type": "Point",
        "coordinates": [
          8.540984,
          54.683676
        ]
      },
      "properties": {
        "id": "320",
        "typ": "E-Bohrbrunnen",
        "menge_l_min": null,
        "quellkarte": "04_Foehr_Sued_Ost.pdf",
        "ortsname": "Föhr (Südost)",
        "ortsquelle": "04_Foehr_Sued_Ost.pdf",
        "zuordnungsabstand_relativ": 0.984,
        "pdf_x_pt": 2005.472,
        "pdf_y_von_oben_pt": 2068.101,
        "koordinatenquelle": "eingebettete GeoPDF-Georeferenzierung",
        "lagehinweis": "kartografische Symbolposition; nicht vermessungstechnisch oder vor Ort bestätigt",
        "marker-color": "#8e24aa",
        "marker-symbol": "industrial",
        "marker-size": "medium",
        "title": "320 - E-Bohrbrunnen"
      }
    },
    {
      "type": "Feature",
      "id": "321",
      "geometry": {
        "type": "Point",
        "coordinates": [
          8.541679,
          54.684529
        ]
      },
      "properties": {
        "id": "321",
        "typ": "Hydrant",
        "menge_l_min": 1600,
        "quellkarte": "04_Foehr_Sued_Ost.pdf",
        "ortsname": "Föhr (Südost)",
        "ortsquelle": "04_Foehr_Sued_Ost.pdf",
        "zuordnungsabstand_relativ": 1.562,
        "pdf_x_pt": 2028.895,
        "pdf_y_von_oben_pt": 2019.346,
        "koordinatenquelle": "eingebettete GeoPDF-Georeferenzierung",
        "lagehinweis": "kartografische Symbolposition; nicht vermessungstechnisch oder vor Ort bestätigt",
        "marker-color": "#1565c0",
        "marker-symbol": "fire-station",
        "marker-size": "medium",
        "title": "321 - Hydrant"
      }
    },
    {
      "type": "Feature",
      "id": "322",
      "geometry": {
        "type": "Point",
        "coordinates": [
          8.540709,
          54.683911
        ]
      },
      "properties": {
        "id": "322",
        "typ": "Hydrant",
        "menge_l_min": 1600,
        "quellkarte": "04_Foehr_Sued_Ost.pdf",
        "ortsname": "Föhr (Südost)",
        "ortsquelle": "04_Foehr_Sued_Ost.pdf",
        "zuordnungsabstand_relativ": 0.9,
        "pdf_x_pt": 1996.416,
        "pdf_y_von_oben_pt": 2054.568,
        "koordinatenquelle": "eingebettete GeoPDF-Georeferenzierung",
        "lagehinweis": "kartografische Symbolposition; nicht vermessungstechnisch oder vor Ort bestätigt",
        "marker-color": "#1565c0",
        "marker-symbol": "fire-station",
        "marker-size": "medium",
        "title": "322 - Hydrant"
      }
    },
    {
      "type": "Feature",
      "id": "323",
      "geometry": {
        "type": "Point",
        "coordinates": [
          8.539748,
          54.684176
        ]
      },
      "properties": {
        "id": "323",
        "typ": "Hydrant",
        "menge_l_min": 1600,
        "quellkarte": "04_Foehr_Sued_Ost.pdf",
        "ortsname": "Föhr (Südost)",
        "ortsquelle": "04_Foehr_Sued_Ost.pdf",
        "zuordnungsabstand_relativ": 0.969,
        "pdf_x_pt": 1964.584,
        "pdf_y_von_oben_pt": 2039.137,
        "koordinatenquelle": "eingebettete GeoPDF-Georeferenzierung",
        "lagehinweis": "kartografische Symbolposition; nicht vermessungstechnisch oder vor Ort bestätigt",
        "marker-color": "#1565c0",
        "marker-symbol": "fire-station",
        "marker-size": "medium",
        "title": "323 - Hydrant"
      }
    },
    {
      "type": "Feature",
      "id": "325",
      "geometry": {
        "type": "Point",
        "coordinates": [
          8.540379,
          54.684904
        ]
      },
      "properties": {
        "id": "325",
        "typ": "Hydrant",
        "menge_l_min": 1600,
        "quellkarte": "04_Foehr_Sued_Ost.pdf",
        "ortsname": "Föhr (Südost)",
        "ortsquelle": "04_Foehr_Sued_Ost.pdf",
        "zuordnungsabstand_relativ": 0.905,
        "pdf_x_pt": 1985.841,
        "pdf_y_von_oben_pt": 1997.518,
        "koordinatenquelle": "eingebettete GeoPDF-Georeferenzierung",
        "lagehinweis": "kartografische Symbolposition; nicht vermessungstechnisch oder vor Ort bestätigt",
        "marker-color": "#1565c0",
        "marker-symbol": "fire-station",
        "marker-size": "medium",
        "title": "325 - Hydrant"
      }
    },
    {
      "type": "Feature",
      "id": "326",
      "geometry": {
        "type": "Point",
        "coordinates": [
          8.541135,
          54.685752
        ]
      },
      "properties": {
        "id": "326",
        "typ": "Hydrant",
        "menge_l_min": 1600,
        "quellkarte": "04_Foehr_Sued_Ost.pdf",
        "ortsname": "Föhr (Südost)",
        "ortsquelle": "04_Foehr_Sued_Ost.pdf",
        "zuordnungsabstand_relativ": 0.93,
        "pdf_x_pt": 2011.286,
        "pdf_y_von_oben_pt": 1949.097,
        "koordinatenquelle": "eingebettete GeoPDF-Georeferenzierung",
        "lagehinweis": "kartografische Symbolposition; nicht vermessungstechnisch oder vor Ort bestätigt",
        "marker-color": "#1565c0",
        "marker-symbol": "fire-station",
        "marker-size": "medium",
        "title": "326 - Hydrant"
      }
    },
    {
      "type": "Feature",
      "id": "327",
      "geometry": {
        "type": "Point",
        "coordinates": [
          8.547341,
          54.685716
        ]
      },
      "properties": {
        "id": "327",
        "typ": "Hydrant",
        "menge_l_min": 1600,
        "quellkarte": "04_Foehr_Sued_Ost.pdf",
        "ortsname": "Föhr (Südost)",
        "ortsquelle": "04_Foehr_Sued_Ost.pdf",
        "zuordnungsabstand_relativ": 0.827,
        "pdf_x_pt": 2217.457,
        "pdf_y_von_oben_pt": 1952.513,
        "koordinatenquelle": "eingebettete GeoPDF-Georeferenzierung",
        "lagehinweis": "kartografische Symbolposition; nicht vermessungstechnisch oder vor Ort bestätigt",
        "marker-color": "#1565c0",
        "marker-symbol": "fire-station",
        "marker-size": "medium",
        "title": "327 - Hydrant"
      }
    },
    {
      "type": "Feature",
      "id": "328",
      "geometry": {
        "type": "Point",
        "coordinates": [
          8.547995,
          54.686266
        ]
      },
      "properties": {
        "id": "328",
        "typ": "Hydrant",
        "menge_l_min": 1600,
        "quellkarte": "04_Foehr_Sued_Ost.pdf",
        "ortsname": "Föhr (Südost)",
        "ortsquelle": "04_Foehr_Sued_Ost.pdf",
        "zuordnungsabstand_relativ": 1.082,
        "pdf_x_pt": 2239.375,
        "pdf_y_von_oben_pt": 1921.132,
        "koordinatenquelle": "eingebettete GeoPDF-Georeferenzierung",
        "lagehinweis": "kartografische Symbolposition; nicht vermessungstechnisch oder vor Ort bestätigt",
        "marker-color": "#1565c0",
        "marker-symbol": "fire-station",
        "marker-size": "medium",
        "title": "328 - Hydrant"
      }
    },
    {
      "type": "Feature",
      "id": "329",
      "geometry": {
        "type": "Point",
        "coordinates": [
          8.54865,
          54.686644
        ]
      },
      "properties": {
        "id": "329",
        "typ": "Hydrant",
        "menge_l_min": 1600,
        "quellkarte": "04_Foehr_Sued_Ost.pdf",
        "ortsname": "Föhr (Südost)",
        "ortsquelle": "04_Foehr_Sued_Ost.pdf",
        "zuordnungsabstand_relativ": 0.917,
        "pdf_x_pt": 2261.274,
        "pdf_y_von_oben_pt": 1899.569,
        "koordinatenquelle": "eingebettete GeoPDF-Georeferenzierung",
        "lagehinweis": "kartografische Symbolposition; nicht vermessungstechnisch oder vor Ort bestätigt",
        "marker-color": "#1565c0",
        "marker-symbol": "fire-station",
        "marker-size": "medium",
        "title": "329 - Hydrant"
      }
    },
    {
      "type": "Feature",
      "id": "330",
      "geometry": {
        "type": "Point",
        "coordinates": [
          8.545592,
          54.685351
        ]
      },
      "properties": {
        "id": "330",
        "typ": "Hydrant",
        "menge_l_min": 1600,
        "quellkarte": "04_Foehr_Sued_Ost.pdf",
        "ortsname": "Föhr (Südost)",
        "ortsquelle": "04_Foehr_Sued_Ost.pdf",
        "zuordnungsabstand_relativ": 0.988,
        "pdf_x_pt": 2159.196,
        "pdf_y_von_oben_pt": 1973.069,
        "koordinatenquelle": "eingebettete GeoPDF-Georeferenzierung",
        "lagehinweis": "kartografische Symbolposition; nicht vermessungstechnisch oder vor Ort bestätigt",
        "marker-color": "#1565c0",
        "marker-symbol": "fire-station",
        "marker-size": "medium",
        "title": "330 - Hydrant"
      }
    },
    {
      "type": "Feature",
      "id": "331",
      "geometry": {
        "type": "Point",
        "coordinates": [
          8.543457,
          54.685951
        ]
      },
      "properties": {
        "id": "331",
        "typ": "Hydrant",
        "menge_l_min": 1600,
        "quellkarte": "04_Foehr_Sued_Ost.pdf",
        "ortsname": "Föhr (Südost)",
        "ortsquelle": "04_Foehr_Sued_Ost.pdf",
        "zuordnungsabstand_relativ": 0.904,
        "pdf_x_pt": 2088.498,
        "pdf_y_von_oben_pt": 1938.158,
        "koordinatenquelle": "eingebettete GeoPDF-Georeferenzierung",
        "lagehinweis": "kartografische Symbolposition; nicht vermessungstechnisch oder vor Ort bestätigt",
        "marker-color": "#1565c0",
        "marker-symbol": "fire-station",
        "marker-size": "medium",
        "title": "331 - Hydrant"
      }
    },
    {
      "type": "Feature",
      "id": "332",
      "geometry": {
        "type": "Point",
        "coordinates": [
          8.544801,
          54.686947
        ]
      },
      "properties": {
        "id": "332",
        "typ": "Hydrant",
        "menge_l_min": 1600,
        "quellkarte": "04_Foehr_Sued_Ost.pdf",
        "ortsname": "Föhr (Südost)",
        "ortsquelle": "04_Foehr_Sued_Ost.pdf",
        "zuordnungsabstand_relativ": 0.983,
        "pdf_x_pt": 2133.5,
        "pdf_y_von_oben_pt": 1881.343,
        "koordinatenquelle": "eingebettete GeoPDF-Georeferenzierung",
        "lagehinweis": "kartografische Symbolposition; nicht vermessungstechnisch oder vor Ort bestätigt",
        "marker-color": "#1565c0",
        "marker-symbol": "fire-station",
        "marker-size": "medium",
        "title": "332 - Hydrant"
      }
    },
    {
      "type": "Feature",
      "id": "333",
      "geometry": {
        "type": "Point",
        "coordinates": [
          8.542853,
          54.686808
        ]
      },
      "properties": {
        "id": "333",
        "typ": "Hydrant",
        "menge_l_min": 1600,
        "quellkarte": "04_Foehr_Sued_Ost.pdf",
        "ortsname": "Föhr (Südost)",
        "ortsquelle": "04_Foehr_Sued_Ost.pdf",
        "zuordnungsabstand_relativ": 1.134,
        "pdf_x_pt": 2068.733,
        "pdf_y_von_oben_pt": 1888.88,
        "koordinatenquelle": "eingebettete GeoPDF-Georeferenzierung",
        "lagehinweis": "kartografische Symbolposition; nicht vermessungstechnisch oder vor Ort bestätigt",
        "marker-color": "#1565c0",
        "marker-symbol": "fire-station",
        "marker-size": "medium",
        "title": "333 - Hydrant"
      }
    },
    {
      "type": "Feature",
      "id": "335",
      "geometry": {
        "type": "Point",
        "coordinates": [
          8.543606,
          54.68763
        ]
      },
      "properties": {
        "id": "335",
        "typ": "Hydrant",
        "menge_l_min": 1600,
        "quellkarte": "04_Foehr_Sued_Ost.pdf",
        "ortsname": "Föhr (Südost)",
        "ortsquelle": "04_Foehr_Sued_Ost.pdf",
        "zuordnungsabstand_relativ": 0.954,
        "pdf_x_pt": 2094.078,
        "pdf_y_von_oben_pt": 1841.922,
        "koordinatenquelle": "eingebettete GeoPDF-Georeferenzierung",
        "lagehinweis": "kartografische Symbolposition; nicht vermessungstechnisch oder vor Ort bestätigt",
        "marker-color": "#1565c0",
        "marker-symbol": "fire-station",
        "marker-size": "medium",
        "title": "335 - Hydrant"
      }
    },
    {
      "type": "Feature",
      "id": "336",
      "geometry": {
        "type": "Point",
        "coordinates": [
          8.541762,
          54.686418
        ]
      },
      "properties": {
        "id": "336",
        "typ": "Hydrant",
        "menge_l_min": 1600,
        "quellkarte": "04_Foehr_Sued_Ost.pdf",
        "ortsname": "Föhr (Südost)",
        "ortsquelle": "04_Foehr_Sued_Ost.pdf",
        "zuordnungsabstand_relativ": 0.971,
        "pdf_x_pt": 2032.35,
        "pdf_y_von_oben_pt": 1911.05,
        "koordinatenquelle": "eingebettete GeoPDF-Georeferenzierung",
        "lagehinweis": "kartografische Symbolposition; nicht vermessungstechnisch oder vor Ort bestätigt",
        "marker-color": "#1565c0",
        "marker-symbol": "fire-station",
        "marker-size": "medium",
        "title": "336 - Hydrant"
      }
    },
    {
      "type": "Feature",
      "id": "337",
      "geometry": {
        "type": "Point",
        "coordinates": [
          8.542378,
          54.68718
        ]
      },
      "properties": {
        "id": "337",
        "typ": "Hydrant",
        "menge_l_min": 1600,
        "quellkarte": "04_Foehr_Sued_Ost.pdf",
        "ortsname": "Föhr (Südost)",
        "ortsquelle": "04_Foehr_Sued_Ost.pdf",
        "zuordnungsabstand_relativ": 0.861,
        "pdf_x_pt": 2053.097,
        "pdf_y_von_oben_pt": 1867.497,
        "koordinatenquelle": "eingebettete GeoPDF-Georeferenzierung",
        "lagehinweis": "kartografische Symbolposition; nicht vermessungstechnisch oder vor Ort bestätigt",
        "marker-color": "#1565c0",
        "marker-symbol": "fire-station",
        "marker-size": "medium",
        "title": "337 - Hydrant"
      }
    },
    {
      "type": "Feature",
      "id": "338",
      "geometry": {
        "type": "Point",
        "coordinates": [
          8.542958,
          54.687849
        ]
      },
      "properties": {
        "id": "338",
        "typ": "Hydrant",
        "menge_l_min": 1600,
        "quellkarte": "04_Foehr_Sued_Ost.pdf",
        "ortsname": "Föhr (Südost)",
        "ortsquelle": "04_Foehr_Sued_Ost.pdf",
        "zuordnungsabstand_relativ": 1.124,
        "pdf_x_pt": 2072.605,
        "pdf_y_von_oben_pt": 1829.233,
        "koordinatenquelle": "eingebettete GeoPDF-Georeferenzierung",
        "lagehinweis": "kartografische Symbolposition; nicht vermessungstechnisch oder vor Ort bestätigt",
        "marker-color": "#1565c0",
        "marker-symbol": "fire-station",
        "marker-size": "medium",
        "title": "338 - Hydrant"
      }
    },
    {
      "type": "Feature",
      "id": "339",
      "geometry": {
        "type": "Point",
        "coordinates": [
          8.541603,
          54.687395
        ]
      },
      "properties": {
        "id": "339",
        "typ": "Hydrant",
        "menge_l_min": 1600,
        "quellkarte": "04_Foehr_Sued_Ost.pdf",
        "ortsname": "Föhr (Südost)",
        "ortsquelle": "04_Foehr_Sued_Ost.pdf",
        "zuordnungsabstand_relativ": 0.877,
        "pdf_x_pt": 2027.428,
        "pdf_y_von_oben_pt": 1854.981,
        "koordinatenquelle": "eingebettete GeoPDF-Georeferenzierung",
        "lagehinweis": "kartografische Symbolposition; nicht vermessungstechnisch oder vor Ort bestätigt",
        "marker-color": "#1565c0",
        "marker-symbol": "fire-station",
        "marker-size": "medium",
        "title": "339 - Hydrant"
      }
    },
    {
      "type": "Feature",
      "id": "340",
      "geometry": {
        "type": "Point",
        "coordinates": [
          8.541739,
          54.688155
        ]
      },
      "properties": {
        "id": "340",
        "typ": "Hydrant",
        "menge_l_min": 1600,
        "quellkarte": "04_Foehr_Sued_Ost.pdf",
        "ortsname": "Föhr (Südost)",
        "ortsquelle": "04_Foehr_Sued_Ost.pdf",
        "zuordnungsabstand_relativ": 0.894,
        "pdf_x_pt": 2032.232,
        "pdf_y_von_oben_pt": 1811.422,
        "koordinatenquelle": "eingebettete GeoPDF-Georeferenzierung",
        "lagehinweis": "kartografische Symbolposition; nicht vermessungstechnisch oder vor Ort bestätigt",
        "marker-color": "#1565c0",
        "marker-symbol": "fire-station",
        "marker-size": "medium",
        "title": "340 - Hydrant"
      }
    },
    {
      "type": "Feature",
      "id": "341",
      "geometry": {
        "type": "Point",
        "coordinates": [
          8.542359,
          54.688768
        ]
      },
      "properties": {
        "id": "341",
        "typ": "Hydrant",
        "menge_l_min": 1600,
        "quellkarte": "04_Foehr_Sued_Ost.pdf",
        "ortsname": "Föhr (Südost)",
        "ortsquelle": "04_Foehr_Sued_Ost.pdf",
        "zuordnungsabstand_relativ": 0.644,
        "pdf_x_pt": 2053.065,
        "pdf_y_von_oben_pt": 1776.439,
        "koordinatenquelle": "eingebettete GeoPDF-Georeferenzierung",
        "lagehinweis": "kartografische Symbolposition; nicht vermessungstechnisch oder vor Ort bestätigt",
        "marker-color": "#1565c0",
        "marker-symbol": "fire-station",
        "marker-size": "medium",
        "title": "341 - Hydrant"
      }
    },
    {
      "type": "Feature",
      "id": "342",
      "geometry": {
        "type": "Point",
        "coordinates": [
          8.548393,
          54.687325
        ]
      },
      "properties": {
        "id": "342",
        "typ": "Hydrant",
        "menge_l_min": 1600,
        "quellkarte": "04_Foehr_Sued_Ost.pdf",
        "ortsname": "Föhr (Südost)",
        "ortsquelle": "04_Foehr_Sued_Ost.pdf",
        "zuordnungsabstand_relativ": 0.804,
        "pdf_x_pt": 2252.995,
        "pdf_y_von_oben_pt": 1860.5,
        "koordinatenquelle": "eingebettete GeoPDF-Georeferenzierung",
        "lagehinweis": "kartografische Symbolposition; nicht vermessungstechnisch oder vor Ort bestätigt",
        "marker-color": "#1565c0",
        "marker-symbol": "fire-station",
        "marker-size": "medium",
        "title": "342 - Hydrant"
      }
    },
    {
      "type": "Feature",
      "id": "343",
      "geometry": {
        "type": "Point",
        "coordinates": [
          8.54804,
          54.687932
        ]
      },
      "properties": {
        "id": "343",
        "typ": "Hydrant",
        "menge_l_min": 1600,
        "quellkarte": "04_Foehr_Sued_Ost.pdf",
        "ortsname": "Föhr (Südost)",
        "ortsquelle": "04_Foehr_Sued_Ost.pdf",
        "zuordnungsabstand_relativ": 1.119,
        "pdf_x_pt": 2241.472,
        "pdf_y_von_oben_pt": 1825.62,
        "koordinatenquelle": "eingebettete GeoPDF-Georeferenzierung",
        "lagehinweis": "kartografische Symbolposition; nicht vermessungstechnisch oder vor Ort bestätigt",
        "marker-color": "#1565c0",
        "marker-symbol": "fire-station",
        "marker-size": "medium",
        "title": "343 - Hydrant"
      }
    },
    {
      "type": "Feature",
      "id": "345",
      "geometry": {
        "type": "Point",
        "coordinates": [
          8.54842,
          54.688681
        ]
      },
      "properties": {
        "id": "345",
        "typ": "Hydrant",
        "menge_l_min": 1600,
        "quellkarte": "04_Foehr_Sued_Ost.pdf",
        "ortsname": "Föhr (Südost)",
        "ortsquelle": "04_Foehr_Sued_Ost.pdf",
        "zuordnungsabstand_relativ": 0.863,
        "pdf_x_pt": 2254.374,
        "pdf_y_von_oben_pt": 1782.744,
        "koordinatenquelle": "eingebettete GeoPDF-Georeferenzierung",
        "lagehinweis": "kartografische Symbolposition; nicht vermessungstechnisch oder vor Ort bestätigt",
        "marker-color": "#1565c0",
        "marker-symbol": "fire-station",
        "marker-size": "medium",
        "title": "345 - Hydrant"
      }
    },
    {
      "type": "Feature",
      "id": "346",
      "geometry": {
        "type": "Point",
        "coordinates": [
          8.549205,
          54.688604
        ]
      },
      "properties": {
        "id": "346",
        "typ": "Hydrant",
        "menge_l_min": 1600,
        "quellkarte": "04_Foehr_Sued_Ost.pdf",
        "ortsname": "Föhr (Südost)",
        "ortsquelle": "04_Foehr_Sued_Ost.pdf",
        "zuordnungsabstand_relativ": 0.947,
        "pdf_x_pt": 2280.433,
        "pdf_y_von_oben_pt": 1787.353,
        "koordinatenquelle": "eingebettete GeoPDF-Georeferenzierung",
        "lagehinweis": "kartografische Symbolposition; nicht vermessungstechnisch oder vor Ort bestätigt",
        "marker-color": "#1565c0",
        "marker-symbol": "fire-station",
        "marker-size": "medium",
        "title": "346 - Hydrant"
      }
    },
    {
      "type": "Feature",
      "id": "347",
      "geometry": {
        "type": "Point",
        "coordinates": [
          8.549755,
          54.689053
        ]
      },
      "properties": {
        "id": "347",
        "typ": "Hydrant",
        "menge_l_min": 1600,
        "quellkarte": "04_Foehr_Sued_Ost.pdf",
        "ortsname": "Föhr (Südost)",
        "ortsquelle": "04_Foehr_Sued_Ost.pdf",
        "zuordnungsabstand_relativ": 0.951,
        "pdf_x_pt": 2298.874,
        "pdf_y_von_oben_pt": 1761.692,
        "koordinatenquelle": "eingebettete GeoPDF-Georeferenzierung",
        "lagehinweis": "kartografische Symbolposition; nicht vermessungstechnisch oder vor Ort bestätigt",
        "marker-color": "#1565c0",
        "marker-symbol": "fire-station",
        "marker-size": "medium",
        "title": "347 - Hydrant"
      }
    },
    {
      "type": "Feature",
      "id": "348",
      "geometry": {
        "type": "Point",
        "coordinates": [
          8.549301,
          54.689451
        ]
      },
      "properties": {
        "id": "348",
        "typ": "Hydrant",
        "menge_l_min": 1600,
        "quellkarte": "04_Foehr_Sued_Ost.pdf",
        "ortsname": "Föhr (Südost)",
        "ortsquelle": "04_Foehr_Sued_Ost.pdf",
        "zuordnungsabstand_relativ": 0.809,
        "pdf_x_pt": 2283.934,
        "pdf_y_von_oben_pt": 1738.809,
        "koordinatenquelle": "eingebettete GeoPDF-Georeferenzierung",
        "lagehinweis": "kartografische Symbolposition; nicht vermessungstechnisch oder vor Ort bestätigt",
        "marker-color": "#1565c0",
        "marker-symbol": "fire-station",
        "marker-size": "medium",
        "title": "348 - Hydrant"
      }
    },
    {
      "type": "Feature",
      "id": "349",
      "geometry": {
        "type": "Point",
        "coordinates": [
          8.547962,
          54.688939
        ]
      },
      "properties": {
        "id": "349",
        "typ": "E-Bohrbrunnen",
        "menge_l_min": null,
        "quellkarte": "04_Foehr_Sued_Ost.pdf",
        "ortsname": "Föhr (Südost)",
        "ortsquelle": "04_Foehr_Sued_Ost.pdf",
        "zuordnungsabstand_relativ": 1.131,
        "pdf_x_pt": 2239.27,
        "pdf_y_von_oben_pt": 1767.865,
        "koordinatenquelle": "eingebettete GeoPDF-Georeferenzierung",
        "lagehinweis": "kartografische Symbolposition; nicht vermessungstechnisch oder vor Ort bestätigt",
        "marker-color": "#8e24aa",
        "marker-symbol": "industrial",
        "marker-size": "medium",
        "title": "349 - E-Bohrbrunnen"
      }
    },
    {
      "type": "Feature",
      "id": "350",
      "geometry": {
        "type": "Point",
        "coordinates": [
          8.545838,
          54.688012
        ]
      },
      "properties": {
        "id": "350",
        "typ": "Hydrant",
        "menge_l_min": 1600,
        "quellkarte": "04_Foehr_Sued_Ost.pdf",
        "ortsname": "Föhr (Südost)",
        "ortsquelle": "04_Foehr_Sued_Ost.pdf",
        "zuordnungsabstand_relativ": 0.848,
        "pdf_x_pt": 2168.349,
        "pdf_y_von_oben_pt": 1820.55,
        "koordinatenquelle": "eingebettete GeoPDF-Georeferenzierung",
        "lagehinweis": "kartografische Symbolposition; nicht vermessungstechnisch oder vor Ort bestätigt",
        "marker-color": "#1565c0",
        "marker-symbol": "fire-station",
        "marker-size": "medium",
        "title": "350 - Hydrant"
      }
    },
    {
      "type": "Feature",
      "id": "351",
      "geometry": {
        "type": "Point",
        "coordinates": [
          8.546717,
          54.689217
        ]
      },
      "properties": {
        "id": "351",
        "typ": "Hydrant",
        "menge_l_min": 1600,
        "quellkarte": "04_Foehr_Sued_Ost.pdf",
        "ortsname": "Föhr (Südost)",
        "ortsquelle": "04_Foehr_Sued_Ost.pdf",
        "zuordnungsabstand_relativ": 1.22,
        "pdf_x_pt": 2198.001,
        "pdf_y_von_oben_pt": 1751.646,
        "koordinatenquelle": "eingebettete GeoPDF-Georeferenzierung",
        "lagehinweis": "kartografische Symbolposition; nicht vermessungstechnisch oder vor Ort bestätigt",
        "marker-color": "#1565c0",
        "marker-symbol": "fire-station",
        "marker-size": "medium",
        "title": "351 - Hydrant"
      }
    },
    {
      "type": "Feature",
      "id": "352",
      "geometry": {
        "type": "Point",
        "coordinates": [
          8.547275,
          54.689796
        ]
      },
      "properties": {
        "id": "352",
        "typ": "Hydrant",
        "menge_l_min": 1600,
        "quellkarte": "04_Foehr_Sued_Ost.pdf",
        "ortsname": "Föhr (Südost)",
        "ortsquelle": "04_Foehr_Sued_Ost.pdf",
        "zuordnungsabstand_relativ": 1.008,
        "pdf_x_pt": 2216.766,
        "pdf_y_von_oben_pt": 1718.578,
        "koordinatenquelle": "eingebettete GeoPDF-Georeferenzierung",
        "lagehinweis": "kartografische Symbolposition; nicht vermessungstechnisch oder vor Ort bestätigt",
        "marker-color": "#1565c0",
        "marker-symbol": "fire-station",
        "marker-size": "medium",
        "title": "352 - Hydrant"
      }
    },
    {
      "type": "Feature",
      "id": "353",
      "geometry": {
        "type": "Point",
        "coordinates": [
          8.543683,
          54.688675
        ]
      },
      "properties": {
        "id": "353",
        "typ": "Hydrant",
        "menge_l_min": 1600,
        "quellkarte": "04_Foehr_Sued_Ost.pdf",
        "ortsname": "Föhr (Südost)",
        "ortsquelle": "04_Foehr_Sued_Ost.pdf",
        "zuordnungsabstand_relativ": 0.823,
        "pdf_x_pt": 2097.015,
        "pdf_y_von_oben_pt": 1782.047,
        "koordinatenquelle": "eingebettete GeoPDF-Georeferenzierung",
        "lagehinweis": "kartografische Symbolposition; nicht vermessungstechnisch oder vor Ort bestätigt",
        "marker-color": "#1565c0",
        "marker-symbol": "fire-station",
        "marker-size": "medium",
        "title": "353 - Hydrant"
      }
    },
    {
      "type": "Feature",
      "id": "355",
      "geometry": {
        "type": "Point",
        "coordinates": [
          8.544199,
          54.689279
        ]
      },
      "properties": {
        "id": "355",
        "typ": "Hydrant",
        "menge_l_min": 1600,
        "quellkarte": "04_Foehr_Sued_Ost.pdf",
        "ortsname": "Föhr (Südost)",
        "ortsquelle": "04_Foehr_Sued_Ost.pdf",
        "zuordnungsabstand_relativ": 0.913,
        "pdf_x_pt": 2114.38,
        "pdf_y_von_oben_pt": 1747.54,
        "koordinatenquelle": "eingebettete GeoPDF-Georeferenzierung",
        "lagehinweis": "kartografische Symbolposition; nicht vermessungstechnisch oder vor Ort bestätigt",
        "marker-color": "#1565c0",
        "marker-symbol": "fire-station",
        "marker-size": "medium",
        "title": "355 - Hydrant"
      }
    },
    {
      "type": "Feature",
      "id": "357",
      "geometry": {
        "type": "Point",
        "coordinates": [
          8.542187,
          54.689669
        ]
      },
      "properties": {
        "id": "357",
        "typ": "Hydrant",
        "menge_l_min": 1600,
        "quellkarte": "04_Foehr_Sued_Ost.pdf",
        "ortsname": "Föhr (Südost)",
        "ortsquelle": "04_Foehr_Sued_Ost.pdf",
        "zuordnungsabstand_relativ": 0.858,
        "pdf_x_pt": 2047.666,
        "pdf_y_von_oben_pt": 1724.705,
        "koordinatenquelle": "eingebettete GeoPDF-Georeferenzierung",
        "lagehinweis": "kartografische Symbolposition; nicht vermessungstechnisch oder vor Ort bestätigt",
        "marker-color": "#1565c0",
        "marker-symbol": "fire-station",
        "marker-size": "medium",
        "title": "357 - Hydrant"
      }
    },
    {
      "type": "Feature",
      "id": "358",
      "geometry": {
        "type": "Point",
        "coordinates": [
          8.54479,
          54.689989
        ]
      },
      "properties": {
        "id": "358",
        "typ": "Hydrant",
        "menge_l_min": 1600,
        "quellkarte": "04_Foehr_Sued_Ost.pdf",
        "ortsname": "Föhr (Südost)",
        "ortsquelle": "04_Foehr_Sued_Ost.pdf",
        "zuordnungsabstand_relativ": 0.959,
        "pdf_x_pt": 2134.282,
        "pdf_y_von_oben_pt": 1706.932,
        "koordinatenquelle": "eingebettete GeoPDF-Georeferenzierung",
        "lagehinweis": "kartografische Symbolposition; nicht vermessungstechnisch oder vor Ort bestätigt",
        "marker-color": "#1565c0",
        "marker-symbol": "fire-station",
        "marker-size": "medium",
        "title": "358 - Hydrant"
      }
    },
    {
      "type": "Feature",
      "id": "359",
      "geometry": {
        "type": "Point",
        "coordinates": [
          8.551535,
          54.689289
        ]
      },
      "properties": {
        "id": "359",
        "typ": "Hydrant",
        "menge_l_min": 1600,
        "quellkarte": "04_Foehr_Sued_Ost.pdf",
        "ortsname": "Föhr (Südost)",
        "ortsquelle": "04_Foehr_Sued_Ost.pdf",
        "zuordnungsabstand_relativ": 0.893,
        "pdf_x_pt": 2358.095,
        "pdf_y_von_oben_pt": 1748.591,
        "koordinatenquelle": "eingebettete GeoPDF-Georeferenzierung",
        "lagehinweis": "kartografische Symbolposition; nicht vermessungstechnisch oder vor Ort bestätigt",
        "marker-color": "#1565c0",
        "marker-symbol": "fire-station",
        "marker-size": "medium",
        "title": "359 - Hydrant"
      }
    },
    {
      "type": "Feature",
      "id": "360",
      "geometry": {
        "type": "Point",
        "coordinates": [
          8.549954,
          54.689743
        ]
      },
      "properties": {
        "id": "360",
        "typ": "Hydrant",
        "menge_l_min": 1600,
        "quellkarte": "04_Foehr_Sued_Ost.pdf",
        "ortsname": "Föhr (Südost)",
        "ortsquelle": "04_Foehr_Sued_Ost.pdf",
        "zuordnungsabstand_relativ": 0.992,
        "pdf_x_pt": 2305.734,
        "pdf_y_von_oben_pt": 1722.201,
        "koordinatenquelle": "eingebettete GeoPDF-Georeferenzierung",
        "lagehinweis": "kartografische Symbolposition; nicht vermessungstechnisch oder vor Ort bestätigt",
        "marker-color": "#1565c0",
        "marker-symbol": "fire-station",
        "marker-size": "medium",
        "title": "360 - Hydrant"
      }
    },
    {
      "type": "Feature",
      "id": "361",
      "geometry": {
        "type": "Point",
        "coordinates": [
          8.548659,
          54.690167
        ]
      },
      "properties": {
        "id": "361",
        "typ": "Hydrant",
        "menge_l_min": 1600,
        "quellkarte": "04_Foehr_Sued_Ost.pdf",
        "ortsname": "Föhr (Südost)",
        "ortsquelle": "04_Foehr_Sued_Ost.pdf",
        "zuordnungsabstand_relativ": 0.804,
        "pdf_x_pt": 2262.867,
        "pdf_y_von_oben_pt": 1697.604,
        "koordinatenquelle": "eingebettete GeoPDF-Georeferenzierung",
        "lagehinweis": "kartografische Symbolposition; nicht vermessungstechnisch oder vor Ort bestätigt",
        "marker-color": "#1565c0",
        "marker-symbol": "fire-station",
        "marker-size": "medium",
        "title": "361 - Hydrant"
      }
    },
    {
      "type": "Feature",
      "id": "362",
      "geometry": {
        "type": "Point",
        "coordinates": [
          8.548099,
          54.690346
        ]
      },
      "properties": {
        "id": "362",
        "typ": "Hydrant",
        "menge_l_min": 1600,
        "quellkarte": "04_Foehr_Sued_Ost.pdf",
        "ortsname": "Föhr (Südost)",
        "ortsquelle": "04_Foehr_Sued_Ost.pdf",
        "zuordnungsabstand_relativ": 0.795,
        "pdf_x_pt": 2244.326,
        "pdf_y_von_oben_pt": 1687.205,
        "koordinatenquelle": "eingebettete GeoPDF-Georeferenzierung",
        "lagehinweis": "kartografische Symbolposition; nicht vermessungstechnisch oder vor Ort bestätigt",
        "marker-color": "#1565c0",
        "marker-symbol": "fire-station",
        "marker-size": "medium",
        "title": "362 - Hydrant"
      }
    },
    {
      "type": "Feature",
      "id": "363",
      "geometry": {
        "type": "Point",
        "coordinates": [
          8.549382,
          54.691276
        ]
      },
      "properties": {
        "id": "363",
        "typ": "Hydrant",
        "menge_l_min": 1600,
        "quellkarte": "04_Foehr_Sued_Ost.pdf",
        "ortsname": "Föhr (Südost)",
        "ortsquelle": "04_Foehr_Sued_Ost.pdf",
        "zuordnungsabstand_relativ": 0.974,
        "pdf_x_pt": 2287.294,
        "pdf_y_von_oben_pt": 1634.184,
        "koordinatenquelle": "eingebettete GeoPDF-Georeferenzierung",
        "lagehinweis": "kartografische Symbolposition; nicht vermessungstechnisch oder vor Ort bestätigt",
        "marker-color": "#1565c0",
        "marker-symbol": "fire-station",
        "marker-size": "medium",
        "title": "363 - Hydrant"
      }
    },
    {
      "type": "Feature",
      "id": "366",
      "geometry": {
        "type": "Point",
        "coordinates": [
          8.546602,
          54.690742
        ]
      },
      "properties": {
        "id": "366",
        "typ": "E-Bohrbrunnen",
        "menge_l_min": null,
        "quellkarte": "04_Foehr_Sued_Ost.pdf",
        "ortsname": "Föhr (Südost)",
        "ortsquelle": "04_Foehr_Sued_Ost.pdf",
        "zuordnungsabstand_relativ": 1.055,
        "pdf_x_pt": 2194.732,
        "pdf_y_von_oben_pt": 1664.186,
        "koordinatenquelle": "eingebettete GeoPDF-Georeferenzierung",
        "lagehinweis": "kartografische Symbolposition; nicht vermessungstechnisch oder vor Ort bestätigt",
        "marker-color": "#8e24aa",
        "marker-symbol": "industrial",
        "marker-size": "medium",
        "title": "366 - E-Bohrbrunnen"
      }
    },
    {
      "type": "Feature",
      "id": "367",
      "geometry": {
        "type": "Point",
        "coordinates": [
          8.548073,
          54.691755
        ]
      },
      "properties": {
        "id": "367",
        "typ": "Hydrant",
        "menge_l_min": 1600,
        "quellkarte": "04_Foehr_Sued_Ost.pdf",
        "ortsname": "Föhr (Südost)",
        "ortsquelle": "04_Foehr_Sued_Ost.pdf",
        "zuordnungsabstand_relativ": 1.013,
        "pdf_x_pt": 2243.969,
        "pdf_y_von_oben_pt": 1606.4,
        "koordinatenquelle": "eingebettete GeoPDF-Georeferenzierung",
        "lagehinweis": "kartografische Symbolposition; nicht vermessungstechnisch oder vor Ort bestätigt",
        "marker-color": "#1565c0",
        "marker-symbol": "fire-station",
        "marker-size": "medium",
        "title": "367 - Hydrant"
      }
    },
    {
      "type": "Feature",
      "id": "368",
      "geometry": {
        "type": "Point",
        "coordinates": [
          8.545702,
          54.691064
        ]
      },
      "properties": {
        "id": "368",
        "typ": "Hydrant",
        "menge_l_min": 1600,
        "quellkarte": "04_Foehr_Sued_Ost.pdf",
        "ortsname": "Föhr (Südost)",
        "ortsquelle": "04_Foehr_Sued_Ost.pdf",
        "zuordnungsabstand_relativ": 1.016,
        "pdf_x_pt": 2164.957,
        "pdf_y_von_oben_pt": 1645.518,
        "koordinatenquelle": "eingebettete GeoPDF-Georeferenzierung",
        "lagehinweis": "kartografische Symbolposition; nicht vermessungstechnisch oder vor Ort bestätigt",
        "marker-color": "#1565c0",
        "marker-symbol": "fire-station",
        "marker-size": "medium",
        "title": "368 - Hydrant"
      }
    },
    {
      "type": "Feature",
      "id": "369",
      "geometry": {
        "type": "Point",
        "coordinates": [
          8.545921,
          54.691501
        ]
      },
      "properties": {
        "id": "369",
        "typ": "Hydrant",
        "menge_l_min": 1600,
        "quellkarte": "04_Foehr_Sued_Ost.pdf",
        "ortsname": "Föhr (Südost)",
        "ortsquelle": "04_Foehr_Sued_Ost.pdf",
        "zuordnungsabstand_relativ": 0.847,
        "pdf_x_pt": 2172.393,
        "pdf_y_von_oben_pt": 1620.505,
        "koordinatenquelle": "eingebettete GeoPDF-Georeferenzierung",
        "lagehinweis": "kartografische Symbolposition; nicht vermessungstechnisch oder vor Ort bestätigt",
        "marker-color": "#1565c0",
        "marker-symbol": "fire-station",
        "marker-size": "medium",
        "title": "369 - Hydrant"
      }
    },
    {
      "type": "Feature",
      "id": "370",
      "geometry": {
        "type": "Point",
        "coordinates": [
          8.546564,
          54.692225
        ]
      },
      "properties": {
        "id": "370",
        "typ": "Hydrant",
        "menge_l_min": 1600,
        "quellkarte": "04_Foehr_Sued_Ost.pdf",
        "ortsname": "Föhr (Südost)",
        "ortsquelle": "04_Foehr_Sued_Ost.pdf",
        "zuordnungsabstand_relativ": 1.058,
        "pdf_x_pt": 2194.008,
        "pdf_y_von_oben_pt": 1579.122,
        "koordinatenquelle": "eingebettete GeoPDF-Georeferenzierung",
        "lagehinweis": "kartografische Symbolposition; nicht vermessungstechnisch oder vor Ort bestätigt",
        "marker-color": "#1565c0",
        "marker-symbol": "fire-station",
        "marker-size": "medium",
        "title": "370 - Hydrant"
      }
    },
    {
      "type": "Feature",
      "id": "371",
      "geometry": {
        "type": "Point",
        "coordinates": [
          8.547315,
          54.693059
        ]
      },
      "properties": {
        "id": "371",
        "typ": "Hydrant",
        "menge_l_min": 1600,
        "quellkarte": "04_Foehr_Sued_Ost.pdf",
        "ortsname": "Föhr (Südost)",
        "ortsquelle": "04_Foehr_Sued_Ost.pdf",
        "zuordnungsabstand_relativ": 0.987,
        "pdf_x_pt": 2219.293,
        "pdf_y_von_oben_pt": 1531.487,
        "koordinatenquelle": "eingebettete GeoPDF-Georeferenzierung",
        "lagehinweis": "kartografische Symbolposition; nicht vermessungstechnisch oder vor Ort bestätigt",
        "marker-color": "#1565c0",
        "marker-symbol": "fire-station",
        "marker-size": "medium",
        "title": "371 - Hydrant"
      }
    },
    {
      "type": "Feature",
      "id": "372",
      "geometry": {
        "type": "Point",
        "coordinates": [
          8.547949,
          54.69384
        ]
      },
      "properties": {
        "id": "372",
        "typ": "Hydrant",
        "menge_l_min": 1600,
        "quellkarte": "04_Foehr_Sued_Ost.pdf",
        "ortsname": "Föhr (Südost)",
        "ortsquelle": "04_Foehr_Sued_Ost.pdf",
        "zuordnungsabstand_relativ": 0.945,
        "pdf_x_pt": 2240.633,
        "pdf_y_von_oben_pt": 1486.817,
        "koordinatenquelle": "eingebettete GeoPDF-Georeferenzierung",
        "lagehinweis": "kartografische Symbolposition; nicht vermessungstechnisch oder vor Ort bestätigt",
        "marker-color": "#1565c0",
        "marker-symbol": "fire-station",
        "marker-size": "medium",
        "title": "372 - Hydrant"
      }
    },
    {
      "type": "Feature",
      "id": "373",
      "geometry": {
        "type": "Point",
        "coordinates": [
          8.550361,
          54.694629
        ]
      },
      "properties": {
        "id": "373",
        "typ": "Hydrant",
        "menge_l_min": 3200,
        "quellkarte": "04_Foehr_Sued_Ost.pdf",
        "ortsname": "Föhr (Südost)",
        "ortsquelle": "04_Foehr_Sued_Ost.pdf",
        "zuordnungsabstand_relativ": 0.874,
        "pdf_x_pt": 2321.036,
        "pdf_y_von_oben_pt": 1442.141,
        "koordinatenquelle": "eingebettete GeoPDF-Georeferenzierung",
        "lagehinweis": "kartografische Symbolposition; nicht vermessungstechnisch oder vor Ort bestätigt",
        "marker-color": "#1565c0",
        "marker-symbol": "fire-station",
        "marker-size": "medium",
        "title": "373 - Hydrant"
      }
    },
    {
      "type": "Feature",
      "id": "374",
      "geometry": {
        "type": "Point",
        "coordinates": [
          8.552442,
          54.694663
        ]
      },
      "properties": {
        "id": "374",
        "typ": "Hydrant",
        "menge_l_min": 3200,
        "quellkarte": "04_Foehr_Sued_Ost.pdf",
        "ortsname": "Föhr (Südost)",
        "ortsquelle": "04_Foehr_Sued_Ost.pdf",
        "zuordnungsabstand_relativ": 0.797,
        "pdf_x_pt": 2390.169,
        "pdf_y_von_oben_pt": 1440.608,
        "koordinatenquelle": "eingebettete GeoPDF-Georeferenzierung",
        "lagehinweis": "kartografische Symbolposition; nicht vermessungstechnisch oder vor Ort bestätigt",
        "marker-color": "#1565c0",
        "marker-symbol": "fire-station",
        "marker-size": "medium",
        "title": "374 - Hydrant"
      }
    },
    {
      "type": "Feature",
      "id": "375",
      "geometry": {
        "type": "Point",
        "coordinates": [
          8.554496,
          54.694521
        ]
      },
      "properties": {
        "id": "375",
        "typ": "Hydrant",
        "menge_l_min": 3200,
        "quellkarte": "04_Foehr_Sued_Ost.pdf",
        "ortsname": "Föhr (Südost)",
        "ortsquelle": "04_Foehr_Sued_Ost.pdf",
        "zuordnungsabstand_relativ": 1.016,
        "pdf_x_pt": 2458.358,
        "pdf_y_von_oben_pt": 1449.214,
        "koordinatenquelle": "eingebettete GeoPDF-Georeferenzierung",
        "lagehinweis": "kartografische Symbolposition; nicht vermessungstechnisch oder vor Ort bestätigt",
        "marker-color": "#1565c0",
        "marker-symbol": "fire-station",
        "marker-size": "medium",
        "title": "375 - Hydrant"
      }
    },
    {
      "type": "Feature",
      "id": "381",
      "geometry": {
        "type": "Point",
        "coordinates": [
          8.556859,
          54.695318
        ]
      },
      "properties": {
        "id": "381",
        "typ": "Hydrant",
        "menge_l_min": 3200,
        "quellkarte": "04_Foehr_Sued_Ost.pdf",
        "ortsname": "Föhr (Südost)",
        "ortsquelle": "04_Foehr_Sued_Ost.pdf",
        "zuordnungsabstand_relativ": 0.892,
        "pdf_x_pt": 2537.129,
        "pdf_y_von_oben_pt": 1404.041,
        "koordinatenquelle": "eingebettete GeoPDF-Georeferenzierung",
        "lagehinweis": "kartografische Symbolposition; nicht vermessungstechnisch oder vor Ort bestätigt",
        "marker-color": "#1565c0",
        "marker-symbol": "fire-station",
        "marker-size": "medium",
        "title": "381 - Hydrant"
      }
    },
    {
      "type": "Feature",
      "id": "382",
      "geometry": {
        "type": "Point",
        "coordinates": [
          8.553721,
          54.695297
        ]
      },
      "properties": {
        "id": "382",
        "typ": "Hydrant",
        "menge_l_min": 1600,
        "quellkarte": "04_Foehr_Sued_Ost.pdf",
        "ortsname": "Föhr (Südost)",
        "ortsquelle": "04_Foehr_Sued_Ost.pdf",
        "zuordnungsabstand_relativ": 0.948,
        "pdf_x_pt": 2432.892,
        "pdf_y_von_oben_pt": 1404.54,
        "koordinatenquelle": "eingebettete GeoPDF-Georeferenzierung",
        "lagehinweis": "kartografische Symbolposition; nicht vermessungstechnisch oder vor Ort bestätigt",
        "marker-color": "#1565c0",
        "marker-symbol": "fire-station",
        "marker-size": "medium",
        "title": "382 - Hydrant"
      }
    },
    {
      "type": "Feature",
      "id": "383",
      "geometry": {
        "type": "Point",
        "coordinates": [
          8.554564,
          54.695094
        ]
      },
      "properties": {
        "id": "383",
        "typ": "Hydrant",
        "menge_l_min": 1600,
        "quellkarte": "04_Foehr_Sued_Ost.pdf",
        "ortsname": "Föhr (Südost)",
        "ortsquelle": "04_Foehr_Sued_Ost.pdf",
        "zuordnungsabstand_relativ": 0.924,
        "pdf_x_pt": 2460.814,
        "pdf_y_von_oben_pt": 1416.361,
        "koordinatenquelle": "eingebettete GeoPDF-Georeferenzierung",
        "lagehinweis": "kartografische Symbolposition; nicht vermessungstechnisch oder vor Ort bestätigt",
        "marker-color": "#1565c0",
        "marker-symbol": "fire-station",
        "marker-size": "medium",
        "title": "383 - Hydrant"
      }
    },
    {
      "type": "Feature",
      "id": "384",
      "geometry": {
        "type": "Point",
        "coordinates": [
          8.555251,
          54.69525
        ]
      },
      "properties": {
        "id": "384",
        "typ": "Hydrant",
        "menge_l_min": 1600,
        "quellkarte": "04_Foehr_Sued_Ost.pdf",
        "ortsname": "Föhr (Südost)",
        "ortsquelle": "04_Foehr_Sued_Ost.pdf",
        "zuordnungsabstand_relativ": 0.944,
        "pdf_x_pt": 2483.703,
        "pdf_y_von_oben_pt": 1407.583,
        "koordinatenquelle": "eingebettete GeoPDF-Georeferenzierung",
        "lagehinweis": "kartografische Symbolposition; nicht vermessungstechnisch oder vor Ort bestätigt",
        "marker-color": "#1565c0",
        "marker-symbol": "fire-station",
        "marker-size": "medium",
        "title": "384 - Hydrant"
      }
    },
    {
      "type": "Feature",
      "id": "385",
      "geometry": {
        "type": "Point",
        "coordinates": [
          8.555763,
          54.695778
        ]
      },
      "properties": {
        "id": "385",
        "typ": "Hydrant",
        "menge_l_min": 3200,
        "quellkarte": "04_Foehr_Sued_Ost.pdf",
        "ortsname": "Föhr (Südost)",
        "ortsquelle": "04_Foehr_Sued_Ost.pdf",
        "zuordnungsabstand_relativ": 0.671,
        "pdf_x_pt": 2500.881,
        "pdf_y_von_oben_pt": 1377.408,
        "koordinatenquelle": "eingebettete GeoPDF-Georeferenzierung",
        "lagehinweis": "kartografische Symbolposition; nicht vermessungstechnisch oder vor Ort bestätigt",
        "marker-color": "#1565c0",
        "marker-symbol": "fire-station",
        "marker-size": "medium",
        "title": "385 - Hydrant"
      }
    },
    {
      "type": "Feature",
      "id": "386",
      "geometry": {
        "type": "Point",
        "coordinates": [
          8.556541,
          54.695855
        ]
      },
      "properties": {
        "id": "386",
        "typ": "Hydrant",
        "menge_l_min": 1600,
        "quellkarte": "04_Foehr_Sued_Ost.pdf",
        "ortsname": "Föhr (Südost)",
        "ortsquelle": "04_Foehr_Sued_Ost.pdf",
        "zuordnungsabstand_relativ": 0.808,
        "pdf_x_pt": 2526.764,
        "pdf_y_von_oben_pt": 1373.197,
        "koordinatenquelle": "eingebettete GeoPDF-Georeferenzierung",
        "lagehinweis": "kartografische Symbolposition; nicht vermessungstechnisch oder vor Ort bestätigt",
        "marker-color": "#1565c0",
        "marker-symbol": "fire-station",
        "marker-size": "medium",
        "title": "386 - Hydrant"
      }
    },
    {
      "type": "Feature",
      "id": "387",
      "geometry": {
        "type": "Point",
        "coordinates": [
          8.54322,
          54.68948
        ]
      },
      "properties": {
        "id": "387",
        "typ": "Hydrant",
        "menge_l_min": 1600,
        "quellkarte": "04_Foehr_Sued_Ost.pdf",
        "ortsname": "Föhr (Südost)",
        "ortsquelle": "04_Foehr_Sued_Ost.pdf",
        "zuordnungsabstand_relativ": 0.967,
        "pdf_x_pt": 2081.916,
        "pdf_y_von_oben_pt": 1735.775,
        "koordinatenquelle": "eingebettete GeoPDF-Georeferenzierung",
        "lagehinweis": "kartografische Symbolposition; nicht vermessungstechnisch oder vor Ort bestätigt",
        "marker-color": "#1565c0",
        "marker-symbol": "fire-station",
        "marker-size": "medium",
        "title": "387 - Hydrant"
      }
    },
    {
      "type": "Feature",
      "id": "388",
      "geometry": {
        "type": "Point",
        "coordinates": [
          8.554973,
          54.696005
        ]
      },
      "properties": {
        "id": "388",
        "typ": "Hydrant",
        "menge_l_min": 3200,
        "quellkarte": "04_Foehr_Sued_Ost.pdf",
        "ortsname": "Föhr (Südost)",
        "ortsquelle": "04_Foehr_Sued_Ost.pdf",
        "zuordnungsabstand_relativ": 0.832,
        "pdf_x_pt": 2474.711,
        "pdf_y_von_oben_pt": 1364.23,
        "koordinatenquelle": "eingebettete GeoPDF-Georeferenzierung",
        "lagehinweis": "kartografische Symbolposition; nicht vermessungstechnisch oder vor Ort bestätigt",
        "marker-color": "#1565c0",
        "marker-symbol": "fire-station",
        "marker-size": "medium",
        "title": "388 - Hydrant"
      }
    },
    {
      "type": "Feature",
      "id": "389",
      "geometry": {
        "type": "Point",
        "coordinates": [
          8.554042,
          54.696347
        ]
      },
      "properties": {
        "id": "389",
        "typ": "Hydrant",
        "menge_l_min": 3200,
        "quellkarte": "04_Foehr_Sued_Ost.pdf",
        "ortsname": "Föhr (Südost)",
        "ortsquelle": "04_Foehr_Sued_Ost.pdf",
        "zuordnungsabstand_relativ": 0.875,
        "pdf_x_pt": 2443.93,
        "pdf_y_von_oben_pt": 1344.442,
        "koordinatenquelle": "eingebettete GeoPDF-Georeferenzierung",
        "lagehinweis": "kartografische Symbolposition; nicht vermessungstechnisch oder vor Ort bestätigt",
        "marker-color": "#1565c0",
        "marker-symbol": "fire-station",
        "marker-size": "medium",
        "title": "389 - Hydrant"
      }
    },
    {
      "type": "Feature",
      "id": "390",
      "geometry": {
        "type": "Point",
        "coordinates": [
          8.553624,
          54.696114
        ]
      },
      "properties": {
        "id": "390",
        "typ": "E-Bohrbrunnen",
        "menge_l_min": null,
        "quellkarte": "04_Foehr_Sued_Ost.pdf",
        "ortsname": "Föhr (Südost)",
        "ortsquelle": "04_Foehr_Sued_Ost.pdf",
        "zuordnungsabstand_relativ": 0.974,
        "pdf_x_pt": 2429.969,
        "pdf_y_von_oben_pt": 1357.676,
        "koordinatenquelle": "eingebettete GeoPDF-Georeferenzierung",
        "lagehinweis": "kartografische Symbolposition; nicht vermessungstechnisch oder vor Ort bestätigt",
        "marker-color": "#8e24aa",
        "marker-symbol": "industrial",
        "marker-size": "medium",
        "title": "390 - E-Bohrbrunnen"
      }
    },
    {
      "type": "Feature",
      "id": "391",
      "geometry": {
        "type": "Point",
        "coordinates": [
          8.552948,
          54.696775
        ]
      },
      "properties": {
        "id": "391",
        "typ": "Hydrant",
        "menge_l_min": 3200,
        "quellkarte": "04_Foehr_Sued_Ost.pdf",
        "ortsname": "Föhr (Südost)",
        "ortsquelle": "04_Foehr_Sued_Ost.pdf",
        "zuordnungsabstand_relativ": 1.059,
        "pdf_x_pt": 2407.748,
        "pdf_y_von_oben_pt": 1319.639,
        "koordinatenquelle": "eingebettete GeoPDF-Georeferenzierung",
        "lagehinweis": "kartografische Symbolposition; nicht vermessungstechnisch oder vor Ort bestätigt",
        "marker-color": "#1565c0",
        "marker-symbol": "fire-station",
        "marker-size": "medium",
        "title": "391 - Hydrant"
      }
    },
    {
      "type": "Feature",
      "id": "392",
      "geometry": {
        "type": "Point",
        "coordinates": [
          8.552408,
          54.697361
        ]
      },
      "properties": {
        "id": "392",
        "typ": "Hydrant",
        "menge_l_min": 3200,
        "quellkarte": "04_Foehr_Sued_Ost.pdf",
        "ortsname": "Föhr (Südost)",
        "ortsquelle": "04_Foehr_Sued_Ost.pdf",
        "zuordnungsabstand_relativ": 1.376,
        "pdf_x_pt": 2390.005,
        "pdf_y_von_oben_pt": 1285.935,
        "koordinatenquelle": "eingebettete GeoPDF-Georeferenzierung",
        "lagehinweis": "kartografische Symbolposition; nicht vermessungstechnisch oder vor Ort bestätigt",
        "marker-color": "#1565c0",
        "marker-symbol": "fire-station",
        "marker-size": "medium",
        "title": "392 - Hydrant"
      }
    },
    {
      "type": "Feature",
      "id": "393",
      "geometry": {
        "type": "Point",
        "coordinates": [
          8.557541,
          54.696572
        ]
      },
      "properties": {
        "id": "393",
        "typ": "Hydrant",
        "menge_l_min": 1600,
        "quellkarte": "04_Foehr_Sued_Ost.pdf",
        "ortsname": "Föhr (Südost)",
        "ortsquelle": "04_Foehr_Sued_Ost.pdf",
        "zuordnungsabstand_relativ": 1.24,
        "pdf_x_pt": 2560.222,
        "pdf_y_von_oben_pt": 1332.316,
        "koordinatenquelle": "eingebettete GeoPDF-Georeferenzierung",
        "lagehinweis": "kartografische Symbolposition; nicht vermessungstechnisch oder vor Ort bestätigt",
        "marker-color": "#1565c0",
        "marker-symbol": "fire-station",
        "marker-size": "medium",
        "title": "393 - Hydrant"
      }
    },
    {
      "type": "Feature",
      "id": "394",
      "geometry": {
        "type": "Point",
        "coordinates": [
          8.558217,
          54.697203
        ]
      },
      "properties": {
        "id": "394",
        "typ": "Hydrant",
        "menge_l_min": 1600,
        "quellkarte": "04_Foehr_Sued_Ost.pdf",
        "ortsname": "Föhr (Südost)",
        "ortsquelle": "04_Foehr_Sued_Ost.pdf",
        "zuordnungsabstand_relativ": 0.345,
        "pdf_x_pt": 2582.902,
        "pdf_y_von_oben_pt": 1296.253,
        "koordinatenquelle": "eingebettete GeoPDF-Georeferenzierung",
        "lagehinweis": "kartografische Symbolposition; nicht vermessungstechnisch oder vor Ort bestätigt",
        "marker-color": "#1565c0",
        "marker-symbol": "fire-station",
        "marker-size": "medium",
        "title": "394 - Hydrant"
      }
    },
    {
      "type": "Feature",
      "id": "395",
      "geometry": {
        "type": "Point",
        "coordinates": [
          8.558364,
          54.697127
        ]
      },
      "properties": {
        "id": "395",
        "typ": "Hydrant",
        "menge_l_min": 1600,
        "quellkarte": "04_Foehr_Sued_Ost.pdf",
        "ortsname": "Föhr (Südost)",
        "ortsquelle": "04_Foehr_Sued_Ost.pdf",
        "zuordnungsabstand_relativ": 0.428,
        "pdf_x_pt": 2587.774,
        "pdf_y_von_oben_pt": 1300.632,
        "koordinatenquelle": "eingebettete GeoPDF-Georeferenzierung",
        "lagehinweis": "kartografische Symbolposition; nicht vermessungstechnisch oder vor Ort bestätigt",
        "marker-color": "#1565c0",
        "marker-symbol": "fire-station",
        "marker-size": "medium",
        "title": "395 - Hydrant"
      }
    },
    {
      "type": "Feature",
      "id": "396",
      "geometry": {
        "type": "Point",
        "coordinates": [
          8.557437,
          54.697632
        ]
      },
      "properties": {
        "id": "396",
        "typ": "Bohrbrunnen",
        "menge_l_min": null,
        "quellkarte": "04_Foehr_Sued_Ost.pdf",
        "ortsname": "Föhr (Südost)",
        "ortsquelle": "04_Foehr_Sued_Ost.pdf",
        "zuordnungsabstand_relativ": 0.219,
        "pdf_x_pt": 2557.165,
        "pdf_y_von_oben_pt": 1271.475,
        "koordinatenquelle": "eingebettete GeoPDF-Georeferenzierung",
        "lagehinweis": "kartografische Symbolposition; nicht vermessungstechnisch oder vor Ort bestätigt",
        "marker-color": "#f9a825",
        "marker-symbol": "water",
        "marker-size": "medium",
        "title": "396 - Bohrbrunnen"
      }
    },
    {
      "type": "Feature",
      "id": "397",
      "geometry": {
        "type": "Point",
        "coordinates": [
          8.556774,
          54.697898
        ]
      },
      "properties": {
        "id": "397",
        "typ": "Hydrant",
        "menge_l_min": 1600,
        "quellkarte": "04_Foehr_Sued_Ost.pdf",
        "ortsname": "Föhr (Südost)",
        "ortsquelle": "04_Foehr_Sued_Ost.pdf",
        "zuordnungsabstand_relativ": 0.818,
        "pdf_x_pt": 2535.213,
        "pdf_y_von_oben_pt": 1256.071,
        "koordinatenquelle": "eingebettete GeoPDF-Georeferenzierung",
        "lagehinweis": "kartografische Symbolposition; nicht vermessungstechnisch oder vor Ort bestätigt",
        "marker-color": "#1565c0",
        "marker-symbol": "fire-station",
        "marker-size": "medium",
        "title": "397 - Hydrant"
      }
    },
    {
      "type": "Feature",
      "id": "398",
      "geometry": {
        "type": "Point",
        "coordinates": [
          8.555901,
          54.698185
        ]
      },
      "properties": {
        "id": "398",
        "typ": "Hydrant",
        "menge_l_min": 1600,
        "quellkarte": "04_Foehr_Sued_Ost.pdf",
        "ortsname": "Föhr (Südost)",
        "ortsquelle": "04_Foehr_Sued_Ost.pdf",
        "zuordnungsabstand_relativ": 0.852,
        "pdf_x_pt": 2506.344,
        "pdf_y_von_oben_pt": 1239.426,
        "koordinatenquelle": "eingebettete GeoPDF-Georeferenzierung",
        "lagehinweis": "kartografische Symbolposition; nicht vermessungstechnisch oder vor Ort bestätigt",
        "marker-color": "#1565c0",
        "marker-symbol": "fire-station",
        "marker-size": "medium",
        "title": "398 - Hydrant"
      }
    },
    {
      "type": "Feature",
      "id": "399",
      "geometry": {
        "type": "Point",
        "coordinates": [
          8.554923,
          54.698392
        ]
      },
      "properties": {
        "id": "399",
        "typ": "Hydrant",
        "menge_l_min": 1600,
        "quellkarte": "04_Foehr_Sued_Ost.pdf",
        "ortsname": "Föhr (Südost)",
        "ortsquelle": "04_Foehr_Sued_Ost.pdf",
        "zuordnungsabstand_relativ": 0.79,
        "pdf_x_pt": 2473.908,
        "pdf_y_von_oben_pt": 1227.332,
        "koordinatenquelle": "eingebettete GeoPDF-Georeferenzierung",
        "lagehinweis": "kartografische Symbolposition; nicht vermessungstechnisch oder vor Ort bestätigt",
        "marker-color": "#1565c0",
        "marker-symbol": "fire-station",
        "marker-size": "medium",
        "title": "399 - Hydrant"
      }
    },
    {
      "type": "Feature",
      "id": "400",
      "geometry": {
        "type": "Point",
        "coordinates": [
          8.569019,
          54.708304
        ]
      },
      "properties": {
        "id": "400",
        "typ": "Hydrant",
        "menge_l_min": 400,
        "quellkarte": "04_Foehr_Sued_Ost.pdf",
        "ortsname": "Föhr (Südost)",
        "ortsquelle": "04_Foehr_Sued_Ost.pdf",
        "zuordnungsabstand_relativ": 1.082,
        "pdf_x_pt": 2945.543,
        "pdf_y_von_oben_pt": 662.096,
        "koordinatenquelle": "eingebettete GeoPDF-Georeferenzierung",
        "lagehinweis": "kartografische Symbolposition; nicht vermessungstechnisch oder vor Ort bestätigt",
        "marker-color": "#1565c0",
        "marker-symbol": "fire-station",
        "marker-size": "medium",
        "title": "400 - Hydrant"
      }
    },
    {
      "type": "Feature",
      "id": "402",
      "geometry": {
        "type": "Point",
        "coordinates": [
          8.552337,
          54.696292
        ]
      },
      "properties": {
        "id": "402",
        "typ": "Hydrant",
        "menge_l_min": 1600,
        "quellkarte": "04_Foehr_Sued_Ost.pdf",
        "ortsname": "Föhr (Südost)",
        "ortsquelle": "04_Foehr_Sued_Ost.pdf",
        "zuordnungsabstand_relativ": 0.791,
        "pdf_x_pt": 2387.277,
        "pdf_y_von_oben_pt": 1347.18,
        "koordinatenquelle": "eingebettete GeoPDF-Georeferenzierung",
        "lagehinweis": "kartografische Symbolposition; nicht vermessungstechnisch oder vor Ort bestätigt",
        "marker-color": "#1565c0",
        "marker-symbol": "fire-station",
        "marker-size": "medium",
        "title": "402 - Hydrant"
      }
    },
    {
      "type": "Feature",
      "id": "421",
      "geometry": {
        "type": "Point",
        "coordinates": [
          8.526964,
          54.693069
        ]
      },
      "properties": {
        "id": "421",
        "typ": "Hydrant",
        "menge_l_min": 3200,
        "quellkarte": "04_Foehr_Sued_Ost.pdf",
        "ortsname": "Föhr (Südost)",
        "ortsquelle": "04_Foehr_Sued_Ost.pdf",
        "zuordnungsabstand_relativ": 0.828,
        "pdf_x_pt": 1543.244,
        "pdf_y_von_oben_pt": 1526.416,
        "koordinatenquelle": "eingebettete GeoPDF-Georeferenzierung",
        "lagehinweis": "kartografische Symbolposition; nicht vermessungstechnisch oder vor Ort bestätigt",
        "marker-color": "#1565c0",
        "marker-symbol": "fire-station",
        "marker-size": "medium",
        "title": "421 - Hydrant"
      }
    },
    {
      "type": "Feature",
      "id": "422",
      "geometry": {
        "type": "Point",
        "coordinates": [
          8.527373,
          54.692574
        ]
      },
      "properties": {
        "id": "422",
        "typ": "Hydrant",
        "menge_l_min": 3200,
        "quellkarte": "04_Foehr_Sued_Ost.pdf",
        "ortsname": "Föhr (Südost)",
        "ortsquelle": "04_Foehr_Sued_Ost.pdf",
        "zuordnungsabstand_relativ": 0.961,
        "pdf_x_pt": 1556.659,
        "pdf_y_von_oben_pt": 1554.882,
        "koordinatenquelle": "eingebettete GeoPDF-Georeferenzierung",
        "lagehinweis": "kartografische Symbolposition; nicht vermessungstechnisch oder vor Ort bestätigt",
        "marker-color": "#1565c0",
        "marker-symbol": "fire-station",
        "marker-size": "medium",
        "title": "422 - Hydrant"
      }
    },
    {
      "type": "Feature",
      "id": "423",
      "geometry": {
        "type": "Point",
        "coordinates": [
          8.530951,
          54.690613
        ]
      },
      "properties": {
        "id": "423",
        "typ": "Hydrant",
        "menge_l_min": 3200,
        "quellkarte": "04_Foehr_Sued_Ost.pdf",
        "ortsname": "Föhr (Südost)",
        "ortsquelle": "04_Foehr_Sued_Ost.pdf",
        "zuordnungsabstand_relativ": 0.874,
        "pdf_x_pt": 1674.769,
        "pdf_y_von_oben_pt": 1668.122,
        "koordinatenquelle": "eingebettete GeoPDF-Georeferenzierung",
        "lagehinweis": "kartografische Symbolposition; nicht vermessungstechnisch oder vor Ort bestätigt",
        "marker-color": "#1565c0",
        "marker-symbol": "fire-station",
        "marker-size": "medium",
        "title": "423 - Hydrant"
      }
    },
    {
      "type": "Feature",
      "id": "424",
      "geometry": {
        "type": "Point",
        "coordinates": [
          8.536654,
          54.69283
        ]
      },
      "properties": {
        "id": "424",
        "typ": "Hydrant",
        "menge_l_min": 3200,
        "quellkarte": "04_Foehr_Sued_Ost.pdf",
        "ortsname": "Föhr (Südost)",
        "ortsquelle": "04_Foehr_Sued_Ost.pdf",
        "zuordnungsabstand_relativ": 1.04,
        "pdf_x_pt": 1865.062,
        "pdf_y_von_oben_pt": 1542.218,
        "koordinatenquelle": "eingebettete GeoPDF-Georeferenzierung",
        "lagehinweis": "kartografische Symbolposition; nicht vermessungstechnisch oder vor Ort bestätigt",
        "marker-color": "#1565c0",
        "marker-symbol": "fire-station",
        "marker-size": "medium",
        "title": "424 - Hydrant"
      }
    },
    {
      "type": "Feature",
      "id": "425",
      "geometry": {
        "type": "Point",
        "coordinates": [
          8.541443,
          54.693217
        ]
      },
      "properties": {
        "id": "425",
        "typ": "Hydrant",
        "menge_l_min": 3200,
        "quellkarte": "04_Foehr_Sued_Ost.pdf",
        "ortsname": "Föhr (Südost)",
        "ortsquelle": "04_Foehr_Sued_Ost.pdf",
        "zuordnungsabstand_relativ": 0.854,
        "pdf_x_pt": 2024.267,
        "pdf_y_von_oben_pt": 1521.105,
        "koordinatenquelle": "eingebettete GeoPDF-Georeferenzierung",
        "lagehinweis": "kartografische Symbolposition; nicht vermessungstechnisch oder vor Ort bestätigt",
        "marker-color": "#1565c0",
        "marker-symbol": "fire-station",
        "marker-size": "medium",
        "title": "425 - Hydrant"
      }
    },
    {
      "type": "Feature",
      "id": "426",
      "geometry": {
        "type": "Point",
        "coordinates": [
          8.546856,
          54.693991
        ]
      },
      "properties": {
        "id": "426",
        "typ": "Hydrant",
        "menge_l_min": 3200,
        "quellkarte": "04_Foehr_Sued_Ost.pdf",
        "ortsname": "Föhr (Südost)",
        "ortsquelle": "04_Foehr_Sued_Ost.pdf",
        "zuordnungsabstand_relativ": 0.784,
        "pdf_x_pt": 2204.366,
        "pdf_y_von_oben_pt": 1477.941,
        "koordinatenquelle": "eingebettete GeoPDF-Georeferenzierung",
        "lagehinweis": "kartografische Symbolposition; nicht vermessungstechnisch oder vor Ort bestätigt",
        "marker-color": "#1565c0",
        "marker-symbol": "fire-station",
        "marker-size": "medium",
        "title": "426 - Hydrant"
      }
    },
    {
      "type": "Feature",
      "id": "427",
      "geometry": {
        "type": "Point",
        "coordinates": [
          8.546132,
          54.694458
        ]
      },
      "properties": {
        "id": "427",
        "typ": "Hydrant",
        "menge_l_min": 800,
        "quellkarte": "04_Foehr_Sued_Ost.pdf",
        "ortsname": "Föhr (Südost)",
        "ortsquelle": "04_Foehr_Sued_Ost.pdf",
        "zuordnungsabstand_relativ": 0.792,
        "pdf_x_pt": 2180.503,
        "pdf_y_von_oben_pt": 1450.98,
        "koordinatenquelle": "eingebettete GeoPDF-Georeferenzierung",
        "lagehinweis": "kartografische Symbolposition; nicht vermessungstechnisch oder vor Ort bestätigt",
        "marker-color": "#1565c0",
        "marker-symbol": "fire-station",
        "marker-size": "medium",
        "title": "427 - Hydrant"
      }
    },
    {
      "type": "Feature",
      "id": "428",
      "geometry": {
        "type": "Point",
        "coordinates": [
          8.546724,
          54.69505
        ]
      },
      "properties": {
        "id": "428",
        "typ": "Hydrant",
        "menge_l_min": 1600,
        "quellkarte": "04_Foehr_Sued_Ost.pdf",
        "ortsname": "Föhr (Südost)",
        "ortsquelle": "04_Foehr_Sued_Ost.pdf",
        "zuordnungsabstand_relativ": 0.814,
        "pdf_x_pt": 2200.386,
        "pdf_y_von_oben_pt": 1417.188,
        "koordinatenquelle": "eingebettete GeoPDF-Georeferenzierung",
        "lagehinweis": "kartografische Symbolposition; nicht vermessungstechnisch oder vor Ort bestätigt",
        "marker-color": "#1565c0",
        "marker-symbol": "fire-station",
        "marker-size": "medium",
        "title": "428 - Hydrant"
      }
    },
    {
      "type": "Feature",
      "id": "429",
      "geometry": {
        "type": "Point",
        "coordinates": [
          8.547908,
          54.694961
        ]
      },
      "properties": {
        "id": "429",
        "typ": "Hydrant",
        "menge_l_min": 1600,
        "quellkarte": "04_Foehr_Sued_Ost.pdf",
        "ortsname": "Föhr (Südost)",
        "ortsquelle": "04_Foehr_Sued_Ost.pdf",
        "zuordnungsabstand_relativ": 1.069,
        "pdf_x_pt": 2239.655,
        "pdf_y_von_oben_pt": 1422.529,
        "koordinatenquelle": "eingebettete GeoPDF-Georeferenzierung",
        "lagehinweis": "kartografische Symbolposition; nicht vermessungstechnisch oder vor Ort bestätigt",
        "marker-color": "#1565c0",
        "marker-symbol": "fire-station",
        "marker-size": "medium",
        "title": "429 - Hydrant"
      }
    },
    {
      "type": "Feature",
      "id": "431",
      "geometry": {
        "type": "Point",
        "coordinates": [
          8.54769,
          54.695094
        ]
      },
      "properties": {
        "id": "431",
        "typ": "E-Bohrbrunnen",
        "menge_l_min": null,
        "quellkarte": "04_Foehr_Sued_Ost.pdf",
        "ortsname": "Föhr (Südost)",
        "ortsquelle": "04_Foehr_Sued_Ost.pdf",
        "zuordnungsabstand_relativ": 1.322,
        "pdf_x_pt": 2232.481,
        "pdf_y_von_oben_pt": 1414.864,
        "koordinatenquelle": "eingebettete GeoPDF-Georeferenzierung",
        "lagehinweis": "kartografische Symbolposition; nicht vermessungstechnisch oder vor Ort bestätigt",
        "marker-color": "#8e24aa",
        "marker-symbol": "industrial",
        "marker-size": "medium",
        "title": "431 - E-Bohrbrunnen"
      }
    },
    {
      "type": "Feature",
      "id": "432",
      "geometry": {
        "type": "Point",
        "coordinates": [
          8.549358,
          54.695448
        ]
      },
      "properties": {
        "id": "432",
        "typ": "Hydrant",
        "menge_l_min": 1600,
        "quellkarte": "04_Foehr_Sued_Ost.pdf",
        "ortsname": "Föhr (Südost)",
        "ortsquelle": "04_Foehr_Sued_Ost.pdf",
        "zuordnungsabstand_relativ": 0.918,
        "pdf_x_pt": 2288.013,
        "pdf_y_von_oben_pt": 1394.935,
        "koordinatenquelle": "eingebettete GeoPDF-Georeferenzierung",
        "lagehinweis": "kartografische Symbolposition; nicht vermessungstechnisch oder vor Ort bestätigt",
        "marker-color": "#1565c0",
        "marker-symbol": "fire-station",
        "marker-size": "medium",
        "title": "432 - Hydrant"
      }
    },
    {
      "type": "Feature",
      "id": "433",
      "geometry": {
        "type": "Point",
        "coordinates": [
          8.548198,
          54.6959
        ]
      },
      "properties": {
        "id": "433",
        "typ": "Hydrant",
        "menge_l_min": 1600,
        "quellkarte": "04_Foehr_Sued_Ost.pdf",
        "ortsname": "Föhr (Südost)",
        "ortsquelle": "04_Foehr_Sued_Ost.pdf",
        "zuordnungsabstand_relativ": 1.043,
        "pdf_x_pt": 2249.634,
        "pdf_y_von_oben_pt": 1368.756,
        "koordinatenquelle": "eingebettete GeoPDF-Georeferenzierung",
        "lagehinweis": "kartografische Symbolposition; nicht vermessungstechnisch oder vor Ort bestätigt",
        "marker-color": "#1565c0",
        "marker-symbol": "fire-station",
        "marker-size": "medium",
        "title": "433 - Hydrant"
      }
    },
    {
      "type": "Feature",
      "id": "434",
      "geometry": {
        "type": "Point",
        "coordinates": [
          8.54676,
          54.695926
        ]
      },
      "properties": {
        "id": "434",
        "typ": "Hydrant",
        "menge_l_min": 1600,
        "quellkarte": "04_Foehr_Sued_Ost.pdf",
        "ortsname": "Föhr (Südost)",
        "ortsquelle": "04_Foehr_Sued_Ost.pdf",
        "zuordnungsabstand_relativ": 1.165,
        "pdf_x_pt": 2201.883,
        "pdf_y_von_oben_pt": 1366.974,
        "koordinatenquelle": "eingebettete GeoPDF-Georeferenzierung",
        "lagehinweis": "kartografische Symbolposition; nicht vermessungstechnisch oder vor Ort bestätigt",
        "marker-color": "#1565c0",
        "marker-symbol": "fire-station",
        "marker-size": "medium",
        "title": "434 - Hydrant"
      }
    },
    {
      "type": "Feature",
      "id": "435",
      "geometry": {
        "type": "Point",
        "coordinates": [
          8.549721,
          54.696314
        ]
      },
      "properties": {
        "id": "435",
        "typ": "Hydrant",
        "menge_l_min": 1600,
        "quellkarte": "04_Foehr_Sued_Ost.pdf",
        "ortsname": "Föhr (Südost)",
        "ortsquelle": "04_Foehr_Sued_Ost.pdf",
        "zuordnungsabstand_relativ": 0.878,
        "pdf_x_pt": 2300.392,
        "pdf_y_von_oben_pt": 1345.363,
        "koordinatenquelle": "eingebettete GeoPDF-Georeferenzierung",
        "lagehinweis": "kartografische Symbolposition; nicht vermessungstechnisch oder vor Ort bestätigt",
        "marker-color": "#1565c0",
        "marker-symbol": "fire-station",
        "marker-size": "medium",
        "title": "435 - Hydrant"
      }
    },
    {
      "type": "Feature",
      "id": "436",
      "geometry": {
        "type": "Point",
        "coordinates": [
          8.547445,
          54.696681
        ]
      },
      "properties": {
        "id": "436",
        "typ": "Hydrant",
        "menge_l_min": 1600,
        "quellkarte": "04_Foehr_Sued_Ost.pdf",
        "ortsname": "Föhr (Südost)",
        "ortsquelle": "04_Foehr_Sued_Ost.pdf",
        "zuordnungsabstand_relativ": 0.94,
        "pdf_x_pt": 2224.907,
        "pdf_y_von_oben_pt": 1323.839,
        "koordinatenquelle": "eingebettete GeoPDF-Georeferenzierung",
        "lagehinweis": "kartografische Symbolposition; nicht vermessungstechnisch oder vor Ort bestätigt",
        "marker-color": "#1565c0",
        "marker-symbol": "fire-station",
        "marker-size": "medium",
        "title": "436 - Hydrant"
      }
    },
    {
      "type": "Feature",
      "id": "437",
      "geometry": {
        "type": "Point",
        "coordinates": [
          8.546643,
          54.697033
        ]
      },
      "properties": {
        "id": "437",
        "typ": "Hydrant",
        "menge_l_min": 1600,
        "quellkarte": "04_Foehr_Sued_Ost.pdf",
        "ortsname": "Föhr (Südost)",
        "ortsquelle": "04_Foehr_Sued_Ost.pdf",
        "zuordnungsabstand_relativ": 1.655,
        "pdf_x_pt": 2198.404,
        "pdf_y_von_oben_pt": 1303.431,
        "koordinatenquelle": "eingebettete GeoPDF-Georeferenzierung",
        "lagehinweis": "kartografische Symbolposition; nicht vermessungstechnisch oder vor Ort bestätigt",
        "marker-color": "#1565c0",
        "marker-symbol": "fire-station",
        "marker-size": "medium",
        "title": "437 - Hydrant"
      }
    },
    {
      "type": "Feature",
      "id": "438",
      "geometry": {
        "type": "Point",
        "coordinates": [
          8.547936,
          54.697012
        ]
      },
      "properties": {
        "id": "438",
        "typ": "Hydrant",
        "menge_l_min": 1600,
        "quellkarte": "04_Foehr_Sued_Ost.pdf",
        "ortsname": "Föhr (Südost)",
        "ortsquelle": "04_Foehr_Sued_Ost.pdf",
        "zuordnungsabstand_relativ": 1.125,
        "pdf_x_pt": 2241.364,
        "pdf_y_von_oben_pt": 1304.926,
        "koordinatenquelle": "eingebettete GeoPDF-Georeferenzierung",
        "lagehinweis": "kartografische Symbolposition; nicht vermessungstechnisch oder vor Ort bestätigt",
        "marker-color": "#1565c0",
        "marker-symbol": "fire-station",
        "marker-size": "medium",
        "title": "438 - Hydrant"
      }
    },
    {
      "type": "Feature",
      "id": "439",
      "geometry": {
        "type": "Point",
        "coordinates": [
          8.549136,
          54.697075
        ]
      },
      "properties": {
        "id": "439",
        "typ": "Hydrant",
        "menge_l_min": 1600,
        "quellkarte": "04_Foehr_Sued_Ost.pdf",
        "ortsname": "Föhr (Südost)",
        "ortsquelle": "04_Foehr_Sued_Ost.pdf",
        "zuordnungsabstand_relativ": 0.952,
        "pdf_x_pt": 2281.231,
        "pdf_y_von_oben_pt": 1301.57,
        "koordinatenquelle": "eingebettete GeoPDF-Georeferenzierung",
        "lagehinweis": "kartografische Symbolposition; nicht vermessungstechnisch oder vor Ort bestätigt",
        "marker-color": "#1565c0",
        "marker-symbol": "fire-station",
        "marker-size": "medium",
        "title": "439 - Hydrant"
      }
    },
    {
      "type": "Feature",
      "id": "441",
      "geometry": {
        "type": "Point",
        "coordinates": [
          8.548904,
          54.69761
        ]
      },
      "properties": {
        "id": "441",
        "typ": "Hydrant",
        "menge_l_min": 1600,
        "quellkarte": "04_Foehr_Sued_Ost.pdf",
        "ortsname": "Föhr (Südost)",
        "ortsquelle": "04_Foehr_Sued_Ost.pdf",
        "zuordnungsabstand_relativ": 0.792,
        "pdf_x_pt": 2273.735,
        "pdf_y_von_oben_pt": 1270.851,
        "koordinatenquelle": "eingebettete GeoPDF-Georeferenzierung",
        "lagehinweis": "kartografische Symbolposition; nicht vermessungstechnisch oder vor Ort bestätigt",
        "marker-color": "#1565c0",
        "marker-symbol": "fire-station",
        "marker-size": "medium",
        "title": "441 - Hydrant"
      }
    },
    {
      "type": "Feature",
      "id": "442",
      "geometry": {
        "type": "Point",
        "coordinates": [
          8.548069,
          54.698241
        ]
      },
      "properties": {
        "id": "442",
        "typ": "Hydrant",
        "menge_l_min": 1600,
        "quellkarte": "04_Foehr_Sued_Ost.pdf",
        "ortsname": "Föhr (Südost)",
        "ortsquelle": "04_Foehr_Sued_Ost.pdf",
        "zuordnungsabstand_relativ": 0.851,
        "pdf_x_pt": 2246.23,
        "pdf_y_von_oben_pt": 1234.488,
        "koordinatenquelle": "eingebettete GeoPDF-Georeferenzierung",
        "lagehinweis": "kartografische Symbolposition; nicht vermessungstechnisch oder vor Ort bestätigt",
        "marker-color": "#1565c0",
        "marker-symbol": "fire-station",
        "marker-size": "medium",
        "title": "442 - Hydrant"
      }
    },
    {
      "type": "Feature",
      "id": "443",
      "geometry": {
        "type": "Point",
        "coordinates": [
          8.55364,
          54.699141
        ]
      },
      "properties": {
        "id": "443",
        "typ": "Hydrant",
        "menge_l_min": 1600,
        "quellkarte": "04_Foehr_Sued_Ost.pdf",
        "ortsname": "Föhr (Südost)",
        "ortsquelle": "04_Foehr_Sued_Ost.pdf",
        "zuordnungsabstand_relativ": 1.264,
        "pdf_x_pt": 2431.594,
        "pdf_y_von_oben_pt": 1184.131,
        "koordinatenquelle": "eingebettete GeoPDF-Georeferenzierung",
        "lagehinweis": "kartografische Symbolposition; nicht vermessungstechnisch oder vor Ort bestätigt",
        "marker-color": "#1565c0",
        "marker-symbol": "fire-station",
        "marker-size": "medium",
        "title": "443 - Hydrant"
      }
    },
    {
      "type": "Feature",
      "id": "444",
      "geometry": {
        "type": "Point",
        "coordinates": [
          8.552522,
          54.698349
        ]
      },
      "properties": {
        "id": "444",
        "typ": "Bohrbrunnen",
        "menge_l_min": null,
        "quellkarte": "04_Foehr_Sued_Ost.pdf",
        "ortsname": "Föhr (Südost)",
        "ortsquelle": "04_Foehr_Sued_Ost.pdf",
        "zuordnungsabstand_relativ": 1.542,
        "pdf_x_pt": 2394.175,
        "pdf_y_von_oben_pt": 1229.312,
        "koordinatenquelle": "eingebettete GeoPDF-Georeferenzierung",
        "lagehinweis": "kartografische Symbolposition; nicht vermessungstechnisch oder vor Ort bestätigt",
        "marker-color": "#f9a825",
        "marker-symbol": "water",
        "marker-size": "medium",
        "title": "444 - Bohrbrunnen"
      }
    },
    {
      "type": "Feature",
      "id": "445",
      "geometry": {
        "type": "Point",
        "coordinates": [
          8.551497,
          54.697932
        ]
      },
      "properties": {
        "id": "445",
        "typ": "Hydrant",
        "menge_l_min": 3200,
        "quellkarte": "04_Foehr_Sued_Ost.pdf",
        "ortsname": "Föhr (Südost)",
        "ortsquelle": "04_Foehr_Sued_Ost.pdf",
        "zuordnungsabstand_relativ": 1.074,
        "pdf_x_pt": 2359.958,
        "pdf_y_von_oben_pt": 1252.994,
        "koordinatenquelle": "eingebettete GeoPDF-Georeferenzierung",
        "lagehinweis": "kartografische Symbolposition; nicht vermessungstechnisch oder vor Ort bestätigt",
        "marker-color": "#1565c0",
        "marker-symbol": "fire-station",
        "marker-size": "medium",
        "title": "445 - Hydrant"
      }
    },
    {
      "type": "Feature",
      "id": "446",
      "geometry": {
        "type": "Point",
        "coordinates": [
          8.552479,
          54.699825
        ]
      },
      "properties": {
        "id": "446",
        "typ": "Hydrant",
        "menge_l_min": 1600,
        "quellkarte": "04_Foehr_Sued_Ost.pdf",
        "ortsname": "Föhr (Südost)",
        "ortsquelle": "04_Foehr_Sued_Ost.pdf",
        "zuordnungsabstand_relativ": 0.927,
        "pdf_x_pt": 2393.261,
        "pdf_y_von_oben_pt": 1144.665,
        "koordinatenquelle": "eingebettete GeoPDF-Georeferenzierung",
        "lagehinweis": "kartografische Symbolposition; nicht vermessungstechnisch oder vor Ort bestätigt",
        "marker-color": "#1565c0",
        "marker-symbol": "fire-station",
        "marker-size": "medium",
        "title": "446 - Hydrant"
      }
    },
    {
      "type": "Feature",
      "id": "447",
      "geometry": {
        "type": "Point",
        "coordinates": [
          8.550983,
          54.70056
        ]
      },
      "properties": {
        "id": "447",
        "typ": "Hydrant",
        "menge_l_min": 1600,
        "quellkarte": "04_Foehr_Sued_Ost.pdf",
        "ortsname": "Föhr (Südost)",
        "ortsquelle": "04_Foehr_Sued_Ost.pdf",
        "zuordnungsabstand_relativ": 1.03,
        "pdf_x_pt": 2343.846,
        "pdf_y_von_oben_pt": 1102.197,
        "koordinatenquelle": "eingebettete GeoPDF-Georeferenzierung",
        "lagehinweis": "kartografische Symbolposition; nicht vermessungstechnisch oder vor Ort bestätigt",
        "marker-color": "#1565c0",
        "marker-symbol": "fire-station",
        "marker-size": "medium",
        "title": "447 - Hydrant"
      }
    },
    {
      "type": "Feature",
      "id": "448",
      "geometry": {
        "type": "Point",
        "coordinates": [
          8.550621,
          54.699603
        ]
      },
      "properties": {
        "id": "448",
        "typ": "Hydrant",
        "menge_l_min": 1600,
        "quellkarte": "04_Foehr_Sued_Ost.pdf",
        "ortsname": "Föhr (Südost)",
        "ortsquelle": "04_Foehr_Sued_Ost.pdf",
        "zuordnungsabstand_relativ": 0.792,
        "pdf_x_pt": 2331.465,
        "pdf_y_von_oben_pt": 1156.964,
        "koordinatenquelle": "eingebettete GeoPDF-Georeferenzierung",
        "lagehinweis": "kartografische Symbolposition; nicht vermessungstechnisch oder vor Ort bestätigt",
        "marker-color": "#1565c0",
        "marker-symbol": "fire-station",
        "marker-size": "medium",
        "title": "448 - Hydrant"
      }
    },
    {
      "type": "Feature",
      "id": "449",
      "geometry": {
        "type": "Point",
        "coordinates": [
          8.549238,
          54.699025
        ]
      },
      "properties": {
        "id": "449",
        "typ": "Hydrant",
        "menge_l_min": 3200,
        "quellkarte": "04_Foehr_Sued_Ost.pdf",
        "ortsname": "Föhr (Südost)",
        "ortsquelle": "04_Foehr_Sued_Ost.pdf",
        "zuordnungsabstand_relativ": 1.195,
        "pdf_x_pt": 2285.319,
        "pdf_y_von_oben_pt": 1189.789,
        "koordinatenquelle": "eingebettete GeoPDF-Georeferenzierung",
        "lagehinweis": "kartografische Symbolposition; nicht vermessungstechnisch oder vor Ort bestätigt",
        "marker-color": "#1565c0",
        "marker-symbol": "fire-station",
        "marker-size": "medium",
        "title": "449 - Hydrant"
      }
    },
    {
      "type": "Feature",
      "id": "452",
      "geometry": {
        "type": "Point",
        "coordinates": [
          8.549726,
          54.699511
        ]
      },
      "properties": {
        "id": "452",
        "typ": "Bohrbrunnen",
        "menge_l_min": null,
        "quellkarte": "04_Foehr_Sued_Ost.pdf",
        "ortsname": "Föhr (Südost)",
        "ortsquelle": "04_Foehr_Sued_Ost.pdf",
        "zuordnungsabstand_relativ": 0.758,
        "pdf_x_pt": 2301.705,
        "pdf_y_von_oben_pt": 1162.044,
        "koordinatenquelle": "eingebettete GeoPDF-Georeferenzierung",
        "lagehinweis": "kartografische Symbolposition; nicht vermessungstechnisch oder vor Ort bestätigt",
        "marker-color": "#f9a825",
        "marker-symbol": "water",
        "marker-size": "medium",
        "title": "452 - Bohrbrunnen"
      }
    },
    {
      "type": "Feature",
      "id": "453",
      "geometry": {
        "type": "Point",
        "coordinates": [
          8.549018,
          54.698811
        ]
      },
      "properties": {
        "id": "453",
        "typ": "Bohrbrunnen",
        "menge_l_min": null,
        "quellkarte": "04_Foehr_Sued_Ost.pdf",
        "ortsname": "Föhr (Südost)",
        "ortsquelle": "04_Foehr_Sued_Ost.pdf",
        "zuordnungsabstand_relativ": 0.984,
        "pdf_x_pt": 2277.944,
        "pdf_y_von_oben_pt": 1202.055,
        "koordinatenquelle": "eingebettete GeoPDF-Georeferenzierung",
        "lagehinweis": "kartografische Symbolposition; nicht vermessungstechnisch oder vor Ort bestätigt",
        "marker-color": "#f9a825",
        "marker-symbol": "water",
        "marker-size": "medium",
        "title": "453 - Bohrbrunnen"
      }
    },
    {
      "type": "Feature",
      "id": "454",
      "geometry": {
        "type": "Point",
        "coordinates": [
          8.549385,
          54.700944
        ]
      },
      "properties": {
        "id": "454",
        "typ": "Hydrant",
        "menge_l_min": 1600,
        "quellkarte": "04_Foehr_Sued_Ost.pdf",
        "ortsname": "Föhr (Südost)",
        "ortsquelle": "04_Foehr_Sued_Ost.pdf",
        "zuordnungsabstand_relativ": 0.867,
        "pdf_x_pt": 2290.924,
        "pdf_y_von_oben_pt": 1079.804,
        "koordinatenquelle": "eingebettete GeoPDF-Georeferenzierung",
        "lagehinweis": "kartografische Symbolposition; nicht vermessungstechnisch oder vor Ort bestätigt",
        "marker-color": "#1565c0",
        "marker-symbol": "fire-station",
        "marker-size": "medium",
        "title": "454 - Hydrant"
      }
    },
    {
      "type": "Feature",
      "id": "455",
      "geometry": {
        "type": "Point",
        "coordinates": [
          8.547899,
          54.699545
        ]
      },
      "properties": {
        "id": "455",
        "typ": "Hydrant",
        "menge_l_min": 3200,
        "quellkarte": "04_Foehr_Sued_Ost.pdf",
        "ortsname": "Föhr (Südost)",
        "ortsquelle": "04_Foehr_Sued_Ost.pdf",
        "zuordnungsabstand_relativ": 1.026,
        "pdf_x_pt": 2241.042,
        "pdf_y_von_oben_pt": 1159.682,
        "koordinatenquelle": "eingebettete GeoPDF-Georeferenzierung",
        "lagehinweis": "kartografische Symbolposition; nicht vermessungstechnisch oder vor Ort bestätigt",
        "marker-color": "#1565c0",
        "marker-symbol": "fire-station",
        "marker-size": "medium",
        "title": "455 - Hydrant"
      }
    },
    {
      "type": "Feature",
      "id": "456",
      "geometry": {
        "type": "Point",
        "coordinates": [
          8.548172,
          54.699984
        ]
      },
      "properties": {
        "id": "456",
        "typ": "Bohrbrunnen",
        "menge_l_min": null,
        "quellkarte": "04_Foehr_Sued_Ost.pdf",
        "ortsname": "Föhr (Südost)",
        "ortsquelle": "04_Foehr_Sued_Ost.pdf",
        "zuordnungsabstand_relativ": 0.984,
        "pdf_x_pt": 2250.276,
        "pdf_y_von_oben_pt": 1134.582,
        "koordinatenquelle": "eingebettete GeoPDF-Georeferenzierung",
        "lagehinweis": "kartografische Symbolposition; nicht vermessungstechnisch oder vor Ort bestätigt",
        "marker-color": "#f9a825",
        "marker-symbol": "water",
        "marker-size": "medium",
        "title": "456 - Bohrbrunnen"
      }
    },
    {
      "type": "Feature",
      "id": "457",
      "geometry": {
        "type": "Point",
        "coordinates": [
          8.548226,
          54.701146
        ]
      },
      "properties": {
        "id": "457",
        "typ": "Hydrant",
        "menge_l_min": 1600,
        "quellkarte": "04_Foehr_Sued_Ost.pdf",
        "ortsname": "Föhr (Südost)",
        "ortsquelle": "04_Foehr_Sued_Ost.pdf",
        "zuordnungsabstand_relativ": 1.027,
        "pdf_x_pt": 2252.497,
        "pdf_y_von_oben_pt": 1067.967,
        "koordinatenquelle": "eingebettete GeoPDF-Georeferenzierung",
        "lagehinweis": "kartografische Symbolposition; nicht vermessungstechnisch oder vor Ort bestätigt",
        "marker-color": "#1565c0",
        "marker-symbol": "fire-station",
        "marker-size": "medium",
        "title": "457 - Hydrant"
      }
    },
    {
      "type": "Feature",
      "id": "458",
      "geometry": {
        "type": "Point",
        "coordinates": [
          8.547488,
          54.701312
        ]
      },
      "properties": {
        "id": "458",
        "typ": "Bohrbrunnen",
        "menge_l_min": null,
        "quellkarte": "04_Foehr_Sued_Ost.pdf",
        "ortsname": "Föhr (Südost)",
        "ortsquelle": "04_Foehr_Sued_Ost.pdf",
        "zuordnungsabstand_relativ": 0.987,
        "pdf_x_pt": 2228.058,
        "pdf_y_von_oben_pt": 1058.263,
        "koordinatenquelle": "eingebettete GeoPDF-Georeferenzierung",
        "lagehinweis": "kartografische Symbolposition; nicht vermessungstechnisch oder vor Ort bestätigt",
        "marker-color": "#f9a825",
        "marker-symbol": "water",
        "marker-size": "medium",
        "title": "458 - Bohrbrunnen"
      }
    },
    {
      "type": "Feature",
      "id": "459",
      "geometry": {
        "type": "Point",
        "coordinates": [
          8.547453,
          54.701528
        ]
      },
      "properties": {
        "id": "459",
        "typ": "Hydrant",
        "menge_l_min": 1600,
        "quellkarte": "04_Foehr_Sued_Ost.pdf",
        "ortsname": "Föhr (Südost)",
        "ortsquelle": "04_Foehr_Sued_Ost.pdf",
        "zuordnungsabstand_relativ": 0.768,
        "pdf_x_pt": 2226.947,
        "pdf_y_von_oben_pt": 1045.915,
        "koordinatenquelle": "eingebettete GeoPDF-Georeferenzierung",
        "lagehinweis": "kartografische Symbolposition; nicht vermessungstechnisch oder vor Ort bestätigt",
        "marker-color": "#1565c0",
        "marker-symbol": "fire-station",
        "marker-size": "medium",
        "title": "459 - Hydrant"
      }
    },
    {
      "type": "Feature",
      "id": "462",
      "geometry": {
        "type": "Point",
        "coordinates": [
          8.545156,
          54.700683
        ]
      },
      "properties": {
        "id": "462",
        "typ": "Hydrant",
        "menge_l_min": 3200,
        "quellkarte": "04_Foehr_Sued_Ost.pdf",
        "ortsname": "Föhr (Südost)",
        "ortsquelle": "04_Foehr_Sued_Ost.pdf",
        "zuordnungsabstand_relativ": 0.878,
        "pdf_x_pt": 2150.348,
        "pdf_y_von_oben_pt": 1093.848,
        "koordinatenquelle": "eingebettete GeoPDF-Georeferenzierung",
        "lagehinweis": "kartografische Symbolposition; nicht vermessungstechnisch oder vor Ort bestätigt",
        "marker-color": "#1565c0",
        "marker-symbol": "fire-station",
        "marker-size": "medium",
        "title": "462 - Hydrant"
      }
    },
    {
      "type": "Feature",
      "id": "463",
      "geometry": {
        "type": "Point",
        "coordinates": [
          8.546415,
          54.702259
        ]
      },
      "properties": {
        "id": "463",
        "typ": "Hydrant",
        "menge_l_min": 1600,
        "quellkarte": "04_Foehr_Sued_Ost.pdf",
        "ortsname": "Föhr (Südost)",
        "ortsquelle": "04_Foehr_Sued_Ost.pdf",
        "zuordnungsabstand_relativ": 0.816,
        "pdf_x_pt": 2192.761,
        "pdf_y_von_oben_pt": 1003.729,
        "koordinatenquelle": "eingebettete GeoPDF-Georeferenzierung",
        "lagehinweis": "kartografische Symbolposition; nicht vermessungstechnisch oder vor Ort bestätigt",
        "marker-color": "#1565c0",
        "marker-symbol": "fire-station",
        "marker-size": "medium",
        "title": "463 - Hydrant"
      }
    },
    {
      "type": "Feature",
      "id": "464",
      "geometry": {
        "type": "Point",
        "coordinates": [
          8.543265,
          54.701673
        ]
      },
      "properties": {
        "id": "464",
        "typ": "Hydrant",
        "menge_l_min": 3200,
        "quellkarte": "04_Foehr_Sued_Ost.pdf",
        "ortsname": "Föhr (Südost)",
        "ortsquelle": "04_Foehr_Sued_Ost.pdf",
        "zuordnungsabstand_relativ": 0.829,
        "pdf_x_pt": 2087.919,
        "pdf_y_von_oben_pt": 1036.662,
        "koordinatenquelle": "eingebettete GeoPDF-Georeferenzierung",
        "lagehinweis": "kartografische Symbolposition; nicht vermessungstechnisch oder vor Ort bestätigt",
        "marker-color": "#1565c0",
        "marker-symbol": "fire-station",
        "marker-size": "medium",
        "title": "464 - Hydrant"
      }
    },
    {
      "type": "Feature",
      "id": "465",
      "geometry": {
        "type": "Point",
        "coordinates": [
          8.545106,
          54.703029
        ]
      },
      "properties": {
        "id": "465",
        "typ": "Bohrbrunnen",
        "menge_l_min": null,
        "quellkarte": "04_Foehr_Sued_Ost.pdf",
        "ortsname": "Föhr (Südost)",
        "ortsquelle": "04_Foehr_Sued_Ost.pdf",
        "zuordnungsabstand_relativ": 0.984,
        "pdf_x_pt": 2149.577,
        "pdf_y_von_oben_pt": 959.315,
        "koordinatenquelle": "eingebettete GeoPDF-Georeferenzierung",
        "lagehinweis": "kartografische Symbolposition; nicht vermessungstechnisch oder vor Ort bestätigt",
        "marker-color": "#f9a825",
        "marker-symbol": "water",
        "marker-size": "medium",
        "title": "465 - Bohrbrunnen"
      }
    },
    {
      "type": "Feature",
      "id": "466",
      "geometry": {
        "type": "Point",
        "coordinates": [
          8.544856,
          54.703133
        ]
      },
      "properties": {
        "id": "466",
        "typ": "Hydrant",
        "menge_l_min": 1600,
        "quellkarte": "04_Foehr_Sued_Ost.pdf",
        "ortsname": "Föhr (Südost)",
        "ortsquelle": "04_Foehr_Sued_Ost.pdf",
        "zuordnungsabstand_relativ": 1.005,
        "pdf_x_pt": 2141.297,
        "pdf_y_von_oben_pt": 953.323,
        "koordinatenquelle": "eingebettete GeoPDF-Georeferenzierung",
        "lagehinweis": "kartografische Symbolposition; nicht vermessungstechnisch oder vor Ort bestätigt",
        "marker-color": "#1565c0",
        "marker-symbol": "fire-station",
        "marker-size": "medium",
        "title": "466 - Hydrant"
      }
    },
    {
      "type": "Feature",
      "id": "467",
      "geometry": {
        "type": "Point",
        "coordinates": [
          8.543947,
          54.702268
        ]
      },
      "properties": {
        "id": "467",
        "typ": "Bohrbrunnen",
        "menge_l_min": null,
        "quellkarte": "04_Foehr_Sued_Ost.pdf",
        "ortsname": "Föhr (Südost)",
        "ortsquelle": "04_Foehr_Sued_Ost.pdf",
        "zuordnungsabstand_relativ": 0.974,
        "pdf_x_pt": 2110.799,
        "pdf_y_von_oben_pt": 1002.721,
        "koordinatenquelle": "eingebettete GeoPDF-Georeferenzierung",
        "lagehinweis": "kartografische Symbolposition; nicht vermessungstechnisch oder vor Ort bestätigt",
        "marker-color": "#f9a825",
        "marker-symbol": "water",
        "marker-size": "medium",
        "title": "467 - Bohrbrunnen"
      }
    },
    {
      "type": "Feature",
      "id": "468",
      "geometry": {
        "type": "Point",
        "coordinates": [
          8.543846,
          54.704029
        ]
      },
      "properties": {
        "id": "468",
        "typ": "Hydrant",
        "menge_l_min": 1600,
        "quellkarte": "04_Foehr_Sued_Ost.pdf",
        "ortsname": "Föhr (Südost)",
        "ortsquelle": "04_Foehr_Sued_Ost.pdf",
        "zuordnungsabstand_relativ": 1.026,
        "pdf_x_pt": 2108.084,
        "pdf_y_von_oben_pt": 901.702,
        "koordinatenquelle": "eingebettete GeoPDF-Georeferenzierung",
        "lagehinweis": "kartografische Symbolposition; nicht vermessungstechnisch oder vor Ort bestätigt",
        "marker-color": "#1565c0",
        "marker-symbol": "fire-station",
        "marker-size": "medium",
        "title": "468 - Hydrant"
      }
    },
    {
      "type": "Feature",
      "id": "469",
      "geometry": {
        "type": "Point",
        "coordinates": [
          8.542742,
          54.704638
        ]
      },
      "properties": {
        "id": "469",
        "typ": "Hydrant",
        "menge_l_min": 1600,
        "quellkarte": "04_Foehr_Sued_Ost.pdf",
        "ortsname": "Föhr (Südost)",
        "ortsquelle": "04_Foehr_Sued_Ost.pdf",
        "zuordnungsabstand_relativ": 0.827,
        "pdf_x_pt": 2071.66,
        "pdf_y_von_oben_pt": 866.541,
        "koordinatenquelle": "eingebettete GeoPDF-Georeferenzierung",
        "lagehinweis": "kartografische Symbolposition; nicht vermessungstechnisch oder vor Ort bestätigt",
        "marker-color": "#1565c0",
        "marker-symbol": "fire-station",
        "marker-size": "medium",
        "title": "469 - Hydrant"
      }
    },
    {
      "type": "Feature",
      "id": "471",
      "geometry": {
        "type": "Point",
        "coordinates": [
          8.540681,
          54.703437
        ]
      },
      "properties": {
        "id": "471",
        "typ": "Hydrant",
        "menge_l_min": 3200,
        "quellkarte": "04_Foehr_Sued_Ost.pdf",
        "ortsname": "Föhr (Südost)",
        "ortsquelle": "04_Foehr_Sued_Ost.pdf",
        "zuordnungsabstand_relativ": 0.884,
        "pdf_x_pt": 2002.759,
        "pdf_y_von_oben_pt": 934.95,
        "koordinatenquelle": "eingebettete GeoPDF-Georeferenzierung",
        "lagehinweis": "kartografische Symbolposition; nicht vermessungstechnisch oder vor Ort bestätigt",
        "marker-color": "#1565c0",
        "marker-symbol": "fire-station",
        "marker-size": "medium",
        "title": "471 - Hydrant"
      }
    },
    {
      "type": "Feature",
      "id": "472",
      "geometry": {
        "type": "Point",
        "coordinates": [
          8.541769,
          54.705167
        ]
      },
      "properties": {
        "id": "472",
        "typ": "Bohrbrunnen",
        "menge_l_min": null,
        "quellkarte": "04_Foehr_Sued_Ost.pdf",
        "ortsname": "Föhr (Südost)",
        "ortsquelle": "04_Foehr_Sued_Ost.pdf",
        "zuordnungsabstand_relativ": 0.974,
        "pdf_x_pt": 2039.519,
        "pdf_y_von_oben_pt": 835.991,
        "koordinatenquelle": "eingebettete GeoPDF-Georeferenzierung",
        "lagehinweis": "kartografische Symbolposition; nicht vermessungstechnisch oder vor Ort bestätigt",
        "marker-color": "#f9a825",
        "marker-symbol": "water",
        "marker-size": "medium",
        "title": "472 - Bohrbrunnen"
      }
    },
    {
      "type": "Feature",
      "id": "473",
      "geometry": {
        "type": "Point",
        "coordinates": [
          8.540921,
          54.70452
        ]
      },
      "properties": {
        "id": "473",
        "typ": "Bohrbrunnen",
        "menge_l_min": null,
        "quellkarte": "04_Foehr_Sued_Ost.pdf",
        "ortsname": "Föhr (Südost)",
        "ortsquelle": "04_Foehr_Sued_Ost.pdf",
        "zuordnungsabstand_relativ": 0.974,
        "pdf_x_pt": 2011.13,
        "pdf_y_von_oben_pt": 872.917,
        "koordinatenquelle": "eingebettete GeoPDF-Georeferenzierung",
        "lagehinweis": "kartografische Symbolposition; nicht vermessungstechnisch oder vor Ort bestätigt",
        "marker-color": "#f9a825",
        "marker-symbol": "water",
        "marker-size": "medium",
        "title": "473 - Bohrbrunnen"
      }
    },
    {
      "type": "Feature",
      "id": "481",
      "geometry": {
        "type": "Point",
        "coordinates": [
          8.532594,
          54.706082
        ]
      },
      "properties": {
        "id": "481",
        "typ": "Hydrant",
        "menge_l_min": 3200,
        "quellkarte": "04_Foehr_Sued_Ost.pdf",
        "ortsname": "Föhr (Südost)",
        "ortsquelle": "04_Foehr_Sued_Ost.pdf",
        "zuordnungsabstand_relativ": 0.829,
        "pdf_x_pt": 1735.197,
        "pdf_y_von_oben_pt": 781.495,
        "koordinatenquelle": "eingebettete GeoPDF-Georeferenzierung",
        "lagehinweis": "kartografische Symbolposition; nicht vermessungstechnisch oder vor Ort bestätigt",
        "marker-color": "#1565c0",
        "marker-symbol": "fire-station",
        "marker-size": "medium",
        "title": "481 - Hydrant"
      }
    },
    {
      "type": "Feature",
      "id": "482",
      "geometry": {
        "type": "Point",
        "coordinates": [
          8.534406,
          54.708476
        ]
      },
      "properties": {
        "id": "482",
        "typ": "Hydrant",
        "menge_l_min": 1600,
        "quellkarte": "04_Foehr_Sued_Ost.pdf",
        "ortsname": "Föhr (Südost)",
        "ortsquelle": "04_Foehr_Sued_Ost.pdf",
        "zuordnungsabstand_relativ": 0.917,
        "pdf_x_pt": 1796.262,
        "pdf_y_von_oben_pt": 644.612,
        "koordinatenquelle": "eingebettete GeoPDF-Georeferenzierung",
        "lagehinweis": "kartografische Symbolposition; nicht vermessungstechnisch oder vor Ort bestätigt",
        "marker-color": "#1565c0",
        "marker-symbol": "fire-station",
        "marker-size": "medium",
        "title": "482 - Hydrant"
      }
    },
    {
      "type": "Feature",
      "id": "483",
      "geometry": {
        "type": "Point",
        "coordinates": [
          8.535216,
          54.708792
        ]
      },
      "properties": {
        "id": "483",
        "typ": "Hydrant",
        "menge_l_min": 1600,
        "quellkarte": "04_Foehr_Sued_Ost.pdf",
        "ortsname": "Föhr (Südost)",
        "ortsquelle": "04_Foehr_Sued_Ost.pdf",
        "zuordnungsabstand_relativ": 1.04,
        "pdf_x_pt": 1823.274,
        "pdf_y_von_oben_pt": 626.704,
        "koordinatenquelle": "eingebettete GeoPDF-Georeferenzierung",
        "lagehinweis": "kartografische Symbolposition; nicht vermessungstechnisch oder vor Ort bestätigt",
        "marker-color": "#1565c0",
        "marker-symbol": "fire-station",
        "marker-size": "medium",
        "title": "483 - Hydrant"
      }
    },
    {
      "type": "Feature",
      "id": "484",
      "geometry": {
        "type": "Point",
        "coordinates": [
          8.532961,
          54.708513
        ]
      },
      "properties": {
        "id": "484",
        "typ": "Hydrant",
        "menge_l_min": 3200,
        "quellkarte": "04_Foehr_Sued_Ost.pdf",
        "ortsname": "Föhr (Südost)",
        "ortsquelle": "04_Foehr_Sued_Ost.pdf",
        "zuordnungsabstand_relativ": 0.845,
        "pdf_x_pt": 1748.288,
        "pdf_y_von_oben_pt": 642.198,
        "koordinatenquelle": "eingebettete GeoPDF-Georeferenzierung",
        "lagehinweis": "kartografische Symbolposition; nicht vermessungstechnisch oder vor Ort bestätigt",
        "marker-color": "#1565c0",
        "marker-symbol": "fire-station",
        "marker-size": "medium",
        "title": "484 - Hydrant"
      }
    },
    {
      "type": "Feature",
      "id": "485",
      "geometry": {
        "type": "Point",
        "coordinates": [
          8.532013,
          54.70916
        ]
      },
      "properties": {
        "id": "485",
        "typ": "Hydrant",
        "menge_l_min": 3200,
        "quellkarte": "04_Foehr_Sued_Ost.pdf",
        "ortsname": "Föhr (Südost)",
        "ortsquelle": "04_Foehr_Sued_Ost.pdf",
        "zuordnungsabstand_relativ": 0.775,
        "pdf_x_pt": 1717.062,
        "pdf_y_von_oben_pt": 604.862,
        "koordinatenquelle": "eingebettete GeoPDF-Georeferenzierung",
        "lagehinweis": "kartografische Symbolposition; nicht vermessungstechnisch oder vor Ort bestätigt",
        "marker-color": "#1565c0",
        "marker-symbol": "fire-station",
        "marker-size": "medium",
        "title": "485 - Hydrant"
      }
    },
    {
      "type": "Feature",
      "id": "486",
      "geometry": {
        "type": "Point",
        "coordinates": [
          8.533143,
          54.709473
        ]
      },
      "properties": {
        "id": "486",
        "typ": "Bohrbrunnen",
        "menge_l_min": null,
        "quellkarte": "04_Foehr_Sued_Ost.pdf",
        "ortsname": "Föhr (Südost)",
        "ortsquelle": "04_Foehr_Sued_Ost.pdf",
        "zuordnungsabstand_relativ": 0.974,
        "pdf_x_pt": 1754.704,
        "pdf_y_von_oben_pt": 587.183,
        "koordinatenquelle": "eingebettete GeoPDF-Georeferenzierung",
        "lagehinweis": "kartografische Symbolposition; nicht vermessungstechnisch oder vor Ort bestätigt",
        "marker-color": "#f9a825",
        "marker-symbol": "water",
        "marker-size": "medium",
        "title": "486 - Bohrbrunnen"
      }
    },
    {
      "type": "Feature",
      "id": "487",
      "geometry": {
        "type": "Point",
        "coordinates": [
          8.533481,
          54.709971
        ]
      },
      "properties": {
        "id": "487",
        "typ": "Hydrant",
        "menge_l_min": 1600,
        "quellkarte": "04_Foehr_Sued_Ost.pdf",
        "ortsname": "Föhr (Südost)",
        "ortsquelle": "04_Foehr_Sued_Ost.pdf",
        "zuordnungsabstand_relativ": 0.802,
        "pdf_x_pt": 1766.11,
        "pdf_y_von_oben_pt": 558.733,
        "koordinatenquelle": "eingebettete GeoPDF-Georeferenzierung",
        "lagehinweis": "kartografische Symbolposition; nicht vermessungstechnisch oder vor Ort bestätigt",
        "marker-color": "#1565c0",
        "marker-symbol": "fire-station",
        "marker-size": "medium",
        "title": "487 - Hydrant"
      }
    },
    {
      "type": "Feature",
      "id": "488",
      "geometry": {
        "type": "Point",
        "coordinates": [
          8.533014,
          54.710203
        ]
      },
      "properties": {
        "id": "488",
        "typ": "Bohrbrunnen",
        "menge_l_min": null,
        "quellkarte": "04_Foehr_Sued_Ost.pdf",
        "ortsname": "Föhr (Südost)",
        "ortsquelle": "04_Foehr_Sued_Ost.pdf",
        "zuordnungsabstand_relativ": 1.287,
        "pdf_x_pt": 1750.692,
        "pdf_y_von_oben_pt": 545.321,
        "koordinatenquelle": "eingebettete GeoPDF-Georeferenzierung",
        "lagehinweis": "kartografische Symbolposition; nicht vermessungstechnisch oder vor Ort bestätigt",
        "marker-color": "#f9a825",
        "marker-symbol": "water",
        "marker-size": "medium",
        "title": "488 - Bohrbrunnen"
      }
    },
    {
      "type": "Feature",
      "id": "489",
      "geometry": {
        "type": "Point",
        "coordinates": [
          8.532825,
          54.710548
        ]
      },
      "properties": {
        "id": "489",
        "typ": "Hydrant",
        "menge_l_min": 1600,
        "quellkarte": "04_Foehr_Sued_Ost.pdf",
        "ortsname": "Föhr (Südost)",
        "ortsquelle": "04_Foehr_Sued_Ost.pdf",
        "zuordnungsabstand_relativ": 0.992,
        "pdf_x_pt": 1744.563,
        "pdf_y_von_oben_pt": 525.449,
        "koordinatenquelle": "eingebettete GeoPDF-Georeferenzierung",
        "lagehinweis": "kartografische Symbolposition; nicht vermessungstechnisch oder vor Ort bestätigt",
        "marker-color": "#1565c0",
        "marker-symbol": "fire-station",
        "marker-size": "medium",
        "title": "489 - Hydrant"
      }
    },
    {
      "type": "Feature",
      "id": "492",
      "geometry": {
        "type": "Point",
        "coordinates": [
          8.527568,
          54.709371
        ]
      },
      "properties": {
        "id": "492",
        "typ": "E-Bohrbrunnen",
        "menge_l_min": null,
        "quellkarte": "04_Foehr_Sued_Ost.pdf",
        "ortsname": "Föhr (Südost)",
        "ortsquelle": "04_Foehr_Sued_Ost.pdf",
        "zuordnungsabstand_relativ": 0.974,
        "pdf_x_pt": 1569.558,
        "pdf_y_von_oben_pt": 591.812,
        "koordinatenquelle": "eingebettete GeoPDF-Georeferenzierung",
        "lagehinweis": "kartografische Symbolposition; nicht vermessungstechnisch oder vor Ort bestätigt",
        "marker-color": "#8e24aa",
        "marker-symbol": "industrial",
        "marker-size": "medium",
        "title": "492 - E-Bohrbrunnen"
      }
    },
    {
      "type": "Feature",
      "id": "493",
      "geometry": {
        "type": "Point",
        "coordinates": [
          8.528224,
          54.70961
        ]
      },
      "properties": {
        "id": "493",
        "typ": "Hydrant",
        "menge_l_min": 1600,
        "quellkarte": "04_Foehr_Sued_Ost.pdf",
        "ortsname": "Föhr (Südost)",
        "ortsquelle": "04_Foehr_Sued_Ost.pdf",
        "zuordnungsabstand_relativ": 0.836,
        "pdf_x_pt": 1591.425,
        "pdf_y_von_oben_pt": 578.244,
        "koordinatenquelle": "eingebettete GeoPDF-Georeferenzierung",
        "lagehinweis": "kartografische Symbolposition; nicht vermessungstechnisch oder vor Ort bestätigt",
        "marker-color": "#1565c0",
        "marker-symbol": "fire-station",
        "marker-size": "medium",
        "title": "493 - Hydrant"
      }
    },
    {
      "type": "Feature",
      "id": "494",
      "geometry": {
        "type": "Point",
        "coordinates": [
          8.529432,
          54.709928
        ]
      },
      "properties": {
        "id": "494",
        "typ": "Hydrant",
        "menge_l_min": 1600,
        "quellkarte": "04_Foehr_Sued_Ost.pdf",
        "ortsname": "Föhr (Südost)",
        "ortsquelle": "04_Foehr_Sued_Ost.pdf",
        "zuordnungsabstand_relativ": 1.04,
        "pdf_x_pt": 1631.662,
        "pdf_y_von_oben_pt": 560.303,
        "koordinatenquelle": "eingebettete GeoPDF-Georeferenzierung",
        "lagehinweis": "kartografische Symbolposition; nicht vermessungstechnisch oder vor Ort bestätigt",
        "marker-color": "#1565c0",
        "marker-symbol": "fire-station",
        "marker-size": "medium",
        "title": "494 - Hydrant"
      }
    },
    {
      "type": "Feature",
      "id": "495",
      "geometry": {
        "type": "Point",
        "coordinates": [
          8.528788,
          54.710123
        ]
      },
      "properties": {
        "id": "495",
        "typ": "Hydrant",
        "menge_l_min": 1600,
        "quellkarte": "04_Foehr_Sued_Ost.pdf",
        "ortsname": "Föhr (Südost)",
        "ortsquelle": "04_Foehr_Sued_Ost.pdf",
        "zuordnungsabstand_relativ": 1.135,
        "pdf_x_pt": 1610.364,
        "pdf_y_von_oben_pt": 548.954,
        "koordinatenquelle": "eingebettete GeoPDF-Georeferenzierung",
        "lagehinweis": "kartografische Symbolposition; nicht vermessungstechnisch oder vor Ort bestätigt",
        "marker-color": "#1565c0",
        "marker-symbol": "fire-station",
        "marker-size": "medium",
        "title": "495 - Hydrant"
      }
    },
    {
      "type": "Feature",
      "id": "496",
      "geometry": {
        "type": "Point",
        "coordinates": [
          8.528593,
          54.710532
        ]
      },
      "properties": {
        "id": "496",
        "typ": "Hydrant",
        "menge_l_min": 1600,
        "quellkarte": "04_Foehr_Sued_Ost.pdf",
        "ortsname": "Föhr (Südost)",
        "ortsquelle": "04_Foehr_Sued_Ost.pdf",
        "zuordnungsabstand_relativ": 0.997,
        "pdf_x_pt": 1604.02,
        "pdf_y_von_oben_pt": 525.459,
        "koordinatenquelle": "eingebettete GeoPDF-Georeferenzierung",
        "lagehinweis": "kartografische Symbolposition; nicht vermessungstechnisch oder vor Ort bestätigt",
        "marker-color": "#1565c0",
        "marker-symbol": "fire-station",
        "marker-size": "medium",
        "title": "496 - Hydrant"
      }
    },
    {
      "type": "Feature",
      "id": "497",
      "geometry": {
        "type": "Point",
        "coordinates": [
          8.530944,
          54.710074
        ]
      },
      "properties": {
        "id": "497",
        "typ": "Hydrant",
        "menge_l_min": 1600,
        "quellkarte": "04_Foehr_Sued_Ost.pdf",
        "ortsname": "Föhr (Südost)",
        "ortsquelle": "04_Foehr_Sued_Ost.pdf",
        "zuordnungsabstand_relativ": 0.991,
        "pdf_x_pt": 1681.923,
        "pdf_y_von_oben_pt": 552.267,
        "koordinatenquelle": "eingebettete GeoPDF-Georeferenzierung",
        "lagehinweis": "kartografische Symbolposition; nicht vermessungstechnisch oder vor Ort bestätigt",
        "marker-color": "#1565c0",
        "marker-symbol": "fire-station",
        "marker-size": "medium",
        "title": "497 - Hydrant"
      }
    },
    {
      "type": "Feature",
      "id": "498",
      "geometry": {
        "type": "Point",
        "coordinates": [
          8.532218,
          54.711073
        ]
      },
      "properties": {
        "id": "498",
        "typ": "Hydrant",
        "menge_l_min": 3200,
        "quellkarte": "04_Foehr_Sued_Ost.pdf",
        "ortsname": "Föhr (Südost)",
        "ortsquelle": "04_Foehr_Sued_Ost.pdf",
        "zuordnungsabstand_relativ": 1.083,
        "pdf_x_pt": 1724.595,
        "pdf_y_von_oben_pt": 495.264,
        "koordinatenquelle": "eingebettete GeoPDF-Georeferenzierung",
        "lagehinweis": "kartografische Symbolposition; nicht vermessungstechnisch oder vor Ort bestätigt",
        "marker-color": "#1565c0",
        "marker-symbol": "fire-station",
        "marker-size": "medium",
        "title": "498 - Hydrant"
      }
    },
    {
      "type": "Feature",
      "id": "499",
      "geometry": {
        "type": "Point",
        "coordinates": [
          8.530394,
          54.710379
        ]
      },
      "properties": {
        "id": "499",
        "typ": "Bohrbrunnen",
        "menge_l_min": null,
        "quellkarte": "04_Foehr_Sued_Ost.pdf",
        "ortsname": "Föhr (Südost)",
        "ortsquelle": "04_Foehr_Sued_Ost.pdf",
        "zuordnungsabstand_relativ": 0.67,
        "pdf_x_pt": 1663.777,
        "pdf_y_von_oben_pt": 534.624,
        "koordinatenquelle": "eingebettete GeoPDF-Georeferenzierung",
        "lagehinweis": "kartografische Symbolposition; nicht vermessungstechnisch oder vor Ort bestätigt",
        "marker-color": "#f9a825",
        "marker-symbol": "water",
        "marker-size": "medium",
        "title": "499 - Bohrbrunnen"
      }
    },
    {
      "type": "Feature",
      "id": "502",
      "geometry": {
        "type": "Point",
        "coordinates": [
          8.530117,
          54.710838
        ]
      },
      "properties": {
        "id": "502",
        "typ": "Hydrant",
        "menge_l_min": 1600,
        "quellkarte": "04_Foehr_Sued_Ost.pdf",
        "ortsname": "Föhr (Südost)",
        "ortsquelle": "04_Foehr_Sued_Ost.pdf",
        "zuordnungsabstand_relativ": 1.141,
        "pdf_x_pt": 1654.766,
        "pdf_y_von_oben_pt": 508.251,
        "koordinatenquelle": "eingebettete GeoPDF-Georeferenzierung",
        "lagehinweis": "kartografische Symbolposition; nicht vermessungstechnisch oder vor Ort bestätigt",
        "marker-color": "#1565c0",
        "marker-symbol": "fire-station",
        "marker-size": "medium",
        "title": "502 - Hydrant"
      }
    },
    {
      "type": "Feature",
      "id": "503",
      "geometry": {
        "type": "Point",
        "coordinates": [
          8.53206,
          54.711801
        ]
      },
      "properties": {
        "id": "503",
        "typ": "Bohrbrunnen",
        "menge_l_min": null,
        "quellkarte": "04_Foehr_Sued_Ost.pdf",
        "ortsname": "Föhr (Südost)",
        "ortsquelle": "04_Foehr_Sued_Ost.pdf",
        "zuordnungsabstand_relativ": 0.982,
        "pdf_x_pt": 1719.629,
        "pdf_y_von_oben_pt": 453.471,
        "koordinatenquelle": "eingebettete GeoPDF-Georeferenzierung",
        "lagehinweis": "kartografische Symbolposition; nicht vermessungstechnisch oder vor Ort bestätigt",
        "marker-color": "#f9a825",
        "marker-symbol": "water",
        "marker-size": "medium",
        "title": "503 - Bohrbrunnen"
      }
    },
    {
      "type": "Feature",
      "id": "504",
      "geometry": {
        "type": "Point",
        "coordinates": [
          8.531271,
          54.712058
        ]
      },
      "properties": {
        "id": "504",
        "typ": "Hydrant",
        "menge_l_min": 1600,
        "quellkarte": "04_Foehr_Sued_Ost.pdf",
        "ortsname": "Föhr (Südost)",
        "ortsquelle": "04_Foehr_Sued_Ost.pdf",
        "zuordnungsabstand_relativ": 0.527,
        "pdf_x_pt": 1693.536,
        "pdf_y_von_oben_pt": 438.537,
        "koordinatenquelle": "eingebettete GeoPDF-Georeferenzierung",
        "lagehinweis": "kartografische Symbolposition; nicht vermessungstechnisch oder vor Ort bestätigt",
        "marker-color": "#1565c0",
        "marker-symbol": "fire-station",
        "marker-size": "medium",
        "title": "504 - Hydrant"
      }
    },
    {
      "type": "Feature",
      "id": "505",
      "geometry": {
        "type": "Point",
        "coordinates": [
          8.528984,
          54.711396
        ]
      },
      "properties": {
        "id": "505",
        "typ": "Hydrant",
        "menge_l_min": 1600,
        "quellkarte": "04_Foehr_Sued_Ost.pdf",
        "ortsname": "Föhr (Südost)",
        "ortsquelle": "04_Foehr_Sued_Ost.pdf",
        "zuordnungsabstand_relativ": 0.802,
        "pdf_x_pt": 1617.337,
        "pdf_y_von_oben_pt": 476.01,
        "koordinatenquelle": "eingebettete GeoPDF-Georeferenzierung",
        "lagehinweis": "kartografische Symbolposition; nicht vermessungstechnisch oder vor Ort bestätigt",
        "marker-color": "#1565c0",
        "marker-symbol": "fire-station",
        "marker-size": "medium",
        "title": "505 - Hydrant"
      }
    },
    {
      "type": "Feature",
      "id": "506",
      "geometry": {
        "type": "Point",
        "coordinates": [
          8.528706,
          54.71142
        ]
      },
      "properties": {
        "id": "506",
        "typ": "Bohrbrunnen",
        "menge_l_min": null,
        "quellkarte": "04_Foehr_Sued_Ost.pdf",
        "ortsname": "Föhr (Südost)",
        "ortsquelle": "04_Foehr_Sued_Ost.pdf",
        "zuordnungsabstand_relativ": 0.974,
        "pdf_x_pt": 1608.13,
        "pdf_y_von_oben_pt": 474.556,
        "koordinatenquelle": "eingebettete GeoPDF-Georeferenzierung",
        "lagehinweis": "kartografische Symbolposition; nicht vermessungstechnisch oder vor Ort bestätigt",
        "marker-color": "#f9a825",
        "marker-symbol": "water",
        "marker-size": "medium",
        "title": "506 - Bohrbrunnen"
      }
    },
    {
      "type": "Feature",
      "id": "507",
      "geometry": {
        "type": "Point",
        "coordinates": [
          8.529896,
          54.712489
        ]
      },
      "properties": {
        "id": "507",
        "typ": "Bohrbrunnen",
        "menge_l_min": null,
        "quellkarte": "04_Foehr_Sued_Ost.pdf",
        "ortsname": "Föhr (Südost)",
        "ortsquelle": "04_Foehr_Sued_Ost.pdf",
        "zuordnungsabstand_relativ": 1.186,
        "pdf_x_pt": 1648.039,
        "pdf_y_von_oben_pt": 413.563,
        "koordinatenquelle": "eingebettete GeoPDF-Georeferenzierung",
        "lagehinweis": "kartografische Symbolposition; nicht vermessungstechnisch oder vor Ort bestätigt",
        "marker-color": "#f9a825",
        "marker-symbol": "water",
        "marker-size": "medium",
        "title": "507 - Bohrbrunnen"
      }
    },
    {
      "type": "Feature",
      "id": "508",
      "geometry": {
        "type": "Point",
        "coordinates": [
          8.529615,
          54.712537
        ]
      },
      "properties": {
        "id": "508",
        "typ": "Hydrant",
        "menge_l_min": 1600,
        "quellkarte": "04_Foehr_Sued_Ost.pdf",
        "ortsname": "Föhr (Südost)",
        "ortsquelle": "04_Foehr_Sued_Ost.pdf",
        "zuordnungsabstand_relativ": 0.788,
        "pdf_x_pt": 1638.739,
        "pdf_y_von_oben_pt": 410.705,
        "koordinatenquelle": "eingebettete GeoPDF-Georeferenzierung",
        "lagehinweis": "kartografische Symbolposition; nicht vermessungstechnisch oder vor Ort bestätigt",
        "marker-color": "#1565c0",
        "marker-symbol": "fire-station",
        "marker-size": "medium",
        "title": "508 - Hydrant"
      }
    },
    {
      "type": "Feature",
      "id": "509",
      "geometry": {
        "type": "Point",
        "coordinates": [
          8.528185,
          54.71176
        ]
      },
      "properties": {
        "id": "509",
        "typ": "Hydrant",
        "menge_l_min": 1600,
        "quellkarte": "04_Foehr_Sued_Ost.pdf",
        "ortsname": "Föhr (Südost)",
        "ortsquelle": "04_Foehr_Sued_Ost.pdf",
        "zuordnungsabstand_relativ": 0.454,
        "pdf_x_pt": 1590.959,
        "pdf_y_von_oben_pt": 454.958,
        "koordinatenquelle": "eingebettete GeoPDF-Georeferenzierung",
        "lagehinweis": "kartografische Symbolposition; nicht vermessungstechnisch oder vor Ort bestätigt",
        "marker-color": "#1565c0",
        "marker-symbol": "fire-station",
        "marker-size": "medium",
        "title": "509 - Hydrant"
      }
    },
    {
      "type": "Feature",
      "id": "512",
      "geometry": {
        "type": "Point",
        "coordinates": [
          8.52633,
          54.711655
        ]
      },
      "properties": {
        "id": "512",
        "typ": "Hydrant",
        "menge_l_min": 1600,
        "quellkarte": "04_Foehr_Sued_Ost.pdf",
        "ortsname": "Föhr (Südost)",
        "ortsquelle": "04_Foehr_Sued_Ost.pdf",
        "zuordnungsabstand_relativ": 1.307,
        "pdf_x_pt": 1529.316,
        "pdf_y_von_oben_pt": 460.581,
        "koordinatenquelle": "eingebettete GeoPDF-Georeferenzierung",
        "lagehinweis": "kartografische Symbolposition; nicht vermessungstechnisch oder vor Ort bestätigt",
        "marker-color": "#1565c0",
        "marker-symbol": "fire-station",
        "marker-size": "medium",
        "title": "512 - Hydrant"
      }
    },
    {
      "type": "Feature",
      "id": "513",
      "geometry": {
        "type": "Point",
        "coordinates": [
          8.526396,
          54.711856
        ]
      },
      "properties": {
        "id": "513",
        "typ": "Bohrbrunnen",
        "menge_l_min": null,
        "quellkarte": "04_Foehr_Sued_Ost.pdf",
        "ortsname": "Föhr (Südost)",
        "ortsquelle": "04_Foehr_Sued_Ost.pdf",
        "zuordnungsabstand_relativ": 0.974,
        "pdf_x_pt": 1531.604,
        "pdf_y_von_oben_pt": 449.048,
        "koordinatenquelle": "eingebettete GeoPDF-Georeferenzierung",
        "lagehinweis": "kartografische Symbolposition; nicht vermessungstechnisch oder vor Ort bestätigt",
        "marker-color": "#f9a825",
        "marker-symbol": "water",
        "marker-size": "medium",
        "title": "513 - Bohrbrunnen"
      }
    },
    {
      "type": "Feature",
      "id": "514",
      "geometry": {
        "type": "Point",
        "coordinates": [
          8.528138,
          54.712961
        ]
      },
      "properties": {
        "id": "514",
        "typ": "Hydrant",
        "menge_l_min": 1600,
        "quellkarte": "04_Foehr_Sued_Ost.pdf",
        "ortsname": "Föhr (Südost)",
        "ortsquelle": "04_Foehr_Sued_Ost.pdf",
        "zuordnungsabstand_relativ": 0.948,
        "pdf_x_pt": 1589.852,
        "pdf_y_von_oben_pt": 386.096,
        "koordinatenquelle": "eingebettete GeoPDF-Georeferenzierung",
        "lagehinweis": "kartografische Symbolposition; nicht vermessungstechnisch oder vor Ort bestätigt",
        "marker-color": "#1565c0",
        "marker-symbol": "fire-station",
        "marker-size": "medium",
        "title": "514 - Hydrant"
      }
    },
    {
      "type": "Feature",
      "id": "515",
      "geometry": {
        "type": "Point",
        "coordinates": [
          8.526363,
          54.713203
        ]
      },
      "properties": {
        "id": "515",
        "typ": "Hydrant",
        "menge_l_min": 800,
        "quellkarte": "04_Foehr_Sued_Ost.pdf",
        "ortsname": "Föhr (Südost)",
        "ortsquelle": "04_Foehr_Sued_Ost.pdf",
        "zuordnungsabstand_relativ": 0.918,
        "pdf_x_pt": 1531.026,
        "pdf_y_von_oben_pt": 371.839,
        "koordinatenquelle": "eingebettete GeoPDF-Georeferenzierung",
        "lagehinweis": "kartografische Symbolposition; nicht vermessungstechnisch oder vor Ort bestätigt",
        "marker-color": "#1565c0",
        "marker-symbol": "fire-station",
        "marker-size": "medium",
        "title": "515 - Hydrant"
      }
    },
    {
      "type": "Feature",
      "id": "521",
      "geometry": {
        "type": "Point",
        "coordinates": [
          8.534216,
          54.715068
        ]
      },
      "properties": {
        "id": "521",
        "typ": "Saugstelle",
        "menge_l_min": null,
        "quellkarte": "04_Foehr_Sued_Ost.pdf",
        "ortsname": "Föhr (Südost)",
        "ortsquelle": "04_Foehr_Sued_Ost.pdf",
        "zuordnungsabstand_relativ": 1.093,
        "pdf_x_pt": 1792.463,
        "pdf_y_von_oben_pt": 266.628,
        "koordinatenquelle": "eingebettete GeoPDF-Georeferenzierung",
        "lagehinweis": "kartografische Symbolposition; nicht vermessungstechnisch oder vor Ort bestätigt",
        "marker-color": "#00897b",
        "marker-symbol": "harbor",
        "marker-size": "medium",
        "title": "521 - Saugstelle"
      }
    },
    {
      "type": "Feature",
      "id": "531",
      "geometry": {
        "type": "Point",
        "coordinates": [
          8.524234,
          54.718034
        ]
      },
      "properties": {
        "id": "531",
        "typ": "Saugstelle",
        "menge_l_min": null,
        "quellkarte": "04_Foehr_Sued_Ost.pdf",
        "ortsname": "Föhr (Südost)",
        "ortsquelle": "04_Foehr_Sued_Ost.pdf",
        "zuordnungsabstand_relativ": 1.091,
        "pdf_x_pt": 1462.184,
        "pdf_y_von_oben_pt": 94.344,
        "koordinatenquelle": "eingebettete GeoPDF-Georeferenzierung",
        "lagehinweis": "kartografische Symbolposition; nicht vermessungstechnisch oder vor Ort bestätigt",
        "marker-color": "#00897b",
        "marker-symbol": "harbor",
        "marker-size": "medium",
        "title": "531 - Saugstelle"
      }
    },
    {
      "type": "Feature",
      "id": "532",
      "geometry": {
        "type": "Point",
        "coordinates": [
          8.52354,
          54.717473
        ]
      },
      "properties": {
        "id": "532",
        "typ": "Hydrant",
        "menge_l_min": 800,
        "quellkarte": "04_Foehr_Sued_Ost.pdf",
        "ortsname": "Föhr (Südost)",
        "ortsquelle": "04_Foehr_Sued_Ost.pdf",
        "zuordnungsabstand_relativ": 0.92,
        "pdf_x_pt": 1438.933,
        "pdf_y_von_oben_pt": 126.359,
        "koordinatenquelle": "eingebettete GeoPDF-Georeferenzierung",
        "lagehinweis": "kartografische Symbolposition; nicht vermessungstechnisch oder vor Ort bestätigt",
        "marker-color": "#1565c0",
        "marker-symbol": "fire-station",
        "marker-size": "medium",
        "title": "532 - Hydrant"
      }
    },
    {
      "type": "Feature",
      "id": "533",
      "geometry": {
        "type": "Point",
        "coordinates": [
          8.521131,
          54.717201
        ]
      },
      "properties": {
        "id": "533",
        "typ": "Hydrant",
        "menge_l_min": 1600,
        "quellkarte": "04_Foehr_Sued_Ost.pdf",
        "ortsname": "Föhr (Südost)",
        "ortsquelle": "04_Foehr_Sued_Ost.pdf",
        "zuordnungsabstand_relativ": 1.005,
        "pdf_x_pt": 1358.865,
        "pdf_y_von_oben_pt": 141.414,
        "koordinatenquelle": "eingebettete GeoPDF-Georeferenzierung",
        "lagehinweis": "kartografische Symbolposition; nicht vermessungstechnisch oder vor Ort bestätigt",
        "marker-color": "#1565c0",
        "marker-symbol": "fire-station",
        "marker-size": "medium",
        "title": "533 - Hydrant"
      }
    },
    {
      "type": "Feature",
      "id": "534",
      "geometry": {
        "type": "Point",
        "coordinates": [
          8.51906,
          54.716642
        ]
      },
      "properties": {
        "id": "534",
        "typ": "Hydrant",
        "menge_l_min": 1600,
        "quellkarte": "04_Foehr_Sued_Ost.pdf",
        "ortsname": "Föhr (Südost)",
        "ortsquelle": "04_Foehr_Sued_Ost.pdf",
        "zuordnungsabstand_relativ": 0.921,
        "pdf_x_pt": 1289.893,
        "pdf_y_von_oben_pt": 173.002,
        "koordinatenquelle": "eingebettete GeoPDF-Georeferenzierung",
        "lagehinweis": "kartografische Symbolposition; nicht vermessungstechnisch oder vor Ort bestätigt",
        "marker-color": "#1565c0",
        "marker-symbol": "fire-station",
        "marker-size": "medium",
        "title": "534 - Hydrant"
      }
    },
    {
      "type": "Feature",
      "id": "535",
      "geometry": {
        "type": "Point",
        "coordinates": [
          8.517601,
          54.716184
        ]
      },
      "properties": {
        "id": "535",
        "typ": "Hydrant",
        "menge_l_min": 1600,
        "quellkarte": "04_Foehr_Sued_Ost.pdf",
        "ortsname": "Föhr (Südost)",
        "ortsquelle": "04_Foehr_Sued_Ost.pdf",
        "zuordnungsabstand_relativ": 0.827,
        "pdf_x_pt": 1241.28,
        "pdf_y_von_oben_pt": 198.934,
        "koordinatenquelle": "eingebettete GeoPDF-Georeferenzierung",
        "lagehinweis": "kartografische Symbolposition; nicht vermessungstechnisch oder vor Ort bestätigt",
        "marker-color": "#1565c0",
        "marker-symbol": "fire-station",
        "marker-size": "medium",
        "title": "535 - Hydrant"
      }
    },
    {
      "type": "Feature",
      "id": "536",
      "geometry": {
        "type": "Point",
        "coordinates": [
          8.515605,
          54.714852
        ]
      },
      "properties": {
        "id": "536",
        "typ": "Hydrant",
        "menge_l_min": 1600,
        "quellkarte": "04_Foehr_Sued_Ost.pdf",
        "ortsname": "Föhr (Südost)",
        "ortsquelle": "04_Foehr_Sued_Ost.pdf",
        "zuordnungsabstand_relativ": 0.964,
        "pdf_x_pt": 1174.488,
        "pdf_y_von_oben_pt": 274.913,
        "koordinatenquelle": "eingebettete GeoPDF-Georeferenzierung",
        "lagehinweis": "kartografische Symbolposition; nicht vermessungstechnisch oder vor Ort bestätigt",
        "marker-color": "#1565c0",
        "marker-symbol": "fire-station",
        "marker-size": "medium",
        "title": "536 - Hydrant"
      }
    },
    {
      "type": "Feature",
      "id": "537",
      "geometry": {
        "type": "Point",
        "coordinates": [
          8.523492,
          54.716698
        ]
      },
      "properties": {
        "id": "537",
        "typ": "Hydrant",
        "menge_l_min": 1600,
        "quellkarte": "04_Foehr_Sued_Ost.pdf",
        "ortsname": "Föhr (Südost)",
        "ortsquelle": "04_Foehr_Sued_Ost.pdf",
        "zuordnungsabstand_relativ": 0.987,
        "pdf_x_pt": 1437.037,
        "pdf_y_von_oben_pt": 170.791,
        "koordinatenquelle": "eingebettete GeoPDF-Georeferenzierung",
        "lagehinweis": "kartografische Symbolposition; nicht vermessungstechnisch oder vor Ort bestätigt",
        "marker-color": "#1565c0",
        "marker-symbol": "fire-station",
        "marker-size": "medium",
        "title": "537 - Hydrant"
      }
    },
    {
      "type": "Feature",
      "id": "538",
      "geometry": {
        "type": "Point",
        "coordinates": [
          8.523351,
          54.715875
        ]
      },
      "properties": {
        "id": "538",
        "typ": "Bohrbrunnen",
        "menge_l_min": null,
        "quellkarte": "04_Foehr_Sued_Ost.pdf",
        "ortsname": "Föhr (Südost)",
        "ortsquelle": "04_Foehr_Sued_Ost.pdf",
        "zuordnungsabstand_relativ": 1.153,
        "pdf_x_pt": 1432.037,
        "pdf_y_von_oben_pt": 217.931,
        "koordinatenquelle": "eingebettete GeoPDF-Georeferenzierung",
        "lagehinweis": "kartografische Symbolposition; nicht vermessungstechnisch oder vor Ort bestätigt",
        "marker-color": "#f9a825",
        "marker-symbol": "water",
        "marker-size": "medium",
        "title": "538 - Bohrbrunnen"
      }
    },
    {
      "type": "Feature",
      "id": "539",
      "geometry": {
        "type": "Point",
        "coordinates": [
          8.522988,
          54.715478
        ]
      },
      "properties": {
        "id": "539",
        "typ": "Hydrant",
        "menge_l_min": 1600,
        "quellkarte": "04_Foehr_Sued_Ost.pdf",
        "ortsname": "Föhr (Südost)",
        "ortsquelle": "04_Foehr_Sued_Ost.pdf",
        "zuordnungsabstand_relativ": 0.827,
        "pdf_x_pt": 1419.851,
        "pdf_y_von_oben_pt": 240.637,
        "koordinatenquelle": "eingebettete GeoPDF-Georeferenzierung",
        "lagehinweis": "kartografische Symbolposition; nicht vermessungstechnisch oder vor Ort bestätigt",
        "marker-color": "#1565c0",
        "marker-symbol": "fire-station",
        "marker-size": "medium",
        "title": "539 - Hydrant"
      }
    },
    {
      "type": "Feature",
      "id": "541",
      "geometry": {
        "type": "Point",
        "coordinates": [
          8.521028,
          54.715155
        ]
      },
      "properties": {
        "id": "541",
        "typ": "Hydrant",
        "menge_l_min": 1600,
        "quellkarte": "04_Foehr_Sued_Ost.pdf",
        "ortsname": "Föhr (Südost)",
        "ortsquelle": "04_Foehr_Sued_Ost.pdf",
        "zuordnungsabstand_relativ": 0.773,
        "pdf_x_pt": 1354.654,
        "pdf_y_von_oben_pt": 258.728,
        "koordinatenquelle": "eingebettete GeoPDF-Georeferenzierung",
        "lagehinweis": "kartografische Symbolposition; nicht vermessungstechnisch oder vor Ort bestätigt",
        "marker-color": "#1565c0",
        "marker-symbol": "fire-station",
        "marker-size": "medium",
        "title": "541 - Hydrant"
      }
    },
    {
      "type": "Feature",
      "id": "542",
      "geometry": {
        "type": "Point",
        "coordinates": [
          8.520354,
          54.714843
        ]
      },
      "properties": {
        "id": "542",
        "typ": "Bohrbrunnen",
        "menge_l_min": null,
        "quellkarte": "04_Foehr_Sued_Ost.pdf",
        "ortsname": "Föhr (Südost)",
        "ortsquelle": "04_Foehr_Sued_Ost.pdf",
        "zuordnungsabstand_relativ": 1.148,
        "pdf_x_pt": 1332.161,
        "pdf_y_von_oben_pt": 276.456,
        "koordinatenquelle": "eingebettete GeoPDF-Georeferenzierung",
        "lagehinweis": "kartografische Symbolposition; nicht vermessungstechnisch oder vor Ort bestätigt",
        "marker-color": "#f9a825",
        "marker-symbol": "water",
        "marker-size": "medium",
        "title": "542 - Bohrbrunnen"
      }
    },
    {
      "type": "Feature",
      "id": "543",
      "geometry": {
        "type": "Point",
        "coordinates": [
          8.518886,
          54.714756
        ]
      },
      "properties": {
        "id": "543",
        "typ": "Hydrant",
        "menge_l_min": 1600,
        "quellkarte": "04_Foehr_Sued_Ost.pdf",
        "ortsname": "Föhr (Südost)",
        "ortsquelle": "04_Foehr_Sued_Ost.pdf",
        "zuordnungsabstand_relativ": 1.182,
        "pdf_x_pt": 1283.383,
        "pdf_y_von_oben_pt": 281.128,
        "koordinatenquelle": "eingebettete GeoPDF-Georeferenzierung",
        "lagehinweis": "kartografische Symbolposition; nicht vermessungstechnisch oder vor Ort bestätigt",
        "marker-color": "#1565c0",
        "marker-symbol": "fire-station",
        "marker-size": "medium",
        "title": "543 - Hydrant"
      }
    },
    {
      "type": "Feature",
      "id": "544",
      "geometry": {
        "type": "Point",
        "coordinates": [
          8.518527,
          54.714815
        ]
      },
      "properties": {
        "id": "544",
        "typ": "Bohrbrunnen",
        "menge_l_min": null,
        "quellkarte": "04_Foehr_Sued_Ost.pdf",
        "ortsname": "Föhr (Südost)",
        "ortsquelle": "04_Foehr_Sued_Ost.pdf",
        "zuordnungsabstand_relativ": 0.987,
        "pdf_x_pt": 1271.474,
        "pdf_y_von_oben_pt": 277.69,
        "koordinatenquelle": "eingebettete GeoPDF-Georeferenzierung",
        "lagehinweis": "kartografische Symbolposition; nicht vermessungstechnisch oder vor Ort bestätigt",
        "marker-color": "#f9a825",
        "marker-symbol": "water",
        "marker-size": "medium",
        "title": "544 - Bohrbrunnen"
      }
    },
    {
      "type": "Feature",
      "id": "545",
      "geometry": {
        "type": "Point",
        "coordinates": [
          8.518451,
          54.714089
        ]
      },
      "properties": {
        "id": "545",
        "typ": "Hydrant",
        "menge_l_min": 1600,
        "quellkarte": "04_Foehr_Sued_Ost.pdf",
        "ortsname": "Föhr (Südost)",
        "ortsquelle": "04_Foehr_Sued_Ost.pdf",
        "zuordnungsabstand_relativ": 0.839,
        "pdf_x_pt": 1268.666,
        "pdf_y_von_oben_pt": 319.28,
        "koordinatenquelle": "eingebettete GeoPDF-Georeferenzierung",
        "lagehinweis": "kartografische Symbolposition; nicht vermessungstechnisch oder vor Ort bestätigt",
        "marker-color": "#1565c0",
        "marker-symbol": "fire-station",
        "marker-size": "medium",
        "title": "545 - Hydrant"
      }
    },
    {
      "type": "Feature",
      "id": "547",
      "geometry": {
        "type": "Point",
        "coordinates": [
          8.522325,
          54.713909
        ]
      },
      "properties": {
        "id": "547",
        "typ": "Hydrant",
        "menge_l_min": 1600,
        "quellkarte": "04_Foehr_Sued_Ost.pdf",
        "ortsname": "Föhr (Südost)",
        "ortsquelle": "04_Foehr_Sued_Ost.pdf",
        "zuordnungsabstand_relativ": 0.832,
        "pdf_x_pt": 1397.226,
        "pdf_y_von_oben_pt": 330.428,
        "koordinatenquelle": "eingebettete GeoPDF-Georeferenzierung",
        "lagehinweis": "kartografische Symbolposition; nicht vermessungstechnisch oder vor Ort bestätigt",
        "marker-color": "#1565c0",
        "marker-symbol": "fire-station",
        "marker-size": "medium",
        "title": "547 - Hydrant"
      }
    },
    {
      "type": "Feature",
      "id": "548",
      "geometry": {
        "type": "Point",
        "coordinates": [
          8.522244,
          54.714982
        ]
      },
      "properties": {
        "id": "548",
        "typ": "Hydrant",
        "menge_l_min": 1600,
        "quellkarte": "04_Foehr_Sued_Ost.pdf",
        "ortsname": "Föhr (Südost)",
        "ortsquelle": "04_Foehr_Sued_Ost.pdf",
        "zuordnungsabstand_relativ": 0.888,
        "pdf_x_pt": 1394.959,
        "pdf_y_von_oben_pt": 268.891,
        "koordinatenquelle": "eingebettete GeoPDF-Georeferenzierung",
        "lagehinweis": "kartografische Symbolposition; nicht vermessungstechnisch oder vor Ort bestätigt",
        "marker-color": "#1565c0",
        "marker-symbol": "fire-station",
        "marker-size": "medium",
        "title": "548 - Hydrant"
      }
    },
    {
      "type": "Feature",
      "id": "549",
      "geometry": {
        "type": "Point",
        "coordinates": [
          8.522157,
          54.713576
        ]
      },
      "properties": {
        "id": "549",
        "typ": "Bohrbrunnen",
        "menge_l_min": null,
        "quellkarte": "04_Foehr_Sued_Ost.pdf",
        "ortsname": "Föhr (Südost)",
        "ortsquelle": "04_Foehr_Sued_Ost.pdf",
        "zuordnungsabstand_relativ": 0.987,
        "pdf_x_pt": 1391.51,
        "pdf_y_von_oben_pt": 349.483,
        "koordinatenquelle": "eingebettete GeoPDF-Georeferenzierung",
        "lagehinweis": "kartografische Symbolposition; nicht vermessungstechnisch oder vor Ort bestätigt",
        "marker-color": "#f9a825",
        "marker-symbol": "water",
        "marker-size": "medium",
        "title": "549 - Bohrbrunnen"
      }
    },
    {
      "type": "Feature",
      "id": "551",
      "geometry": {
        "type": "Point",
        "coordinates": [
          8.52243,
          54.713253
        ]
      },
      "properties": {
        "id": "551",
        "typ": "Bohrbrunnen",
        "menge_l_min": null,
        "quellkarte": "04_Foehr_Sued_Ost.pdf",
        "ortsname": "Föhr (Südost)",
        "ortsquelle": "04_Foehr_Sued_Ost.pdf",
        "zuordnungsabstand_relativ": 1.542,
        "pdf_x_pt": 1400.459,
        "pdf_y_von_oben_pt": 368.1,
        "koordinatenquelle": "eingebettete GeoPDF-Georeferenzierung",
        "lagehinweis": "kartografische Symbolposition; nicht vermessungstechnisch oder vor Ort bestätigt",
        "marker-color": "#f9a825",
        "marker-symbol": "water",
        "marker-size": "medium",
        "title": "551 - Bohrbrunnen"
      }
    },
    {
      "type": "Feature",
      "id": "552",
      "geometry": {
        "type": "Point",
        "coordinates": [
          8.521832,
          54.713315
        ]
      },
      "properties": {
        "id": "552",
        "typ": "Hydrant",
        "menge_l_min": 1600,
        "quellkarte": "04_Foehr_Sued_Ost.pdf",
        "ortsname": "Föhr (Südost)",
        "ortsquelle": "04_Foehr_Sued_Ost.pdf",
        "zuordnungsabstand_relativ": 0.962,
        "pdf_x_pt": 1380.628,
        "pdf_y_von_oben_pt": 364.4,
        "koordinatenquelle": "eingebettete GeoPDF-Georeferenzierung",
        "lagehinweis": "kartografische Symbolposition; nicht vermessungstechnisch oder vor Ort bestätigt",
        "marker-color": "#1565c0",
        "marker-symbol": "fire-station",
        "marker-size": "medium",
        "title": "552 - Hydrant"
      }
    },
    {
      "type": "Feature",
      "id": "553",
      "geometry": {
        "type": "Point",
        "coordinates": [
          8.52047,
          54.713082
        ]
      },
      "properties": {
        "id": "553",
        "typ": "Hydrant",
        "menge_l_min": 800,
        "quellkarte": "04_Foehr_Sued_Ost.pdf",
        "ortsname": "Föhr (Südost)",
        "ortsquelle": "04_Foehr_Sued_Ost.pdf",
        "zuordnungsabstand_relativ": 0.896,
        "pdf_x_pt": 1335.307,
        "pdf_y_von_oben_pt": 377.446,
        "koordinatenquelle": "eingebettete GeoPDF-Georeferenzierung",
        "lagehinweis": "kartografische Symbolposition; nicht vermessungstechnisch oder vor Ort bestätigt",
        "marker-color": "#1565c0",
        "marker-symbol": "fire-station",
        "marker-size": "medium",
        "title": "553 - Hydrant"
      }
    },
    {
      "type": "Feature",
      "id": "554",
      "geometry": {
        "type": "Point",
        "coordinates": [
          8.52235,
          54.712461
        ]
      },
      "properties": {
        "id": "554",
        "typ": "Hydrant",
        "menge_l_min": 1600,
        "quellkarte": "04_Foehr_Sued_Ost.pdf",
        "ortsname": "Föhr (Südost)",
        "ortsquelle": "04_Foehr_Sued_Ost.pdf",
        "zuordnungsabstand_relativ": 0.857,
        "pdf_x_pt": 1397.496,
        "pdf_y_von_oben_pt": 413.453,
        "koordinatenquelle": "eingebettete GeoPDF-Georeferenzierung",
        "lagehinweis": "kartografische Symbolposition; nicht vermessungstechnisch oder vor Ort bestätigt",
        "marker-color": "#1565c0",
        "marker-symbol": "fire-station",
        "marker-size": "medium",
        "title": "554 - Hydrant"
      }
    },
    {
      "type": "Feature",
      "id": "555",
      "geometry": {
        "type": "Point",
        "coordinates": [
          8.522374,
          54.711835
        ]
      },
      "properties": {
        "id": "555",
        "typ": "Hydrant",
        "menge_l_min": 1600,
        "quellkarte": "04_Foehr_Sued_Ost.pdf",
        "ortsname": "Föhr (Südost)",
        "ortsquelle": "04_Foehr_Sued_Ost.pdf",
        "zuordnungsabstand_relativ": 1.049,
        "pdf_x_pt": 1398.048,
        "pdf_y_von_oben_pt": 449.382,
        "koordinatenquelle": "eingebettete GeoPDF-Georeferenzierung",
        "lagehinweis": "kartografische Symbolposition; nicht vermessungstechnisch oder vor Ort bestätigt",
        "marker-color": "#1565c0",
        "marker-symbol": "fire-station",
        "marker-size": "medium",
        "title": "555 - Hydrant"
      }
    },
    {
      "type": "Feature",
      "id": "556",
      "geometry": {
        "type": "Point",
        "coordinates": [
          8.518489,
          54.712183
        ]
      },
      "properties": {
        "id": "556",
        "typ": "Hydrant",
        "menge_l_min": 1600,
        "quellkarte": "04_Foehr_Sued_Ost.pdf",
        "ortsname": "Föhr (Südost)",
        "ortsquelle": "04_Foehr_Sued_Ost.pdf",
        "zuordnungsabstand_relativ": 1.012,
        "pdf_x_pt": 1269.189,
        "pdf_y_von_oben_pt": 428.546,
        "koordinatenquelle": "eingebettete GeoPDF-Georeferenzierung",
        "lagehinweis": "kartografische Symbolposition; nicht vermessungstechnisch oder vor Ort bestätigt",
        "marker-color": "#1565c0",
        "marker-symbol": "fire-station",
        "marker-size": "medium",
        "title": "556 - Hydrant"
      }
    },
    {
      "type": "Feature",
      "id": "557",
      "geometry": {
        "type": "Point",
        "coordinates": [
          8.517133,
          54.712385
        ]
      },
      "properties": {
        "id": "557",
        "typ": "Hydrant",
        "menge_l_min": 1600,
        "quellkarte": "04_Foehr_Sued_Ost.pdf",
        "ortsname": "Föhr (Südost)",
        "ortsquelle": "04_Foehr_Sued_Ost.pdf",
        "zuordnungsabstand_relativ": 0.926,
        "pdf_x_pt": 1224.261,
        "pdf_y_von_oben_pt": 416.702,
        "koordinatenquelle": "eingebettete GeoPDF-Georeferenzierung",
        "lagehinweis": "kartografische Symbolposition; nicht vermessungstechnisch oder vor Ort bestätigt",
        "marker-color": "#1565c0",
        "marker-symbol": "fire-station",
        "marker-size": "medium",
        "title": "557 - Hydrant"
      }
    },
    {
      "type": "Feature",
      "id": "558",
      "geometry": {
        "type": "Point",
        "coordinates": [
          8.517777,
          54.713012
        ]
      },
      "properties": {
        "id": "558",
        "typ": "Bohrbrunnen",
        "menge_l_min": null,
        "quellkarte": "04_Foehr_Sued_Ost.pdf",
        "ortsname": "Föhr (Südost)",
        "ortsquelle": "04_Foehr_Sued_Ost.pdf",
        "zuordnungsabstand_relativ": 0.984,
        "pdf_x_pt": 1245.863,
        "pdf_y_von_oben_pt": 380.854,
        "koordinatenquelle": "eingebettete GeoPDF-Georeferenzierung",
        "lagehinweis": "kartografische Symbolposition; nicht vermessungstechnisch oder vor Ort bestätigt",
        "marker-color": "#f9a825",
        "marker-symbol": "water",
        "marker-size": "medium",
        "title": "558 - Bohrbrunnen"
      }
    },
    {
      "type": "Feature",
      "id": "559",
      "geometry": {
        "type": "Point",
        "coordinates": [
          8.517998,
          54.713313
        ]
      },
      "properties": {
        "id": "559",
        "typ": "Hydrant",
        "menge_l_min": 1600,
        "quellkarte": "04_Foehr_Sued_Ost.pdf",
        "ortsname": "Föhr (Südost)",
        "ortsquelle": "04_Foehr_Sued_Ost.pdf",
        "zuordnungsabstand_relativ": 0.877,
        "pdf_x_pt": 1253.336,
        "pdf_y_von_oben_pt": 363.673,
        "koordinatenquelle": "eingebettete GeoPDF-Georeferenzierung",
        "lagehinweis": "kartografische Symbolposition; nicht vermessungstechnisch oder vor Ort bestätigt",
        "marker-color": "#1565c0",
        "marker-symbol": "fire-station",
        "marker-size": "medium",
        "title": "559 - Hydrant"
      }
    },
    {
      "type": "Feature",
      "id": "567",
      "geometry": {
        "type": "Point",
        "coordinates": [
          8.51061,
          54.708824
        ]
      },
      "properties": {
        "id": "567",
        "typ": "Hydrant",
        "menge_l_min": 1600,
        "quellkarte": "04_Foehr_Sued_Ost.pdf",
        "ortsname": "Föhr (Südost)",
        "ortsquelle": "04_Foehr_Sued_Ost.pdf",
        "zuordnungsabstand_relativ": 0.823,
        "pdf_x_pt": 1006.253,
        "pdf_y_von_oben_pt": 619.427,
        "koordinatenquelle": "eingebettete GeoPDF-Georeferenzierung",
        "lagehinweis": "kartografische Symbolposition; nicht vermessungstechnisch oder vor Ort bestätigt",
        "marker-color": "#1565c0",
        "marker-symbol": "fire-station",
        "marker-size": "medium",
        "title": "567 - Hydrant"
      }
    },
    {
      "type": "Feature",
      "id": "571",
      "geometry": {
        "type": "Point",
        "coordinates": [
          8.509976,
          54.711985
        ]
      },
      "properties": {
        "id": "571",
        "typ": "Bohrbrunnen",
        "menge_l_min": null,
        "quellkarte": "04_Foehr_Sued_Ost.pdf",
        "ortsname": "Föhr (Südost)",
        "ortsquelle": "04_Foehr_Sued_Ost.pdf",
        "zuordnungsabstand_relativ": 0.984,
        "pdf_x_pt": 986.454,
        "pdf_y_von_oben_pt": 438.042,
        "koordinatenquelle": "eingebettete GeoPDF-Georeferenzierung",
        "lagehinweis": "kartografische Symbolposition; nicht vermessungstechnisch oder vor Ort bestätigt",
        "marker-color": "#f9a825",
        "marker-symbol": "water",
        "marker-size": "medium",
        "title": "571 - Bohrbrunnen"
      }
    },
    {
      "type": "Feature",
      "id": "572",
      "geometry": {
        "type": "Point",
        "coordinates": [
          8.509624,
          54.710205
        ]
      },
      "properties": {
        "id": "572",
        "typ": "Hydrant",
        "menge_l_min": 800,
        "quellkarte": "04_Foehr_Sued_Ost.pdf",
        "ortsname": "Föhr (Südost)",
        "ortsquelle": "04_Foehr_Sued_Ost.pdf",
        "zuordnungsabstand_relativ": 1.141,
        "pdf_x_pt": 974.053,
        "pdf_y_von_oben_pt": 540.043,
        "koordinatenquelle": "eingebettete GeoPDF-Georeferenzierung",
        "lagehinweis": "kartografische Symbolposition; nicht vermessungstechnisch oder vor Ort bestätigt",
        "marker-color": "#1565c0",
        "marker-symbol": "fire-station",
        "marker-size": "medium",
        "title": "572 - Hydrant"
      }
    },
    {
      "type": "Feature",
      "id": "575",
      "geometry": {
        "type": "Point",
        "coordinates": [
          8.509218,
          54.709522
        ]
      },
      "properties": {
        "id": "575",
        "typ": "Bohrbrunnen",
        "menge_l_min": null,
        "quellkarte": "04_Foehr_Sued_Ost.pdf",
        "ortsname": "Föhr (Südost)",
        "ortsquelle": "04_Foehr_Sued_Ost.pdf",
        "zuordnungsabstand_relativ": 0.52,
        "pdf_x_pt": 960.32,
        "pdf_y_von_oben_pt": 579.104,
        "koordinatenquelle": "eingebettete GeoPDF-Georeferenzierung",
        "lagehinweis": "kartografische Symbolposition; nicht vermessungstechnisch oder vor Ort bestätigt",
        "marker-color": "#f9a825",
        "marker-symbol": "water",
        "marker-size": "medium",
        "title": "575 - Bohrbrunnen"
      }
    },
    {
      "type": "Feature",
      "id": "576",
      "geometry": {
        "type": "Point",
        "coordinates": [
          8.512125,
          54.708657
        ]
      },
      "properties": {
        "id": "576",
        "typ": "Hydrant",
        "menge_l_min": 1600,
        "quellkarte": "04_Foehr_Sued_Ost.pdf",
        "ortsname": "Föhr (Südost)",
        "ortsquelle": "04_Foehr_Sued_Ost.pdf",
        "zuordnungsabstand_relativ": 1.111,
        "pdf_x_pt": 1056.486,
        "pdf_y_von_oben_pt": 629.363,
        "koordinatenquelle": "eingebettete GeoPDF-Georeferenzierung",
        "lagehinweis": "kartografische Symbolposition; nicht vermessungstechnisch oder vor Ort bestätigt",
        "marker-color": "#1565c0",
        "marker-symbol": "fire-station",
        "marker-size": "medium",
        "title": "576 - Hydrant"
      }
    },
    {
      "type": "Feature",
      "id": "578",
      "geometry": {
        "type": "Point",
        "coordinates": [
          8.507982,
          54.709082
        ]
      },
      "properties": {
        "id": "578",
        "typ": "Hydrant",
        "menge_l_min": 1600,
        "quellkarte": "04_Foehr_Sued_Ost.pdf",
        "ortsname": "Föhr (Südost)",
        "ortsquelle": "04_Foehr_Sued_Ost.pdf",
        "zuordnungsabstand_relativ": 0.88,
        "pdf_x_pt": 919.11,
        "pdf_y_von_oben_pt": 604.039,
        "koordinatenquelle": "eingebettete GeoPDF-Georeferenzierung",
        "lagehinweis": "kartografische Symbolposition; nicht vermessungstechnisch oder vor Ort bestätigt",
        "marker-color": "#1565c0",
        "marker-symbol": "fire-station",
        "marker-size": "medium",
        "title": "578 - Hydrant"
      }
    },
    {
      "type": "Feature",
      "id": "579",
      "geometry": {
        "type": "Point",
        "coordinates": [
          8.509032,
          54.708779
        ]
      },
      "properties": {
        "id": "579",
        "typ": "Hydrant",
        "menge_l_min": 1600,
        "quellkarte": "04_Foehr_Sued_Ost.pdf",
        "ortsname": "Föhr (Südost)",
        "ortsquelle": "04_Foehr_Sued_Ost.pdf",
        "zuordnungsabstand_relativ": 1.252,
        "pdf_x_pt": 953.826,
        "pdf_y_von_oben_pt": 621.691,
        "koordinatenquelle": "eingebettete GeoPDF-Georeferenzierung",
        "lagehinweis": "kartografische Symbolposition; nicht vermessungstechnisch oder vor Ort bestätigt",
        "marker-color": "#1565c0",
        "marker-symbol": "fire-station",
        "marker-size": "medium",
        "title": "579 - Hydrant"
      }
    },
    {
      "type": "Feature",
      "id": "581",
      "geometry": {
        "type": "Point",
        "coordinates": [
          8.51043,
          54.707866
        ]
      },
      "properties": {
        "id": "581",
        "typ": "Bohrbrunnen",
        "menge_l_min": null,
        "quellkarte": "04_Foehr_Sued_Ost.pdf",
        "ortsname": "Föhr (Südost)",
        "ortsquelle": "04_Foehr_Sued_Ost.pdf",
        "zuordnungsabstand_relativ": 0.097,
        "pdf_x_pt": 999.891,
        "pdf_y_von_oben_pt": 674.336,
        "koordinatenquelle": "eingebettete GeoPDF-Georeferenzierung",
        "lagehinweis": "kartografische Symbolposition; nicht vermessungstechnisch oder vor Ort bestätigt",
        "marker-color": "#f9a825",
        "marker-symbol": "water",
        "marker-size": "medium",
        "title": "581 - Bohrbrunnen"
      }
    },
    {
      "type": "Feature",
      "id": "583",
      "geometry": {
        "type": "Point",
        "coordinates": [
          8.508915,
          54.708183
        ]
      },
      "properties": {
        "id": "583",
        "typ": "Bohrbrunnen",
        "menge_l_min": null,
        "quellkarte": "04_Foehr_Sued_Ost.pdf",
        "ortsname": "Föhr (Südost)",
        "ortsquelle": "04_Foehr_Sued_Ost.pdf",
        "zuordnungsabstand_relativ": 1.315,
        "pdf_x_pt": 949.733,
        "pdf_y_von_oben_pt": 655.788,
        "koordinatenquelle": "eingebettete GeoPDF-Georeferenzierung",
        "lagehinweis": "kartografische Symbolposition; nicht vermessungstechnisch oder vor Ort bestätigt",
        "marker-color": "#f9a825",
        "marker-symbol": "water",
        "marker-size": "medium",
        "title": "583 - Bohrbrunnen"
      }
    },
    {
      "type": "Feature",
      "id": "584",
      "geometry": {
        "type": "Point",
        "coordinates": [
          8.508527,
          54.707818
        ]
      },
      "properties": {
        "id": "584",
        "typ": "Hydrant",
        "menge_l_min": 1600,
        "quellkarte": "04_Foehr_Sued_Ost.pdf",
        "ortsname": "Föhr (Südost)",
        "ortsquelle": "04_Foehr_Sued_Ost.pdf",
        "zuordnungsabstand_relativ": 0.825,
        "pdf_x_pt": 936.698,
        "pdf_y_von_oben_pt": 676.671,
        "koordinatenquelle": "eingebettete GeoPDF-Georeferenzierung",
        "lagehinweis": "kartografische Symbolposition; nicht vermessungstechnisch oder vor Ort bestätigt",
        "marker-color": "#1565c0",
        "marker-symbol": "fire-station",
        "marker-size": "medium",
        "title": "584 - Hydrant"
      }
    },
    {
      "type": "Feature",
      "id": "585",
      "geometry": {
        "type": "Point",
        "coordinates": [
          8.507556,
          54.707903
        ]
      },
      "properties": {
        "id": "585",
        "typ": "Hydrant",
        "menge_l_min": 1600,
        "quellkarte": "04_Foehr_Sued_Ost.pdf",
        "ortsname": "Föhr (Südost)",
        "ortsquelle": "04_Foehr_Sued_Ost.pdf",
        "zuordnungsabstand_relativ": 1.061,
        "pdf_x_pt": 904.484,
        "pdf_y_von_oben_pt": 671.553,
        "koordinatenquelle": "eingebettete GeoPDF-Georeferenzierung",
        "lagehinweis": "kartografische Symbolposition; nicht vermessungstechnisch oder vor Ort bestätigt",
        "marker-color": "#1565c0",
        "marker-symbol": "fire-station",
        "marker-size": "medium",
        "title": "585 - Hydrant"
      }
    },
    {
      "type": "Feature",
      "id": "586",
      "geometry": {
        "type": "Point",
        "coordinates": [
          8.505812,
          54.707944
        ]
      },
      "properties": {
        "id": "586",
        "typ": "Hydrant",
        "menge_l_min": 1600,
        "quellkarte": "04_Foehr_Sued_Ost.pdf",
        "ortsname": "Föhr (Südost)",
        "ortsquelle": "04_Foehr_Sued_Ost.pdf",
        "zuordnungsabstand_relativ": 1.072,
        "pdf_x_pt": 846.575,
        "pdf_y_von_oben_pt": 668.841,
        "koordinatenquelle": "eingebettete GeoPDF-Georeferenzierung",
        "lagehinweis": "kartografische Symbolposition; nicht vermessungstechnisch oder vor Ort bestätigt",
        "marker-color": "#1565c0",
        "marker-symbol": "fire-station",
        "marker-size": "medium",
        "title": "586 - Hydrant"
      }
    },
    {
      "type": "Feature",
      "id": "587",
      "geometry": {
        "type": "Point",
        "coordinates": [
          8.505601,
          54.707682
        ]
      },
      "properties": {
        "id": "587",
        "typ": "Saugstelle",
        "menge_l_min": null,
        "quellkarte": "04_Foehr_Sued_Ost.pdf",
        "ortsname": "Föhr (Südost)",
        "ortsquelle": "04_Foehr_Sued_Ost.pdf",
        "zuordnungsabstand_relativ": 1.369,
        "pdf_x_pt": 839.479,
        "pdf_y_von_oben_pt": 683.811,
        "koordinatenquelle": "eingebettete GeoPDF-Georeferenzierung",
        "lagehinweis": "kartografische Symbolposition; nicht vermessungstechnisch oder vor Ort bestätigt",
        "marker-color": "#00897b",
        "marker-symbol": "harbor",
        "marker-size": "medium",
        "title": "587 - Saugstelle"
      }
    },
    {
      "type": "Feature",
      "id": "589",
      "geometry": {
        "type": "Point",
        "coordinates": [
          8.503552,
          54.706764
        ]
      },
      "properties": {
        "id": "589",
        "typ": "Bohrbrunnen",
        "menge_l_min": null,
        "quellkarte": "04_Foehr_Sued_Ost.pdf",
        "ortsname": "Föhr (Südost)",
        "ortsquelle": "04_Foehr_Sued_Ost.pdf",
        "zuordnungsabstand_relativ": 0.974,
        "pdf_x_pt": 771.068,
        "pdf_y_von_oben_pt": 736.016,
        "koordinatenquelle": "eingebettete GeoPDF-Georeferenzierung",
        "lagehinweis": "kartografische Symbolposition; nicht vermessungstechnisch oder vor Ort bestätigt",
        "marker-color": "#f9a825",
        "marker-symbol": "water",
        "marker-size": "medium",
        "title": "589 - Bohrbrunnen"
      }
    },
    {
      "type": "Feature",
      "id": "591",
      "geometry": {
        "type": "Point",
        "coordinates": [
          8.510224,
          54.707127
        ]
      },
      "properties": {
        "id": "591",
        "typ": "Hydrant",
        "menge_l_min": 1600,
        "quellkarte": "04_Foehr_Sued_Ost.pdf",
        "ortsname": "Föhr (Südost)",
        "ortsquelle": "04_Foehr_Sued_Ost.pdf",
        "zuordnungsabstand_relativ": 0.809,
        "pdf_x_pt": 992.774,
        "pdf_y_von_oben_pt": 716.641,
        "koordinatenquelle": "eingebettete GeoPDF-Georeferenzierung",
        "lagehinweis": "kartografische Symbolposition; nicht vermessungstechnisch oder vor Ort bestätigt",
        "marker-color": "#1565c0",
        "marker-symbol": "fire-station",
        "marker-size": "medium",
        "title": "591 - Hydrant"
      }
    },
    {
      "type": "Feature",
      "id": "592",
      "geometry": {
        "type": "Point",
        "coordinates": [
          8.509069,
          54.706103
        ]
      },
      "properties": {
        "id": "592",
        "typ": "Hydrant",
        "menge_l_min": 1600,
        "quellkarte": "04_Foehr_Sued_Ost.pdf",
        "ortsname": "Föhr (Südost)",
        "ortsquelle": "04_Foehr_Sued_Ost.pdf",
        "zuordnungsabstand_relativ": 0.874,
        "pdf_x_pt": 954.0,
        "pdf_y_von_oben_pt": 775.111,
        "koordinatenquelle": "eingebettete GeoPDF-Georeferenzierung",
        "lagehinweis": "kartografische Symbolposition; nicht vermessungstechnisch oder vor Ort bestätigt",
        "marker-color": "#1565c0",
        "marker-symbol": "fire-station",
        "marker-size": "medium",
        "title": "592 - Hydrant"
      }
    },
    {
      "type": "Feature",
      "id": "593",
      "geometry": {
        "type": "Point",
        "coordinates": [
          8.508052,
          54.706341
        ]
      },
      "properties": {
        "id": "593",
        "typ": "Hydrant",
        "menge_l_min": 1600,
        "quellkarte": "04_Foehr_Sued_Ost.pdf",
        "ortsname": "Föhr (Südost)",
        "ortsquelle": "04_Foehr_Sued_Ost.pdf",
        "zuordnungsabstand_relativ": 0.842,
        "pdf_x_pt": 920.32,
        "pdf_y_von_oben_pt": 761.253,
        "koordinatenquelle": "eingebettete GeoPDF-Georeferenzierung",
        "lagehinweis": "kartografische Symbolposition; nicht vermessungstechnisch oder vor Ort bestätigt",
        "marker-color": "#1565c0",
        "marker-symbol": "fire-station",
        "marker-size": "medium",
        "title": "593 - Hydrant"
      }
    },
    {
      "type": "Feature",
      "id": "594",
      "geometry": {
        "type": "Point",
        "coordinates": [
          8.506949,
          54.706595
        ]
      },
      "properties": {
        "id": "594",
        "typ": "Hydrant",
        "menge_l_min": 1600,
        "quellkarte": "04_Foehr_Sued_Ost.pdf",
        "ortsname": "Föhr (Südost)",
        "ortsquelle": "04_Foehr_Sued_Ost.pdf",
        "zuordnungsabstand_relativ": 1.122,
        "pdf_x_pt": 883.8,
        "pdf_y_von_oben_pt": 746.41,
        "koordinatenquelle": "eingebettete GeoPDF-Georeferenzierung",
        "lagehinweis": "kartografische Symbolposition; nicht vermessungstechnisch oder vor Ort bestätigt",
        "marker-color": "#1565c0",
        "marker-symbol": "fire-station",
        "marker-size": "medium",
        "title": "594 - Hydrant"
      }
    },
    {
      "type": "Feature",
      "id": "595",
      "geometry": {
        "type": "Point",
        "coordinates": [
          8.505776,
          54.706908
        ]
      },
      "properties": {
        "id": "595",
        "typ": "Hydrant",
        "menge_l_min": 1600,
        "quellkarte": "04_Foehr_Sued_Ost.pdf",
        "ortsname": "Föhr (Südost)",
        "ortsquelle": "04_Foehr_Sued_Ost.pdf",
        "zuordnungsabstand_relativ": 0.928,
        "pdf_x_pt": 844.981,
        "pdf_y_von_oben_pt": 728.23,
        "koordinatenquelle": "eingebettete GeoPDF-Georeferenzierung",
        "lagehinweis": "kartografische Symbolposition; nicht vermessungstechnisch oder vor Ort bestätigt",
        "marker-color": "#1565c0",
        "marker-symbol": "fire-station",
        "marker-size": "medium",
        "title": "595 - Hydrant"
      }
    },
    {
      "type": "Feature",
      "id": "596",
      "geometry": {
        "type": "Point",
        "coordinates": [
          8.507629,
          54.70588
        ]
      },
      "properties": {
        "id": "596",
        "typ": "Hydrant",
        "menge_l_min": 1600,
        "quellkarte": "04_Foehr_Sued_Ost.pdf",
        "ortsname": "Föhr (Südost)",
        "ortsquelle": "04_Foehr_Sued_Ost.pdf",
        "zuordnungsabstand_relativ": 0.9,
        "pdf_x_pt": 906.102,
        "pdf_y_von_oben_pt": 787.606,
        "koordinatenquelle": "eingebettete GeoPDF-Georeferenzierung",
        "lagehinweis": "kartografische Symbolposition; nicht vermessungstechnisch oder vor Ort bestätigt",
        "marker-color": "#1565c0",
        "marker-symbol": "fire-station",
        "marker-size": "medium",
        "title": "596 - Hydrant"
      }
    },
    {
      "type": "Feature",
      "id": "597",
      "geometry": {
        "type": "Point",
        "coordinates": [
          8.506314,
          54.706344
        ]
      },
      "properties": {
        "id": "597",
        "typ": "Hydrant",
        "menge_l_min": 800,
        "quellkarte": "04_Foehr_Sued_Ost.pdf",
        "ortsname": "Föhr (Südost)",
        "ortsquelle": "04_Foehr_Sued_Ost.pdf",
        "zuordnungsabstand_relativ": 0.905,
        "pdf_x_pt": 862.61,
        "pdf_y_von_oben_pt": 760.706,
        "koordinatenquelle": "eingebettete GeoPDF-Georeferenzierung",
        "lagehinweis": "kartografische Symbolposition; nicht vermessungstechnisch oder vor Ort bestätigt",
        "marker-color": "#1565c0",
        "marker-symbol": "fire-station",
        "marker-size": "medium",
        "title": "597 - Hydrant"
      }
    },
    {
      "type": "Feature",
      "id": "598",
      "geometry": {
        "type": "Point",
        "coordinates": [
          8.505382,
          54.706481
        ]
      },
      "properties": {
        "id": "598",
        "typ": "Hydrant",
        "menge_l_min": 800,
        "quellkarte": "04_Foehr_Sued_Ost.pdf",
        "ortsname": "Föhr (Südost)",
        "ortsquelle": "04_Foehr_Sued_Ost.pdf",
        "zuordnungsabstand_relativ": 0.567,
        "pdf_x_pt": 831.729,
        "pdf_y_von_oben_pt": 752.601,
        "koordinatenquelle": "eingebettete GeoPDF-Georeferenzierung",
        "lagehinweis": "kartografische Symbolposition; nicht vermessungstechnisch oder vor Ort bestätigt",
        "marker-color": "#1565c0",
        "marker-symbol": "fire-station",
        "marker-size": "medium",
        "title": "598 - Hydrant"
      }
    },
    {
      "type": "Feature",
      "id": "599",
      "geometry": {
        "type": "Point",
        "coordinates": [
          8.508166,
          54.705341
        ]
      },
      "properties": {
        "id": "599",
        "typ": "Hydrant",
        "menge_l_min": 1600,
        "quellkarte": "04_Foehr_Sued_Ost.pdf",
        "ortsname": "Föhr (Südost)",
        "ortsquelle": "04_Foehr_Sued_Ost.pdf",
        "zuordnungsabstand_relativ": 0.833,
        "pdf_x_pt": 923.709,
        "pdf_y_von_oben_pt": 818.574,
        "koordinatenquelle": "eingebettete GeoPDF-Georeferenzierung",
        "lagehinweis": "kartografische Symbolposition; nicht vermessungstechnisch oder vor Ort bestätigt",
        "marker-color": "#1565c0",
        "marker-symbol": "fire-station",
        "marker-size": "medium",
        "title": "599 - Hydrant"
      }
    },
    {
      "type": "Feature",
      "id": "601",
      "geometry": {
        "type": "Point",
        "coordinates": [
          8.510781,
          54.70569
        ]
      },
      "properties": {
        "id": "601",
        "typ": "Hydrant",
        "menge_l_min": 800,
        "quellkarte": "04_Foehr_Sued_Ost.pdf",
        "ortsname": "Föhr (Südost)",
        "ortsquelle": "04_Foehr_Sued_Ost.pdf",
        "zuordnungsabstand_relativ": 0.87,
        "pdf_x_pt": 1010.703,
        "pdf_y_von_oben_pt": 799.162,
        "koordinatenquelle": "eingebettete GeoPDF-Georeferenzierung",
        "lagehinweis": "kartografische Symbolposition; nicht vermessungstechnisch oder vor Ort bestätigt",
        "marker-color": "#1565c0",
        "marker-symbol": "fire-station",
        "marker-size": "medium",
        "title": "601 - Hydrant"
      }
    },
    {
      "type": "Feature",
      "id": "602",
      "geometry": {
        "type": "Point",
        "coordinates": [
          8.511048,
          54.704754
        ]
      },
      "properties": {
        "id": "602",
        "typ": "Hydrant",
        "menge_l_min": 800,
        "quellkarte": "04_Foehr_Sued_Ost.pdf",
        "ortsname": "Föhr (Südost)",
        "ortsquelle": "04_Foehr_Sued_Ost.pdf",
        "zuordnungsabstand_relativ": 0.836,
        "pdf_x_pt": 1019.185,
        "pdf_y_von_oben_pt": 852.88,
        "koordinatenquelle": "eingebettete GeoPDF-Georeferenzierung",
        "lagehinweis": "kartografische Symbolposition; nicht vermessungstechnisch oder vor Ort bestätigt",
        "marker-color": "#1565c0",
        "marker-symbol": "fire-station",
        "marker-size": "medium",
        "title": "602 - Hydrant"
      }
    },
    {
      "type": "Feature",
      "id": "603",
      "geometry": {
        "type": "Point",
        "coordinates": [
          8.513086,
          54.705238
        ]
      },
      "properties": {
        "id": "603",
        "typ": "Bohrbrunnen",
        "menge_l_min": null,
        "quellkarte": "04_Foehr_Sued_Ost.pdf",
        "ortsname": "Föhr (Südost)",
        "ortsquelle": "04_Foehr_Sued_Ost.pdf",
        "zuordnungsabstand_relativ": 0.974,
        "pdf_x_pt": 1087.049,
        "pdf_y_von_oben_pt": 825.603,
        "koordinatenquelle": "eingebettete GeoPDF-Georeferenzierung",
        "lagehinweis": "kartografische Symbolposition; nicht vermessungstechnisch oder vor Ort bestätigt",
        "marker-color": "#f9a825",
        "marker-symbol": "water",
        "marker-size": "medium",
        "title": "603 - Bohrbrunnen"
      }
    },
    {
      "type": "Feature",
      "id": "605",
      "geometry": {
        "type": "Point",
        "coordinates": [
          8.513901,
          54.706229
        ]
      },
      "properties": {
        "id": "605",
        "typ": "Bohrbrunnen",
        "menge_l_min": null,
        "quellkarte": "04_Foehr_Sued_Ost.pdf",
        "ortsname": "Föhr (Südost)",
        "ortsquelle": "04_Foehr_Sued_Ost.pdf",
        "zuordnungsabstand_relativ": 0.984,
        "pdf_x_pt": 1114.512,
        "pdf_y_von_oben_pt": 768.929,
        "koordinatenquelle": "eingebettete GeoPDF-Georeferenzierung",
        "lagehinweis": "kartografische Symbolposition; nicht vermessungstechnisch oder vor Ort bestätigt",
        "marker-color": "#f9a825",
        "marker-symbol": "water",
        "marker-size": "medium",
        "title": "605 - Bohrbrunnen"
      }
    },
    {
      "type": "Feature",
      "id": "606",
      "geometry": {
        "type": "Point",
        "coordinates": [
          8.515895,
          54.705939
        ]
      },
      "properties": {
        "id": "606",
        "typ": "Hydrant",
        "menge_l_min": 800,
        "quellkarte": "04_Foehr_Sued_Ost.pdf",
        "ortsname": "Föhr (Südost)",
        "ortsquelle": "04_Foehr_Sued_Ost.pdf",
        "zuordnungsabstand_relativ": 0.78,
        "pdf_x_pt": 1180.598,
        "pdf_y_von_oben_pt": 786.032,
        "koordinatenquelle": "eingebettete GeoPDF-Georeferenzierung",
        "lagehinweis": "kartografische Symbolposition; nicht vermessungstechnisch oder vor Ort bestätigt",
        "marker-color": "#1565c0",
        "marker-symbol": "fire-station",
        "marker-size": "medium",
        "title": "606 - Hydrant"
      }
    },
    {
      "type": "Feature",
      "id": "607",
      "geometry": {
        "type": "Point",
        "coordinates": [
          8.517642,
          54.70637
        ]
      },
      "properties": {
        "id": "607",
        "typ": "Hydrant",
        "menge_l_min": "unbekannt",
        "quellkarte": "04_Foehr_Sued_Ost.pdf",
        "ortsname": "Föhr (Südost)",
        "ortsquelle": "04_Foehr_Sued_Ost.pdf",
        "zuordnungsabstand_relativ": 0.82,
        "pdf_x_pt": 1238.803,
        "pdf_y_von_oben_pt": 761.688,
        "koordinatenquelle": "eingebettete GeoPDF-Georeferenzierung",
        "lagehinweis": "kartografische Symbolposition; nicht vermessungstechnisch oder vor Ort bestätigt",
        "marker-color": "#1565c0",
        "marker-symbol": "fire-station",
        "marker-size": "medium",
        "title": "607 - Hydrant"
      }
    },
    {
      "type": "Feature",
      "id": "608",
      "geometry": {
        "type": "Point",
        "coordinates": [
          8.516652,
          54.705452
        ]
      },
      "properties": {
        "id": "608",
        "typ": "Bohrbrunnen",
        "menge_l_min": null,
        "quellkarte": "04_Foehr_Sued_Ost.pdf",
        "ortsname": "Föhr (Südost)",
        "ortsquelle": "04_Foehr_Sued_Ost.pdf",
        "zuordnungsabstand_relativ": 0.987,
        "pdf_x_pt": 1205.542,
        "pdf_y_von_oben_pt": 814.083,
        "koordinatenquelle": "eingebettete GeoPDF-Georeferenzierung",
        "lagehinweis": "kartografische Symbolposition; nicht vermessungstechnisch oder vor Ort bestätigt",
        "marker-color": "#f9a825",
        "marker-symbol": "water",
        "marker-size": "medium",
        "title": "608 - Bohrbrunnen"
      }
    },
    {
      "type": "Feature",
      "id": "611",
      "geometry": {
        "type": "Point",
        "coordinates": [
          8.504491,
          54.701952
        ]
      },
      "properties": {
        "id": "611",
        "typ": "Hydrant",
        "menge_l_min": 800,
        "quellkarte": "04_Foehr_Sued_Ost.pdf",
        "ortsname": "Föhr (Südost)",
        "ortsquelle": "04_Foehr_Sued_Ost.pdf",
        "zuordnungsabstand_relativ": 0.818,
        "pdf_x_pt": 800.314,
        "pdf_y_von_oben_pt": 1012.108,
        "koordinatenquelle": "eingebettete GeoPDF-Georeferenzierung",
        "lagehinweis": "kartografische Symbolposition; nicht vermessungstechnisch oder vor Ort bestätigt",
        "marker-color": "#1565c0",
        "marker-symbol": "fire-station",
        "marker-size": "medium",
        "title": "611 - Hydrant"
      }
    },
    {
      "type": "Feature",
      "id": "612",
      "geometry": {
        "type": "Point",
        "coordinates": [
          8.499092,
          54.698588
        ]
      },
      "properties": {
        "id": "612",
        "typ": "Hydrant",
        "menge_l_min": 800,
        "quellkarte": "04_Foehr_Sued_Ost.pdf",
        "ortsname": "Föhr (Südost)",
        "ortsquelle": "04_Foehr_Sued_Ost.pdf",
        "zuordnungsabstand_relativ": 0.801,
        "pdf_x_pt": 619.63,
        "pdf_y_von_oben_pt": 1203.803,
        "koordinatenquelle": "eingebettete GeoPDF-Georeferenzierung",
        "lagehinweis": "kartografische Symbolposition; nicht vermessungstechnisch oder vor Ort bestätigt",
        "marker-color": "#1565c0",
        "marker-symbol": "fire-station",
        "marker-size": "medium",
        "title": "612 - Hydrant"
      }
    },
    {
      "type": "Feature",
      "id": "613",
      "geometry": {
        "type": "Point",
        "coordinates": [
          8.498588,
          54.698059
        ]
      },
      "properties": {
        "id": "613",
        "typ": "Bohrbrunnen",
        "menge_l_min": null,
        "quellkarte": "04_Foehr_Sued_Ost.pdf",
        "ortsname": "Föhr (Südost)",
        "ortsquelle": "04_Foehr_Sued_Ost.pdf",
        "zuordnungsabstand_relativ": 1.301,
        "pdf_x_pt": 602.689,
        "pdf_y_von_oben_pt": 1234.043,
        "koordinatenquelle": "eingebettete GeoPDF-Georeferenzierung",
        "lagehinweis": "kartografische Symbolposition; nicht vermessungstechnisch oder vor Ort bestätigt",
        "marker-color": "#f9a825",
        "marker-symbol": "water",
        "marker-size": "medium",
        "title": "613 - Bohrbrunnen"
      }
    },
    {
      "type": "Feature",
      "id": "621",
      "geometry": {
        "type": "Point",
        "coordinates": [
          8.526403,
          54.683455
        ]
      },
      "properties": {
        "id": "621",
        "typ": "Hydrant",
        "menge_l_min": 1600,
        "quellkarte": "04_Foehr_Sued_Ost.pdf",
        "ortsname": "Föhr (Südost)",
        "ortsquelle": "04_Foehr_Sued_Ost.pdf",
        "zuordnungsabstand_relativ": 0.901,
        "pdf_x_pt": 1520.913,
        "pdf_y_von_oben_pt": 2077.548,
        "koordinatenquelle": "eingebettete GeoPDF-Georeferenzierung",
        "lagehinweis": "kartografische Symbolposition; nicht vermessungstechnisch oder vor Ort bestätigt",
        "marker-color": "#1565c0",
        "marker-symbol": "fire-station",
        "marker-size": "medium",
        "title": "621 - Hydrant"
      }
    },
    {
      "type": "Feature",
      "id": "622",
      "geometry": {
        "type": "Point",
        "coordinates": [
          8.526172,
          54.682632
        ]
      },
      "properties": {
        "id": "622",
        "typ": "Hydrant",
        "menge_l_min": 1600,
        "quellkarte": "04_Foehr_Sued_Ost.pdf",
        "ortsname": "Föhr (Südost)",
        "ortsquelle": "04_Foehr_Sued_Ost.pdf",
        "zuordnungsabstand_relativ": 0.835,
        "pdf_x_pt": 1512.907,
        "pdf_y_von_oben_pt": 2124.691,
        "koordinatenquelle": "eingebettete GeoPDF-Georeferenzierung",
        "lagehinweis": "kartografische Symbolposition; nicht vermessungstechnisch oder vor Ort bestätigt",
        "marker-color": "#1565c0",
        "marker-symbol": "fire-station",
        "marker-size": "medium",
        "title": "622 - Hydrant"
      }
    },
    {
      "type": "Feature",
      "id": "623",
      "geometry": {
        "type": "Point",
        "coordinates": [
          8.524949,
          54.683595
        ]
      },
      "properties": {
        "id": "623",
        "typ": "Hydrant",
        "menge_l_min": 3200,
        "quellkarte": "04_Foehr_Sued_Ost.pdf",
        "ortsname": "Föhr (Südost)",
        "ortsquelle": "04_Foehr_Sued_Ost.pdf",
        "zuordnungsabstand_relativ": 0.989,
        "pdf_x_pt": 1472.66,
        "pdf_y_von_oben_pt": 2069.199,
        "koordinatenquelle": "eingebettete GeoPDF-Georeferenzierung",
        "lagehinweis": "kartografische Symbolposition; nicht vermessungstechnisch oder vor Ort bestätigt",
        "marker-color": "#1565c0",
        "marker-symbol": "fire-station",
        "marker-size": "medium",
        "title": "623 - Hydrant"
      }
    },
    {
      "type": "Feature",
      "id": "624",
      "geometry": {
        "type": "Point",
        "coordinates": [
          8.524744,
          54.68224
        ]
      },
      "properties": {
        "id": "624",
        "typ": "Hydrant",
        "menge_l_min": 1600,
        "quellkarte": "04_Foehr_Sued_Ost.pdf",
        "ortsname": "Föhr (Südost)",
        "ortsquelle": "04_Foehr_Sued_Ost.pdf",
        "zuordnungsabstand_relativ": 0.853,
        "pdf_x_pt": 1465.308,
        "pdf_y_von_oben_pt": 2146.82,
        "koordinatenquelle": "eingebettete GeoPDF-Georeferenzierung",
        "lagehinweis": "kartografische Symbolposition; nicht vermessungstechnisch oder vor Ort bestätigt",
        "marker-color": "#1565c0",
        "marker-symbol": "fire-station",
        "marker-size": "medium",
        "title": "624 - Hydrant"
      }
    },
    {
      "type": "Feature",
      "id": "625",
      "geometry": {
        "type": "Point",
        "coordinates": [
          8.523595,
          54.682162
        ]
      },
      "properties": {
        "id": "625",
        "typ": "Hydrant",
        "menge_l_min": 1600,
        "quellkarte": "04_Foehr_Sued_Ost.pdf",
        "ortsname": "Föhr (Südost)",
        "ortsquelle": "04_Foehr_Sued_Ost.pdf",
        "zuordnungsabstand_relativ": 0.792,
        "pdf_x_pt": 1427.121,
        "pdf_y_von_oben_pt": 2151.077,
        "koordinatenquelle": "eingebettete GeoPDF-Georeferenzierung",
        "lagehinweis": "kartografische Symbolposition; nicht vermessungstechnisch oder vor Ort bestätigt",
        "marker-color": "#1565c0",
        "marker-symbol": "fire-station",
        "marker-size": "medium",
        "title": "625 - Hydrant"
      }
    },
    {
      "type": "Feature",
      "id": "626",
      "geometry": {
        "type": "Point",
        "coordinates": [
          8.523391,
          54.683744
        ]
      },
      "properties": {
        "id": "626",
        "typ": "Hydrant",
        "menge_l_min": 1600,
        "quellkarte": "04_Foehr_Sued_Ost.pdf",
        "ortsname": "Föhr (Südost)",
        "ortsquelle": "04_Foehr_Sued_Ost.pdf",
        "zuordnungsabstand_relativ": 0.838,
        "pdf_x_pt": 1420.954,
        "pdf_y_von_oben_pt": 2060.279,
        "koordinatenquelle": "eingebettete GeoPDF-Georeferenzierung",
        "lagehinweis": "kartografische Symbolposition; nicht vermessungstechnisch oder vor Ort bestätigt",
        "marker-color": "#1565c0",
        "marker-symbol": "fire-station",
        "marker-size": "medium",
        "title": "626 - Hydrant"
      }
    },
    {
      "type": "Feature",
      "id": "627",
      "geometry": {
        "type": "Point",
        "coordinates": [
          8.522185,
          54.682768
        ]
      },
      "properties": {
        "id": "627",
        "typ": "Hydrant",
        "menge_l_min": 1600,
        "quellkarte": "04_Foehr_Sued_Ost.pdf",
        "ortsname": "Föhr (Südost)",
        "ortsquelle": "04_Foehr_Sued_Ost.pdf",
        "zuordnungsabstand_relativ": 1.271,
        "pdf_x_pt": 1380.483,
        "pdf_y_von_oben_pt": 2116.01,
        "koordinatenquelle": "eingebettete GeoPDF-Georeferenzierung",
        "lagehinweis": "kartografische Symbolposition; nicht vermessungstechnisch oder vor Ort bestätigt",
        "marker-color": "#1565c0",
        "marker-symbol": "fire-station",
        "marker-size": "medium",
        "title": "627 - Hydrant"
      }
    },
    {
      "type": "Feature",
      "id": "628",
      "geometry": {
        "type": "Point",
        "coordinates": [
          8.521574,
          54.683221
        ]
      },
      "properties": {
        "id": "628",
        "typ": "Hydrant",
        "menge_l_min": 1600,
        "quellkarte": "04_Foehr_Sued_Ost.pdf",
        "ortsname": "Föhr (Südost)",
        "ortsquelle": "04_Foehr_Sued_Ost.pdf",
        "zuordnungsabstand_relativ": 0.815,
        "pdf_x_pt": 1360.384,
        "pdf_y_von_oben_pt": 2089.883,
        "koordinatenquelle": "eingebettete GeoPDF-Georeferenzierung",
        "lagehinweis": "kartografische Symbolposition; nicht vermessungstechnisch oder vor Ort bestätigt",
        "marker-color": "#1565c0",
        "marker-symbol": "fire-station",
        "marker-size": "medium",
        "title": "628 - Hydrant"
      }
    },
    {
      "type": "Feature",
      "id": "629",
      "geometry": {
        "type": "Point",
        "coordinates": [
          8.522166,
          54.683845
        ]
      },
      "properties": {
        "id": "629",
        "typ": "Hydrant",
        "menge_l_min": 1600,
        "quellkarte": "04_Foehr_Sued_Ost.pdf",
        "ortsname": "Föhr (Südost)",
        "ortsquelle": "04_Foehr_Sued_Ost.pdf",
        "zuordnungsabstand_relativ": 0.816,
        "pdf_x_pt": 1380.267,
        "pdf_y_von_oben_pt": 2054.233,
        "koordinatenquelle": "eingebettete GeoPDF-Georeferenzierung",
        "lagehinweis": "kartografische Symbolposition; nicht vermessungstechnisch oder vor Ort bestätigt",
        "marker-color": "#1565c0",
        "marker-symbol": "fire-station",
        "marker-size": "medium",
        "title": "629 - Hydrant"
      }
    },
    {
      "type": "Feature",
      "id": "631",
      "geometry": {
        "type": "Point",
        "coordinates": [
          8.515485,
          54.684948
        ]
      },
      "properties": {
        "id": "631",
        "typ": "Hydrant",
        "menge_l_min": 1600,
        "quellkarte": "04_Foehr_Sued_Ost.pdf",
        "ortsname": "Föhr (Südost)",
        "ortsquelle": "04_Foehr_Sued_Ost.pdf",
        "zuordnungsabstand_relativ": 0.815,
        "pdf_x_pt": 1158.721,
        "pdf_y_von_oben_pt": 1989.541,
        "koordinatenquelle": "eingebettete GeoPDF-Georeferenzierung",
        "lagehinweis": "kartografische Symbolposition; nicht vermessungstechnisch oder vor Ort bestätigt",
        "marker-color": "#1565c0",
        "marker-symbol": "fire-station",
        "marker-size": "medium",
        "title": "631 - Hydrant"
      }
    },
    {
      "type": "Feature",
      "id": "632",
      "geometry": {
        "type": "Point",
        "coordinates": [
          8.514596,
          54.684147
        ]
      },
      "properties": {
        "id": "632",
        "typ": "Hydrant",
        "menge_l_min": 1600,
        "quellkarte": "04_Foehr_Sued_Ost.pdf",
        "ortsname": "Föhr (Südost)",
        "ortsquelle": "04_Foehr_Sued_Ost.pdf",
        "zuordnungsabstand_relativ": 0.886,
        "pdf_x_pt": 1128.876,
        "pdf_y_von_oben_pt": 2035.281,
        "koordinatenquelle": "eingebettete GeoPDF-Georeferenzierung",
        "lagehinweis": "kartografische Symbolposition; nicht vermessungstechnisch oder vor Ort bestätigt",
        "marker-color": "#1565c0",
        "marker-symbol": "fire-station",
        "marker-size": "medium",
        "title": "632 - Hydrant"
      }
    },
    {
      "type": "Feature",
      "id": "633",
      "geometry": {
        "type": "Point",
        "coordinates": [
          8.513728,
          54.683405
        ]
      },
      "properties": {
        "id": "633",
        "typ": "Hydrant",
        "menge_l_min": 1600,
        "quellkarte": "04_Foehr_Sued_Ost.pdf",
        "ortsname": "Föhr (Südost)",
        "ortsquelle": "04_Foehr_Sued_Ost.pdf",
        "zuordnungsabstand_relativ": 0.769,
        "pdf_x_pt": 1099.746,
        "pdf_y_von_oben_pt": 2077.623,
        "koordinatenquelle": "eingebettete GeoPDF-Georeferenzierung",
        "lagehinweis": "kartografische Symbolposition; nicht vermessungstechnisch oder vor Ort bestätigt",
        "marker-color": "#1565c0",
        "marker-symbol": "fire-station",
        "marker-size": "medium",
        "title": "633 - Hydrant"
      }
    },
    {
      "type": "Feature",
      "id": "634",
      "geometry": {
        "type": "Point",
        "coordinates": [
          8.513615,
          54.682666
        ]
      },
      "properties": {
        "id": "634",
        "typ": "Hydrant",
        "menge_l_min": 800,
        "quellkarte": "04_Foehr_Sued_Ost.pdf",
        "ortsname": "Föhr (Südost)",
        "ortsquelle": "04_Foehr_Sued_Ost.pdf",
        "zuordnungsabstand_relativ": 0.816,
        "pdf_x_pt": 1095.704,
        "pdf_y_von_oben_pt": 2119.951,
        "koordinatenquelle": "eingebettete GeoPDF-Georeferenzierung",
        "lagehinweis": "kartografische Symbolposition; nicht vermessungstechnisch oder vor Ort bestätigt",
        "marker-color": "#1565c0",
        "marker-symbol": "fire-station",
        "marker-size": "medium",
        "title": "634 - Hydrant"
      }
    },
    {
      "type": "Feature",
      "id": "635",
      "geometry": {
        "type": "Point",
        "coordinates": [
          8.514945,
          54.682287
        ]
      },
      "properties": {
        "id": "635",
        "typ": "Hydrant",
        "menge_l_min": 800,
        "quellkarte": "04_Foehr_Sued_Ost.pdf",
        "ortsname": "Föhr (Südost)",
        "ortsquelle": "04_Foehr_Sued_Ost.pdf",
        "zuordnungsabstand_relativ": 0.867,
        "pdf_x_pt": 1139.753,
        "pdf_y_von_oben_pt": 2141.977,
        "koordinatenquelle": "eingebettete GeoPDF-Georeferenzierung",
        "lagehinweis": "kartografische Symbolposition; nicht vermessungstechnisch oder vor Ort bestätigt",
        "marker-color": "#1565c0",
        "marker-symbol": "fire-station",
        "marker-size": "medium",
        "title": "635 - Hydrant"
      }
    },
    {
      "type": "Feature",
      "id": "636",
      "geometry": {
        "type": "Point",
        "coordinates": [
          8.515724,
          54.682636
        ]
      },
      "properties": {
        "id": "636",
        "typ": "Hydrant",
        "menge_l_min": 800,
        "quellkarte": "04_Foehr_Sued_Ost.pdf",
        "ortsname": "Föhr (Südost)",
        "ortsquelle": "04_Foehr_Sued_Ost.pdf",
        "zuordnungsabstand_relativ": 1.14,
        "pdf_x_pt": 1165.777,
        "pdf_y_von_oben_pt": 2122.121,
        "koordinatenquelle": "eingebettete GeoPDF-Georeferenzierung",
        "lagehinweis": "kartografische Symbolposition; nicht vermessungstechnisch oder vor Ort bestätigt",
        "marker-color": "#1565c0",
        "marker-symbol": "fire-station",
        "marker-size": "medium",
        "title": "636 - Hydrant"
      }
    },
    {
      "type": "Feature",
      "id": "637",
      "geometry": {
        "type": "Point",
        "coordinates": [
          8.515241,
          54.683456
        ]
      },
      "properties": {
        "id": "637",
        "typ": "Hydrant",
        "menge_l_min": 800,
        "quellkarte": "04_Foehr_Sued_Ost.pdf",
        "ortsname": "Föhr (Südost)",
        "ortsquelle": "04_Foehr_Sued_Ost.pdf",
        "zuordnungsabstand_relativ": 0.855,
        "pdf_x_pt": 1150.039,
        "pdf_y_von_oben_pt": 2075.007,
        "koordinatenquelle": "eingebettete GeoPDF-Georeferenzierung",
        "lagehinweis": "kartografische Symbolposition; nicht vermessungstechnisch oder vor Ort bestätigt",
        "marker-color": "#1565c0",
        "marker-symbol": "fire-station",
        "marker-size": "medium",
        "title": "637 - Hydrant"
      }
    },
    {
      "type": "Feature",
      "id": "638",
      "geometry": {
        "type": "Point",
        "coordinates": [
          8.513343,
          54.683984
        ]
      },
      "properties": {
        "id": "638",
        "typ": "Hydrant",
        "menge_l_min": 1600,
        "quellkarte": "04_Foehr_Sued_Ost.pdf",
        "ortsname": "Föhr (Südost)",
        "ortsquelle": "04_Foehr_Sued_Ost.pdf",
        "zuordnungsabstand_relativ": 0.802,
        "pdf_x_pt": 1087.182,
        "pdf_y_von_oben_pt": 2044.294,
        "koordinatenquelle": "eingebettete GeoPDF-Georeferenzierung",
        "lagehinweis": "kartografische Symbolposition; nicht vermessungstechnisch oder vor Ort bestätigt",
        "marker-color": "#1565c0",
        "marker-symbol": "fire-station",
        "marker-size": "medium",
        "title": "638 - Hydrant"
      }
    },
    {
      "type": "Feature",
      "id": "639",
      "geometry": {
        "type": "Point",
        "coordinates": [
          8.51184,
          54.684026
        ]
      },
      "properties": {
        "id": "639",
        "typ": "Hydrant",
        "menge_l_min": 1600,
        "quellkarte": "04_Foehr_Sued_Ost.pdf",
        "ortsname": "Föhr (Südost)",
        "ortsquelle": "04_Foehr_Sued_Ost.pdf",
        "zuordnungsabstand_relativ": 0.834,
        "pdf_x_pt": 1037.271,
        "pdf_y_von_oben_pt": 2041.597,
        "koordinatenquelle": "eingebettete GeoPDF-Georeferenzierung",
        "lagehinweis": "kartografische Symbolposition; nicht vermessungstechnisch oder vor Ort bestätigt",
        "marker-color": "#1565c0",
        "marker-symbol": "fire-station",
        "marker-size": "medium",
        "title": "639 - Hydrant"
      }
    },
    {
      "type": "Feature",
      "id": "641",
      "geometry": {
        "type": "Point",
        "coordinates": [
          8.507785,
          54.684274
        ]
      },
      "properties": {
        "id": "641",
        "typ": "E-Bohrbrunnen",
        "menge_l_min": null,
        "quellkarte": "04_Foehr_Sued_Ost.pdf",
        "ortsname": "Föhr (Südost)",
        "ortsquelle": "04_Foehr_Sued_Ost.pdf",
        "zuordnungsabstand_relativ": 0.974,
        "pdf_x_pt": 902.624,
        "pdf_y_von_oben_pt": 2026.444,
        "koordinatenquelle": "eingebettete GeoPDF-Georeferenzierung",
        "lagehinweis": "kartografische Symbolposition; nicht vermessungstechnisch oder vor Ort bestätigt",
        "marker-color": "#8e24aa",
        "marker-symbol": "industrial",
        "marker-size": "medium",
        "title": "641 - E-Bohrbrunnen"
      }
    },
    {
      "type": "Feature",
      "id": "642",
      "geometry": {
        "type": "Point",
        "coordinates": [
          8.508042,
          54.686749
        ]
      },
      "properties": {
        "id": "642",
        "typ": "Hydrant",
        "menge_l_min": 1600,
        "quellkarte": "04_Foehr_Sued_Ost.pdf",
        "ortsname": "Föhr (Südost)",
        "ortsquelle": "04_Foehr_Sued_Ost.pdf",
        "zuordnungsabstand_relativ": 0.901,
        "pdf_x_pt": 912.153,
        "pdf_y_von_oben_pt": 1884.629,
        "koordinatenquelle": "eingebettete GeoPDF-Georeferenzierung",
        "lagehinweis": "kartografische Symbolposition; nicht vermessungstechnisch oder vor Ort bestätigt",
        "marker-color": "#1565c0",
        "marker-symbol": "fire-station",
        "marker-size": "medium",
        "title": "642 - Hydrant"
      }
    },
    {
      "type": "Feature",
      "id": "643",
      "geometry": {
        "type": "Point",
        "coordinates": [
          8.499957,
          54.683188
        ]
      },
      "properties": {
        "id": "643",
        "typ": "Hydrant",
        "menge_l_min": 800,
        "quellkarte": "04_Foehr_Sued_Ost.pdf",
        "ortsname": "Föhr (Südost)",
        "ortsquelle": "04_Foehr_Sued_Ost.pdf",
        "zuordnungsabstand_relativ": 0.9,
        "pdf_x_pt": 642.073,
        "pdf_y_von_oben_pt": 2087.036,
        "koordinatenquelle": "eingebettete GeoPDF-Georeferenzierung",
        "lagehinweis": "kartografische Symbolposition; nicht vermessungstechnisch oder vor Ort bestätigt",
        "marker-color": "#1565c0",
        "marker-symbol": "fire-station",
        "marker-size": "medium",
        "title": "643 - Hydrant"
      }
    },
    {
      "type": "Feature",
      "id": "644",
      "geometry": {
        "type": "Point",
        "coordinates": [
          8.492949,
          54.68653
        ]
      },
      "properties": {
        "id": "644",
        "typ": "Hydrant",
        "menge_l_min": 800,
        "quellkarte": "04_Foehr_Sued_Ost.pdf",
        "ortsname": "Föhr (Südost)",
        "ortsquelle": "04_Foehr_Sued_Ost.pdf",
        "zuordnungsabstand_relativ": 0.775,
        "pdf_x_pt": 410.601,
        "pdf_y_von_oben_pt": 1893.835,
        "koordinatenquelle": "eingebettete GeoPDF-Georeferenzierung",
        "lagehinweis": "kartografische Symbolposition; nicht vermessungstechnisch oder vor Ort bestätigt",
        "marker-color": "#1565c0",
        "marker-symbol": "fire-station",
        "marker-size": "medium",
        "title": "644 - Hydrant"
      }
    },
    {
      "type": "Feature",
      "id": "645",
      "geometry": {
        "type": "Point",
        "coordinates": [
          8.493242,
          54.687532
        ]
      },
      "properties": {
        "id": "645",
        "typ": "Hydrant",
        "menge_l_min": 1600,
        "quellkarte": "04_Foehr_Sued_Ost.pdf",
        "ortsname": "Föhr (Südost)",
        "ortsquelle": "04_Foehr_Sued_Ost.pdf",
        "zuordnungsabstand_relativ": 0.829,
        "pdf_x_pt": 420.752,
        "pdf_y_von_oben_pt": 1836.434,
        "koordinatenquelle": "eingebettete GeoPDF-Georeferenzierung",
        "lagehinweis": "kartografische Symbolposition; nicht vermessungstechnisch oder vor Ort bestätigt",
        "marker-color": "#1565c0",
        "marker-symbol": "fire-station",
        "marker-size": "medium",
        "title": "645 - Hydrant"
      }
    },
    {
      "type": "Feature",
      "id": "646",
      "geometry": {
        "type": "Point",
        "coordinates": [
          8.49556,
          54.688511
        ]
      },
      "properties": {
        "id": "646",
        "typ": "Hydrant",
        "menge_l_min": 1600,
        "quellkarte": "04_Foehr_Sued_Ost.pdf",
        "ortsname": "Föhr (Südost)",
        "ortsquelle": "04_Foehr_Sued_Ost.pdf",
        "zuordnungsabstand_relativ": 1.095,
        "pdf_x_pt": 498.184,
        "pdf_y_von_oben_pt": 1780.821,
        "koordinatenquelle": "eingebettete GeoPDF-Georeferenzierung",
        "lagehinweis": "kartografische Symbolposition; nicht vermessungstechnisch oder vor Ort bestätigt",
        "marker-color": "#1565c0",
        "marker-symbol": "fire-station",
        "marker-size": "medium",
        "title": "646 - Hydrant"
      }
    },
    {
      "type": "Feature",
      "id": "647",
      "geometry": {
        "type": "Point",
        "coordinates": [
          8.492135,
          54.688271
        ]
      },
      "properties": {
        "id": "647",
        "typ": "Hydrant",
        "menge_l_min": 1600,
        "quellkarte": "04_Foehr_Sued_Ost.pdf",
        "ortsname": "Föhr (Südost)",
        "ortsquelle": "04_Foehr_Sued_Ost.pdf",
        "zuordnungsabstand_relativ": 1.409,
        "pdf_x_pt": 384.293,
        "pdf_y_von_oben_pt": 1793.808,
        "koordinatenquelle": "eingebettete GeoPDF-Georeferenzierung",
        "lagehinweis": "kartografische Symbolposition; nicht vermessungstechnisch oder vor Ort bestätigt",
        "marker-color": "#1565c0",
        "marker-symbol": "fire-station",
        "marker-size": "medium",
        "title": "647 - Hydrant"
      }
    },
    {
      "type": "Feature",
      "id": "648",
      "geometry": {
        "type": "Point",
        "coordinates": [
          8.491462,
          54.68783
        ]
      },
      "properties": {
        "id": "648",
        "typ": "Hydrant",
        "menge_l_min": 800,
        "quellkarte": "04_Foehr_Sued_Ost.pdf",
        "ortsname": "Föhr (Südost)",
        "ortsquelle": "04_Foehr_Sued_Ost.pdf",
        "zuordnungsabstand_relativ": 1.004,
        "pdf_x_pt": 361.764,
        "pdf_y_von_oben_pt": 1818.988,
        "koordinatenquelle": "eingebettete GeoPDF-Georeferenzierung",
        "lagehinweis": "kartografische Symbolposition; nicht vermessungstechnisch oder vor Ort bestätigt",
        "marker-color": "#1565c0",
        "marker-symbol": "fire-station",
        "marker-size": "medium",
        "title": "648 - Hydrant"
      }
    },
    {
      "type": "Feature",
      "id": "649",
      "geometry": {
        "type": "Point",
        "coordinates": [
          8.490749,
          54.68738
        ]
      },
      "properties": {
        "id": "649",
        "typ": "Hydrant",
        "menge_l_min": 800,
        "quellkarte": "04_Foehr_Sued_Ost.pdf",
        "ortsname": "Föhr (Südost)",
        "ortsquelle": "04_Foehr_Sued_Ost.pdf",
        "zuordnungsabstand_relativ": 1.175,
        "pdf_x_pt": 337.864,
        "pdf_y_von_oben_pt": 1844.607,
        "koordinatenquelle": "eingebettete GeoPDF-Georeferenzierung",
        "lagehinweis": "kartografische Symbolposition; nicht vermessungstechnisch oder vor Ort bestätigt",
        "marker-color": "#1565c0",
        "marker-symbol": "fire-station",
        "marker-size": "medium",
        "title": "649 - Hydrant"
      }
    },
    {
      "type": "Feature",
      "id": "651",
      "geometry": {
        "type": "Point",
        "coordinates": [
          8.489648,
          54.687283
        ]
      },
      "properties": {
        "id": "651",
        "typ": "Hydrant",
        "menge_l_min": 800,
        "quellkarte": "04_Foehr_Sued_Ost.pdf",
        "ortsname": "Föhr (Südost)",
        "ortsquelle": "04_Foehr_Sued_Ost.pdf",
        "zuordnungsabstand_relativ": 0.823,
        "pdf_x_pt": 301.244,
        "pdf_y_von_oben_pt": 1849.949,
        "koordinatenquelle": "eingebettete GeoPDF-Georeferenzierung",
        "lagehinweis": "kartografische Symbolposition; nicht vermessungstechnisch oder vor Ort bestätigt",
        "marker-color": "#1565c0",
        "marker-symbol": "fire-station",
        "marker-size": "medium",
        "title": "651 - Hydrant"
      }
    },
    {
      "type": "Feature",
      "id": "652",
      "geometry": {
        "type": "Point",
        "coordinates": [
          8.491483,
          54.688716
        ]
      },
      "properties": {
        "id": "652",
        "typ": "Hydrant",
        "menge_l_min": 1600,
        "quellkarte": "04_Foehr_Sued_Ost.pdf",
        "ortsname": "Föhr (Südost)",
        "ortsquelle": "04_Foehr_Sued_Ost.pdf",
        "zuordnungsabstand_relativ": 1.153,
        "pdf_x_pt": 362.802,
        "pdf_y_von_oben_pt": 1768.194,
        "koordinatenquelle": "eingebettete GeoPDF-Georeferenzierung",
        "lagehinweis": "kartografische Symbolposition; nicht vermessungstechnisch oder vor Ort bestätigt",
        "marker-color": "#1565c0",
        "marker-symbol": "fire-station",
        "marker-size": "medium",
        "title": "652 - Hydrant"
      }
    },
    {
      "type": "Feature",
      "id": "653",
      "geometry": {
        "type": "Point",
        "coordinates": [
          8.489818,
          54.68823
        ]
      },
      "properties": {
        "id": "653",
        "typ": "Hydrant",
        "menge_l_min": 800,
        "quellkarte": "04_Foehr_Sued_Ost.pdf",
        "ortsname": "Föhr (Südost)",
        "ortsquelle": "04_Foehr_Sued_Ost.pdf",
        "zuordnungsabstand_relativ": 1.413,
        "pdf_x_pt": 307.297,
        "pdf_y_von_oben_pt": 1795.666,
        "koordinatenquelle": "eingebettete GeoPDF-Georeferenzierung",
        "lagehinweis": "kartografische Symbolposition; nicht vermessungstechnisch oder vor Ort bestätigt",
        "marker-color": "#1565c0",
        "marker-symbol": "fire-station",
        "marker-size": "medium",
        "title": "653 - Hydrant"
      }
    },
    {
      "type": "Feature",
      "id": "654",
      "geometry": {
        "type": "Point",
        "coordinates": [
          8.489329,
          54.687972
        ]
      },
      "properties": {
        "id": "654",
        "typ": "Hydrant",
        "menge_l_min": 800,
        "quellkarte": "04_Foehr_Sued_Ost.pdf",
        "ortsname": "Föhr (Südost)",
        "ortsquelle": "04_Foehr_Sued_Ost.pdf",
        "zuordnungsabstand_relativ": 0.813,
        "pdf_x_pt": 290.953,
        "pdf_y_von_oben_pt": 1810.337,
        "koordinatenquelle": "eingebettete GeoPDF-Georeferenzierung",
        "lagehinweis": "kartografische Symbolposition; nicht vermessungstechnisch oder vor Ort bestätigt",
        "marker-color": "#1565c0",
        "marker-symbol": "fire-station",
        "marker-size": "medium",
        "title": "654 - Hydrant"
      }
    },
    {
      "type": "Feature",
      "id": "655",
      "geometry": {
        "type": "Point",
        "coordinates": [
          8.489134,
          54.68762
        ]
      },
      "properties": {
        "id": "655",
        "typ": "Hydrant",
        "menge_l_min": 800,
        "quellkarte": "04_Foehr_Sued_Ost.pdf",
        "ortsname": "Föhr (Südost)",
        "ortsquelle": "04_Foehr_Sued_Ost.pdf",
        "zuordnungsabstand_relativ": 0.994,
        "pdf_x_pt": 284.331,
        "pdf_y_von_oben_pt": 1830.52,
        "koordinatenquelle": "eingebettete GeoPDF-Georeferenzierung",
        "lagehinweis": "kartografische Symbolposition; nicht vermessungstechnisch oder vor Ort bestätigt",
        "marker-color": "#1565c0",
        "marker-symbol": "fire-station",
        "marker-size": "medium",
        "title": "655 - Hydrant"
      }
    },
    {
      "type": "Feature",
      "id": "656",
      "geometry": {
        "type": "Point",
        "coordinates": [
          8.493202,
          54.690278
        ]
      },
      "properties": {
        "id": "656",
        "typ": "Hydrant",
        "menge_l_min": 1600,
        "quellkarte": "04_Foehr_Sued_Ost.pdf",
        "ortsname": "Föhr (Südost)",
        "ortsquelle": "04_Foehr_Sued_Ost.pdf",
        "zuordnungsabstand_relativ": 0.822,
        "pdf_x_pt": 420.561,
        "pdf_y_von_oben_pt": 1679.005,
        "koordinatenquelle": "eingebettete GeoPDF-Georeferenzierung",
        "lagehinweis": "kartografische Symbolposition; nicht vermessungstechnisch oder vor Ort bestätigt",
        "marker-color": "#1565c0",
        "marker-symbol": "fire-station",
        "marker-size": "medium",
        "title": "656 - Hydrant"
      }
    },
    {
      "type": "Feature",
      "id": "657",
      "geometry": {
        "type": "Point",
        "coordinates": [
          8.491001,
          54.689174
        ]
      },
      "properties": {
        "id": "657",
        "typ": "Hydrant",
        "menge_l_min": 1600,
        "quellkarte": "04_Foehr_Sued_Ost.pdf",
        "ortsname": "Föhr (Südost)",
        "ortsquelle": "04_Foehr_Sued_Ost.pdf",
        "zuordnungsabstand_relativ": 1.271,
        "pdf_x_pt": 346.995,
        "pdf_y_von_oben_pt": 1741.828,
        "koordinatenquelle": "eingebettete GeoPDF-Georeferenzierung",
        "lagehinweis": "kartografische Symbolposition; nicht vermessungstechnisch oder vor Ort bestätigt",
        "marker-color": "#1565c0",
        "marker-symbol": "fire-station",
        "marker-size": "medium",
        "title": "657 - Hydrant"
      }
    },
    {
      "type": "Feature",
      "id": "658",
      "geometry": {
        "type": "Point",
        "coordinates": [
          8.495611,
          54.692392
        ]
      },
      "properties": {
        "id": "658",
        "typ": "Hydrant",
        "menge_l_min": 800,
        "quellkarte": "04_Foehr_Sued_Ost.pdf",
        "ortsname": "Föhr (Südost)",
        "ortsquelle": "04_Foehr_Sued_Ost.pdf",
        "zuordnungsabstand_relativ": 1.003,
        "pdf_x_pt": 501.465,
        "pdf_y_von_oben_pt": 1558.29,
        "koordinatenquelle": "eingebettete GeoPDF-Georeferenzierung",
        "lagehinweis": "kartografische Symbolposition; nicht vermessungstechnisch oder vor Ort bestätigt",
        "marker-color": "#1565c0",
        "marker-symbol": "fire-station",
        "marker-size": "medium",
        "title": "658 - Hydrant"
      }
    },
    {
      "type": "Feature",
      "id": "659",
      "geometry": {
        "type": "Point",
        "coordinates": [
          8.495122,
          54.696139
        ]
      },
      "properties": {
        "id": "659",
        "typ": "Hydrant",
        "menge_l_min": 800,
        "quellkarte": "04_Foehr_Sued_Ost.pdf",
        "ortsname": "Föhr (Südost)",
        "ortsquelle": "04_Foehr_Sued_Ost.pdf",
        "zuordnungsabstand_relativ": 0.801,
        "pdf_x_pt": 486.775,
        "pdf_y_von_oben_pt": 1343.383,
        "koordinatenquelle": "eingebettete GeoPDF-Georeferenzierung",
        "lagehinweis": "kartografische Symbolposition; nicht vermessungstechnisch oder vor Ort bestätigt",
        "marker-color": "#1565c0",
        "marker-symbol": "fire-station",
        "marker-size": "medium",
        "title": "659 - Hydrant"
      }
    },
    {
      "type": "Feature",
      "id": "661",
      "geometry": {
        "type": "Point",
        "coordinates": [
          8.493069,
          54.694128
        ]
      },
      "properties": {
        "id": "661",
        "typ": "Hydrant",
        "menge_l_min": 800,
        "quellkarte": "04_Foehr_Sued_Ost.pdf",
        "ortsname": "Föhr (Südost)",
        "ortsquelle": "04_Foehr_Sued_Ost.pdf",
        "zuordnungsabstand_relativ": 0.953,
        "pdf_x_pt": 417.741,
        "pdf_y_von_oben_pt": 1458.223,
        "koordinatenquelle": "eingebettete GeoPDF-Georeferenzierung",
        "lagehinweis": "kartografische Symbolposition; nicht vermessungstechnisch oder vor Ort bestätigt",
        "marker-color": "#1565c0",
        "marker-symbol": "fire-station",
        "marker-size": "medium",
        "title": "661 - Hydrant"
      }
    },
    {
      "type": "Feature",
      "id": "662",
      "geometry": {
        "type": "Point",
        "coordinates": [
          8.493913,
          54.693911
        ]
      },
      "properties": {
        "id": "662",
        "typ": "Hydrant",
        "menge_l_min": 800,
        "quellkarte": "04_Foehr_Sued_Ost.pdf",
        "ortsname": "Föhr (Südost)",
        "ortsquelle": "04_Foehr_Sued_Ost.pdf",
        "zuordnungsabstand_relativ": 0.853,
        "pdf_x_pt": 445.692,
        "pdf_y_von_oben_pt": 1470.832,
        "koordinatenquelle": "eingebettete GeoPDF-Georeferenzierung",
        "lagehinweis": "kartografische Symbolposition; nicht vermessungstechnisch oder vor Ort bestätigt",
        "marker-color": "#1565c0",
        "marker-symbol": "fire-station",
        "marker-size": "medium",
        "title": "662 - Hydrant"
      }
    },
    {
      "type": "Feature",
      "id": "663",
      "geometry": {
        "type": "Point",
        "coordinates": [
          8.491945,
          54.693246
        ]
      },
      "properties": {
        "id": "663",
        "typ": "Hydrant",
        "menge_l_min": 1600,
        "quellkarte": "04_Foehr_Sued_Ost.pdf",
        "ortsname": "Föhr (Südost)",
        "ortsquelle": "04_Foehr_Sued_Ost.pdf",
        "zuordnungsabstand_relativ": 0.794,
        "pdf_x_pt": 380.05,
        "pdf_y_von_oben_pt": 1508.507,
        "koordinatenquelle": "eingebettete GeoPDF-Georeferenzierung",
        "lagehinweis": "kartografische Symbolposition; nicht vermessungstechnisch oder vor Ort bestätigt",
        "marker-color": "#1565c0",
        "marker-symbol": "fire-station",
        "marker-size": "medium",
        "title": "663 - Hydrant"
      }
    },
    {
      "type": "Feature",
      "id": "664",
      "geometry": {
        "type": "Point",
        "coordinates": [
          8.491734,
          54.692442
        ]
      },
      "properties": {
        "id": "664",
        "typ": "Hydrant",
        "menge_l_min": 1600,
        "quellkarte": "04_Foehr_Sued_Ost.pdf",
        "ortsname": "Föhr (Südost)",
        "ortsquelle": "04_Foehr_Sued_Ost.pdf",
        "zuordnungsabstand_relativ": 0.942,
        "pdf_x_pt": 372.701,
        "pdf_y_von_oben_pt": 1554.564,
        "koordinatenquelle": "eingebettete GeoPDF-Georeferenzierung",
        "lagehinweis": "kartografische Symbolposition; nicht vermessungstechnisch oder vor Ort bestätigt",
        "marker-color": "#1565c0",
        "marker-symbol": "fire-station",
        "marker-size": "medium",
        "title": "664 - Hydrant"
      }
    },
    {
      "type": "Feature",
      "id": "665",
      "geometry": {
        "type": "Point",
        "coordinates": [
          8.493914,
          54.692419
        ]
      },
      "properties": {
        "id": "665",
        "typ": "Bohrbrunnen",
        "menge_l_min": null,
        "quellkarte": "04_Foehr_Sued_Ost.pdf",
        "ortsname": "Föhr (Südost)",
        "ortsquelle": "04_Foehr_Sued_Ost.pdf",
        "zuordnungsabstand_relativ": 1.034,
        "pdf_x_pt": 445.11,
        "pdf_y_von_oben_pt": 1556.393,
        "koordinatenquelle": "eingebettete GeoPDF-Georeferenzierung",
        "lagehinweis": "kartografische Symbolposition; nicht vermessungstechnisch oder vor Ort bestätigt",
        "marker-color": "#f9a825",
        "marker-symbol": "water",
        "marker-size": "medium",
        "title": "665 - Bohrbrunnen"
      }
    },
    {
      "type": "Feature",
      "id": "666",
      "geometry": {
        "type": "Point",
        "coordinates": [
          8.492183,
          54.690946
        ]
      },
      "properties": {
        "id": "666",
        "typ": "Bohrbrunnen",
        "menge_l_min": null,
        "quellkarte": "04_Foehr_Sued_Ost.pdf",
        "ortsname": "Föhr (Südost)",
        "ortsquelle": "04_Foehr_Sued_Ost.pdf",
        "zuordnungsabstand_relativ": 0.373,
        "pdf_x_pt": 386.978,
        "pdf_y_von_oben_pt": 1640.487,
        "koordinatenquelle": "eingebettete GeoPDF-Georeferenzierung",
        "lagehinweis": "kartografische Symbolposition; nicht vermessungstechnisch oder vor Ort bestätigt",
        "marker-color": "#f9a825",
        "marker-symbol": "water",
        "marker-size": "medium",
        "title": "666 - Bohrbrunnen"
      }
    },
    {
      "type": "Feature",
      "id": "668",
      "geometry": {
        "type": "Point",
        "coordinates": [
          8.490772,
          54.691198
        ]
      },
      "properties": {
        "id": "668",
        "typ": "Hydrant",
        "menge_l_min": 1600,
        "quellkarte": "04_Foehr_Sued_Ost.pdf",
        "ortsname": "Föhr (Südost)",
        "ortsquelle": "04_Foehr_Sued_Ost.pdf",
        "zuordnungsabstand_relativ": 0.812,
        "pdf_x_pt": 340.224,
        "pdf_y_von_oben_pt": 1625.719,
        "koordinatenquelle": "eingebettete GeoPDF-Georeferenzierung",
        "lagehinweis": "kartografische Symbolposition; nicht vermessungstechnisch oder vor Ort bestätigt",
        "marker-color": "#1565c0",
        "marker-symbol": "fire-station",
        "marker-size": "medium",
        "title": "668 - Hydrant"
      }
    },
    {
      "type": "Feature",
      "id": "669",
      "geometry": {
        "type": "Point",
        "coordinates": [
          8.49068,
          54.692527
        ]
      },
      "properties": {
        "id": "669",
        "typ": "Bohrbrunnen",
        "menge_l_min": null,
        "quellkarte": "04_Foehr_Sued_Ost.pdf",
        "ortsname": "Föhr (Südost)",
        "ortsquelle": "04_Foehr_Sued_Ost.pdf",
        "zuordnungsabstand_relativ": 0.984,
        "pdf_x_pt": 337.725,
        "pdf_y_von_oben_pt": 1549.502,
        "koordinatenquelle": "eingebettete GeoPDF-Georeferenzierung",
        "lagehinweis": "kartografische Symbolposition; nicht vermessungstechnisch oder vor Ort bestätigt",
        "marker-color": "#f9a825",
        "marker-symbol": "water",
        "marker-size": "medium",
        "title": "669 - Bohrbrunnen"
      }
    },
    {
      "type": "Feature",
      "id": "671",
      "geometry": {
        "type": "Point",
        "coordinates": [
          8.489388,
          54.693208
        ]
      },
      "properties": {
        "id": "671",
        "typ": "Hydrant",
        "menge_l_min": 800,
        "quellkarte": "04_Foehr_Sued_Ost.pdf",
        "ortsname": "Föhr (Südost)",
        "ortsquelle": "04_Foehr_Sued_Ost.pdf",
        "zuordnungsabstand_relativ": 0.841,
        "pdf_x_pt": 295.081,
        "pdf_y_von_oben_pt": 1510.131,
        "koordinatenquelle": "eingebettete GeoPDF-Georeferenzierung",
        "lagehinweis": "kartografische Symbolposition; nicht vermessungstechnisch oder vor Ort bestätigt",
        "marker-color": "#1565c0",
        "marker-symbol": "fire-station",
        "marker-size": "medium",
        "title": "671 - Hydrant"
      }
    },
    {
      "type": "Feature",
      "id": "672",
      "geometry": {
        "type": "Point",
        "coordinates": [
          8.489041,
          54.691934
        ]
      },
      "properties": {
        "id": "672",
        "typ": "Hydrant",
        "menge_l_min": 800,
        "quellkarte": "04_Foehr_Sued_Ost.pdf",
        "ortsname": "Föhr (Südost)",
        "ortsquelle": "04_Foehr_Sued_Ost.pdf",
        "zuordnungsabstand_relativ": 0.864,
        "pdf_x_pt": 283.026,
        "pdf_y_von_oben_pt": 1583.128,
        "koordinatenquelle": "eingebettete GeoPDF-Georeferenzierung",
        "lagehinweis": "kartografische Symbolposition; nicht vermessungstechnisch oder vor Ort bestätigt",
        "marker-color": "#1565c0",
        "marker-symbol": "fire-station",
        "marker-size": "medium",
        "title": "672 - Hydrant"
      }
    },
    {
      "type": "Feature",
      "id": "673",
      "geometry": {
        "type": "Point",
        "coordinates": [
          8.489528,
          54.691018
        ]
      },
      "properties": {
        "id": "673",
        "typ": "Hydrant",
        "menge_l_min": 1600,
        "quellkarte": "04_Foehr_Sued_Ost.pdf",
        "ortsname": "Föhr (Südost)",
        "ortsquelle": "04_Foehr_Sued_Ost.pdf",
        "zuordnungsabstand_relativ": 1.512,
        "pdf_x_pt": 298.819,
        "pdf_y_von_oben_pt": 1635.739,
        "koordinatenquelle": "eingebettete GeoPDF-Georeferenzierung",
        "lagehinweis": "kartografische Symbolposition; nicht vermessungstechnisch oder vor Ort bestätigt",
        "marker-color": "#1565c0",
        "marker-symbol": "fire-station",
        "marker-size": "medium",
        "title": "673 - Hydrant"
      }
    },
    {
      "type": "Feature",
      "id": "674",
      "geometry": {
        "type": "Point",
        "coordinates": [
          8.488109,
          54.691604
        ]
      },
      "properties": {
        "id": "674",
        "typ": "Bohrbrunnen",
        "menge_l_min": null,
        "quellkarte": "04_Foehr_Sued_Ost.pdf",
        "ortsname": "Föhr (Südost)",
        "ortsquelle": "04_Foehr_Sued_Ost.pdf",
        "zuordnungsabstand_relativ": 1.159,
        "pdf_x_pt": 251.942,
        "pdf_y_von_oben_pt": 1601.856,
        "koordinatenquelle": "eingebettete GeoPDF-Georeferenzierung",
        "lagehinweis": "kartografische Symbolposition; nicht vermessungstechnisch oder vor Ort bestätigt",
        "marker-color": "#f9a825",
        "marker-symbol": "water",
        "marker-size": "medium",
        "title": "674 - Bohrbrunnen"
      }
    },
    {
      "type": "Feature",
      "id": "675",
      "geometry": {
        "type": "Point",
        "coordinates": [
          8.48683,
          54.691157
        ]
      },
      "properties": {
        "id": "675",
        "typ": "Hydrant",
        "menge_l_min": 1600,
        "quellkarte": "04_Foehr_Sued_Ost.pdf",
        "ortsname": "Föhr (Südost)",
        "ortsquelle": "04_Foehr_Sued_Ost.pdf",
        "zuordnungsabstand_relativ": 0.873,
        "pdf_x_pt": 209.258,
        "pdf_y_von_oben_pt": 1627.199,
        "koordinatenquelle": "eingebettete GeoPDF-Georeferenzierung",
        "lagehinweis": "kartografische Symbolposition; nicht vermessungstechnisch oder vor Ort bestätigt",
        "marker-color": "#1565c0",
        "marker-symbol": "fire-station",
        "marker-size": "medium",
        "title": "675 - Hydrant"
      }
    },
    {
      "type": "Feature",
      "id": "676",
      "geometry": {
        "type": "Point",
        "coordinates": [
          8.485873,
          54.690492
        ]
      },
      "properties": {
        "id": "676",
        "typ": "Hydrant",
        "menge_l_min": 1600,
        "quellkarte": "04_Foehr_Sued_Ost.pdf",
        "ortsname": "Föhr (Südost)",
        "ortsquelle": "04_Foehr_Sued_Ost.pdf",
        "zuordnungsabstand_relativ": 1.007,
        "pdf_x_pt": 177.181,
        "pdf_y_von_oben_pt": 1665.101,
        "koordinatenquelle": "eingebettete GeoPDF-Georeferenzierung",
        "lagehinweis": "kartografische Symbolposition; nicht vermessungstechnisch oder vor Ort bestätigt",
        "marker-color": "#1565c0",
        "marker-symbol": "fire-station",
        "marker-size": "medium",
        "title": "676 - Hydrant"
      }
    },
    {
      "type": "Feature",
      "id": "678",
      "geometry": {
        "type": "Point",
        "coordinates": [
          8.487585,
          54.689968
        ]
      },
      "properties": {
        "id": "678",
        "typ": "Saugstelle",
        "menge_l_min": null,
        "quellkarte": "04_Foehr_Sued_Ost.pdf",
        "ortsname": "Föhr (Südost)",
        "ortsquelle": "04_Foehr_Sued_Ost.pdf",
        "zuordnungsabstand_relativ": 1.093,
        "pdf_x_pt": 233.849,
        "pdf_y_von_oben_pt": 1695.501,
        "koordinatenquelle": "eingebettete GeoPDF-Georeferenzierung",
        "lagehinweis": "kartografische Symbolposition; nicht vermessungstechnisch oder vor Ort bestätigt",
        "marker-color": "#00897b",
        "marker-symbol": "harbor",
        "marker-size": "medium",
        "title": "678 - Saugstelle"
      }
    },
    {
      "type": "Feature",
      "id": "679",
      "geometry": {
        "type": "Point",
        "coordinates": [
          8.487516,
          54.689018
        ]
      },
      "properties": {
        "id": "679",
        "typ": "Hydrant",
        "menge_l_min": 1600,
        "quellkarte": "04_Foehr_Sued_Ost.pdf",
        "ortsname": "Föhr (Südost)",
        "ortsquelle": "04_Foehr_Sued_Ost.pdf",
        "zuordnungsabstand_relativ": 0.836,
        "pdf_x_pt": 231.134,
        "pdf_y_von_oben_pt": 1749.994,
        "koordinatenquelle": "eingebettete GeoPDF-Georeferenzierung",
        "lagehinweis": "kartografische Symbolposition; nicht vermessungstechnisch oder vor Ort bestätigt",
        "marker-color": "#1565c0",
        "marker-symbol": "fire-station",
        "marker-size": "medium",
        "title": "679 - Hydrant"
      }
    },
    {
      "type": "Feature",
      "id": "681",
      "geometry": {
        "type": "Point",
        "coordinates": [
          8.484843,
          54.689851
        ]
      },
      "properties": {
        "id": "681",
        "typ": "Hydrant",
        "menge_l_min": 1600,
        "quellkarte": "04_Foehr_Sued_Ost.pdf",
        "ortsname": "Föhr (Südost)",
        "ortsquelle": "04_Foehr_Sued_Ost.pdf",
        "zuordnungsabstand_relativ": 0.986,
        "pdf_x_pt": 142.68,
        "pdf_y_von_oben_pt": 1701.621,
        "koordinatenquelle": "eingebettete GeoPDF-Georeferenzierung",
        "lagehinweis": "kartografische Symbolposition; nicht vermessungstechnisch oder vor Ort bestätigt",
        "marker-color": "#1565c0",
        "marker-symbol": "fire-station",
        "marker-size": "medium",
        "title": "681 - Hydrant"
      }
    },
    {
      "type": "Feature",
      "id": "682",
      "geometry": {
        "type": "Point",
        "coordinates": [
          8.485129,
          54.689243
        ]
      },
      "properties": {
        "id": "682",
        "typ": "Hydrant",
        "menge_l_min": 1600,
        "quellkarte": "04_Foehr_Sued_Ost.pdf",
        "ortsname": "Föhr (Südost)",
        "ortsquelle": "04_Foehr_Sued_Ost.pdf",
        "zuordnungsabstand_relativ": 0.954,
        "pdf_x_pt": 151.93,
        "pdf_y_von_oben_pt": 1736.577,
        "koordinatenquelle": "eingebettete GeoPDF-Georeferenzierung",
        "lagehinweis": "kartografische Symbolposition; nicht vermessungstechnisch oder vor Ort bestätigt",
        "marker-color": "#1565c0",
        "marker-symbol": "fire-station",
        "marker-size": "medium",
        "title": "682 - Hydrant"
      }
    },
    {
      "type": "Feature",
      "id": "683",
      "geometry": {
        "type": "Point",
        "coordinates": [
          8.485413,
          54.688629
        ]
      },
      "properties": {
        "id": "683",
        "typ": "Hydrant",
        "menge_l_min": 1600,
        "quellkarte": "04_Foehr_Sued_Ost.pdf",
        "ortsname": "Föhr (Südost)",
        "ortsquelle": "04_Foehr_Sued_Ost.pdf",
        "zuordnungsabstand_relativ": 0.957,
        "pdf_x_pt": 161.126,
        "pdf_y_von_oben_pt": 1771.811,
        "koordinatenquelle": "eingebettete GeoPDF-Georeferenzierung",
        "lagehinweis": "kartografische Symbolposition; nicht vermessungstechnisch oder vor Ort bestätigt",
        "marker-color": "#1565c0",
        "marker-symbol": "fire-station",
        "marker-size": "medium",
        "title": "683 - Hydrant"
      }
    },
    {
      "type": "Feature",
      "id": "684",
      "geometry": {
        "type": "Point",
        "coordinates": [
          8.486265,
          54.687381
        ]
      },
      "properties": {
        "id": "684",
        "typ": "Hydrant",
        "menge_l_min": 800,
        "quellkarte": "04_Foehr_Sued_Ost.pdf",
        "ortsname": "Föhr (Südost)",
        "ortsquelle": "04_Foehr_Sued_Ost.pdf",
        "zuordnungsabstand_relativ": 0.801,
        "pdf_x_pt": 188.911,
        "pdf_y_von_oben_pt": 1843.575,
        "koordinatenquelle": "eingebettete GeoPDF-Georeferenzierung",
        "lagehinweis": "kartografische Symbolposition; nicht vermessungstechnisch oder vor Ort bestätigt",
        "marker-color": "#1565c0",
        "marker-symbol": "fire-station",
        "marker-size": "medium",
        "title": "684 - Hydrant"
      }
    },
    {
      "type": "Feature",
      "id": "685",
      "geometry": {
        "type": "Point",
        "coordinates": [
          8.486764,
          54.687907
        ]
      },
      "properties": {
        "id": "685",
        "typ": "Hydrant",
        "menge_l_min": 1600,
        "quellkarte": "04_Foehr_Sued_Ost.pdf",
        "ortsname": "Föhr (Südost)",
        "ortsquelle": "04_Foehr_Sued_Ost.pdf",
        "zuordnungsabstand_relativ": 1.201,
        "pdf_x_pt": 205.691,
        "pdf_y_von_oben_pt": 1813.548,
        "koordinatenquelle": "eingebettete GeoPDF-Georeferenzierung",
        "lagehinweis": "kartografische Symbolposition; nicht vermessungstechnisch oder vor Ort bestätigt",
        "marker-color": "#1565c0",
        "marker-symbol": "fire-station",
        "marker-size": "medium",
        "title": "685 - Hydrant"
      }
    },
    {
      "type": "Feature",
      "id": "701",
      "geometry": {
        "type": "Point",
        "coordinates": [
          8.481509,
          54.690694
        ]
      },
      "properties": {
        "id": "701",
        "typ": "Hydrant",
        "menge_l_min": 1600,
        "quellkarte": "04_Foehr_Sued_Ost.pdf",
        "ortsname": "Föhr (Südost)",
        "ortsquelle": "04_Foehr_Sued_Ost.pdf",
        "zuordnungsabstand_relativ": 0.812,
        "pdf_x_pt": 32.285,
        "pdf_y_von_oben_pt": 1652.552,
        "koordinatenquelle": "eingebettete GeoPDF-Georeferenzierung",
        "lagehinweis": "kartografische Symbolposition; nicht vermessungstechnisch oder vor Ort bestätigt",
        "marker-color": "#1565c0",
        "marker-symbol": "fire-station",
        "marker-size": "medium",
        "title": "701 - Hydrant"
      }
    }
  ]
}