{
  "type": "FeatureCollection",
  "name": "04_Foehr_Sued_West",
  "features": [
    {
      "type": "Feature",
      "id": "644",
      "geometry": {
        "type": "Point",
        "coordinates": [
          8.492946,
          54.686535
        ]
      },
      "properties": {
        "id": "644",
        "typ": "Hydrant",
        "menge_l_min": 800,
        "quellkarte": "04_Foehr_Sued_West.pdf",
        "ortsname": "Föhr (Südwest)",
        "ortsquelle": "04_Foehr_Sued_West.pdf",
        "zuordnungsabstand_relativ": 0.773,
        "pdf_x_pt": 3244.866,
        "pdf_y_von_oben_pt": 2007.285,
        "koordinatenquelle": "eingebettete GeoPDF-Georeferenzierung",
        "lagehinweis": "kartografische Symbolposition; nicht vermessungstechnisch oder vor Ort bestätigt",
        "marker-color": "#1565c0",
        "marker-symbol": "fire-station",
        "marker-size": "medium",
        "title": "644 - Hydrant"
      }
    },
    {
      "type": "Feature",
      "id": "645",
      "geometry": {
        "type": "Point",
        "coordinates": [
          8.493242,
          54.687537
        ]
      },
      "properties": {
        "id": "645",
        "typ": "Hydrant",
        "menge_l_min": 1600,
        "quellkarte": "04_Foehr_Sued_West.pdf",
        "ortsname": "Föhr (Südwest)",
        "ortsquelle": "04_Foehr_Sued_West.pdf",
        "zuordnungsabstand_relativ": 0.829,
        "pdf_x_pt": 3255.119,
        "pdf_y_von_oben_pt": 1949.884,
        "koordinatenquelle": "eingebettete GeoPDF-Georeferenzierung",
        "lagehinweis": "kartografische Symbolposition; nicht vermessungstechnisch oder vor Ort bestätigt",
        "marker-color": "#1565c0",
        "marker-symbol": "fire-station",
        "marker-size": "medium",
        "title": "645 - Hydrant"
      }
    },
    {
      "type": "Feature",
      "id": "646",
      "geometry": {
        "type": "Point",
        "coordinates": [
          8.495557,
          54.688518
        ]
      },
      "properties": {
        "id": "646",
        "typ": "Hydrant",
        "menge_l_min": 1600,
        "quellkarte": "04_Foehr_Sued_West.pdf",
        "ortsname": "Föhr (Südwest)",
        "ortsquelle": "04_Foehr_Sued_West.pdf",
        "zuordnungsabstand_relativ": 1.099,
        "pdf_x_pt": 3332.449,
        "pdf_y_von_oben_pt": 1894.271,
        "koordinatenquelle": "eingebettete GeoPDF-Georeferenzierung",
        "lagehinweis": "kartografische Symbolposition; nicht vermessungstechnisch oder vor Ort bestätigt",
        "marker-color": "#1565c0",
        "marker-symbol": "fire-station",
        "marker-size": "medium",
        "title": "646 - Hydrant"
      }
    },
    {
      "type": "Feature",
      "id": "647",
      "geometry": {
        "type": "Point",
        "coordinates": [
          8.492135,
          54.688277
        ]
      },
      "properties": {
        "id": "647",
        "typ": "Hydrant",
        "menge_l_min": 1600,
        "quellkarte": "04_Foehr_Sued_West.pdf",
        "ortsname": "Föhr (Südwest)",
        "ortsquelle": "04_Foehr_Sued_West.pdf",
        "zuordnungsabstand_relativ": 1.417,
        "pdf_x_pt": 3218.66,
        "pdf_y_von_oben_pt": 1907.155,
        "koordinatenquelle": "eingebettete GeoPDF-Georeferenzierung",
        "lagehinweis": "kartografische Symbolposition; nicht vermessungstechnisch oder vor Ort bestätigt",
        "marker-color": "#1565c0",
        "marker-symbol": "fire-station",
        "marker-size": "medium",
        "title": "647 - Hydrant"
      }
    },
    {
      "type": "Feature",
      "id": "648",
      "geometry": {
        "type": "Point",
        "coordinates": [
          8.491463,
          54.687835
        ]
      },
      "properties": {
        "id": "648",
        "typ": "Hydrant",
        "menge_l_min": 800,
        "quellkarte": "04_Foehr_Sued_West.pdf",
        "ortsname": "Föhr (Südwest)",
        "ortsquelle": "04_Foehr_Sued_West.pdf",
        "zuordnungsabstand_relativ": 1.004,
        "pdf_x_pt": 3196.132,
        "pdf_y_von_oben_pt": 1932.335,
        "koordinatenquelle": "eingebettete GeoPDF-Georeferenzierung",
        "lagehinweis": "kartografische Symbolposition; nicht vermessungstechnisch oder vor Ort bestätigt",
        "marker-color": "#1565c0",
        "marker-symbol": "fire-station",
        "marker-size": "medium",
        "title": "648 - Hydrant"
      }
    },
    {
      "type": "Feature",
      "id": "649",
      "geometry": {
        "type": "Point",
        "coordinates": [
          8.490749,
          54.687385
        ]
      },
      "properties": {
        "id": "649",
        "typ": "Hydrant",
        "menge_l_min": 800,
        "quellkarte": "04_Foehr_Sued_West.pdf",
        "ortsname": "Föhr (Südwest)",
        "ortsquelle": "04_Foehr_Sued_West.pdf",
        "zuordnungsabstand_relativ": 1.181,
        "pdf_x_pt": 3172.232,
        "pdf_y_von_oben_pt": 1957.954,
        "koordinatenquelle": "eingebettete GeoPDF-Georeferenzierung",
        "lagehinweis": "kartografische Symbolposition; nicht vermessungstechnisch oder vor Ort bestätigt",
        "marker-color": "#1565c0",
        "marker-symbol": "fire-station",
        "marker-size": "medium",
        "title": "649 - Hydrant"
      }
    },
    {
      "type": "Feature",
      "id": "651",
      "geometry": {
        "type": "Point",
        "coordinates": [
          8.489648,
          54.687287
        ]
      },
      "properties": {
        "id": "651",
        "typ": "Hydrant",
        "menge_l_min": 800,
        "quellkarte": "04_Foehr_Sued_West.pdf",
        "ortsname": "Föhr (Südwest)",
        "ortsquelle": "04_Foehr_Sued_West.pdf",
        "zuordnungsabstand_relativ": 0.823,
        "pdf_x_pt": 3135.611,
        "pdf_y_von_oben_pt": 1963.296,
        "koordinatenquelle": "eingebettete GeoPDF-Georeferenzierung",
        "lagehinweis": "kartografische Symbolposition; nicht vermessungstechnisch oder vor Ort bestätigt",
        "marker-color": "#1565c0",
        "marker-symbol": "fire-station",
        "marker-size": "medium",
        "title": "651 - Hydrant"
      }
    },
    {
      "type": "Feature",
      "id": "652",
      "geometry": {
        "type": "Point",
        "coordinates": [
          8.491483,
          54.688721
        ]
      },
      "properties": {
        "id": "652",
        "typ": "Hydrant",
        "menge_l_min": 1600,
        "quellkarte": "04_Foehr_Sued_West.pdf",
        "ortsname": "Föhr (Südwest)",
        "ortsquelle": "04_Foehr_Sued_West.pdf",
        "zuordnungsabstand_relativ": 1.153,
        "pdf_x_pt": 3197.17,
        "pdf_y_von_oben_pt": 1881.541,
        "koordinatenquelle": "eingebettete GeoPDF-Georeferenzierung",
        "lagehinweis": "kartografische Symbolposition; nicht vermessungstechnisch oder vor Ort bestätigt",
        "marker-color": "#1565c0",
        "marker-symbol": "fire-station",
        "marker-size": "medium",
        "title": "652 - Hydrant"
      }
    },
    {
      "type": "Feature",
      "id": "653",
      "geometry": {
        "type": "Point",
        "coordinates": [
          8.489818,
          54.688234
        ]
      },
      "properties": {
        "id": "653",
        "typ": "Hydrant",
        "menge_l_min": 800,
        "quellkarte": "04_Foehr_Sued_West.pdf",
        "ortsname": "Föhr (Südwest)",
        "ortsquelle": "04_Foehr_Sued_West.pdf",
        "zuordnungsabstand_relativ": 1.412,
        "pdf_x_pt": 3141.665,
        "pdf_y_von_oben_pt": 1909.013,
        "koordinatenquelle": "eingebettete GeoPDF-Georeferenzierung",
        "lagehinweis": "kartografische Symbolposition; nicht vermessungstechnisch oder vor Ort bestätigt",
        "marker-color": "#1565c0",
        "marker-symbol": "fire-station",
        "marker-size": "medium",
        "title": "653 - Hydrant"
      }
    },
    {
      "type": "Feature",
      "id": "654",
      "geometry": {
        "type": "Point",
        "coordinates": [
          8.489326,
          54.687974
        ]
      },
      "properties": {
        "id": "654",
        "typ": "Hydrant",
        "menge_l_min": 800,
        "quellkarte": "04_Foehr_Sued_West.pdf",
        "ortsname": "Föhr (Südwest)",
        "ortsquelle": "04_Foehr_Sued_West.pdf",
        "zuordnungsabstand_relativ": 0.822,
        "pdf_x_pt": 3125.218,
        "pdf_y_von_oben_pt": 1923.787,
        "koordinatenquelle": "eingebettete GeoPDF-Georeferenzierung",
        "lagehinweis": "kartografische Symbolposition; nicht vermessungstechnisch oder vor Ort bestätigt",
        "marker-color": "#1565c0",
        "marker-symbol": "fire-station",
        "marker-size": "medium",
        "title": "654 - Hydrant"
      }
    },
    {
      "type": "Feature",
      "id": "655",
      "geometry": {
        "type": "Point",
        "coordinates": [
          8.489131,
          54.687623
        ]
      },
      "properties": {
        "id": "655",
        "typ": "Hydrant",
        "menge_l_min": 800,
        "quellkarte": "04_Foehr_Sued_West.pdf",
        "ortsname": "Föhr (Südwest)",
        "ortsquelle": "04_Foehr_Sued_West.pdf",
        "zuordnungsabstand_relativ": 0.995,
        "pdf_x_pt": 3118.596,
        "pdf_y_von_oben_pt": 1943.867,
        "koordinatenquelle": "eingebettete GeoPDF-Georeferenzierung",
        "lagehinweis": "kartografische Symbolposition; nicht vermessungstechnisch oder vor Ort bestätigt",
        "marker-color": "#1565c0",
        "marker-symbol": "fire-station",
        "marker-size": "medium",
        "title": "655 - Hydrant"
      }
    },
    {
      "type": "Feature",
      "id": "656",
      "geometry": {
        "type": "Point",
        "coordinates": [
          8.493199,
          54.690284
        ]
      },
      "properties": {
        "id": "656",
        "typ": "Hydrant",
        "menge_l_min": 1600,
        "quellkarte": "04_Foehr_Sued_West.pdf",
        "ortsname": "Föhr (Südwest)",
        "ortsquelle": "04_Foehr_Sued_West.pdf",
        "zuordnungsabstand_relativ": 0.831,
        "pdf_x_pt": 3254.826,
        "pdf_y_von_oben_pt": 1792.352,
        "koordinatenquelle": "eingebettete GeoPDF-Georeferenzierung",
        "lagehinweis": "kartografische Symbolposition; nicht vermessungstechnisch oder vor Ort bestätigt",
        "marker-color": "#1565c0",
        "marker-symbol": "fire-station",
        "marker-size": "medium",
        "title": "656 - Hydrant"
      }
    },
    {
      "type": "Feature",
      "id": "657",
      "geometry": {
        "type": "Point",
        "coordinates": [
          8.491001,
          54.689179
        ]
      },
      "properties": {
        "id": "657",
        "typ": "Hydrant",
        "menge_l_min": 1600,
        "quellkarte": "04_Foehr_Sued_West.pdf",
        "ortsname": "Föhr (Südwest)",
        "ortsquelle": "04_Foehr_Sued_West.pdf",
        "zuordnungsabstand_relativ": 1.271,
        "pdf_x_pt": 3181.363,
        "pdf_y_von_oben_pt": 1855.175,
        "koordinatenquelle": "eingebettete GeoPDF-Georeferenzierung",
        "lagehinweis": "kartografische Symbolposition; nicht vermessungstechnisch oder vor Ort bestätigt",
        "marker-color": "#1565c0",
        "marker-symbol": "fire-station",
        "marker-size": "medium",
        "title": "657 - Hydrant"
      }
    },
    {
      "type": "Feature",
      "id": "658",
      "geometry": {
        "type": "Point",
        "coordinates": [
          8.495611,
          54.692398
        ]
      },
      "properties": {
        "id": "658",
        "typ": "Hydrant",
        "menge_l_min": 800,
        "quellkarte": "04_Foehr_Sued_West.pdf",
        "ortsname": "Föhr (Südwest)",
        "ortsquelle": "04_Foehr_Sued_West.pdf",
        "zuordnungsabstand_relativ": 0.999,
        "pdf_x_pt": 3335.832,
        "pdf_y_von_oben_pt": 1671.74,
        "koordinatenquelle": "eingebettete GeoPDF-Georeferenzierung",
        "lagehinweis": "kartografische Symbolposition; nicht vermessungstechnisch oder vor Ort bestätigt",
        "marker-color": "#1565c0",
        "marker-symbol": "fire-station",
        "marker-size": "medium",
        "title": "658 - Hydrant"
      }
    },
    {
      "type": "Feature",
      "id": "659",
      "geometry": {
        "type": "Point",
        "coordinates": [
          8.495118,
          54.696145
        ]
      },
      "properties": {
        "id": "659",
        "typ": "Hydrant",
        "menge_l_min": 800,
        "quellkarte": "04_Foehr_Sued_West.pdf",
        "ortsname": "Föhr (Südwest)",
        "ortsquelle": "04_Foehr_Sued_West.pdf",
        "zuordnungsabstand_relativ": 0.812,
        "pdf_x_pt": 3321.04,
        "pdf_y_von_oben_pt": 1456.73,
        "koordinatenquelle": "eingebettete GeoPDF-Georeferenzierung",
        "lagehinweis": "kartografische Symbolposition; nicht vermessungstechnisch oder vor Ort bestätigt",
        "marker-color": "#1565c0",
        "marker-symbol": "fire-station",
        "marker-size": "medium",
        "title": "659 - Hydrant"
      }
    },
    {
      "type": "Feature",
      "id": "661",
      "geometry": {
        "type": "Point",
        "coordinates": [
          8.493068,
          54.694133
        ]
      },
      "properties": {
        "id": "661",
        "typ": "Hydrant",
        "menge_l_min": 800,
        "quellkarte": "04_Foehr_Sued_West.pdf",
        "ortsname": "Föhr (Südwest)",
        "ortsquelle": "04_Foehr_Sued_West.pdf",
        "zuordnungsabstand_relativ": 0.953,
        "pdf_x_pt": 3252.108,
        "pdf_y_von_oben_pt": 1571.57,
        "koordinatenquelle": "eingebettete GeoPDF-Georeferenzierung",
        "lagehinweis": "kartografische Symbolposition; nicht vermessungstechnisch oder vor Ort bestätigt",
        "marker-color": "#1565c0",
        "marker-symbol": "fire-station",
        "marker-size": "medium",
        "title": "661 - Hydrant"
      }
    },
    {
      "type": "Feature",
      "id": "662",
      "geometry": {
        "type": "Point",
        "coordinates": [
          8.493909,
          54.693917
        ]
      },
      "properties": {
        "id": "662",
        "typ": "Hydrant",
        "menge_l_min": 800,
        "quellkarte": "04_Foehr_Sued_West.pdf",
        "ortsname": "Föhr (Südwest)",
        "ortsquelle": "04_Foehr_Sued_West.pdf",
        "zuordnungsabstand_relativ": 0.865,
        "pdf_x_pt": 3279.957,
        "pdf_y_von_oben_pt": 1584.179,
        "koordinatenquelle": "eingebettete GeoPDF-Georeferenzierung",
        "lagehinweis": "kartografische Symbolposition; nicht vermessungstechnisch oder vor Ort bestätigt",
        "marker-color": "#1565c0",
        "marker-symbol": "fire-station",
        "marker-size": "medium",
        "title": "662 - Hydrant"
      }
    },
    {
      "type": "Feature",
      "id": "663",
      "geometry": {
        "type": "Point",
        "coordinates": [
          8.491945,
          54.693251
        ]
      },
      "properties": {
        "id": "663",
        "typ": "Hydrant",
        "menge_l_min": 1600,
        "quellkarte": "04_Foehr_Sued_West.pdf",
        "ortsname": "Föhr (Südwest)",
        "ortsquelle": "04_Foehr_Sued_West.pdf",
        "zuordnungsabstand_relativ": 0.794,
        "pdf_x_pt": 3214.418,
        "pdf_y_von_oben_pt": 1621.854,
        "koordinatenquelle": "eingebettete GeoPDF-Georeferenzierung",
        "lagehinweis": "kartografische Symbolposition; nicht vermessungstechnisch oder vor Ort bestätigt",
        "marker-color": "#1565c0",
        "marker-symbol": "fire-station",
        "marker-size": "medium",
        "title": "663 - Hydrant"
      }
    },
    {
      "type": "Feature",
      "id": "664",
      "geometry": {
        "type": "Point",
        "coordinates": [
          8.491734,
          54.692447
        ]
      },
      "properties": {
        "id": "664",
        "typ": "Hydrant",
        "menge_l_min": 1600,
        "quellkarte": "04_Foehr_Sued_West.pdf",
        "ortsname": "Föhr (Südwest)",
        "ortsquelle": "04_Foehr_Sued_West.pdf",
        "zuordnungsabstand_relativ": 0.942,
        "pdf_x_pt": 3207.068,
        "pdf_y_von_oben_pt": 1667.911,
        "koordinatenquelle": "eingebettete GeoPDF-Georeferenzierung",
        "lagehinweis": "kartografische Symbolposition; nicht vermessungstechnisch oder vor Ort bestätigt",
        "marker-color": "#1565c0",
        "marker-symbol": "fire-station",
        "marker-size": "medium",
        "title": "664 - Hydrant"
      }
    },
    {
      "type": "Feature",
      "id": "665",
      "geometry": {
        "type": "Point",
        "coordinates": [
          8.493911,
          54.692425
        ]
      },
      "properties": {
        "id": "665",
        "typ": "Bohrbrunnen",
        "menge_l_min": null,
        "quellkarte": "04_Foehr_Sued_West.pdf",
        "ortsname": "Föhr (Südwest)",
        "ortsquelle": "04_Foehr_Sued_West.pdf",
        "zuordnungsabstand_relativ": 1.021,
        "pdf_x_pt": 3279.374,
        "pdf_y_von_oben_pt": 1669.74,
        "koordinatenquelle": "eingebettete GeoPDF-Georeferenzierung",
        "lagehinweis": "kartografische Symbolposition; nicht vermessungstechnisch oder vor Ort bestätigt",
        "marker-color": "#f9a825",
        "marker-symbol": "water",
        "marker-size": "medium",
        "title": "665 - Bohrbrunnen"
      }
    },
    {
      "type": "Feature",
      "id": "666",
      "geometry": {
        "type": "Point",
        "coordinates": [
          8.492182,
          54.690951
        ]
      },
      "properties": {
        "id": "666",
        "typ": "Bohrbrunnen",
        "menge_l_min": null,
        "quellkarte": "04_Foehr_Sued_West.pdf",
        "ortsname": "Föhr (Südwest)",
        "ortsquelle": "04_Foehr_Sued_West.pdf",
        "zuordnungsabstand_relativ": 0.373,
        "pdf_x_pt": 3221.346,
        "pdf_y_von_oben_pt": 1753.834,
        "koordinatenquelle": "eingebettete GeoPDF-Georeferenzierung",
        "lagehinweis": "kartografische Symbolposition; nicht vermessungstechnisch oder vor Ort bestätigt",
        "marker-color": "#f9a825",
        "marker-symbol": "water",
        "marker-size": "medium",
        "title": "666 - Bohrbrunnen"
      }
    },
    {
      "type": "Feature",
      "id": "668",
      "geometry": {
        "type": "Point",
        "coordinates": [
          8.490769,
          54.6912
        ]
      },
      "properties": {
        "id": "668",
        "typ": "Hydrant",
        "menge_l_min": 1600,
        "quellkarte": "04_Foehr_Sued_West.pdf",
        "ortsname": "Föhr (Südwest)",
        "ortsquelle": "04_Foehr_Sued_West.pdf",
        "zuordnungsabstand_relativ": 0.81,
        "pdf_x_pt": 3174.488,
        "pdf_y_von_oben_pt": 1739.169,
        "koordinatenquelle": "eingebettete GeoPDF-Georeferenzierung",
        "lagehinweis": "kartografische Symbolposition; nicht vermessungstechnisch oder vor Ort bestätigt",
        "marker-color": "#1565c0",
        "marker-symbol": "fire-station",
        "marker-size": "medium",
        "title": "668 - Hydrant"
      }
    },
    {
      "type": "Feature",
      "id": "669",
      "geometry": {
        "type": "Point",
        "coordinates": [
          8.49068,
          54.692531
        ]
      },
      "properties": {
        "id": "669",
        "typ": "Bohrbrunnen",
        "menge_l_min": null,
        "quellkarte": "04_Foehr_Sued_West.pdf",
        "ortsname": "Föhr (Südwest)",
        "ortsquelle": "04_Foehr_Sued_West.pdf",
        "zuordnungsabstand_relativ": 0.984,
        "pdf_x_pt": 3172.093,
        "pdf_y_von_oben_pt": 1662.849,
        "koordinatenquelle": "eingebettete GeoPDF-Georeferenzierung",
        "lagehinweis": "kartografische Symbolposition; nicht vermessungstechnisch oder vor Ort bestätigt",
        "marker-color": "#f9a825",
        "marker-symbol": "water",
        "marker-size": "medium",
        "title": "669 - Bohrbrunnen"
      }
    },
    {
      "type": "Feature",
      "id": "671",
      "geometry": {
        "type": "Point",
        "coordinates": [
          8.489387,
          54.693209
        ]
      },
      "properties": {
        "id": "671",
        "typ": "Hydrant",
        "menge_l_min": 800,
        "quellkarte": "04_Foehr_Sued_West.pdf",
        "ortsname": "Föhr (Südwest)",
        "ortsquelle": "04_Foehr_Sued_West.pdf",
        "zuordnungsabstand_relativ": 0.837,
        "pdf_x_pt": 3129.449,
        "pdf_y_von_oben_pt": 1623.581,
        "koordinatenquelle": "eingebettete GeoPDF-Georeferenzierung",
        "lagehinweis": "kartografische Symbolposition; nicht vermessungstechnisch oder vor Ort bestätigt",
        "marker-color": "#1565c0",
        "marker-symbol": "fire-station",
        "marker-size": "medium",
        "title": "671 - Hydrant"
      }
    },
    {
      "type": "Feature",
      "id": "672",
      "geometry": {
        "type": "Point",
        "coordinates": [
          8.489041,
          54.691937
        ]
      },
      "properties": {
        "id": "672",
        "typ": "Hydrant",
        "menge_l_min": 800,
        "quellkarte": "04_Foehr_Sued_West.pdf",
        "ortsname": "Föhr (Südwest)",
        "ortsquelle": "04_Foehr_Sued_West.pdf",
        "zuordnungsabstand_relativ": 0.864,
        "pdf_x_pt": 3117.394,
        "pdf_y_von_oben_pt": 1696.476,
        "koordinatenquelle": "eingebettete GeoPDF-Georeferenzierung",
        "lagehinweis": "kartografische Symbolposition; nicht vermessungstechnisch oder vor Ort bestätigt",
        "marker-color": "#1565c0",
        "marker-symbol": "fire-station",
        "marker-size": "medium",
        "title": "672 - Hydrant"
      }
    },
    {
      "type": "Feature",
      "id": "673",
      "geometry": {
        "type": "Point",
        "coordinates": [
          8.489528,
          54.691022
        ]
      },
      "properties": {
        "id": "673",
        "typ": "Hydrant",
        "menge_l_min": 1600,
        "quellkarte": "04_Foehr_Sued_West.pdf",
        "ortsname": "Föhr (Südwest)",
        "ortsquelle": "04_Foehr_Sued_West.pdf",
        "zuordnungsabstand_relativ": 1.501,
        "pdf_x_pt": 3133.186,
        "pdf_y_von_oben_pt": 1749.086,
        "koordinatenquelle": "eingebettete GeoPDF-Georeferenzierung",
        "lagehinweis": "kartografische Symbolposition; nicht vermessungstechnisch oder vor Ort bestätigt",
        "marker-color": "#1565c0",
        "marker-symbol": "fire-station",
        "marker-size": "medium",
        "title": "673 - Hydrant"
      }
    },
    {
      "type": "Feature",
      "id": "674",
      "geometry": {
        "type": "Point",
        "coordinates": [
          8.488109,
          54.691606
        ]
      },
      "properties": {
        "id": "674",
        "typ": "Bohrbrunnen",
        "menge_l_min": null,
        "quellkarte": "04_Foehr_Sued_West.pdf",
        "ortsname": "Föhr (Südwest)",
        "ortsquelle": "04_Foehr_Sued_West.pdf",
        "zuordnungsabstand_relativ": 1.159,
        "pdf_x_pt": 3086.309,
        "pdf_y_von_oben_pt": 1715.203,
        "koordinatenquelle": "eingebettete GeoPDF-Georeferenzierung",
        "lagehinweis": "kartografische Symbolposition; nicht vermessungstechnisch oder vor Ort bestätigt",
        "marker-color": "#f9a825",
        "marker-symbol": "water",
        "marker-size": "medium",
        "title": "674 - Bohrbrunnen"
      }
    },
    {
      "type": "Feature",
      "id": "675",
      "geometry": {
        "type": "Point",
        "coordinates": [
          8.486827,
          54.691158
        ]
      },
      "properties": {
        "id": "675",
        "typ": "Hydrant",
        "menge_l_min": 1600,
        "quellkarte": "04_Foehr_Sued_West.pdf",
        "ortsname": "Föhr (Südwest)",
        "ortsquelle": "04_Foehr_Sued_West.pdf",
        "zuordnungsabstand_relativ": 0.873,
        "pdf_x_pt": 3043.523,
        "pdf_y_von_oben_pt": 1740.547,
        "koordinatenquelle": "eingebettete GeoPDF-Georeferenzierung",
        "lagehinweis": "kartografische Symbolposition; nicht vermessungstechnisch oder vor Ort bestätigt",
        "marker-color": "#1565c0",
        "marker-symbol": "fire-station",
        "marker-size": "medium",
        "title": "675 - Hydrant"
      }
    },
    {
      "type": "Feature",
      "id": "676",
      "geometry": {
        "type": "Point",
        "coordinates": [
          8.485873,
          54.690493
        ]
      },
      "properties": {
        "id": "676",
        "typ": "Hydrant",
        "menge_l_min": 1600,
        "quellkarte": "04_Foehr_Sued_West.pdf",
        "ortsname": "Föhr (Südwest)",
        "ortsquelle": "04_Foehr_Sued_West.pdf",
        "zuordnungsabstand_relativ": 1.007,
        "pdf_x_pt": 3011.548,
        "pdf_y_von_oben_pt": 1778.448,
        "koordinatenquelle": "eingebettete GeoPDF-Georeferenzierung",
        "lagehinweis": "kartografische Symbolposition; nicht vermessungstechnisch oder vor Ort bestätigt",
        "marker-color": "#1565c0",
        "marker-symbol": "fire-station",
        "marker-size": "medium",
        "title": "676 - Hydrant"
      }
    },
    {
      "type": "Feature",
      "id": "678",
      "geometry": {
        "type": "Point",
        "coordinates": [
          8.487585,
          54.689969
        ]
      },
      "properties": {
        "id": "678",
        "typ": "Saugstelle",
        "menge_l_min": null,
        "quellkarte": "04_Foehr_Sued_West.pdf",
        "ortsname": "Föhr (Südwest)",
        "ortsquelle": "04_Foehr_Sued_West.pdf",
        "zuordnungsabstand_relativ": 1.091,
        "pdf_x_pt": 3068.216,
        "pdf_y_von_oben_pt": 1808.951,
        "koordinatenquelle": "eingebettete GeoPDF-Georeferenzierung",
        "lagehinweis": "kartografische Symbolposition; nicht vermessungstechnisch oder vor Ort bestätigt",
        "marker-color": "#00897b",
        "marker-symbol": "harbor",
        "marker-size": "medium",
        "title": "678 - Saugstelle"
      }
    },
    {
      "type": "Feature",
      "id": "679",
      "geometry": {
        "type": "Point",
        "coordinates": [
          8.487512,
          54.689018
        ]
      },
      "properties": {
        "id": "679",
        "typ": "Hydrant",
        "menge_l_min": 1600,
        "quellkarte": "04_Foehr_Sued_West.pdf",
        "ortsname": "Föhr (Südwest)",
        "ortsquelle": "04_Foehr_Sued_West.pdf",
        "zuordnungsabstand_relativ": 0.842,
        "pdf_x_pt": 3065.398,
        "pdf_y_von_oben_pt": 1863.444,
        "koordinatenquelle": "eingebettete GeoPDF-Georeferenzierung",
        "lagehinweis": "kartografische Symbolposition; nicht vermessungstechnisch oder vor Ort bestätigt",
        "marker-color": "#1565c0",
        "marker-symbol": "fire-station",
        "marker-size": "medium",
        "title": "679 - Hydrant"
      }
    },
    {
      "type": "Feature",
      "id": "681",
      "geometry": {
        "type": "Point",
        "coordinates": [
          8.484842,
          54.689851
        ]
      },
      "properties": {
        "id": "681",
        "typ": "Hydrant",
        "menge_l_min": 1600,
        "quellkarte": "04_Foehr_Sued_West.pdf",
        "ortsname": "Föhr (Südwest)",
        "ortsquelle": "04_Foehr_Sued_West.pdf",
        "zuordnungsabstand_relativ": 0.981,
        "pdf_x_pt": 2977.048,
        "pdf_y_von_oben_pt": 1814.968,
        "koordinatenquelle": "eingebettete GeoPDF-Georeferenzierung",
        "lagehinweis": "kartografische Symbolposition; nicht vermessungstechnisch oder vor Ort bestätigt",
        "marker-color": "#1565c0",
        "marker-symbol": "fire-station",
        "marker-size": "medium",
        "title": "681 - Hydrant"
      }
    },
    {
      "type": "Feature",
      "id": "682",
      "geometry": {
        "type": "Point",
        "coordinates": [
          8.485125,
          54.689243
        ]
      },
      "properties": {
        "id": "682",
        "typ": "Hydrant",
        "menge_l_min": 1600,
        "quellkarte": "04_Foehr_Sued_West.pdf",
        "ortsname": "Föhr (Südwest)",
        "ortsquelle": "04_Foehr_Sued_West.pdf",
        "zuordnungsabstand_relativ": 0.946,
        "pdf_x_pt": 2986.194,
        "pdf_y_von_oben_pt": 1849.924,
        "koordinatenquelle": "eingebettete GeoPDF-Georeferenzierung",
        "lagehinweis": "kartografische Symbolposition; nicht vermessungstechnisch oder vor Ort bestätigt",
        "marker-color": "#1565c0",
        "marker-symbol": "fire-station",
        "marker-size": "medium",
        "title": "682 - Hydrant"
      }
    },
    {
      "type": "Feature",
      "id": "683",
      "geometry": {
        "type": "Point",
        "coordinates": [
          8.485413,
          54.68863
        ]
      },
      "properties": {
        "id": "683",
        "typ": "Hydrant",
        "menge_l_min": 1600,
        "quellkarte": "04_Foehr_Sued_West.pdf",
        "ortsname": "Föhr (Südwest)",
        "ortsquelle": "04_Foehr_Sued_West.pdf",
        "zuordnungsabstand_relativ": 0.957,
        "pdf_x_pt": 2995.494,
        "pdf_y_von_oben_pt": 1885.158,
        "koordinatenquelle": "eingebettete GeoPDF-Georeferenzierung",
        "lagehinweis": "kartografische Symbolposition; nicht vermessungstechnisch oder vor Ort bestätigt",
        "marker-color": "#1565c0",
        "marker-symbol": "fire-station",
        "marker-size": "medium",
        "title": "683 - Hydrant"
      }
    },
    {
      "type": "Feature",
      "id": "684",
      "geometry": {
        "type": "Point",
        "coordinates": [
          8.486265,
          54.687383
        ]
      },
      "properties": {
        "id": "684",
        "typ": "Hydrant",
        "menge_l_min": 800,
        "quellkarte": "04_Foehr_Sued_West.pdf",
        "ortsname": "Föhr (Südwest)",
        "ortsquelle": "04_Foehr_Sued_West.pdf",
        "zuordnungsabstand_relativ": 0.8,
        "pdf_x_pt": 3023.278,
        "pdf_y_von_oben_pt": 1956.922,
        "koordinatenquelle": "eingebettete GeoPDF-Georeferenzierung",
        "lagehinweis": "kartografische Symbolposition; nicht vermessungstechnisch oder vor Ort bestätigt",
        "marker-color": "#1565c0",
        "marker-symbol": "fire-station",
        "marker-size": "medium",
        "title": "684 - Hydrant"
      }
    },
    {
      "type": "Feature",
      "id": "685",
      "geometry": {
        "type": "Point",
        "coordinates": [
          8.486764,
          54.687908
        ]
      },
      "properties": {
        "id": "685",
        "typ": "Hydrant",
        "menge_l_min": 1600,
        "quellkarte": "04_Foehr_Sued_West.pdf",
        "ortsname": "Föhr (Südwest)",
        "ortsquelle": "04_Foehr_Sued_West.pdf",
        "zuordnungsabstand_relativ": 1.201,
        "pdf_x_pt": 3040.058,
        "pdf_y_von_oben_pt": 1926.895,
        "koordinatenquelle": "eingebettete GeoPDF-Georeferenzierung",
        "lagehinweis": "kartografische Symbolposition; nicht vermessungstechnisch oder vor Ort bestätigt",
        "marker-color": "#1565c0",
        "marker-symbol": "fire-station",
        "marker-size": "medium",
        "title": "685 - Hydrant"
      }
    },
    {
      "type": "Feature",
      "id": "701",
      "geometry": {
        "type": "Point",
        "coordinates": [
          8.481508,
          54.690691
        ]
      },
      "properties": {
        "id": "701",
        "typ": "Hydrant",
        "menge_l_min": 1600,
        "quellkarte": "04_Foehr_Sued_West.pdf",
        "ortsname": "Föhr (Südwest)",
        "ortsquelle": "04_Foehr_Sued_West.pdf",
        "zuordnungsabstand_relativ": 0.812,
        "pdf_x_pt": 2866.653,
        "pdf_y_von_oben_pt": 1765.899,
        "koordinatenquelle": "eingebettete GeoPDF-Georeferenzierung",
        "lagehinweis": "kartografische Symbolposition; nicht vermessungstechnisch oder vor Ort bestätigt",
        "marker-color": "#1565c0",
        "marker-symbol": "fire-station",
        "marker-size": "medium",
        "title": "701 - Hydrant"
      }
    },
    {
      "type": "Feature",
      "id": "702",
      "geometry": {
        "type": "Point",
        "coordinates": [
          8.47682,
          54.689877
        ]
      },
      "properties": {
        "id": "702",
        "typ": "Bohrbrunnen",
        "menge_l_min": null,
        "quellkarte": "04_Foehr_Sued_West.pdf",
        "ortsname": "Föhr (Südwest)",
        "ortsquelle": "04_Foehr_Sued_West.pdf",
        "zuordnungsabstand_relativ": 0.974,
        "pdf_x_pt": 2710.567,
        "pdf_y_von_oben_pt": 1811.373,
        "koordinatenquelle": "eingebettete GeoPDF-Georeferenzierung",
        "lagehinweis": "kartografische Symbolposition; nicht vermessungstechnisch oder vor Ort bestätigt",
        "marker-color": "#f9a825",
        "marker-symbol": "water",
        "marker-size": "medium",
        "title": "702 - Bohrbrunnen"
      }
    },
    {
      "type": "Feature",
      "id": "703",
      "geometry": {
        "type": "Point",
        "coordinates": [
          8.474366,
          54.689682
        ]
      },
      "properties": {
        "id": "703",
        "typ": "Hydrant",
        "menge_l_min": 1600,
        "quellkarte": "04_Foehr_Sued_West.pdf",
        "ortsname": "Föhr (Südwest)",
        "ortsquelle": "04_Foehr_Sued_West.pdf",
        "zuordnungsabstand_relativ": 1.184,
        "pdf_x_pt": 2628.964,
        "pdf_y_von_oben_pt": 1821.89,
        "koordinatenquelle": "eingebettete GeoPDF-Georeferenzierung",
        "lagehinweis": "kartografische Symbolposition; nicht vermessungstechnisch oder vor Ort bestätigt",
        "marker-color": "#1565c0",
        "marker-symbol": "fire-station",
        "marker-size": "medium",
        "title": "703 - Hydrant"
      }
    },
    {
      "type": "Feature",
      "id": "704",
      "geometry": {
        "type": "Point",
        "coordinates": [
          8.474398,
          54.688504
        ]
      },
      "properties": {
        "id": "704",
        "typ": "Hydrant",
        "menge_l_min": 800,
        "quellkarte": "04_Foehr_Sued_West.pdf",
        "ortsname": "Föhr (Südwest)",
        "ortsquelle": "04_Foehr_Sued_West.pdf",
        "zuordnungsabstand_relativ": 0.79,
        "pdf_x_pt": 2629.504,
        "pdf_y_von_oben_pt": 1889.47,
        "koordinatenquelle": "eingebettete GeoPDF-Georeferenzierung",
        "lagehinweis": "kartografische Symbolposition; nicht vermessungstechnisch oder vor Ort bestätigt",
        "marker-color": "#1565c0",
        "marker-symbol": "fire-station",
        "marker-size": "medium",
        "title": "704 - Hydrant"
      }
    },
    {
      "type": "Feature",
      "id": "705",
      "geometry": {
        "type": "Point",
        "coordinates": [
          8.472657,
          54.688348
        ]
      },
      "properties": {
        "id": "705",
        "typ": "Hydrant",
        "menge_l_min": 800,
        "quellkarte": "04_Foehr_Sued_West.pdf",
        "ortsname": "Föhr (Südwest)",
        "ortsquelle": "04_Foehr_Sued_West.pdf",
        "zuordnungsabstand_relativ": 0.777,
        "pdf_x_pt": 2571.591,
        "pdf_y_von_oben_pt": 1897.95,
        "koordinatenquelle": "eingebettete GeoPDF-Georeferenzierung",
        "lagehinweis": "kartografische Symbolposition; nicht vermessungstechnisch oder vor Ort bestätigt",
        "marker-color": "#1565c0",
        "marker-symbol": "fire-station",
        "marker-size": "medium",
        "title": "705 - Hydrant"
      }
    },
    {
      "type": "Feature",
      "id": "706",
      "geometry": {
        "type": "Point",
        "coordinates": [
          8.471149,
          54.688331
        ]
      },
      "properties": {
        "id": "706",
        "typ": "Hydrant",
        "menge_l_min": 800,
        "quellkarte": "04_Foehr_Sued_West.pdf",
        "ortsname": "Föhr (Südwest)",
        "ortsquelle": "04_Foehr_Sued_West.pdf",
        "zuordnungsabstand_relativ": 1.135,
        "pdf_x_pt": 2521.478,
        "pdf_y_von_oben_pt": 1898.505,
        "koordinatenquelle": "eingebettete GeoPDF-Georeferenzierung",
        "lagehinweis": "kartografische Symbolposition; nicht vermessungstechnisch oder vor Ort bestätigt",
        "marker-color": "#1565c0",
        "marker-symbol": "fire-station",
        "marker-size": "medium",
        "title": "706 - Hydrant"
      }
    },
    {
      "type": "Feature",
      "id": "707",
      "geometry": {
        "type": "Point",
        "coordinates": [
          8.469438,
          54.686428
        ]
      },
      "properties": {
        "id": "707",
        "typ": "Hydrant",
        "menge_l_min": 800,
        "quellkarte": "04_Foehr_Sued_West.pdf",
        "ortsname": "Föhr (Südwest)",
        "ortsquelle": "04_Foehr_Sued_West.pdf",
        "zuordnungsabstand_relativ": 0.837,
        "pdf_x_pt": 2463.828,
        "pdf_y_von_oben_pt": 2007.221,
        "koordinatenquelle": "eingebettete GeoPDF-Georeferenzierung",
        "lagehinweis": "kartografische Symbolposition; nicht vermessungstechnisch oder vor Ort bestätigt",
        "marker-color": "#1565c0",
        "marker-symbol": "fire-station",
        "marker-size": "medium",
        "title": "707 - Hydrant"
      }
    },
    {
      "type": "Feature",
      "id": "708",
      "geometry": {
        "type": "Point",
        "coordinates": [
          8.470774,
          54.686308
        ]
      },
      "properties": {
        "id": "708",
        "typ": "Hydrant",
        "menge_l_min": 800,
        "quellkarte": "04_Foehr_Sued_West.pdf",
        "ortsname": "Föhr (Südwest)",
        "ortsquelle": "04_Foehr_Sued_West.pdf",
        "zuordnungsabstand_relativ": 0.825,
        "pdf_x_pt": 2508.15,
        "pdf_y_von_oben_pt": 2014.42,
        "koordinatenquelle": "eingebettete GeoPDF-Georeferenzierung",
        "lagehinweis": "kartografische Symbolposition; nicht vermessungstechnisch oder vor Ort bestätigt",
        "marker-color": "#1565c0",
        "marker-symbol": "fire-station",
        "marker-size": "medium",
        "title": "708 - Hydrant"
      }
    },
    {
      "type": "Feature",
      "id": "709",
      "geometry": {
        "type": "Point",
        "coordinates": [
          8.468508,
          54.685961
        ]
      },
      "properties": {
        "id": "709",
        "typ": "Hydrant",
        "menge_l_min": 800,
        "quellkarte": "04_Foehr_Sued_West.pdf",
        "ortsname": "Föhr (Südwest)",
        "ortsquelle": "04_Foehr_Sued_West.pdf",
        "zuordnungsabstand_relativ": 0.815,
        "pdf_x_pt": 2432.706,
        "pdf_y_von_oben_pt": 2033.742,
        "koordinatenquelle": "eingebettete GeoPDF-Georeferenzierung",
        "lagehinweis": "kartografische Symbolposition; nicht vermessungstechnisch oder vor Ort bestätigt",
        "marker-color": "#1565c0",
        "marker-symbol": "fire-station",
        "marker-size": "medium",
        "title": "709 - Hydrant"
      }
    },
    {
      "type": "Feature",
      "id": "711",
      "geometry": {
        "type": "Point",
        "coordinates": [
          8.470158,
          54.688769
        ]
      },
      "properties": {
        "id": "711",
        "typ": "Hydrant",
        "menge_l_min": 1600,
        "quellkarte": "04_Foehr_Sued_West.pdf",
        "ortsname": "Föhr (Südwest)",
        "ortsquelle": "04_Foehr_Sued_West.pdf",
        "zuordnungsabstand_relativ": 0.986,
        "pdf_x_pt": 2488.762,
        "pdf_y_von_oben_pt": 1873.12,
        "koordinatenquelle": "eingebettete GeoPDF-Georeferenzierung",
        "lagehinweis": "kartografische Symbolposition; nicht vermessungstechnisch oder vor Ort bestätigt",
        "marker-color": "#1565c0",
        "marker-symbol": "fire-station",
        "marker-size": "medium",
        "title": "711 - Hydrant"
      }
    },
    {
      "type": "Feature",
      "id": "712",
      "geometry": {
        "type": "Point",
        "coordinates": [
          8.471605,
          54.689241
        ]
      },
      "properties": {
        "id": "712",
        "typ": "Bohrbrunnen",
        "menge_l_min": null,
        "quellkarte": "04_Foehr_Sued_West.pdf",
        "ortsname": "Föhr (Südwest)",
        "ortsquelle": "04_Foehr_Sued_West.pdf",
        "zuordnungsabstand_relativ": 1.232,
        "pdf_x_pt": 2537.045,
        "pdf_y_von_oben_pt": 1846.447,
        "koordinatenquelle": "eingebettete GeoPDF-Georeferenzierung",
        "lagehinweis": "kartografische Symbolposition; nicht vermessungstechnisch oder vor Ort bestätigt",
        "marker-color": "#f9a825",
        "marker-symbol": "water",
        "marker-size": "medium",
        "title": "712 - Bohrbrunnen"
      }
    },
    {
      "type": "Feature",
      "id": "713",
      "geometry": {
        "type": "Point",
        "coordinates": [
          8.471322,
          54.689602
        ]
      },
      "properties": {
        "id": "713",
        "typ": "Hydrant",
        "menge_l_min": 1600,
        "quellkarte": "04_Foehr_Sued_West.pdf",
        "ortsname": "Föhr (Südwest)",
        "ortsquelle": "04_Foehr_Sued_West.pdf",
        "zuordnungsabstand_relativ": 0.789,
        "pdf_x_pt": 2527.782,
        "pdf_y_von_oben_pt": 1825.679,
        "koordinatenquelle": "eingebettete GeoPDF-Georeferenzierung",
        "lagehinweis": "kartografische Symbolposition; nicht vermessungstechnisch oder vor Ort bestätigt",
        "marker-color": "#1565c0",
        "marker-symbol": "fire-station",
        "marker-size": "medium",
        "title": "713 - Hydrant"
      }
    },
    {
      "type": "Feature",
      "id": "714",
      "geometry": {
        "type": "Point",
        "coordinates": [
          8.471834,
          54.690622
        ]
      },
      "properties": {
        "id": "714",
        "typ": "Hydrant",
        "menge_l_min": 1600,
        "quellkarte": "04_Foehr_Sued_West.pdf",
        "ortsname": "Föhr (Südwest)",
        "ortsquelle": "04_Foehr_Sued_West.pdf",
        "zuordnungsabstand_relativ": 0.9,
        "pdf_x_pt": 2545.242,
        "pdf_y_von_oben_pt": 1767.344,
        "koordinatenquelle": "eingebettete GeoPDF-Georeferenzierung",
        "lagehinweis": "kartografische Symbolposition; nicht vermessungstechnisch oder vor Ort bestätigt",
        "marker-color": "#1565c0",
        "marker-symbol": "fire-station",
        "marker-size": "medium",
        "title": "714 - Hydrant"
      }
    },
    {
      "type": "Feature",
      "id": "715",
      "geometry": {
        "type": "Point",
        "coordinates": [
          8.471928,
          54.691991
        ]
      },
      "properties": {
        "id": "715",
        "typ": "Hydrant",
        "menge_l_min": 1600,
        "quellkarte": "04_Foehr_Sued_West.pdf",
        "ortsname": "Föhr (Südwest)",
        "ortsquelle": "04_Foehr_Sued_West.pdf",
        "zuordnungsabstand_relativ": 0.823,
        "pdf_x_pt": 2548.959,
        "pdf_y_von_oben_pt": 1688.856,
        "koordinatenquelle": "eingebettete GeoPDF-Georeferenzierung",
        "lagehinweis": "kartografische Symbolposition; nicht vermessungstechnisch oder vor Ort bestätigt",
        "marker-color": "#1565c0",
        "marker-symbol": "fire-station",
        "marker-size": "medium",
        "title": "715 - Hydrant"
      }
    },
    {
      "type": "Feature",
      "id": "716",
      "geometry": {
        "type": "Point",
        "coordinates": [
          8.468057,
          54.693274
        ]
      },
      "properties": {
        "id": "716",
        "typ": "Hydrant",
        "menge_l_min": 1600,
        "quellkarte": "04_Foehr_Sued_West.pdf",
        "ortsname": "Föhr (Südwest)",
        "ortsquelle": "04_Foehr_Sued_West.pdf",
        "zuordnungsabstand_relativ": 1.073,
        "pdf_x_pt": 2420.93,
        "pdf_y_von_oben_pt": 1614.218,
        "koordinatenquelle": "eingebettete GeoPDF-Georeferenzierung",
        "lagehinweis": "kartografische Symbolposition; nicht vermessungstechnisch oder vor Ort bestätigt",
        "marker-color": "#1565c0",
        "marker-symbol": "fire-station",
        "marker-size": "medium",
        "title": "716 - Hydrant"
      }
    },
    {
      "type": "Feature",
      "id": "717",
      "geometry": {
        "type": "Point",
        "coordinates": [
          8.464181,
          54.694214
        ]
      },
      "properties": {
        "id": "717",
        "typ": "Hydrant",
        "menge_l_min": 1600,
        "quellkarte": "04_Foehr_Sued_West.pdf",
        "ortsname": "Föhr (Südwest)",
        "ortsquelle": "04_Foehr_Sued_West.pdf",
        "zuordnungsabstand_relativ": 0.878,
        "pdf_x_pt": 2292.605,
        "pdf_y_von_oben_pt": 1559.32,
        "koordinatenquelle": "eingebettete GeoPDF-Georeferenzierung",
        "lagehinweis": "kartografische Symbolposition; nicht vermessungstechnisch oder vor Ort bestätigt",
        "marker-color": "#1565c0",
        "marker-symbol": "fire-station",
        "marker-size": "medium",
        "title": "717 - Hydrant"
      }
    },
    {
      "type": "Feature",
      "id": "725",
      "geometry": {
        "type": "Point",
        "coordinates": [
          8.463528,
          54.697144
        ]
      },
      "properties": {
        "id": "725",
        "typ": "Hydrant",
        "menge_l_min": 800,
        "quellkarte": "04_Foehr_Sued_West.pdf",
        "ortsname": "Föhr (Südwest)",
        "ortsquelle": "04_Foehr_Sued_West.pdf",
        "zuordnungsabstand_relativ": 0.858,
        "pdf_x_pt": 2272.222,
        "pdf_y_von_oben_pt": 1391.084,
        "koordinatenquelle": "eingebettete GeoPDF-Georeferenzierung",
        "lagehinweis": "kartografische Symbolposition; nicht vermessungstechnisch oder vor Ort bestätigt",
        "marker-color": "#1565c0",
        "marker-symbol": "fire-station",
        "marker-size": "medium",
        "title": "725 - Hydrant"
      }
    },
    {
      "type": "Feature",
      "id": "726",
      "geometry": {
        "type": "Point",
        "coordinates": [
          8.462803,
          54.697726
        ]
      },
      "properties": {
        "id": "726",
        "typ": "Hydrant",
        "menge_l_min": 800,
        "quellkarte": "04_Foehr_Sued_West.pdf",
        "ortsname": "Föhr (Südwest)",
        "ortsquelle": "04_Foehr_Sued_West.pdf",
        "zuordnungsabstand_relativ": 0.783,
        "pdf_x_pt": 2248.393,
        "pdf_y_von_oben_pt": 1357.547,
        "koordinatenquelle": "eingebettete GeoPDF-Georeferenzierung",
        "lagehinweis": "kartografische Symbolposition; nicht vermessungstechnisch oder vor Ort bestätigt",
        "marker-color": "#1565c0",
        "marker-symbol": "fire-station",
        "marker-size": "medium",
        "title": "726 - Hydrant"
      }
    },
    {
      "type": "Feature",
      "id": "727",
      "geometry": {
        "type": "Point",
        "coordinates": [
          8.461908,
          54.698426
        ]
      },
      "properties": {
        "id": "727",
        "typ": "Hydrant",
        "menge_l_min": 800,
        "quellkarte": "04_Foehr_Sued_West.pdf",
        "ortsname": "Föhr (Südwest)",
        "ortsquelle": "04_Foehr_Sued_West.pdf",
        "zuordnungsabstand_relativ": 1.011,
        "pdf_x_pt": 2218.974,
        "pdf_y_von_oben_pt": 1317.174,
        "koordinatenquelle": "eingebettete GeoPDF-Georeferenzierung",
        "lagehinweis": "kartografische Symbolposition; nicht vermessungstechnisch oder vor Ort bestätigt",
        "marker-color": "#1565c0",
        "marker-symbol": "fire-station",
        "marker-size": "medium",
        "title": "727 - Hydrant"
      }
    },
    {
      "type": "Feature",
      "id": "728",
      "geometry": {
        "type": "Point",
        "coordinates": [
          8.46114,
          54.697395
        ]
      },
      "properties": {
        "id": "728",
        "typ": "Hydrant",
        "menge_l_min": 800,
        "quellkarte": "04_Foehr_Sued_West.pdf",
        "ortsname": "Föhr (Südwest)",
        "ortsquelle": "04_Foehr_Sued_West.pdf",
        "zuordnungsabstand_relativ": 1.011,
        "pdf_x_pt": 2193.023,
        "pdf_y_von_oben_pt": 1376.088,
        "koordinatenquelle": "eingebettete GeoPDF-Georeferenzierung",
        "lagehinweis": "kartografische Symbolposition; nicht vermessungstechnisch oder vor Ort bestätigt",
        "marker-color": "#1565c0",
        "marker-symbol": "fire-station",
        "marker-size": "medium",
        "title": "728 - Hydrant"
      }
    },
    {
      "type": "Feature",
      "id": "729",
      "geometry": {
        "type": "Point",
        "coordinates": [
          8.459866,
          54.695136
        ]
      },
      "properties": {
        "id": "729",
        "typ": "Hydrant",
        "menge_l_min": 1600,
        "quellkarte": "04_Foehr_Sued_West.pdf",
        "ortsname": "Föhr (Südwest)",
        "ortsquelle": "04_Foehr_Sued_West.pdf",
        "zuordnungsabstand_relativ": 0.869,
        "pdf_x_pt": 2149.703,
        "pdf_y_von_oben_pt": 1505.318,
        "koordinatenquelle": "eingebettete GeoPDF-Georeferenzierung",
        "lagehinweis": "kartografische Symbolposition; nicht vermessungstechnisch oder vor Ort bestätigt",
        "marker-color": "#1565c0",
        "marker-symbol": "fire-station",
        "marker-size": "medium",
        "title": "729 - Hydrant"
      }
    },
    {
      "type": "Feature",
      "id": "731",
      "geometry": {
        "type": "Point",
        "coordinates": [
          8.461029,
          54.699132
        ]
      },
      "properties": {
        "id": "731",
        "typ": "Bohrbrunnen",
        "menge_l_min": null,
        "quellkarte": "04_Foehr_Sued_West.pdf",
        "ortsname": "Föhr (Südwest)",
        "ortsquelle": "04_Foehr_Sued_West.pdf",
        "zuordnungsabstand_relativ": 1.233,
        "pdf_x_pt": 2190.103,
        "pdf_y_von_oben_pt": 1276.42,
        "koordinatenquelle": "eingebettete GeoPDF-Georeferenzierung",
        "lagehinweis": "kartografische Symbolposition; nicht vermessungstechnisch oder vor Ort bestätigt",
        "marker-color": "#f9a825",
        "marker-symbol": "water",
        "marker-size": "medium",
        "title": "731 - Bohrbrunnen"
      }
    },
    {
      "type": "Feature",
      "id": "732",
      "geometry": {
        "type": "Point",
        "coordinates": [
          8.460837,
          54.699267
        ]
      },
      "properties": {
        "id": "732",
        "typ": "Hydrant",
        "menge_l_min": 800,
        "quellkarte": "04_Foehr_Sued_West.pdf",
        "ortsname": "Föhr (Südwest)",
        "ortsquelle": "04_Foehr_Sued_West.pdf",
        "zuordnungsabstand_relativ": 1.06,
        "pdf_x_pt": 2183.772,
        "pdf_y_von_oben_pt": 1268.662,
        "koordinatenquelle": "eingebettete GeoPDF-Georeferenzierung",
        "lagehinweis": "kartografische Symbolposition; nicht vermessungstechnisch oder vor Ort bestätigt",
        "marker-color": "#1565c0",
        "marker-symbol": "fire-station",
        "marker-size": "medium",
        "title": "732 - Hydrant"
      }
    },
    {
      "type": "Feature",
      "id": "733",
      "geometry": {
        "type": "Point",
        "coordinates": [
          8.459823,
          54.699902
        ]
      },
      "properties": {
        "id": "733",
        "typ": "Hydrant",
        "menge_l_min": 800,
        "quellkarte": "04_Foehr_Sued_West.pdf",
        "ortsname": "Föhr (Südwest)",
        "ortsquelle": "04_Foehr_Sued_West.pdf",
        "zuordnungsabstand_relativ": 0.889,
        "pdf_x_pt": 2150.37,
        "pdf_y_von_oben_pt": 1231.988,
        "koordinatenquelle": "eingebettete GeoPDF-Georeferenzierung",
        "lagehinweis": "kartografische Symbolposition; nicht vermessungstechnisch oder vor Ort bestätigt",
        "marker-color": "#1565c0",
        "marker-symbol": "fire-station",
        "marker-size": "medium",
        "title": "733 - Hydrant"
      }
    },
    {
      "type": "Feature",
      "id": "734",
      "geometry": {
        "type": "Point",
        "coordinates": [
          8.459078,
          54.699384
        ]
      },
      "properties": {
        "id": "734",
        "typ": "Hydrant",
        "menge_l_min": 800,
        "quellkarte": "04_Foehr_Sued_West.pdf",
        "ortsname": "Föhr (Südwest)",
        "ortsquelle": "04_Foehr_Sued_West.pdf",
        "zuordnungsabstand_relativ": 0.998,
        "pdf_x_pt": 2125.423,
        "pdf_y_von_oben_pt": 1261.473,
        "koordinatenquelle": "eingebettete GeoPDF-Georeferenzierung",
        "lagehinweis": "kartografische Symbolposition; nicht vermessungstechnisch oder vor Ort bestätigt",
        "marker-color": "#1565c0",
        "marker-symbol": "fire-station",
        "marker-size": "medium",
        "title": "734 - Hydrant"
      }
    },
    {
      "type": "Feature",
      "id": "735",
      "geometry": {
        "type": "Point",
        "coordinates": [
          8.458784,
          54.698919
        ]
      },
      "properties": {
        "id": "735",
        "typ": "Hydrant",
        "menge_l_min": 800,
        "quellkarte": "04_Foehr_Sued_West.pdf",
        "ortsname": "Föhr (Südwest)",
        "ortsquelle": "04_Foehr_Sued_West.pdf",
        "zuordnungsabstand_relativ": 0.827,
        "pdf_x_pt": 2115.452,
        "pdf_y_von_oben_pt": 1288.046,
        "koordinatenquelle": "eingebettete GeoPDF-Georeferenzierung",
        "lagehinweis": "kartografische Symbolposition; nicht vermessungstechnisch oder vor Ort bestätigt",
        "marker-color": "#1565c0",
        "marker-symbol": "fire-station",
        "marker-size": "medium",
        "title": "735 - Hydrant"
      }
    },
    {
      "type": "Feature",
      "id": "736",
      "geometry": {
        "type": "Point",
        "coordinates": [
          8.458607,
          54.698278
        ]
      },
      "properties": {
        "id": "736",
        "typ": "Hydrant",
        "menge_l_min": 800,
        "quellkarte": "04_Foehr_Sued_West.pdf",
        "ortsname": "Föhr (Südwest)",
        "ortsquelle": "04_Foehr_Sued_West.pdf",
        "zuordnungsabstand_relativ": 0.827,
        "pdf_x_pt": 2109.268,
        "pdf_y_von_oben_pt": 1324.772,
        "koordinatenquelle": "eingebettete GeoPDF-Georeferenzierung",
        "lagehinweis": "kartografische Symbolposition; nicht vermessungstechnisch oder vor Ort bestätigt",
        "marker-color": "#1565c0",
        "marker-symbol": "fire-station",
        "marker-size": "medium",
        "title": "736 - Hydrant"
      }
    },
    {
      "type": "Feature",
      "id": "737",
      "geometry": {
        "type": "Point",
        "coordinates": [
          8.458972,
          54.700386
        ]
      },
      "properties": {
        "id": "737",
        "typ": "Hydrant",
        "menge_l_min": 800,
        "quellkarte": "04_Foehr_Sued_West.pdf",
        "ortsname": "Föhr (Südwest)",
        "ortsquelle": "04_Foehr_Sued_West.pdf",
        "zuordnungsabstand_relativ": 1.04,
        "pdf_x_pt": 2122.324,
        "pdf_y_von_oben_pt": 1203.977,
        "koordinatenquelle": "eingebettete GeoPDF-Georeferenzierung",
        "lagehinweis": "kartografische Symbolposition; nicht vermessungstechnisch oder vor Ort bestätigt",
        "marker-color": "#1565c0",
        "marker-symbol": "fire-station",
        "marker-size": "medium",
        "title": "737 - Hydrant"
      }
    },
    {
      "type": "Feature",
      "id": "738",
      "geometry": {
        "type": "Point",
        "coordinates": [
          8.458055,
          54.700974
        ]
      },
      "properties": {
        "id": "738",
        "typ": "Hydrant",
        "menge_l_min": 1600,
        "quellkarte": "04_Foehr_Sued_West.pdf",
        "ortsname": "Föhr (Südwest)",
        "ortsquelle": "04_Foehr_Sued_West.pdf",
        "zuordnungsabstand_relativ": 0.771,
        "pdf_x_pt": 2092.156,
        "pdf_y_von_oben_pt": 1170.054,
        "koordinatenquelle": "eingebettete GeoPDF-Georeferenzierung",
        "lagehinweis": "kartografische Symbolposition; nicht vermessungstechnisch oder vor Ort bestätigt",
        "marker-color": "#1565c0",
        "marker-symbol": "fire-station",
        "marker-size": "medium",
        "title": "738 - Hydrant"
      }
    },
    {
      "type": "Feature",
      "id": "739",
      "geometry": {
        "type": "Point",
        "coordinates": [
          8.457386,
          54.701419
        ]
      },
      "properties": {
        "id": "739",
        "typ": "Hydrant",
        "menge_l_min": 1600,
        "quellkarte": "04_Foehr_Sued_West.pdf",
        "ortsname": "Föhr (Südwest)",
        "ortsquelle": "04_Foehr_Sued_West.pdf",
        "zuordnungsabstand_relativ": 0.807,
        "pdf_x_pt": 2070.122,
        "pdf_y_von_oben_pt": 1144.364,
        "koordinatenquelle": "eingebettete GeoPDF-Georeferenzierung",
        "lagehinweis": "kartografische Symbolposition; nicht vermessungstechnisch oder vor Ort bestätigt",
        "marker-color": "#1565c0",
        "marker-symbol": "fire-station",
        "marker-size": "medium",
        "title": "739 - Hydrant"
      }
    },
    {
      "type": "Feature",
      "id": "741",
      "geometry": {
        "type": "Point",
        "coordinates": [
          8.456893,
          54.701833
        ]
      },
      "properties": {
        "id": "741",
        "typ": "Hydrant",
        "menge_l_min": 1600,
        "quellkarte": "04_Foehr_Sued_West.pdf",
        "ortsname": "Föhr (Südwest)",
        "ortsquelle": "04_Foehr_Sued_West.pdf",
        "zuordnungsabstand_relativ": 0.831,
        "pdf_x_pt": 2053.921,
        "pdf_y_von_oben_pt": 1120.492,
        "koordinatenquelle": "eingebettete GeoPDF-Georeferenzierung",
        "lagehinweis": "kartografische Symbolposition; nicht vermessungstechnisch oder vor Ort bestätigt",
        "marker-color": "#1565c0",
        "marker-symbol": "fire-station",
        "marker-size": "medium",
        "title": "741 - Hydrant"
      }
    },
    {
      "type": "Feature",
      "id": "742",
      "geometry": {
        "type": "Point",
        "coordinates": [
          8.455937,
          54.700842
        ]
      },
      "properties": {
        "id": "742",
        "typ": "Bohrbrunnen",
        "menge_l_min": null,
        "quellkarte": "04_Foehr_Sued_West.pdf",
        "ortsname": "Föhr (Südwest)",
        "ortsquelle": "04_Foehr_Sued_West.pdf",
        "zuordnungsabstand_relativ": 0.984,
        "pdf_x_pt": 2021.724,
        "pdf_y_von_oben_pt": 1177.061,
        "koordinatenquelle": "eingebettete GeoPDF-Georeferenzierung",
        "lagehinweis": "kartografische Symbolposition; nicht vermessungstechnisch oder vor Ort bestätigt",
        "marker-color": "#f9a825",
        "marker-symbol": "water",
        "marker-size": "medium",
        "title": "742 - Bohrbrunnen"
      }
    },
    {
      "type": "Feature",
      "id": "743",
      "geometry": {
        "type": "Point",
        "coordinates": [
          8.456281,
          54.700537
        ]
      },
      "properties": {
        "id": "743",
        "typ": "Hydrant",
        "menge_l_min": 1600,
        "quellkarte": "04_Foehr_Sued_West.pdf",
        "ortsname": "Föhr (Südwest)",
        "ortsquelle": "04_Foehr_Sued_West.pdf",
        "zuordnungsabstand_relativ": 1.019,
        "pdf_x_pt": 2033.029,
        "pdf_y_von_oben_pt": 1194.636,
        "koordinatenquelle": "eingebettete GeoPDF-Georeferenzierung",
        "lagehinweis": "kartografische Symbolposition; nicht vermessungstechnisch oder vor Ort bestätigt",
        "marker-color": "#1565c0",
        "marker-symbol": "fire-station",
        "marker-size": "medium",
        "title": "743 - Hydrant"
      }
    },
    {
      "type": "Feature",
      "id": "744",
      "geometry": {
        "type": "Point",
        "coordinates": [
          8.457017,
          54.700248
        ]
      },
      "properties": {
        "id": "744",
        "typ": "Hydrant",
        "menge_l_min": 800,
        "quellkarte": "04_Foehr_Sued_West.pdf",
        "ortsname": "Föhr (Südwest)",
        "ortsquelle": "04_Foehr_Sued_West.pdf",
        "zuordnungsabstand_relativ": 0.845,
        "pdf_x_pt": 2057.356,
        "pdf_y_von_oben_pt": 1211.398,
        "koordinatenquelle": "eingebettete GeoPDF-Georeferenzierung",
        "lagehinweis": "kartografische Symbolposition; nicht vermessungstechnisch oder vor Ort bestätigt",
        "marker-color": "#1565c0",
        "marker-symbol": "fire-station",
        "marker-size": "medium",
        "title": "744 - Hydrant"
      }
    },
    {
      "type": "Feature",
      "id": "745",
      "geometry": {
        "type": "Point",
        "coordinates": [
          8.457457,
          54.699783
        ]
      },
      "properties": {
        "id": "745",
        "typ": "Hydrant",
        "menge_l_min": 800,
        "quellkarte": "04_Foehr_Sued_West.pdf",
        "ortsname": "Föhr (Südwest)",
        "ortsquelle": "04_Foehr_Sued_West.pdf",
        "zuordnungsabstand_relativ": 0.698,
        "pdf_x_pt": 2071.764,
        "pdf_y_von_oben_pt": 1238.173,
        "koordinatenquelle": "eingebettete GeoPDF-Georeferenzierung",
        "lagehinweis": "kartografische Symbolposition; nicht vermessungstechnisch oder vor Ort bestätigt",
        "marker-color": "#1565c0",
        "marker-symbol": "fire-station",
        "marker-size": "medium",
        "title": "745 - Hydrant"
      }
    },
    {
      "type": "Feature",
      "id": "746",
      "geometry": {
        "type": "Point",
        "coordinates": [
          8.458146,
          54.699389
        ]
      },
      "properties": {
        "id": "746",
        "typ": "Hydrant",
        "menge_l_min": 800,
        "quellkarte": "04_Foehr_Sued_West.pdf",
        "ortsname": "Föhr (Südwest)",
        "ortsquelle": "04_Foehr_Sued_West.pdf",
        "zuordnungsabstand_relativ": 0.791,
        "pdf_x_pt": 2094.456,
        "pdf_y_von_oben_pt": 1260.974,
        "koordinatenquelle": "eingebettete GeoPDF-Georeferenzierung",
        "lagehinweis": "kartografische Symbolposition; nicht vermessungstechnisch oder vor Ort bestätigt",
        "marker-color": "#1565c0",
        "marker-symbol": "fire-station",
        "marker-size": "medium",
        "title": "746 - Hydrant"
      }
    },
    {
      "type": "Feature",
      "id": "747",
      "geometry": {
        "type": "Point",
        "coordinates": [
          8.457839,
          54.699175
        ]
      },
      "properties": {
        "id": "747",
        "typ": "Bohrbrunnen",
        "menge_l_min": null,
        "quellkarte": "04_Foehr_Sued_West.pdf",
        "ortsname": "Föhr (Südwest)",
        "ortsquelle": "04_Foehr_Sued_West.pdf",
        "zuordnungsabstand_relativ": 0.987,
        "pdf_x_pt": 2084.159,
        "pdf_y_von_oben_pt": 1273.129,
        "koordinatenquelle": "eingebettete GeoPDF-Georeferenzierung",
        "lagehinweis": "kartografische Symbolposition; nicht vermessungstechnisch oder vor Ort bestätigt",
        "marker-color": "#f9a825",
        "marker-symbol": "water",
        "marker-size": "medium",
        "title": "747 - Bohrbrunnen"
      }
    },
    {
      "type": "Feature",
      "id": "748",
      "geometry": {
        "type": "Point",
        "coordinates": [
          8.45769,
          54.698705
        ]
      },
      "properties": {
        "id": "748",
        "typ": "Hydrant",
        "menge_l_min": 800,
        "quellkarte": "04_Foehr_Sued_West.pdf",
        "ortsname": "Föhr (Südwest)",
        "ortsquelle": "04_Foehr_Sued_West.pdf",
        "zuordnungsabstand_relativ": 1.708,
        "pdf_x_pt": 2078.995,
        "pdf_y_von_oben_pt": 1300.04,
        "koordinatenquelle": "eingebettete GeoPDF-Georeferenzierung",
        "lagehinweis": "kartografische Symbolposition; nicht vermessungstechnisch oder vor Ort bestätigt",
        "marker-color": "#1565c0",
        "marker-symbol": "fire-station",
        "marker-size": "medium",
        "title": "748 - Hydrant"
      }
    },
    {
      "type": "Feature",
      "id": "749",
      "geometry": {
        "type": "Point",
        "coordinates": [
          8.454931,
          54.699012
        ]
      },
      "properties": {
        "id": "749",
        "typ": "Hydrant",
        "menge_l_min": 1600,
        "quellkarte": "04_Foehr_Sued_West.pdf",
        "ortsname": "Föhr (Südwest)",
        "ortsquelle": "04_Foehr_Sued_West.pdf",
        "zuordnungsabstand_relativ": 0.895,
        "pdf_x_pt": 1987.509,
        "pdf_y_von_oben_pt": 1281.721,
        "koordinatenquelle": "eingebettete GeoPDF-Georeferenzierung",
        "lagehinweis": "kartografische Symbolposition; nicht vermessungstechnisch oder vor Ort bestätigt",
        "marker-color": "#1565c0",
        "marker-symbol": "fire-station",
        "marker-size": "medium",
        "title": "749 - Hydrant"
      }
    },
    {
      "type": "Feature",
      "id": "751",
      "geometry": {
        "type": "Point",
        "coordinates": [
          8.46245,
          54.701736
        ]
      },
      "properties": {
        "id": "751",
        "typ": "Hydrant",
        "menge_l_min": 1600,
        "quellkarte": "04_Foehr_Sued_West.pdf",
        "ortsname": "Föhr (Südwest)",
        "ortsquelle": "04_Foehr_Sued_West.pdf",
        "zuordnungsabstand_relativ": 0.82,
        "pdf_x_pt": 2238.451,
        "pdf_y_von_oben_pt": 1127.482,
        "koordinatenquelle": "eingebettete GeoPDF-Georeferenzierung",
        "lagehinweis": "kartografische Symbolposition; nicht vermessungstechnisch oder vor Ort bestätigt",
        "marker-color": "#1565c0",
        "marker-symbol": "fire-station",
        "marker-size": "medium",
        "title": "751 - Hydrant"
      }
    },
    {
      "type": "Feature",
      "id": "752",
      "geometry": {
        "type": "Point",
        "coordinates": [
          8.462399,
          54.701693
        ]
      },
      "properties": {
        "id": "752",
        "typ": "Hydrant",
        "menge_l_min": 1600,
        "quellkarte": "04_Foehr_Sued_West.pdf",
        "ortsname": "Föhr (Südwest)",
        "ortsquelle": "04_Foehr_Sued_West.pdf",
        "zuordnungsabstand_relativ": 0.927,
        "pdf_x_pt": 2236.719,
        "pdf_y_von_oben_pt": 1129.923,
        "koordinatenquelle": "eingebettete GeoPDF-Georeferenzierung",
        "lagehinweis": "kartografische Symbolposition; nicht vermessungstechnisch oder vor Ort bestätigt",
        "marker-color": "#1565c0",
        "marker-symbol": "fire-station",
        "marker-size": "medium",
        "title": "752 - Hydrant"
      }
    },
    {
      "type": "Feature",
      "id": "753",
      "geometry": {
        "type": "Point",
        "coordinates": [
          8.460701,
          54.701443
        ]
      },
      "properties": {
        "id": "753",
        "typ": "Hydrant",
        "menge_l_min": 1600,
        "quellkarte": "04_Foehr_Sued_West.pdf",
        "ortsname": "Föhr (Südwest)",
        "ortsquelle": "04_Foehr_Sued_West.pdf",
        "zuordnungsabstand_relativ": 1.134,
        "pdf_x_pt": 2180.216,
        "pdf_y_von_oben_pt": 1143.86,
        "koordinatenquelle": "eingebettete GeoPDF-Georeferenzierung",
        "lagehinweis": "kartografische Symbolposition; nicht vermessungstechnisch oder vor Ort bestätigt",
        "marker-color": "#1565c0",
        "marker-symbol": "fire-station",
        "marker-size": "medium",
        "title": "753 - Hydrant"
      }
    },
    {
      "type": "Feature",
      "id": "754",
      "geometry": {
        "type": "Point",
        "coordinates": [
          8.459489,
          54.702046
        ]
      },
      "properties": {
        "id": "754",
        "typ": "Hydrant",
        "menge_l_min": 1600,
        "quellkarte": "04_Foehr_Sued_West.pdf",
        "ortsname": "Föhr (Südwest)",
        "ortsquelle": "04_Foehr_Sued_West.pdf",
        "zuordnungsabstand_relativ": 1.073,
        "pdf_x_pt": 2140.256,
        "pdf_y_von_oben_pt": 1108.947,
        "koordinatenquelle": "eingebettete GeoPDF-Georeferenzierung",
        "lagehinweis": "kartografische Symbolposition; nicht vermessungstechnisch oder vor Ort bestätigt",
        "marker-color": "#1565c0",
        "marker-symbol": "fire-station",
        "marker-size": "medium",
        "title": "754 - Hydrant"
      }
    },
    {
      "type": "Feature",
      "id": "755",
      "geometry": {
        "type": "Point",
        "coordinates": [
          8.458067,
          54.702049
        ]
      },
      "properties": {
        "id": "755",
        "typ": "Hydrant",
        "menge_l_min": 1600,
        "quellkarte": "04_Foehr_Sued_West.pdf",
        "ortsname": "Föhr (Südwest)",
        "ortsquelle": "04_Foehr_Sued_West.pdf",
        "zuordnungsabstand_relativ": 1.049,
        "pdf_x_pt": 2093.029,
        "pdf_y_von_oben_pt": 1108.413,
        "koordinatenquelle": "eingebettete GeoPDF-Georeferenzierung",
        "lagehinweis": "kartografische Symbolposition; nicht vermessungstechnisch oder vor Ort bestätigt",
        "marker-color": "#1565c0",
        "marker-symbol": "fire-station",
        "marker-size": "medium",
        "title": "755 - Hydrant"
      }
    },
    {
      "type": "Feature",
      "id": "756",
      "geometry": {
        "type": "Point",
        "coordinates": [
          8.458726,
          54.702614
        ]
      },
      "properties": {
        "id": "756",
        "typ": "Hydrant",
        "menge_l_min": 1600,
        "quellkarte": "04_Foehr_Sued_West.pdf",
        "ortsname": "Föhr (Südwest)",
        "ortsquelle": "04_Foehr_Sued_West.pdf",
        "zuordnungsabstand_relativ": 1.139,
        "pdf_x_pt": 2115.162,
        "pdf_y_von_oben_pt": 1076.153,
        "koordinatenquelle": "eingebettete GeoPDF-Georeferenzierung",
        "lagehinweis": "kartografische Symbolposition; nicht vermessungstechnisch oder vor Ort bestätigt",
        "marker-color": "#1565c0",
        "marker-symbol": "fire-station",
        "marker-size": "medium",
        "title": "756 - Hydrant"
      }
    },
    {
      "type": "Feature",
      "id": "757",
      "geometry": {
        "type": "Point",
        "coordinates": [
          8.459019,
          54.702624
        ]
      },
      "properties": {
        "id": "757",
        "typ": "Bohrbrunnen",
        "menge_l_min": null,
        "quellkarte": "04_Foehr_Sued_West.pdf",
        "ortsname": "Föhr (Südwest)",
        "ortsquelle": "04_Foehr_Sued_West.pdf",
        "zuordnungsabstand_relativ": 1.075,
        "pdf_x_pt": 2124.891,
        "pdf_y_von_oben_pt": 1075.645,
        "koordinatenquelle": "eingebettete GeoPDF-Georeferenzierung",
        "lagehinweis": "kartografische Symbolposition; nicht vermessungstechnisch oder vor Ort bestätigt",
        "marker-color": "#f9a825",
        "marker-symbol": "water",
        "marker-size": "medium",
        "title": "757 - Bohrbrunnen"
      }
    },
    {
      "type": "Feature",
      "id": "758",
      "geometry": {
        "type": "Point",
        "coordinates": [
          8.458733,
          54.703619
        ]
      },
      "properties": {
        "id": "758",
        "typ": "Hydrant",
        "menge_l_min": 1600,
        "quellkarte": "04_Foehr_Sued_West.pdf",
        "ortsname": "Föhr (Südwest)",
        "ortsquelle": "04_Foehr_Sued_West.pdf",
        "zuordnungsabstand_relativ": 0.856,
        "pdf_x_pt": 2115.828,
        "pdf_y_von_oben_pt": 1018.52,
        "koordinatenquelle": "eingebettete GeoPDF-Georeferenzierung",
        "lagehinweis": "kartografische Symbolposition; nicht vermessungstechnisch oder vor Ort bestätigt",
        "marker-color": "#1565c0",
        "marker-symbol": "fire-station",
        "marker-size": "medium",
        "title": "758 - Hydrant"
      }
    },
    {
      "type": "Feature",
      "id": "759",
      "geometry": {
        "type": "Point",
        "coordinates": [
          8.457804,
          54.704541
        ]
      },
      "properties": {
        "id": "759",
        "typ": "Hydrant",
        "menge_l_min": 800,
        "quellkarte": "04_Foehr_Sued_West.pdf",
        "ortsname": "Föhr (Südwest)",
        "ortsquelle": "04_Foehr_Sued_West.pdf",
        "zuordnungsabstand_relativ": 0.848,
        "pdf_x_pt": 2085.381,
        "pdf_y_von_oben_pt": 965.42,
        "koordinatenquelle": "eingebettete GeoPDF-Georeferenzierung",
        "lagehinweis": "kartografische Symbolposition; nicht vermessungstechnisch oder vor Ort bestätigt",
        "marker-color": "#1565c0",
        "marker-symbol": "fire-station",
        "marker-size": "medium",
        "title": "759 - Hydrant"
      }
    },
    {
      "type": "Feature",
      "id": "761",
      "geometry": {
        "type": "Point",
        "coordinates": [
          8.454568,
          54.702372
        ]
      },
      "properties": {
        "id": "761",
        "typ": "Hydrant",
        "menge_l_min": 1600,
        "quellkarte": "04_Foehr_Sued_West.pdf",
        "ortsname": "Föhr (Südwest)",
        "ortsquelle": "04_Foehr_Sued_West.pdf",
        "zuordnungsabstand_relativ": 1.259,
        "pdf_x_pt": 1976.95,
        "pdf_y_von_oben_pt": 1088.919,
        "koordinatenquelle": "eingebettete GeoPDF-Georeferenzierung",
        "lagehinweis": "kartografische Symbolposition; nicht vermessungstechnisch oder vor Ort bestätigt",
        "marker-color": "#1565c0",
        "marker-symbol": "fire-station",
        "marker-size": "medium",
        "title": "761 - Hydrant"
      }
    },
    {
      "type": "Feature",
      "id": "762",
      "geometry": {
        "type": "Point",
        "coordinates": [
          8.45346,
          54.702653
        ]
      },
      "properties": {
        "id": "762",
        "typ": "Hydrant",
        "menge_l_min": 800,
        "quellkarte": "04_Foehr_Sued_West.pdf",
        "ortsname": "Föhr (Südwest)",
        "ortsquelle": "04_Foehr_Sued_West.pdf",
        "zuordnungsabstand_relativ": 0.828,
        "pdf_x_pt": 1940.277,
        "pdf_y_von_oben_pt": 1072.552,
        "koordinatenquelle": "eingebettete GeoPDF-Georeferenzierung",
        "lagehinweis": "kartografische Symbolposition; nicht vermessungstechnisch oder vor Ort bestätigt",
        "marker-color": "#1565c0",
        "marker-symbol": "fire-station",
        "marker-size": "medium",
        "title": "762 - Hydrant"
      }
    },
    {
      "type": "Feature",
      "id": "763",
      "geometry": {
        "type": "Point",
        "coordinates": [
          8.452325,
          54.703034
        ]
      },
      "properties": {
        "id": "763",
        "typ": "Hydrant",
        "menge_l_min": 800,
        "quellkarte": "04_Foehr_Sued_West.pdf",
        "ortsname": "Föhr (Südwest)",
        "ortsquelle": "04_Foehr_Sued_West.pdf",
        "zuordnungsabstand_relativ": 0.807,
        "pdf_x_pt": 1902.763,
        "pdf_y_von_oben_pt": 1050.387,
        "koordinatenquelle": "eingebettete GeoPDF-Georeferenzierung",
        "lagehinweis": "kartografische Symbolposition; nicht vermessungstechnisch oder vor Ort bestätigt",
        "marker-color": "#1565c0",
        "marker-symbol": "fire-station",
        "marker-size": "medium",
        "title": "763 - Hydrant"
      }
    },
    {
      "type": "Feature",
      "id": "764",
      "geometry": {
        "type": "Point",
        "coordinates": [
          8.453053,
          54.704278
        ]
      },
      "properties": {
        "id": "764",
        "typ": "Hydrant",
        "menge_l_min": 800,
        "quellkarte": "04_Foehr_Sued_West.pdf",
        "ortsname": "Föhr (Südwest)",
        "ortsquelle": "04_Foehr_Sued_West.pdf",
        "zuordnungsabstand_relativ": 1.064,
        "pdf_x_pt": 1927.504,
        "pdf_y_von_oben_pt": 979.265,
        "koordinatenquelle": "eingebettete GeoPDF-Georeferenzierung",
        "lagehinweis": "kartografische Symbolposition; nicht vermessungstechnisch oder vor Ort bestätigt",
        "marker-color": "#1565c0",
        "marker-symbol": "fire-station",
        "marker-size": "medium",
        "title": "764 - Hydrant"
      }
    },
    {
      "type": "Feature",
      "id": "765",
      "geometry": {
        "type": "Point",
        "coordinates": [
          8.453289,
          54.704446
        ]
      },
      "properties": {
        "id": "765",
        "typ": "Bohrbrunnen",
        "menge_l_min": null,
        "quellkarte": "04_Foehr_Sued_West.pdf",
        "ortsname": "Föhr (Südwest)",
        "ortsquelle": "04_Foehr_Sued_West.pdf",
        "zuordnungsabstand_relativ": 0.984,
        "pdf_x_pt": 1935.426,
        "pdf_y_von_oben_pt": 969.704,
        "koordinatenquelle": "eingebettete GeoPDF-Georeferenzierung",
        "lagehinweis": "kartografische Symbolposition; nicht vermessungstechnisch oder vor Ort bestätigt",
        "marker-color": "#f9a825",
        "marker-symbol": "water",
        "marker-size": "medium",
        "title": "765 - Bohrbrunnen"
      }
    },
    {
      "type": "Feature",
      "id": "766",
      "geometry": {
        "type": "Point",
        "coordinates": [
          8.454886,
          54.705211
        ]
      },
      "properties": {
        "id": "766",
        "typ": "Hydrant",
        "menge_l_min": 800,
        "quellkarte": "04_Foehr_Sued_West.pdf",
        "ortsname": "Föhr (Südwest)",
        "ortsquelle": "04_Foehr_Sued_West.pdf",
        "zuordnungsabstand_relativ": 0.781,
        "pdf_x_pt": 1988.794,
        "pdf_y_von_oben_pt": 926.225,
        "koordinatenquelle": "eingebettete GeoPDF-Georeferenzierung",
        "lagehinweis": "kartografische Symbolposition; nicht vermessungstechnisch oder vor Ort bestätigt",
        "marker-color": "#1565c0",
        "marker-symbol": "fire-station",
        "marker-size": "medium",
        "title": "766 - Hydrant"
      }
    },
    {
      "type": "Feature",
      "id": "767",
      "geometry": {
        "type": "Point",
        "coordinates": [
          8.444218,
          54.708379
        ]
      },
      "properties": {
        "id": "767",
        "typ": "Hydrant",
        "menge_l_min": 400,
        "quellkarte": "04_Foehr_Sued_West.pdf",
        "ortsname": "Föhr (Südwest)",
        "ortsquelle": "04_Foehr_Sued_West.pdf",
        "zuordnungsabstand_relativ": 0.929,
        "pdf_x_pt": 1635.985,
        "pdf_y_von_oben_pt": 741.776,
        "koordinatenquelle": "eingebettete GeoPDF-Georeferenzierung",
        "lagehinweis": "kartografische Symbolposition; nicht vermessungstechnisch oder vor Ort bestätigt",
        "marker-color": "#1565c0",
        "marker-symbol": "fire-station",
        "marker-size": "medium",
        "title": "767 - Hydrant"
      }
    },
    {
      "type": "Feature",
      "id": "774",
      "geometry": {
        "type": "Point",
        "coordinates": [
          8.479297,
          54.719918
        ]
      },
      "properties": {
        "id": "774",
        "typ": "Hydrant",
        "menge_l_min": 800,
        "quellkarte": "04_Foehr_Sued_West.pdf",
        "ortsname": "Föhr (Südwest)",
        "ortsquelle": "04_Foehr_Sued_West.pdf",
        "zuordnungsabstand_relativ": 0.814,
        "pdf_x_pt": 2805.737,
        "pdf_y_von_oben_pt": 89.209,
        "koordinatenquelle": "eingebettete GeoPDF-Georeferenzierung",
        "lagehinweis": "kartografische Symbolposition; nicht vermessungstechnisch oder vor Ort bestätigt",
        "marker-color": "#1565c0",
        "marker-symbol": "fire-station",
        "marker-size": "medium",
        "title": "774 - Hydrant"
      }
    },
    {
      "type": "Feature",
      "id": "775",
      "geometry": {
        "type": "Point",
        "coordinates": [
          8.475657,
          54.719941
        ]
      },
      "properties": {
        "id": "775",
        "typ": "Hydrant",
        "menge_l_min": 800,
        "quellkarte": "04_Foehr_Sued_West.pdf",
        "ortsname": "Föhr (Südwest)",
        "ortsquelle": "04_Foehr_Sued_West.pdf",
        "zuordnungsabstand_relativ": 0.923,
        "pdf_x_pt": 2684.939,
        "pdf_y_von_oben_pt": 86.903,
        "koordinatenquelle": "eingebettete GeoPDF-Georeferenzierung",
        "lagehinweis": "kartografische Symbolposition; nicht vermessungstechnisch oder vor Ort bestätigt",
        "marker-color": "#1565c0",
        "marker-symbol": "fire-station",
        "marker-size": "medium",
        "title": "775 - Hydrant"
      }
    },
    {
      "type": "Feature",
      "id": "780",
      "geometry": {
        "type": "Point",
        "coordinates": [
          8.442051,
          54.69805
        ]
      },
      "properties": {
        "id": "780",
        "typ": "Hydrant",
        "menge_l_min": 1600,
        "quellkarte": "04_Foehr_Sued_West.pdf",
        "ortsname": "Föhr (Südwest)",
        "ortsquelle": "04_Foehr_Sued_West.pdf",
        "zuordnungsabstand_relativ": 0.835,
        "pdf_x_pt": 1559.281,
        "pdf_y_von_oben_pt": 1333.481,
        "koordinatenquelle": "eingebettete GeoPDF-Georeferenzierung",
        "lagehinweis": "kartografische Symbolposition; nicht vermessungstechnisch oder vor Ort bestätigt",
        "marker-color": "#1565c0",
        "marker-symbol": "fire-station",
        "marker-size": "medium",
        "title": "780 - Hydrant"
      }
    },
    {
      "type": "Feature",
      "id": "781",
      "geometry": {
        "type": "Point",
        "coordinates": [
          8.442073,
          54.699002
        ]
      },
      "properties": {
        "id": "781",
        "typ": "Hydrant",
        "menge_l_min": 1600,
        "quellkarte": "04_Foehr_Sued_West.pdf",
        "ortsname": "Föhr (Südwest)",
        "ortsquelle": "04_Foehr_Sued_West.pdf",
        "zuordnungsabstand_relativ": 0.892,
        "pdf_x_pt": 1560.469,
        "pdf_y_von_oben_pt": 1278.923,
        "koordinatenquelle": "eingebettete GeoPDF-Georeferenzierung",
        "lagehinweis": "kartografische Symbolposition; nicht vermessungstechnisch oder vor Ort bestätigt",
        "marker-color": "#1565c0",
        "marker-symbol": "fire-station",
        "marker-size": "medium",
        "title": "781 - Hydrant"
      }
    },
    {
      "type": "Feature",
      "id": "782",
      "geometry": {
        "type": "Point",
        "coordinates": [
          8.442464,
          54.699942
        ]
      },
      "properties": {
        "id": "782",
        "typ": "Hydrant",
        "menge_l_min": 800,
        "quellkarte": "04_Foehr_Sued_West.pdf",
        "ortsname": "Föhr (Südwest)",
        "ortsquelle": "04_Foehr_Sued_West.pdf",
        "zuordnungsabstand_relativ": 0.787,
        "pdf_x_pt": 1573.883,
        "pdf_y_von_oben_pt": 1225.108,
        "koordinatenquelle": "eingebettete GeoPDF-Georeferenzierung",
        "lagehinweis": "kartografische Symbolposition; nicht vermessungstechnisch oder vor Ort bestätigt",
        "marker-color": "#1565c0",
        "marker-symbol": "fire-station",
        "marker-size": "medium",
        "title": "782 - Hydrant"
      }
    },
    {
      "type": "Feature",
      "id": "783",
      "geometry": {
        "type": "Point",
        "coordinates": [
          8.439646,
          54.700457
        ]
      },
      "properties": {
        "id": "783",
        "typ": "Hydrant",
        "menge_l_min": 800,
        "quellkarte": "04_Foehr_Sued_West.pdf",
        "ortsname": "Föhr (Südwest)",
        "ortsquelle": "04_Foehr_Sued_West.pdf",
        "zuordnungsabstand_relativ": 1.122,
        "pdf_x_pt": 1480.529,
        "pdf_y_von_oben_pt": 1194.815,
        "koordinatenquelle": "eingebettete GeoPDF-Georeferenzierung",
        "lagehinweis": "kartografische Symbolposition; nicht vermessungstechnisch oder vor Ort bestätigt",
        "marker-color": "#1565c0",
        "marker-symbol": "fire-station",
        "marker-size": "medium",
        "title": "783 - Hydrant"
      }
    },
    {
      "type": "Feature",
      "id": "784",
      "geometry": {
        "type": "Point",
        "coordinates": [
          8.439958,
          54.699088
        ]
      },
      "properties": {
        "id": "784",
        "typ": "Bohrbrunnen",
        "menge_l_min": null,
        "quellkarte": "04_Foehr_Sued_West.pdf",
        "ortsname": "Föhr (Südwest)",
        "ortsquelle": "04_Foehr_Sued_West.pdf",
        "zuordnungsabstand_relativ": 1.144,
        "pdf_x_pt": 1490.254,
        "pdf_y_von_oben_pt": 1273.437,
        "koordinatenquelle": "eingebettete GeoPDF-Georeferenzierung",
        "lagehinweis": "kartografische Symbolposition; nicht vermessungstechnisch oder vor Ort bestätigt",
        "marker-color": "#f9a825",
        "marker-symbol": "water",
        "marker-size": "medium",
        "title": "784 - Bohrbrunnen"
      }
    },
    {
      "type": "Feature",
      "id": "785",
      "geometry": {
        "type": "Point",
        "coordinates": [
          8.439646,
          54.69885
        ]
      },
      "properties": {
        "id": "785",
        "typ": "Hydrant",
        "menge_l_min": 1600,
        "quellkarte": "04_Foehr_Sued_West.pdf",
        "ortsname": "Föhr (Südwest)",
        "ortsquelle": "04_Foehr_Sued_West.pdf",
        "zuordnungsabstand_relativ": 1.052,
        "pdf_x_pt": 1479.768,
        "pdf_y_von_oben_pt": 1286.992,
        "koordinatenquelle": "eingebettete GeoPDF-Georeferenzierung",
        "lagehinweis": "kartografische Symbolposition; nicht vermessungstechnisch oder vor Ort bestätigt",
        "marker-color": "#1565c0",
        "marker-symbol": "fire-station",
        "marker-size": "medium",
        "title": "785 - Hydrant"
      }
    },
    {
      "type": "Feature",
      "id": "786",
      "geometry": {
        "type": "Point",
        "coordinates": [
          8.434255,
          54.69993
        ]
      },
      "properties": {
        "id": "786",
        "typ": "Hydrant",
        "menge_l_min": 1600,
        "quellkarte": "04_Foehr_Sued_West.pdf",
        "ortsname": "Föhr (Südwest)",
        "ortsquelle": "04_Foehr_Sued_West.pdf",
        "zuordnungsabstand_relativ": 1.145,
        "pdf_x_pt": 1301.242,
        "pdf_y_von_oben_pt": 1223.623,
        "koordinatenquelle": "eingebettete GeoPDF-Georeferenzierung",
        "lagehinweis": "kartografische Symbolposition; nicht vermessungstechnisch oder vor Ort bestätigt",
        "marker-color": "#1565c0",
        "marker-symbol": "fire-station",
        "marker-size": "medium",
        "title": "786 - Hydrant"
      }
    },
    {
      "type": "Feature",
      "id": "789",
      "geometry": {
        "type": "Point",
        "coordinates": [
          8.434541,
          54.701476
        ]
      },
      "properties": {
        "id": "789",
        "typ": "Hydrant",
        "menge_l_min": 1600,
        "quellkarte": "04_Foehr_Sued_West.pdf",
        "ortsname": "Föhr (Südwest)",
        "ortsquelle": "04_Foehr_Sued_West.pdf",
        "zuordnungsabstand_relativ": 0.88,
        "pdf_x_pt": 1311.458,
        "pdf_y_von_oben_pt": 1135.084,
        "koordinatenquelle": "eingebettete GeoPDF-Georeferenzierung",
        "lagehinweis": "kartografische Symbolposition; nicht vermessungstechnisch oder vor Ort bestätigt",
        "marker-color": "#1565c0",
        "marker-symbol": "fire-station",
        "marker-size": "medium",
        "title": "789 - Hydrant"
      }
    },
    {
      "type": "Feature",
      "id": "855",
      "geometry": {
        "type": "Point",
        "coordinates": [
          8.454705,
          54.718215
        ]
      },
      "properties": {
        "id": "855",
        "typ": "Hydrant",
        "menge_l_min": 800,
        "quellkarte": "04_Foehr_Sued_West.pdf",
        "ortsname": "Föhr (Südwest)",
        "ortsquelle": "04_Foehr_Sued_West.pdf",
        "zuordnungsabstand_relativ": 0.82,
        "pdf_x_pt": 1988.629,
        "pdf_y_von_oben_pt": 180.429,
        "koordinatenquelle": "eingebettete GeoPDF-Georeferenzierung",
        "lagehinweis": "kartografische Symbolposition; nicht vermessungstechnisch oder vor Ort bestätigt",
        "marker-color": "#1565c0",
        "marker-symbol": "fire-station",
        "marker-size": "medium",
        "title": "855 - Hydrant"
      }
    },
    {
      "type": "Feature",
      "id": "875",
      "geometry": {
        "type": "Point",
        "coordinates": [
          8.436449,
          54.71966
        ]
      },
      "properties": {
        "id": "875",
        "typ": "Hydrant",
        "menge_l_min": 1600,
        "quellkarte": "04_Foehr_Sued_West.pdf",
        "ortsname": "Föhr (Südwest)",
        "ortsquelle": "04_Foehr_Sued_West.pdf",
        "zuordnungsabstand_relativ": 0.832,
        "pdf_x_pt": 1383.227,
        "pdf_y_von_oben_pt": 92.865,
        "koordinatenquelle": "eingebettete GeoPDF-Georeferenzierung",
        "lagehinweis": "kartografische Symbolposition; nicht vermessungstechnisch oder vor Ort bestätigt",
        "marker-color": "#1565c0",
        "marker-symbol": "fire-station",
        "marker-size": "medium",
        "title": "875 - Hydrant"
      }
    },
    {
      "type": "Feature",
      "id": "876",
      "geometry": {
        "type": "Point",
        "coordinates": [
          8.436151,
          54.719073
        ]
      },
      "properties": {
        "id": "876",
        "typ": "Hydrant",
        "menge_l_min": 1600,
        "quellkarte": "04_Foehr_Sued_West.pdf",
        "ortsname": "Föhr (Südwest)",
        "ortsquelle": "04_Foehr_Sued_West.pdf",
        "zuordnungsabstand_relativ": 0.776,
        "pdf_x_pt": 1373.089,
        "pdf_y_von_oben_pt": 126.438,
        "koordinatenquelle": "eingebettete GeoPDF-Georeferenzierung",
        "lagehinweis": "kartografische Symbolposition; nicht vermessungstechnisch oder vor Ort bestätigt",
        "marker-color": "#1565c0",
        "marker-symbol": "fire-station",
        "marker-size": "medium",
        "title": "876 - Hydrant"
      }
    },
    {
      "type": "Feature",
      "id": "877",
      "geometry": {
        "type": "Point",
        "coordinates": [
          8.435882,
          54.717405
        ]
      },
      "properties": {
        "id": "877",
        "typ": "Hydrant",
        "menge_l_min": 1600,
        "quellkarte": "04_Foehr_Sued_West.pdf",
        "ortsname": "Föhr (Südwest)",
        "ortsquelle": "04_Foehr_Sued_West.pdf",
        "zuordnungsabstand_relativ": 0.833,
        "pdf_x_pt": 1363.361,
        "pdf_y_von_oben_pt": 222.005,
        "koordinatenquelle": "eingebettete GeoPDF-Georeferenzierung",
        "lagehinweis": "kartografische Symbolposition; nicht vermessungstechnisch oder vor Ort bestätigt",
        "marker-color": "#1565c0",
        "marker-symbol": "fire-station",
        "marker-size": "medium",
        "title": "877 - Hydrant"
      }
    },
    {
      "type": "Feature",
      "id": "907",
      "geometry": {
        "type": "Point",
        "coordinates": [
          8.410976,
          54.719567
        ]
      },
      "properties": {
        "id": "907",
        "typ": "Hydrant",
        "menge_l_min": 1600,
        "quellkarte": "04_Foehr_Sued_West.pdf",
        "ortsname": "Föhr (Südwest)",
        "ortsquelle": "04_Foehr_Sued_West.pdf",
        "zuordnungsabstand_relativ": 0.826,
        "pdf_x_pt": 537.596,
        "pdf_y_von_oben_pt": 91.557,
        "koordinatenquelle": "eingebettete GeoPDF-Georeferenzierung",
        "lagehinweis": "kartografische Symbolposition; nicht vermessungstechnisch oder vor Ort bestätigt",
        "marker-color": "#1565c0",
        "marker-symbol": "fire-station",
        "marker-size": "medium",
        "title": "907 - Hydrant"
      }
    },
    {
      "type": "Feature",
      "id": "908",
      "geometry": {
        "type": "Point",
        "coordinates": [
          8.407767,
          54.715929
        ]
      },
      "properties": {
        "id": "908",
        "typ": "Hydrant",
        "menge_l_min": 1600,
        "quellkarte": "04_Foehr_Sued_West.pdf",
        "ortsname": "Föhr (Südwest)",
        "ortsquelle": "04_Foehr_Sued_West.pdf",
        "zuordnungsabstand_relativ": 0.836,
        "pdf_x_pt": 429.286,
        "pdf_y_von_oben_pt": 299.309,
        "koordinatenquelle": "eingebettete GeoPDF-Georeferenzierung",
        "lagehinweis": "kartografische Symbolposition; nicht vermessungstechnisch oder vor Ort bestätigt",
        "marker-color": "#1565c0",
        "marker-symbol": "fire-station",
        "marker-size": "medium",
        "title": "908 - Hydrant"
      }
    },
    {
      "type": "Feature",
      "id": "909",
      "geometry": {
        "type": "Point",
        "coordinates": [
          8.407468,
          54.715626
        ]
      },
      "properties": {
        "id": "909",
        "typ": "Hydrant",
        "menge_l_min": 1600,
        "quellkarte": "04_Foehr_Sued_West.pdf",
        "ortsname": "Föhr (Südwest)",
        "ortsquelle": "04_Foehr_Sued_West.pdf",
        "zuordnungsabstand_relativ": 0.852,
        "pdf_x_pt": 419.208,
        "pdf_y_von_oben_pt": 316.601,
        "koordinatenquelle": "eingebettete GeoPDF-Georeferenzierung",
        "lagehinweis": "kartografische Symbolposition; nicht vermessungstechnisch oder vor Ort bestätigt",
        "marker-color": "#1565c0",
        "marker-symbol": "fire-station",
        "marker-size": "medium",
        "title": "909 - Hydrant"
      }
    },
    {
      "type": "Feature",
      "id": "911",
      "geometry": {
        "type": "Point",
        "coordinates": [
          8.403088,
          54.715661
        ]
      },
      "properties": {
        "id": "911",
        "typ": "Hydrant",
        "menge_l_min": 400,
        "quellkarte": "04_Foehr_Sued_West.pdf",
        "ortsname": "Föhr (Südwest)",
        "ortsquelle": "04_Foehr_Sued_West.pdf",
        "zuordnungsabstand_relativ": 0.813,
        "pdf_x_pt": 273.82,
        "pdf_y_von_oben_pt": 313.45,
        "koordinatenquelle": "eingebettete GeoPDF-Georeferenzierung",
        "lagehinweis": "kartografische Symbolposition; nicht vermessungstechnisch oder vor Ort bestätigt",
        "marker-color": "#1565c0",
        "marker-symbol": "fire-station",
        "marker-size": "medium",
        "title": "911 - Hydrant"
      }
    },
    {
      "type": "Feature",
      "id": "913",
      "geometry": {
        "type": "Point",
        "coordinates": [
          8.404224,
          54.715437
        ]
      },
      "properties": {
        "id": "913",
        "typ": "E-Bohrbrunnen",
        "menge_l_min": null,
        "quellkarte": "04_Foehr_Sued_West.pdf",
        "ortsname": "Föhr (Südwest)",
        "ortsquelle": "04_Foehr_Sued_West.pdf",
        "zuordnungsabstand_relativ": 0.591,
        "pdf_x_pt": 311.42,
        "pdf_y_von_oben_pt": 326.573,
        "koordinatenquelle": "eingebettete GeoPDF-Georeferenzierung",
        "lagehinweis": "kartografische Symbolposition; nicht vermessungstechnisch oder vor Ort bestätigt",
        "marker-color": "#8e24aa",
        "marker-symbol": "industrial",
        "marker-size": "medium",
        "title": "913 - E-Bohrbrunnen"
      }
    },
    {
      "type": "Feature",
      "id": "914",
      "geometry": {
        "type": "Point",
        "coordinates": [
          8.404064,
          54.714744
        ]
      },
      "properties": {
        "id": "914",
        "typ": "Hydrant",
        "menge_l_min": 1600,
        "quellkarte": "04_Foehr_Sued_West.pdf",
        "ortsname": "Föhr (Südwest)",
        "ortsquelle": "04_Foehr_Sued_West.pdf",
        "zuordnungsabstand_relativ": 0.995,
        "pdf_x_pt": 305.793,
        "pdf_y_von_oben_pt": 366.291,
        "koordinatenquelle": "eingebettete GeoPDF-Georeferenzierung",
        "lagehinweis": "kartografische Symbolposition; nicht vermessungstechnisch oder vor Ort bestätigt",
        "marker-color": "#1565c0",
        "marker-symbol": "fire-station",
        "marker-size": "medium",
        "title": "914 - Hydrant"
      }
    },
    {
      "type": "Feature",
      "id": "915",
      "geometry": {
        "type": "Point",
        "coordinates": [
          8.406936,
          54.714621
        ]
      },
      "properties": {
        "id": "915",
        "typ": "E-Bohrbrunnen",
        "menge_l_min": null,
        "quellkarte": "04_Foehr_Sued_West.pdf",
        "ortsname": "Föhr (Südwest)",
        "ortsquelle": "04_Foehr_Sued_West.pdf",
        "zuordnungsabstand_relativ": 1.233,
        "pdf_x_pt": 401.086,
        "pdf_y_von_oben_pt": 374.066,
        "koordinatenquelle": "eingebettete GeoPDF-Georeferenzierung",
        "lagehinweis": "kartografische Symbolposition; nicht vermessungstechnisch oder vor Ort bestätigt",
        "marker-color": "#8e24aa",
        "marker-symbol": "industrial",
        "marker-size": "medium",
        "title": "915 - E-Bohrbrunnen"
      }
    },
    {
      "type": "Feature",
      "id": "916",
      "geometry": {
        "type": "Point",
        "coordinates": [
          8.407226,
          54.714545
        ]
      },
      "properties": {
        "id": "916",
        "typ": "Bohrbrunnen",
        "menge_l_min": null,
        "quellkarte": "04_Foehr_Sued_West.pdf",
        "ortsname": "Föhr (Südwest)",
        "ortsquelle": "04_Foehr_Sued_West.pdf",
        "zuordnungsabstand_relativ": 0.947,
        "pdf_x_pt": 410.66,
        "pdf_y_von_oben_pt": 378.52,
        "koordinatenquelle": "eingebettete GeoPDF-Georeferenzierung",
        "lagehinweis": "kartografische Symbolposition; nicht vermessungstechnisch oder vor Ort bestätigt",
        "marker-color": "#f9a825",
        "marker-symbol": "water",
        "marker-size": "medium",
        "title": "916 - Bohrbrunnen"
      }
    },
    {
      "type": "Feature",
      "id": "918",
      "geometry": {
        "type": "Point",
        "coordinates": [
          8.403782,
          54.713837
        ]
      },
      "properties": {
        "id": "918",
        "typ": "Hydrant",
        "menge_l_min": 1600,
        "quellkarte": "04_Foehr_Sued_West.pdf",
        "ortsname": "Föhr (Südwest)",
        "ortsquelle": "04_Foehr_Sued_West.pdf",
        "zuordnungsabstand_relativ": 1.015,
        "pdf_x_pt": 295.975,
        "pdf_y_von_oben_pt": 418.248,
        "koordinatenquelle": "eingebettete GeoPDF-Georeferenzierung",
        "lagehinweis": "kartografische Symbolposition; nicht vermessungstechnisch oder vor Ort bestätigt",
        "marker-color": "#1565c0",
        "marker-symbol": "fire-station",
        "marker-size": "medium",
        "title": "918 - Hydrant"
      }
    },
    {
      "type": "Feature",
      "id": "919",
      "geometry": {
        "type": "Point",
        "coordinates": [
          8.406601,
          54.713783
        ]
      },
      "properties": {
        "id": "919",
        "typ": "Hydrant",
        "menge_l_min": 1600,
        "quellkarte": "04_Foehr_Sued_West.pdf",
        "ortsname": "Föhr (Südwest)",
        "ortsquelle": "04_Foehr_Sued_West.pdf",
        "zuordnungsabstand_relativ": 0.816,
        "pdf_x_pt": 389.554,
        "pdf_y_von_oben_pt": 422.03,
        "koordinatenquelle": "eingebettete GeoPDF-Georeferenzierung",
        "lagehinweis": "kartografische Symbolposition; nicht vermessungstechnisch oder vor Ort bestätigt",
        "marker-color": "#1565c0",
        "marker-symbol": "fire-station",
        "marker-size": "medium",
        "title": "919 - Hydrant"
      }
    },
    {
      "type": "Feature",
      "id": "921",
      "geometry": {
        "type": "Point",
        "coordinates": [
          8.406467,
          54.71189
        ]
      },
      "properties": {
        "id": "921",
        "typ": "Hydrant",
        "menge_l_min": 1600,
        "quellkarte": "04_Foehr_Sued_West.pdf",
        "ortsname": "Föhr (Südwest)",
        "ortsquelle": "04_Foehr_Sued_West.pdf",
        "zuordnungsabstand_relativ": 0.838,
        "pdf_x_pt": 384.178,
        "pdf_y_von_oben_pt": 530.562,
        "koordinatenquelle": "eingebettete GeoPDF-Georeferenzierung",
        "lagehinweis": "kartografische Symbolposition; nicht vermessungstechnisch oder vor Ort bestätigt",
        "marker-color": "#1565c0",
        "marker-symbol": "fire-station",
        "marker-size": "medium",
        "title": "921 - Hydrant"
      }
    },
    {
      "type": "Feature",
      "id": "922",
      "geometry": {
        "type": "Point",
        "coordinates": [
          8.405163,
          54.712012
        ]
      },
      "properties": {
        "id": "922",
        "typ": "Hydrant",
        "menge_l_min": 1600,
        "quellkarte": "04_Foehr_Sued_West.pdf",
        "ortsname": "Föhr (Südwest)",
        "ortsquelle": "04_Foehr_Sued_West.pdf",
        "zuordnungsabstand_relativ": 0.751,
        "pdf_x_pt": 340.92,
        "pdf_y_von_oben_pt": 523.2,
        "koordinatenquelle": "eingebettete GeoPDF-Georeferenzierung",
        "lagehinweis": "kartografische Symbolposition; nicht vermessungstechnisch oder vor Ort bestätigt",
        "marker-color": "#1565c0",
        "marker-symbol": "fire-station",
        "marker-size": "medium",
        "title": "922 - Hydrant"
      }
    },
    {
      "type": "Feature",
      "id": "923",
      "geometry": {
        "type": "Point",
        "coordinates": [
          8.40493,
          54.712349
        ]
      },
      "properties": {
        "id": "923",
        "typ": "Hydrant",
        "menge_l_min": 1600,
        "quellkarte": "04_Foehr_Sued_West.pdf",
        "ortsname": "Föhr (Südwest)",
        "ortsquelle": "04_Foehr_Sued_West.pdf",
        "zuordnungsabstand_relativ": 0.885,
        "pdf_x_pt": 333.364,
        "pdf_y_von_oben_pt": 503.816,
        "koordinatenquelle": "eingebettete GeoPDF-Georeferenzierung",
        "lagehinweis": "kartografische Symbolposition; nicht vermessungstechnisch oder vor Ort bestätigt",
        "marker-color": "#1565c0",
        "marker-symbol": "fire-station",
        "marker-size": "medium",
        "title": "923 - Hydrant"
      }
    },
    {
      "type": "Feature",
      "id": "924",
      "geometry": {
        "type": "Point",
        "coordinates": [
          8.403978,
          54.712309
        ]
      },
      "properties": {
        "id": "924",
        "typ": "Hydrant",
        "menge_l_min": 1600,
        "quellkarte": "04_Foehr_Sued_West.pdf",
        "ortsname": "Föhr (Südwest)",
        "ortsquelle": "04_Foehr_Sued_West.pdf",
        "zuordnungsabstand_relativ": 0.901,
        "pdf_x_pt": 301.731,
        "pdf_y_von_oben_pt": 505.911,
        "koordinatenquelle": "eingebettete GeoPDF-Georeferenzierung",
        "lagehinweis": "kartografische Symbolposition; nicht vermessungstechnisch oder vor Ort bestätigt",
        "marker-color": "#1565c0",
        "marker-symbol": "fire-station",
        "marker-size": "medium",
        "title": "924 - Hydrant"
      }
    },
    {
      "type": "Feature",
      "id": "925",
      "geometry": {
        "type": "Point",
        "coordinates": [
          8.40281,
          54.712197
        ]
      },
      "properties": {
        "id": "925",
        "typ": "Hydrant",
        "menge_l_min": 1600,
        "quellkarte": "04_Foehr_Sued_West.pdf",
        "ortsname": "Föhr (Südwest)",
        "ortsquelle": "04_Foehr_Sued_West.pdf",
        "zuordnungsabstand_relativ": 1.05,
        "pdf_x_pt": 262.889,
        "pdf_y_von_oben_pt": 511.983,
        "koordinatenquelle": "eingebettete GeoPDF-Georeferenzierung",
        "lagehinweis": "kartografische Symbolposition; nicht vermessungstechnisch oder vor Ort bestätigt",
        "marker-color": "#1565c0",
        "marker-symbol": "fire-station",
        "marker-size": "medium",
        "title": "925 - Hydrant"
      }
    },
    {
      "type": "Feature",
      "id": "926",
      "geometry": {
        "type": "Point",
        "coordinates": [
          8.398545,
          54.712773
        ]
      },
      "properties": {
        "id": "926",
        "typ": "Hydrant",
        "menge_l_min": 1600,
        "quellkarte": "04_Foehr_Sued_West.pdf",
        "ortsname": "Föhr (Südwest)",
        "ortsquelle": "04_Foehr_Sued_West.pdf",
        "zuordnungsabstand_relativ": 0.782,
        "pdf_x_pt": 121.58,
        "pdf_y_von_oben_pt": 477.88,
        "koordinatenquelle": "eingebettete GeoPDF-Georeferenzierung",
        "lagehinweis": "kartografische Symbolposition; nicht vermessungstechnisch oder vor Ort bestätigt",
        "marker-color": "#1565c0",
        "marker-symbol": "fire-station",
        "marker-size": "medium",
        "title": "926 - Hydrant"
      }
    },
    {
      "type": "Feature",
      "id": "927",
      "geometry": {
        "type": "Point",
        "coordinates": [
          8.397284,
          54.713595
        ]
      },
      "properties": {
        "id": "927",
        "typ": "Hydrant",
        "menge_l_min": 800,
        "quellkarte": "04_Foehr_Sued_West.pdf",
        "ortsname": "Föhr (Südwest)",
        "ortsquelle": "04_Foehr_Sued_West.pdf",
        "zuordnungsabstand_relativ": 0.815,
        "pdf_x_pt": 80.118,
        "pdf_y_von_oben_pt": 430.424,
        "koordinatenquelle": "eingebettete GeoPDF-Georeferenzierung",
        "lagehinweis": "kartografische Symbolposition; nicht vermessungstechnisch oder vor Ort bestätigt",
        "marker-color": "#1565c0",
        "marker-symbol": "fire-station",
        "marker-size": "medium",
        "title": "927 - Hydrant"
      }
    },
    {
      "type": "Feature",
      "id": "928",
      "geometry": {
        "type": "Point",
        "coordinates": [
          8.398327,
          54.711111
        ]
      },
      "properties": {
        "id": "928",
        "typ": "Hydrant",
        "menge_l_min": 1600,
        "quellkarte": "04_Foehr_Sued_West.pdf",
        "ortsname": "Föhr (Südwest)",
        "ortsquelle": "04_Foehr_Sued_West.pdf",
        "zuordnungsabstand_relativ": 0.868,
        "pdf_x_pt": 113.521,
        "pdf_y_von_oben_pt": 573.107,
        "koordinatenquelle": "eingebettete GeoPDF-Georeferenzierung",
        "lagehinweis": "kartografische Symbolposition; nicht vermessungstechnisch oder vor Ort bestätigt",
        "marker-color": "#1565c0",
        "marker-symbol": "fire-station",
        "marker-size": "medium",
        "title": "928 - Hydrant"
      }
    },
    {
      "type": "Feature",
      "id": "929",
      "geometry": {
        "type": "Point",
        "coordinates": [
          8.397579,
          54.709676
        ]
      },
      "properties": {
        "id": "929",
        "typ": "Hydrant",
        "menge_l_min": 1600,
        "quellkarte": "04_Foehr_Sued_West.pdf",
        "ortsname": "Föhr (Südwest)",
        "ortsquelle": "04_Foehr_Sued_West.pdf",
        "zuordnungsabstand_relativ": 0.824,
        "pdf_x_pt": 87.967,
        "pdf_y_von_oben_pt": 655.186,
        "koordinatenquelle": "eingebettete GeoPDF-Georeferenzierung",
        "lagehinweis": "kartografische Symbolposition; nicht vermessungstechnisch oder vor Ort bestätigt",
        "marker-color": "#1565c0",
        "marker-symbol": "fire-station",
        "marker-size": "medium",
        "title": "929 - Hydrant"
      }
    },
    {
      "type": "Feature",
      "id": "931",
      "geometry": {
        "type": "Point",
        "coordinates": [
          8.404517,
          54.709812
        ]
      },
      "properties": {
        "id": "931",
        "typ": "Hydrant",
        "menge_l_min": 1600,
        "quellkarte": "04_Foehr_Sued_West.pdf",
        "ortsname": "Föhr (Südwest)",
        "ortsquelle": "04_Foehr_Sued_West.pdf",
        "zuordnungsabstand_relativ": 0.824,
        "pdf_x_pt": 318.426,
        "pdf_y_von_oben_pt": 649.187,
        "koordinatenquelle": "eingebettete GeoPDF-Georeferenzierung",
        "lagehinweis": "kartografische Symbolposition; nicht vermessungstechnisch oder vor Ort bestätigt",
        "marker-color": "#1565c0",
        "marker-symbol": "fire-station",
        "marker-size": "medium",
        "title": "931 - Hydrant"
      }
    },
    {
      "type": "Feature",
      "id": "932",
      "geometry": {
        "type": "Point",
        "coordinates": [
          8.401224,
          54.709406
        ]
      },
      "properties": {
        "id": "932",
        "typ": "Hydrant",
        "menge_l_min": 1600,
        "quellkarte": "04_Foehr_Sued_West.pdf",
        "ortsname": "Föhr (Südwest)",
        "ortsquelle": "04_Foehr_Sued_West.pdf",
        "zuordnungsabstand_relativ": 0.805,
        "pdf_x_pt": 208.857,
        "pdf_y_von_oben_pt": 671.65,
        "koordinatenquelle": "eingebettete GeoPDF-Georeferenzierung",
        "lagehinweis": "kartografische Symbolposition; nicht vermessungstechnisch oder vor Ort bestätigt",
        "marker-color": "#1565c0",
        "marker-symbol": "fire-station",
        "marker-size": "medium",
        "title": "932 - Hydrant"
      }
    },
    {
      "type": "Feature",
      "id": "933",
      "geometry": {
        "type": "Point",
        "coordinates": [
          8.405885,
          54.709345
        ]
      },
      "properties": {
        "id": "933",
        "typ": "Hydrant",
        "menge_l_min": 1600,
        "quellkarte": "04_Foehr_Sued_West.pdf",
        "ortsname": "Föhr (Südwest)",
        "ortsquelle": "04_Foehr_Sued_West.pdf",
        "zuordnungsabstand_relativ": 0.911,
        "pdf_x_pt": 363.617,
        "pdf_y_von_oben_pt": 676.317,
        "koordinatenquelle": "eingebettete GeoPDF-Georeferenzierung",
        "lagehinweis": "kartografische Symbolposition; nicht vermessungstechnisch oder vor Ort bestätigt",
        "marker-color": "#1565c0",
        "marker-symbol": "fire-station",
        "marker-size": "medium",
        "title": "933 - Hydrant"
      }
    },
    {
      "type": "Feature",
      "id": "934",
      "geometry": {
        "type": "Point",
        "coordinates": [
          8.402784,
          54.708774
        ]
      },
      "properties": {
        "id": "934",
        "typ": "Hydrant",
        "menge_l_min": 1600,
        "quellkarte": "04_Foehr_Sued_West.pdf",
        "ortsname": "Föhr (Südwest)",
        "ortsquelle": "04_Foehr_Sued_West.pdf",
        "zuordnungsabstand_relativ": 1.053,
        "pdf_x_pt": 260.371,
        "pdf_y_von_oben_pt": 708.278,
        "koordinatenquelle": "eingebettete GeoPDF-Georeferenzierung",
        "lagehinweis": "kartografische Symbolposition; nicht vermessungstechnisch oder vor Ort bestätigt",
        "marker-color": "#1565c0",
        "marker-symbol": "fire-station",
        "marker-size": "medium",
        "title": "934 - Hydrant"
      }
    },
    {
      "type": "Feature",
      "id": "935",
      "geometry": {
        "type": "Point",
        "coordinates": [
          8.403444,
          54.708813
        ]
      },
      "properties": {
        "id": "935",
        "typ": "E-Bohrbrunnen",
        "menge_l_min": null,
        "quellkarte": "04_Foehr_Sued_West.pdf",
        "ortsname": "Föhr (Südwest)",
        "ortsquelle": "04_Foehr_Sued_West.pdf",
        "zuordnungsabstand_relativ": 0.984,
        "pdf_x_pt": 282.285,
        "pdf_y_von_oben_pt": 706.187,
        "koordinatenquelle": "eingebettete GeoPDF-Georeferenzierung",
        "lagehinweis": "kartografische Symbolposition; nicht vermessungstechnisch oder vor Ort bestätigt",
        "marker-color": "#8e24aa",
        "marker-symbol": "industrial",
        "marker-size": "medium",
        "title": "935 - E-Bohrbrunnen"
      }
    },
    {
      "type": "Feature",
      "id": "936",
      "geometry": {
        "type": "Point",
        "coordinates": [
          8.404083,
          54.70875
        ]
      },
      "properties": {
        "id": "936",
        "typ": "Hydrant",
        "menge_l_min": 1600,
        "quellkarte": "04_Foehr_Sued_West.pdf",
        "ortsname": "Föhr (Südwest)",
        "ortsquelle": "04_Foehr_Sued_West.pdf",
        "zuordnungsabstand_relativ": 0.811,
        "pdf_x_pt": 303.482,
        "pdf_y_von_oben_pt": 709.967,
        "koordinatenquelle": "eingebettete GeoPDF-Georeferenzierung",
        "lagehinweis": "kartografische Symbolposition; nicht vermessungstechnisch oder vor Ort bestätigt",
        "marker-color": "#1565c0",
        "marker-symbol": "fire-station",
        "marker-size": "medium",
        "title": "936 - Hydrant"
      }
    },
    {
      "type": "Feature",
      "id": "937",
      "geometry": {
        "type": "Point",
        "coordinates": [
          8.400994,
          54.708427
        ]
      },
      "properties": {
        "id": "937",
        "typ": "Hydrant",
        "menge_l_min": 1600,
        "quellkarte": "04_Foehr_Sued_West.pdf",
        "ortsname": "Föhr (Südwest)",
        "ortsquelle": "04_Foehr_Sued_West.pdf",
        "zuordnungsabstand_relativ": 0.797,
        "pdf_x_pt": 200.764,
        "pdf_y_von_oben_pt": 727.699,
        "koordinatenquelle": "eingebettete GeoPDF-Georeferenzierung",
        "lagehinweis": "kartografische Symbolposition; nicht vermessungstechnisch oder vor Ort bestätigt",
        "marker-color": "#1565c0",
        "marker-symbol": "fire-station",
        "marker-size": "medium",
        "title": "937 - Hydrant"
      }
    },
    {
      "type": "Feature",
      "id": "938",
      "geometry": {
        "type": "Point",
        "coordinates": [
          8.40569,
          54.70717
        ]
      },
      "properties": {
        "id": "938",
        "typ": "Hydrant",
        "menge_l_min": 1600,
        "quellkarte": "04_Foehr_Sued_West.pdf",
        "ortsname": "Föhr (Südwest)",
        "ortsquelle": "04_Foehr_Sued_West.pdf",
        "zuordnungsabstand_relativ": 0.792,
        "pdf_x_pt": 356.056,
        "pdf_y_von_oben_pt": 800.991,
        "koordinatenquelle": "eingebettete GeoPDF-Georeferenzierung",
        "lagehinweis": "kartografische Symbolposition; nicht vermessungstechnisch oder vor Ort bestätigt",
        "marker-color": "#1565c0",
        "marker-symbol": "fire-station",
        "marker-size": "medium",
        "title": "938 - Hydrant"
      }
    },
    {
      "type": "Feature",
      "id": "939",
      "geometry": {
        "type": "Point",
        "coordinates": [
          8.403763,
          54.703636
        ]
      },
      "properties": {
        "id": "939",
        "typ": "Hydrant",
        "menge_l_min": 1600,
        "quellkarte": "04_Foehr_Sued_West.pdf",
        "ortsname": "Föhr (Südwest)",
        "ortsquelle": "04_Foehr_Sued_West.pdf",
        "zuordnungsabstand_relativ": 0.824,
        "pdf_x_pt": 290.365,
        "pdf_y_von_oben_pt": 1003.149,
        "koordinatenquelle": "eingebettete GeoPDF-Georeferenzierung",
        "lagehinweis": "kartografische Symbolposition; nicht vermessungstechnisch oder vor Ort bestätigt",
        "marker-color": "#1565c0",
        "marker-symbol": "fire-station",
        "marker-size": "medium",
        "title": "939 - Hydrant"
      }
    },
    {
      "type": "Feature",
      "id": "941",
      "geometry": {
        "type": "Point",
        "coordinates": [
          8.399484,
          54.705139
        ]
      },
      "properties": {
        "id": "941",
        "typ": "E-Bohrbrunnen",
        "menge_l_min": null,
        "quellkarte": "04_Foehr_Sued_West.pdf",
        "ortsname": "Föhr (Südwest)",
        "ortsquelle": "04_Foehr_Sued_West.pdf",
        "zuordnungsabstand_relativ": 0.984,
        "pdf_x_pt": 148.98,
        "pdf_y_von_oben_pt": 915.807,
        "koordinatenquelle": "eingebettete GeoPDF-Georeferenzierung",
        "lagehinweis": "kartografische Symbolposition; nicht vermessungstechnisch oder vor Ort bestätigt",
        "marker-color": "#8e24aa",
        "marker-symbol": "industrial",
        "marker-size": "medium",
        "title": "941 - E-Bohrbrunnen"
      }
    },
    {
      "type": "Feature",
      "id": "942",
      "geometry": {
        "type": "Point",
        "coordinates": [
          8.400191,
          54.705107
        ]
      },
      "properties": {
        "id": "942",
        "typ": "Hydrant",
        "menge_l_min": 1600,
        "quellkarte": "04_Foehr_Sued_West.pdf",
        "ortsname": "Föhr (Südwest)",
        "ortsquelle": "04_Foehr_Sued_West.pdf",
        "zuordnungsabstand_relativ": 0.8,
        "pdf_x_pt": 172.45,
        "pdf_y_von_oben_pt": 917.863,
        "koordinatenquelle": "eingebettete GeoPDF-Georeferenzierung",
        "lagehinweis": "kartografische Symbolposition; nicht vermessungstechnisch oder vor Ort bestätigt",
        "marker-color": "#1565c0",
        "marker-symbol": "fire-station",
        "marker-size": "medium",
        "title": "942 - Hydrant"
      }
    },
    {
      "type": "Feature",
      "id": "943",
      "geometry": {
        "type": "Point",
        "coordinates": [
          8.400035,
          54.704485
        ]
      },
      "properties": {
        "id": "943",
        "typ": "Hydrant",
        "menge_l_min": 1600,
        "quellkarte": "04_Foehr_Sued_West.pdf",
        "ortsname": "Föhr (Südwest)",
        "ortsquelle": "04_Foehr_Sued_West.pdf",
        "zuordnungsabstand_relativ": 0.905,
        "pdf_x_pt": 166.972,
        "pdf_y_von_oben_pt": 953.46,
        "koordinatenquelle": "eingebettete GeoPDF-Georeferenzierung",
        "lagehinweis": "kartografische Symbolposition; nicht vermessungstechnisch oder vor Ort bestätigt",
        "marker-color": "#1565c0",
        "marker-symbol": "fire-station",
        "marker-size": "medium",
        "title": "943 - Hydrant"
      }
    },
    {
      "type": "Feature",
      "id": "944",
      "geometry": {
        "type": "Point",
        "coordinates": [
          8.399453,
          54.704061
        ]
      },
      "properties": {
        "id": "944",
        "typ": "Hydrant",
        "menge_l_min": 1600,
        "quellkarte": "04_Foehr_Sued_West.pdf",
        "ortsname": "Föhr (Südwest)",
        "ortsquelle": "04_Foehr_Sued_West.pdf",
        "zuordnungsabstand_relativ": 0.836,
        "pdf_x_pt": 147.448,
        "pdf_y_von_oben_pt": 977.62,
        "koordinatenquelle": "eingebettete GeoPDF-Georeferenzierung",
        "lagehinweis": "kartografische Symbolposition; nicht vermessungstechnisch oder vor Ort bestätigt",
        "marker-color": "#1565c0",
        "marker-symbol": "fire-station",
        "marker-size": "medium",
        "title": "944 - Hydrant"
      }
    },
    {
      "type": "Feature",
      "id": "945",
      "geometry": {
        "type": "Point",
        "coordinates": [
          8.401857,
          54.703841
        ]
      },
      "properties": {
        "id": "945",
        "typ": "E-Bohrbrunnen",
        "menge_l_min": null,
        "quellkarte": "04_Foehr_Sued_West.pdf",
        "ortsname": "Föhr (Südwest)",
        "ortsquelle": "04_Foehr_Sued_West.pdf",
        "zuordnungsabstand_relativ": 0.974,
        "pdf_x_pt": 227.153,
        "pdf_y_von_oben_pt": 990.892,
        "koordinatenquelle": "eingebettete GeoPDF-Georeferenzierung",
        "lagehinweis": "kartografische Symbolposition; nicht vermessungstechnisch oder vor Ort bestätigt",
        "marker-color": "#8e24aa",
        "marker-symbol": "industrial",
        "marker-size": "medium",
        "title": "945 - E-Bohrbrunnen"
      }
    },
    {
      "type": "Feature",
      "id": "946",
      "geometry": {
        "type": "Point",
        "coordinates": [
          8.39979,
          54.703315
        ]
      },
      "properties": {
        "id": "946",
        "typ": "Hydrant",
        "menge_l_min": 800,
        "quellkarte": "04_Foehr_Sued_West.pdf",
        "ortsname": "Föhr (Südwest)",
        "ortsquelle": "04_Foehr_Sued_West.pdf",
        "zuordnungsabstand_relativ": 0.839,
        "pdf_x_pt": 158.276,
        "pdf_y_von_oben_pt": 1020.497,
        "koordinatenquelle": "eingebettete GeoPDF-Georeferenzierung",
        "lagehinweis": "kartografische Symbolposition; nicht vermessungstechnisch oder vor Ort bestätigt",
        "marker-color": "#1565c0",
        "marker-symbol": "fire-station",
        "marker-size": "medium",
        "title": "946 - Hydrant"
      }
    },
    {
      "type": "Feature",
      "id": "947",
      "geometry": {
        "type": "Point",
        "coordinates": [
          8.399999,
          54.703168
        ]
      },
      "properties": {
        "id": "947",
        "typ": "E-Bohrbrunnen",
        "menge_l_min": null,
        "quellkarte": "04_Foehr_Sued_West.pdf",
        "ortsname": "Föhr (Südwest)",
        "ortsquelle": "04_Foehr_Sued_West.pdf",
        "zuordnungsabstand_relativ": 0.984,
        "pdf_x_pt": 165.129,
        "pdf_y_von_oben_pt": 1028.949,
        "koordinatenquelle": "eingebettete GeoPDF-Georeferenzierung",
        "lagehinweis": "kartografische Symbolposition; nicht vermessungstechnisch oder vor Ort bestätigt",
        "marker-color": "#8e24aa",
        "marker-symbol": "industrial",
        "marker-size": "medium",
        "title": "947 - E-Bohrbrunnen"
      }
    },
    {
      "type": "Feature",
      "id": "948",
      "geometry": {
        "type": "Point",
        "coordinates": [
          8.401046,
          54.703254
        ]
      },
      "properties": {
        "id": "948",
        "typ": "Hydrant",
        "menge_l_min": 800,
        "quellkarte": "04_Foehr_Sued_West.pdf",
        "ortsname": "Föhr (Südwest)",
        "ortsquelle": "04_Foehr_Sued_West.pdf",
        "zuordnungsabstand_relativ": 0.833,
        "pdf_x_pt": 199.944,
        "pdf_y_von_oben_pt": 1024.298,
        "koordinatenquelle": "eingebettete GeoPDF-Georeferenzierung",
        "lagehinweis": "kartografische Symbolposition; nicht vermessungstechnisch oder vor Ort bestätigt",
        "marker-color": "#1565c0",
        "marker-symbol": "fire-station",
        "marker-size": "medium",
        "title": "948 - Hydrant"
      }
    },
    {
      "type": "Feature",
      "id": "949",
      "geometry": {
        "type": "Point",
        "coordinates": [
          8.401179,
          54.702913
        ]
      },
      "properties": {
        "id": "949",
        "typ": "Hydrant",
        "menge_l_min": 800,
        "quellkarte": "04_Foehr_Sued_West.pdf",
        "ortsname": "Föhr (Südwest)",
        "ortsquelle": "04_Foehr_Sued_West.pdf",
        "zuordnungsabstand_relativ": 1.215,
        "pdf_x_pt": 204.183,
        "pdf_y_von_oben_pt": 1043.897,
        "koordinatenquelle": "eingebettete GeoPDF-Georeferenzierung",
        "lagehinweis": "kartografische Symbolposition; nicht vermessungstechnisch oder vor Ort bestätigt",
        "marker-color": "#1565c0",
        "marker-symbol": "fire-station",
        "marker-size": "medium",
        "title": "949 - Hydrant"
      }
    },
    {
      "type": "Feature",
      "id": "951",
      "geometry": {
        "type": "Point",
        "coordinates": [
          8.401762,
          54.702907
        ]
      },
      "properties": {
        "id": "951",
        "typ": "E-Bohrbrunnen",
        "menge_l_min": null,
        "quellkarte": "04_Foehr_Sued_West.pdf",
        "ortsname": "Föhr (Südwest)",
        "ortsquelle": "04_Foehr_Sued_West.pdf",
        "zuordnungsabstand_relativ": 0.974,
        "pdf_x_pt": 223.553,
        "pdf_y_von_oben_pt": 1044.377,
        "koordinatenquelle": "eingebettete GeoPDF-Georeferenzierung",
        "lagehinweis": "kartografische Symbolposition; nicht vermessungstechnisch oder vor Ort bestätigt",
        "marker-color": "#8e24aa",
        "marker-symbol": "industrial",
        "marker-size": "medium",
        "title": "951 - E-Bohrbrunnen"
      }
    },
    {
      "type": "Feature",
      "id": "952",
      "geometry": {
        "type": "Point",
        "coordinates": [
          8.401961,
          54.702748
        ]
      },
      "properties": {
        "id": "952",
        "typ": "Hydrant",
        "menge_l_min": 800,
        "quellkarte": "04_Foehr_Sued_West.pdf",
        "ortsname": "Föhr (Südwest)",
        "ortsquelle": "04_Foehr_Sued_West.pdf",
        "zuordnungsabstand_relativ": 1.124,
        "pdf_x_pt": 230.08,
        "pdf_y_von_oben_pt": 1053.589,
        "koordinatenquelle": "eingebettete GeoPDF-Georeferenzierung",
        "lagehinweis": "kartografische Symbolposition; nicht vermessungstechnisch oder vor Ort bestätigt",
        "marker-color": "#1565c0",
        "marker-symbol": "fire-station",
        "marker-size": "medium",
        "title": "952 - Hydrant"
      }
    },
    {
      "type": "Feature",
      "id": "954",
      "geometry": {
        "type": "Point",
        "coordinates": [
          8.422042,
          54.716135
        ]
      },
      "properties": {
        "id": "954",
        "typ": "Hydrant",
        "menge_l_min": 800,
        "quellkarte": "04_Foehr_Sued_West.pdf",
        "ortsname": "Föhr (Südwest)",
        "ortsquelle": "04_Foehr_Sued_West.pdf",
        "zuordnungsabstand_relativ": 1.208,
        "pdf_x_pt": 903.316,
        "pdf_y_von_oben_pt": 291.191,
        "koordinatenquelle": "eingebettete GeoPDF-Georeferenzierung",
        "lagehinweis": "kartografische Symbolposition; nicht vermessungstechnisch oder vor Ort bestätigt",
        "marker-color": "#1565c0",
        "marker-symbol": "fire-station",
        "marker-size": "medium",
        "title": "954 - Hydrant"
      }
    },
    {
      "type": "Feature",
      "id": "955",
      "geometry": {
        "type": "Point",
        "coordinates": [
          8.425563,
          54.716158
        ]
      },
      "properties": {
        "id": "955",
        "typ": "Hydrant",
        "menge_l_min": 800,
        "quellkarte": "04_Foehr_Sued_West.pdf",
        "ortsname": "Föhr (Südwest)",
        "ortsquelle": "04_Foehr_Sued_West.pdf",
        "zuordnungsabstand_relativ": 0.84,
        "pdf_x_pt": 1020.196,
        "pdf_y_von_oben_pt": 290.835,
        "koordinatenquelle": "eingebettete GeoPDF-Georeferenzierung",
        "lagehinweis": "kartografische Symbolposition; nicht vermessungstechnisch oder vor Ort bestätigt",
        "marker-color": "#1565c0",
        "marker-symbol": "fire-station",
        "marker-size": "medium",
        "title": "955 - Hydrant"
      }
    },
    {
      "type": "Feature",
      "id": "966",
      "geometry": {
        "type": "Point",
        "coordinates": [
          8.415268,
          54.705639
        ]
      },
      "properties": {
        "id": "966",
        "typ": "Hydrant",
        "menge_l_min": 1600,
        "quellkarte": "04_Foehr_Sued_West.pdf",
        "ortsname": "Föhr (Südwest)",
        "ortsquelle": "04_Foehr_Sued_West.pdf",
        "zuordnungsabstand_relativ": 0.896,
        "pdf_x_pt": 673.395,
        "pdf_y_von_oben_pt": 891.305,
        "koordinatenquelle": "eingebettete GeoPDF-Georeferenzierung",
        "lagehinweis": "kartografische Symbolposition; nicht vermessungstechnisch oder vor Ort bestätigt",
        "marker-color": "#1565c0",
        "marker-symbol": "fire-station",
        "marker-size": "medium",
        "title": "966 - Hydrant"
      }
    },
    {
      "type": "Feature",
      "id": "967",
      "geometry": {
        "type": "Point",
        "coordinates": [
          8.416734,
          54.705287
        ]
      },
      "properties": {
        "id": "967",
        "typ": "Hydrant",
        "menge_l_min": 3200,
        "quellkarte": "04_Foehr_Sued_West.pdf",
        "ortsname": "Föhr (Südwest)",
        "ortsquelle": "04_Foehr_Sued_West.pdf",
        "zuordnungsabstand_relativ": 1.077,
        "pdf_x_pt": 721.899,
        "pdf_y_von_oben_pt": 911.854,
        "koordinatenquelle": "eingebettete GeoPDF-Georeferenzierung",
        "lagehinweis": "kartografische Symbolposition; nicht vermessungstechnisch oder vor Ort bestätigt",
        "marker-color": "#1565c0",
        "marker-symbol": "fire-station",
        "marker-size": "medium",
        "title": "967 - Hydrant"
      }
    },
    {
      "type": "Feature",
      "id": "968",
      "geometry": {
        "type": "Point",
        "coordinates": [
          8.418123,
          54.704993
        ]
      },
      "properties": {
        "id": "968",
        "typ": "Hydrant",
        "menge_l_min": 3200,
        "quellkarte": "04_Foehr_Sued_West.pdf",
        "ortsname": "Föhr (Südwest)",
        "ortsquelle": "04_Foehr_Sued_West.pdf",
        "zuordnungsabstand_relativ": 0.841,
        "pdf_x_pt": 767.887,
        "pdf_y_von_oben_pt": 929.114,
        "koordinatenquelle": "eingebettete GeoPDF-Georeferenzierung",
        "lagehinweis": "kartografische Symbolposition; nicht vermessungstechnisch oder vor Ort bestätigt",
        "marker-color": "#1565c0",
        "marker-symbol": "fire-station",
        "marker-size": "medium",
        "title": "968 - Hydrant"
      }
    },
    {
      "type": "Feature",
      "id": "969",
      "geometry": {
        "type": "Point",
        "coordinates": [
          8.418055,
          54.703886
        ]
      },
      "properties": {
        "id": "969",
        "typ": "Bohrbrunnen",
        "menge_l_min": null,
        "quellkarte": "04_Foehr_Sued_West.pdf",
        "ortsname": "Föhr (Südwest)",
        "ortsquelle": "04_Foehr_Sued_West.pdf",
        "zuordnungsabstand_relativ": 0.625,
        "pdf_x_pt": 765.107,
        "pdf_y_von_oben_pt": 992.538,
        "koordinatenquelle": "eingebettete GeoPDF-Georeferenzierung",
        "lagehinweis": "kartografische Symbolposition; nicht vermessungstechnisch oder vor Ort bestätigt",
        "marker-color": "#f9a825",
        "marker-symbol": "water",
        "marker-size": "medium",
        "title": "969 - Bohrbrunnen"
      }
    },
    {
      "type": "Feature",
      "id": "972",
      "geometry": {
        "type": "Point",
        "coordinates": [
          8.417257,
          54.703468
        ]
      },
      "properties": {
        "id": "972",
        "typ": "Hydrant",
        "menge_l_min": 800,
        "quellkarte": "04_Foehr_Sued_West.pdf",
        "ortsname": "Föhr (Südwest)",
        "ortsquelle": "04_Foehr_Sued_West.pdf",
        "zuordnungsabstand_relativ": 0.856,
        "pdf_x_pt": 738.392,
        "pdf_y_von_oben_pt": 1016.327,
        "koordinatenquelle": "eingebettete GeoPDF-Georeferenzierung",
        "lagehinweis": "kartografische Symbolposition; nicht vermessungstechnisch oder vor Ort bestätigt",
        "marker-color": "#1565c0",
        "marker-symbol": "fire-station",
        "marker-size": "medium",
        "title": "972 - Hydrant"
      }
    },
    {
      "type": "Feature",
      "id": "973",
      "geometry": {
        "type": "Point",
        "coordinates": [
          8.416155,
          54.703689
        ]
      },
      "properties": {
        "id": "973",
        "typ": "Hydrant",
        "menge_l_min": 800,
        "quellkarte": "04_Foehr_Sued_West.pdf",
        "ortsname": "Föhr (Südwest)",
        "ortsquelle": "04_Foehr_Sued_West.pdf",
        "zuordnungsabstand_relativ": 1.047,
        "pdf_x_pt": 701.901,
        "pdf_y_von_oben_pt": 1003.369,
        "koordinatenquelle": "eingebettete GeoPDF-Georeferenzierung",
        "lagehinweis": "kartografische Symbolposition; nicht vermessungstechnisch oder vor Ort bestätigt",
        "marker-color": "#1565c0",
        "marker-symbol": "fire-station",
        "marker-size": "medium",
        "title": "973 - Hydrant"
      }
    },
    {
      "type": "Feature",
      "id": "974",
      "geometry": {
        "type": "Point",
        "coordinates": [
          8.419517,
          54.704685
        ]
      },
      "properties": {
        "id": "974",
        "typ": "Hydrant",
        "menge_l_min": 3200,
        "quellkarte": "04_Foehr_Sued_West.pdf",
        "ortsname": "Föhr (Südwest)",
        "ortsquelle": "04_Foehr_Sued_West.pdf",
        "zuordnungsabstand_relativ": 1.022,
        "pdf_x_pt": 814.026,
        "pdf_y_von_oben_pt": 947.095,
        "koordinatenquelle": "eingebettete GeoPDF-Georeferenzierung",
        "lagehinweis": "kartografische Symbolposition; nicht vermessungstechnisch oder vor Ort bestätigt",
        "marker-color": "#1565c0",
        "marker-symbol": "fire-station",
        "marker-size": "medium",
        "title": "974 - Hydrant"
      }
    },
    {
      "type": "Feature",
      "id": "977",
      "geometry": {
        "type": "Point",
        "coordinates": [
          8.421484,
          54.704347
        ]
      },
      "properties": {
        "id": "977",
        "typ": "Hydrant",
        "menge_l_min": 3200,
        "quellkarte": "04_Foehr_Sued_West.pdf",
        "ortsname": "Föhr (Südwest)",
        "ortsquelle": "04_Foehr_Sued_West.pdf",
        "zuordnungsabstand_relativ": 0.859,
        "pdf_x_pt": 879.198,
        "pdf_y_von_oben_pt": 967.013,
        "koordinatenquelle": "eingebettete GeoPDF-Georeferenzierung",
        "lagehinweis": "kartografische Symbolposition; nicht vermessungstechnisch oder vor Ort bestätigt",
        "marker-color": "#1565c0",
        "marker-symbol": "fire-station",
        "marker-size": "medium",
        "title": "977 - Hydrant"
      }
    },
    {
      "type": "Feature",
      "id": "978",
      "geometry": {
        "type": "Point",
        "coordinates": [
          8.423965,
          54.703857
        ]
      },
      "properties": {
        "id": "978",
        "typ": "Hydrant",
        "menge_l_min": 1600,
        "quellkarte": "04_Foehr_Sued_West.pdf",
        "ortsname": "Föhr (Südwest)",
        "ortsquelle": "04_Foehr_Sued_West.pdf",
        "zuordnungsabstand_relativ": 0.83,
        "pdf_x_pt": 961.35,
        "pdf_y_von_oben_pt": 995.771,
        "koordinatenquelle": "eingebettete GeoPDF-Georeferenzierung",
        "lagehinweis": "kartografische Symbolposition; nicht vermessungstechnisch oder vor Ort bestätigt",
        "marker-color": "#1565c0",
        "marker-symbol": "fire-station",
        "marker-size": "medium",
        "title": "978 - Hydrant"
      }
    },
    {
      "type": "Feature",
      "id": "982",
      "geometry": {
        "type": "Point",
        "coordinates": [
          8.421636,
          54.706694
        ]
      },
      "properties": {
        "id": "982",
        "typ": "Hydrant",
        "menge_l_min": 3200,
        "quellkarte": "04_Foehr_Sued_West.pdf",
        "ortsname": "Föhr (Südwest)",
        "ortsquelle": "04_Foehr_Sued_West.pdf",
        "zuordnungsabstand_relativ": 0.867,
        "pdf_x_pt": 885.339,
        "pdf_y_von_oben_pt": 832.449,
        "koordinatenquelle": "eingebettete GeoPDF-Georeferenzierung",
        "lagehinweis": "kartografische Symbolposition; nicht vermessungstechnisch oder vor Ort bestätigt",
        "marker-color": "#1565c0",
        "marker-symbol": "fire-station",
        "marker-size": "medium",
        "title": "982 - Hydrant"
      }
    },
    {
      "type": "Feature",
      "id": "983",
      "geometry": {
        "type": "Point",
        "coordinates": [
          8.42239,
          54.706576
        ]
      },
      "properties": {
        "id": "983",
        "typ": "Hydrant",
        "menge_l_min": 1600,
        "quellkarte": "04_Foehr_Sued_West.pdf",
        "ortsname": "Föhr (Südwest)",
        "ortsquelle": "04_Foehr_Sued_West.pdf",
        "zuordnungsabstand_relativ": 0.795,
        "pdf_x_pt": 910.325,
        "pdf_y_von_oben_pt": 839.448,
        "koordinatenquelle": "eingebettete GeoPDF-Georeferenzierung",
        "lagehinweis": "kartografische Symbolposition; nicht vermessungstechnisch oder vor Ort bestätigt",
        "marker-color": "#1565c0",
        "marker-symbol": "fire-station",
        "marker-size": "medium",
        "title": "983 - Hydrant"
      }
    },
    {
      "type": "Feature",
      "id": "984",
      "geometry": {
        "type": "Point",
        "coordinates": [
          8.422458,
          54.706391
        ]
      },
      "properties": {
        "id": "984",
        "typ": "Hydrant",
        "menge_l_min": 3200,
        "quellkarte": "04_Foehr_Sued_West.pdf",
        "ortsname": "Föhr (Südwest)",
        "ortsquelle": "04_Foehr_Sued_West.pdf",
        "zuordnungsabstand_relativ": 1.066,
        "pdf_x_pt": 912.489,
        "pdf_y_von_oben_pt": 850.039,
        "koordinatenquelle": "eingebettete GeoPDF-Georeferenzierung",
        "lagehinweis": "kartografische Symbolposition; nicht vermessungstechnisch oder vor Ort bestätigt",
        "marker-color": "#1565c0",
        "marker-symbol": "fire-station",
        "marker-size": "medium",
        "title": "984 - Hydrant"
      }
    },
    {
      "type": "Feature",
      "id": "985",
      "geometry": {
        "type": "Point",
        "coordinates": [
          8.423149,
          54.706425
        ]
      },
      "properties": {
        "id": "985",
        "typ": "Hydrant",
        "menge_l_min": 3200,
        "quellkarte": "04_Foehr_Sued_West.pdf",
        "ortsname": "Föhr (Südwest)",
        "ortsquelle": "04_Foehr_Sued_West.pdf",
        "zuordnungsabstand_relativ": 1.015,
        "pdf_x_pt": 935.465,
        "pdf_y_von_oben_pt": 848.265,
        "koordinatenquelle": "eingebettete GeoPDF-Georeferenzierung",
        "lagehinweis": "kartografische Symbolposition; nicht vermessungstechnisch oder vor Ort bestätigt",
        "marker-color": "#1565c0",
        "marker-symbol": "fire-station",
        "marker-size": "medium",
        "title": "985 - Hydrant"
      }
    }
  ]
}