{
  "type": "FeatureCollection",
  "name": "Wyk_Süd_Ost",
  "features": [
    {
      "type": "Feature",
      "id": "101",
      "geometry": {
        "type": "Point",
        "coordinates": [
          8.56967,
          54.687346
        ]
      },
      "properties": {
        "id": "101",
        "typ": "Bohrbrunnen",
        "menge_l_min": null,
        "quellkarte": "Wyk_Süd_Ost.pdf",
        "ortsname": "Wyk auf Föhr (Südost)",
        "ortsquelle": "Wyk_Süd_Ost.pdf",
        "zuordnungsabstand_relativ": 1.542,
        "pdf_x_pt": 733.834,
        "pdf_y_von_oben_pt": 154.38,
        "koordinatenquelle": "eingebettete GeoPDF-Georeferenzierung",
        "lagehinweis": "kartografische Symbolposition; nicht vermessungstechnisch oder vor Ort bestätigt",
        "marker-color": "#f9a825",
        "marker-symbol": "water",
        "marker-size": "medium",
        "title": "101 - Bohrbrunnen"
      }
    },
    {
      "type": "Feature",
      "id": "102",
      "geometry": {
        "type": "Point",
        "coordinates": [
          8.569512,
          54.687203
        ]
      },
      "properties": {
        "id": "102",
        "typ": "Hydrant",
        "menge_l_min": 1600,
        "quellkarte": "Wyk_Süd_Ost.pdf",
        "ortsname": "Wyk auf Föhr (Südost)",
        "ortsquelle": "Wyk_Süd_Ost.pdf",
        "zuordnungsabstand_relativ": 0.958,
        "pdf_x_pt": 727.471,
        "pdf_y_von_oben_pt": 164.152,
        "koordinatenquelle": "eingebettete GeoPDF-Georeferenzierung",
        "lagehinweis": "kartografische Symbolposition; nicht vermessungstechnisch oder vor Ort bestätigt",
        "marker-color": "#1565c0",
        "marker-symbol": "fire-station",
        "marker-size": "medium",
        "title": "102 - Hydrant"
      }
    },
    {
      "type": "Feature",
      "id": "103",
      "geometry": {
        "type": "Point",
        "coordinates": [
          8.569179,
          54.686647
        ]
      },
      "properties": {
        "id": "103",
        "typ": "Hydrant",
        "menge_l_min": 1600,
        "quellkarte": "Wyk_Süd_Ost.pdf",
        "ortsname": "Wyk auf Föhr (Südost)",
        "ortsquelle": "Wyk_Süd_Ost.pdf",
        "zuordnungsabstand_relativ": 0.878,
        "pdf_x_pt": 714.024,
        "pdf_y_von_oben_pt": 202.189,
        "koordinatenquelle": "eingebettete GeoPDF-Georeferenzierung",
        "lagehinweis": "kartografische Symbolposition; nicht vermessungstechnisch oder vor Ort bestätigt",
        "marker-color": "#1565c0",
        "marker-symbol": "fire-station",
        "marker-size": "medium",
        "title": "103 - Hydrant"
      }
    },
    {
      "type": "Feature",
      "id": "104",
      "geometry": {
        "type": "Point",
        "coordinates": [
          8.569061,
          54.6864
        ]
      },
      "properties": {
        "id": "104",
        "typ": "Hydrant",
        "menge_l_min": 1600,
        "quellkarte": "Wyk_Süd_Ost.pdf",
        "ortsname": "Wyk auf Föhr (Südost)",
        "ortsquelle": "Wyk_Süd_Ost.pdf",
        "zuordnungsabstand_relativ": 0.957,
        "pdf_x_pt": 709.247,
        "pdf_y_von_oben_pt": 219.101,
        "koordinatenquelle": "eingebettete GeoPDF-Georeferenzierung",
        "lagehinweis": "kartografische Symbolposition; nicht vermessungstechnisch oder vor Ort bestätigt",
        "marker-color": "#1565c0",
        "marker-symbol": "fire-station",
        "marker-size": "medium",
        "title": "104 - Hydrant"
      }
    },
    {
      "type": "Feature",
      "id": "105",
      "geometry": {
        "type": "Point",
        "coordinates": [
          8.568829,
          54.688143
        ]
      },
      "properties": {
        "id": "105",
        "typ": "Hydrant",
        "menge_l_min": 1600,
        "quellkarte": "Wyk_Süd_Ost.pdf",
        "ortsname": "Wyk auf Föhr (Südost)",
        "ortsquelle": "Wyk_Süd_Ost.pdf",
        "zuordnungsabstand_relativ": 0.887,
        "pdf_x_pt": 700.771,
        "pdf_y_von_oben_pt": 99.534,
        "koordinatenquelle": "eingebettete GeoPDF-Georeferenzierung",
        "lagehinweis": "kartografische Symbolposition; nicht vermessungstechnisch oder vor Ort bestätigt",
        "marker-color": "#1565c0",
        "marker-symbol": "fire-station",
        "marker-size": "medium",
        "title": "105 - Hydrant"
      }
    },
    {
      "type": "Feature",
      "id": "106",
      "geometry": {
        "type": "Point",
        "coordinates": [
          8.568324,
          54.687567
        ]
      },
      "properties": {
        "id": "106",
        "typ": "Hydrant",
        "menge_l_min": 1600,
        "quellkarte": "Wyk_Süd_Ost.pdf",
        "ortsname": "Wyk auf Föhr (Südost)",
        "ortsquelle": "Wyk_Süd_Ost.pdf",
        "zuordnungsabstand_relativ": 0.574,
        "pdf_x_pt": 680.442,
        "pdf_y_von_oben_pt": 138.913,
        "koordinatenquelle": "eingebettete GeoPDF-Georeferenzierung",
        "lagehinweis": "kartografische Symbolposition; nicht vermessungstechnisch oder vor Ort bestätigt",
        "marker-color": "#1565c0",
        "marker-symbol": "fire-station",
        "marker-size": "medium",
        "title": "106 - Hydrant"
      }
    },
    {
      "type": "Feature",
      "id": "107",
      "geometry": {
        "type": "Point",
        "coordinates": [
          8.568271,
          54.687513
        ]
      },
      "properties": {
        "id": "107",
        "typ": "Hydrant",
        "menge_l_min": 1600,
        "quellkarte": "Wyk_Süd_Ost.pdf",
        "ortsname": "Wyk auf Föhr (Südost)",
        "ortsquelle": "Wyk_Süd_Ost.pdf",
        "zuordnungsabstand_relativ": 0.828,
        "pdf_x_pt": 678.346,
        "pdf_y_von_oben_pt": 142.552,
        "koordinatenquelle": "eingebettete GeoPDF-Georeferenzierung",
        "lagehinweis": "kartografische Symbolposition; nicht vermessungstechnisch oder vor Ort bestätigt",
        "marker-color": "#1565c0",
        "marker-symbol": "fire-station",
        "marker-size": "medium",
        "title": "107 - Hydrant"
      }
    },
    {
      "type": "Feature",
      "id": "108",
      "geometry": {
        "type": "Point",
        "coordinates": [
          8.567624,
          54.686806
        ]
      },
      "properties": {
        "id": "108",
        "typ": "Hydrant",
        "menge_l_min": 1600,
        "quellkarte": "Wyk_Süd_Ost.pdf",
        "ortsname": "Wyk auf Föhr (Südost)",
        "ortsquelle": "Wyk_Süd_Ost.pdf",
        "zuordnungsabstand_relativ": 0.828,
        "pdf_x_pt": 652.346,
        "pdf_y_von_oben_pt": 190.91,
        "koordinatenquelle": "eingebettete GeoPDF-Georeferenzierung",
        "lagehinweis": "kartografische Symbolposition; nicht vermessungstechnisch oder vor Ort bestätigt",
        "marker-color": "#1565c0",
        "marker-symbol": "fire-station",
        "marker-size": "medium",
        "title": "108 - Hydrant"
      }
    },
    {
      "type": "Feature",
      "id": "109",
      "geometry": {
        "type": "Point",
        "coordinates": [
          8.568017,
          54.688411
        ]
      },
      "properties": {
        "id": "109",
        "typ": "Hydrant",
        "menge_l_min": 1600,
        "quellkarte": "Wyk_Süd_Ost.pdf",
        "ortsname": "Wyk auf Föhr (Südost)",
        "ortsquelle": "Wyk_Süd_Ost.pdf",
        "zuordnungsabstand_relativ": 0.895,
        "pdf_x_pt": 668.6,
        "pdf_y_von_oben_pt": 80.938,
        "koordinatenquelle": "eingebettete GeoPDF-Georeferenzierung",
        "lagehinweis": "kartografische Symbolposition; nicht vermessungstechnisch oder vor Ort bestätigt",
        "marker-color": "#1565c0",
        "marker-symbol": "fire-station",
        "marker-size": "medium",
        "title": "109 - Hydrant"
      }
    },
    {
      "type": "Feature",
      "id": "110",
      "geometry": {
        "type": "Point",
        "coordinates": [
          8.569284,
          54.688522
        ]
      },
      "properties": {
        "id": "110",
        "typ": "Hydrant",
        "menge_l_min": 1600,
        "quellkarte": "Wyk_Süd_Ost.pdf",
        "ortsname": "Wyk auf Föhr (Südost)",
        "ortsquelle": "Wyk_Süd_Ost.pdf",
        "zuordnungsabstand_relativ": 1.202,
        "pdf_x_pt": 718.994,
        "pdf_y_von_oben_pt": 73.644,
        "koordinatenquelle": "eingebettete GeoPDF-Georeferenzierung",
        "lagehinweis": "kartografische Symbolposition; nicht vermessungstechnisch oder vor Ort bestätigt",
        "marker-color": "#1565c0",
        "marker-symbol": "fire-station",
        "marker-size": "medium",
        "title": "110 - Hydrant"
      }
    },
    {
      "type": "Feature",
      "id": "112",
      "geometry": {
        "type": "Point",
        "coordinates": [
          8.567424,
          54.687704
        ]
      },
      "properties": {
        "id": "112",
        "typ": "Hydrant",
        "menge_l_min": 1600,
        "quellkarte": "Wyk_Süd_Ost.pdf",
        "ortsname": "Wyk auf Föhr (Südost)",
        "ortsquelle": "Wyk_Süd_Ost.pdf",
        "zuordnungsabstand_relativ": 1.138,
        "pdf_x_pt": 644.785,
        "pdf_y_von_oben_pt": 129.242,
        "koordinatenquelle": "eingebettete GeoPDF-Georeferenzierung",
        "lagehinweis": "kartografische Symbolposition; nicht vermessungstechnisch oder vor Ort bestätigt",
        "marker-color": "#1565c0",
        "marker-symbol": "fire-station",
        "marker-size": "medium",
        "title": "112 - Hydrant"
      }
    },
    {
      "type": "Feature",
      "id": "113",
      "geometry": {
        "type": "Point",
        "coordinates": [
          8.566599,
          54.687103
        ]
      },
      "properties": {
        "id": "113",
        "typ": "Hydrant",
        "menge_l_min": 1600,
        "quellkarte": "Wyk_Süd_Ost.pdf",
        "ortsname": "Wyk auf Föhr (Südost)",
        "ortsquelle": "Wyk_Süd_Ost.pdf",
        "zuordnungsabstand_relativ": 0.861,
        "pdf_x_pt": 611.746,
        "pdf_y_von_oben_pt": 170.285,
        "koordinatenquelle": "eingebettete GeoPDF-Georeferenzierung",
        "lagehinweis": "kartografische Symbolposition; nicht vermessungstechnisch oder vor Ort bestätigt",
        "marker-color": "#1565c0",
        "marker-symbol": "fire-station",
        "marker-size": "medium",
        "title": "113 - Hydrant"
      }
    },
    {
      "type": "Feature",
      "id": "114",
      "geometry": {
        "type": "Point",
        "coordinates": [
          8.565685,
          54.687557
        ]
      },
      "properties": {
        "id": "114",
        "typ": "Hydrant",
        "menge_l_min": 1600,
        "quellkarte": "Wyk_Süd_Ost.pdf",
        "ortsname": "Wyk auf Föhr (Südost)",
        "ortsquelle": "Wyk_Süd_Ost.pdf",
        "zuordnungsabstand_relativ": 1.459,
        "pdf_x_pt": 575.64,
        "pdf_y_von_oben_pt": 138.927,
        "koordinatenquelle": "eingebettete GeoPDF-Georeferenzierung",
        "lagehinweis": "kartografische Symbolposition; nicht vermessungstechnisch oder vor Ort bestätigt",
        "marker-color": "#1565c0",
        "marker-symbol": "fire-station",
        "marker-size": "medium",
        "title": "114 - Hydrant"
      }
    },
    {
      "type": "Feature",
      "id": "115",
      "geometry": {
        "type": "Point",
        "coordinates": [
          8.565213,
          54.688694
        ]
      },
      "properties": {
        "id": "115",
        "typ": "Hydrant",
        "menge_l_min": 1600,
        "quellkarte": "Wyk_Süd_Ost.pdf",
        "ortsname": "Wyk auf Föhr (Südost)",
        "ortsquelle": "Wyk_Süd_Ost.pdf",
        "zuordnungsabstand_relativ": 1.097,
        "pdf_x_pt": 557.372,
        "pdf_y_von_oben_pt": 60.79,
        "koordinatenquelle": "eingebettete GeoPDF-Georeferenzierung",
        "lagehinweis": "kartografische Symbolposition; nicht vermessungstechnisch oder vor Ort bestätigt",
        "marker-color": "#1565c0",
        "marker-symbol": "fire-station",
        "marker-size": "medium",
        "title": "115 - Hydrant"
      }
    },
    {
      "type": "Feature",
      "id": "116",
      "geometry": {
        "type": "Point",
        "coordinates": [
          8.564617,
          54.68802
        ]
      },
      "properties": {
        "id": "116",
        "typ": "Hydrant",
        "menge_l_min": 1600,
        "quellkarte": "Wyk_Süd_Ost.pdf",
        "ortsname": "Wyk auf Föhr (Südost)",
        "ortsquelle": "Wyk_Süd_Ost.pdf",
        "zuordnungsabstand_relativ": 0.862,
        "pdf_x_pt": 533.433,
        "pdf_y_von_oben_pt": 106.856,
        "koordinatenquelle": "eingebettete GeoPDF-Georeferenzierung",
        "lagehinweis": "kartografische Symbolposition; nicht vermessungstechnisch oder vor Ort bestätigt",
        "marker-color": "#1565c0",
        "marker-symbol": "fire-station",
        "marker-size": "medium",
        "title": "116 - Hydrant"
      }
    },
    {
      "type": "Feature",
      "id": "119",
      "geometry": {
        "type": "Point",
        "coordinates": [
          8.568484,
          54.685567
        ]
      },
      "properties": {
        "id": "119",
        "typ": "Hydrant",
        "menge_l_min": 1600,
        "quellkarte": "Wyk_Süd_Ost.pdf",
        "ortsname": "Wyk auf Föhr (Südost)",
        "ortsquelle": "Wyk_Süd_Ost.pdf",
        "zuordnungsabstand_relativ": 0.785,
        "pdf_x_pt": 685.997,
        "pdf_y_von_oben_pt": 276.076,
        "koordinatenquelle": "eingebettete GeoPDF-Georeferenzierung",
        "lagehinweis": "kartografische Symbolposition; nicht vermessungstechnisch oder vor Ort bestätigt",
        "marker-color": "#1565c0",
        "marker-symbol": "fire-station",
        "marker-size": "medium",
        "title": "119 - Hydrant"
      }
    },
    {
      "type": "Feature",
      "id": "120",
      "geometry": {
        "type": "Point",
        "coordinates": [
          8.568466,
          54.684754
        ]
      },
      "properties": {
        "id": "120",
        "typ": "Hydrant",
        "menge_l_min": 1600,
        "quellkarte": "Wyk_Süd_Ost.pdf",
        "ortsname": "Wyk auf Föhr (Südost)",
        "ortsquelle": "Wyk_Süd_Ost.pdf",
        "zuordnungsabstand_relativ": 0.9,
        "pdf_x_pt": 684.935,
        "pdf_y_von_oben_pt": 331.823,
        "koordinatenquelle": "eingebettete GeoPDF-Georeferenzierung",
        "lagehinweis": "kartografische Symbolposition; nicht vermessungstechnisch oder vor Ort bestätigt",
        "marker-color": "#1565c0",
        "marker-symbol": "fire-station",
        "marker-size": "medium",
        "title": "120 - Hydrant"
      }
    },
    {
      "type": "Feature",
      "id": "121",
      "geometry": {
        "type": "Point",
        "coordinates": [
          8.568466,
          54.684219
        ]
      },
      "properties": {
        "id": "121",
        "typ": "Hydrant",
        "menge_l_min": 1600,
        "quellkarte": "Wyk_Süd_Ost.pdf",
        "ortsname": "Wyk auf Föhr (Südost)",
        "ortsquelle": "Wyk_Süd_Ost.pdf",
        "zuordnungsabstand_relativ": 0.877,
        "pdf_x_pt": 684.715,
        "pdf_y_von_oben_pt": 368.483,
        "koordinatenquelle": "eingebettete GeoPDF-Georeferenzierung",
        "lagehinweis": "kartografische Symbolposition; nicht vermessungstechnisch oder vor Ort bestätigt",
        "marker-color": "#1565c0",
        "marker-symbol": "fire-station",
        "marker-size": "medium",
        "title": "121 - Hydrant"
      }
    },
    {
      "type": "Feature",
      "id": "122",
      "geometry": {
        "type": "Point",
        "coordinates": [
          8.567314,
          54.683724
        ]
      },
      "properties": {
        "id": "122",
        "typ": "Hydrant",
        "menge_l_min": 1600,
        "quellkarte": "Wyk_Süd_Ost.pdf",
        "ortsname": "Wyk auf Föhr (Südost)",
        "ortsquelle": "Wyk_Süd_Ost.pdf",
        "zuordnungsabstand_relativ": 0.826,
        "pdf_x_pt": 638.761,
        "pdf_y_von_oben_pt": 402.13,
        "koordinatenquelle": "eingebettete GeoPDF-Georeferenzierung",
        "lagehinweis": "kartografische Symbolposition; nicht vermessungstechnisch oder vor Ort bestätigt",
        "marker-color": "#1565c0",
        "marker-symbol": "fire-station",
        "marker-size": "medium",
        "title": "122 - Hydrant"
      }
    },
    {
      "type": "Feature",
      "id": "123",
      "geometry": {
        "type": "Point",
        "coordinates": [
          8.567034,
          54.686202
        ]
      },
      "properties": {
        "id": "123",
        "typ": "Hydrant",
        "menge_l_min": 1600,
        "quellkarte": "Wyk_Süd_Ost.pdf",
        "ortsname": "Wyk auf Föhr (Südost)",
        "ortsquelle": "Wyk_Süd_Ost.pdf",
        "zuordnungsabstand_relativ": 1.096,
        "pdf_x_pt": 628.646,
        "pdf_y_von_oben_pt": 232.167,
        "koordinatenquelle": "eingebettete GeoPDF-Georeferenzierung",
        "lagehinweis": "kartografische Symbolposition; nicht vermessungstechnisch oder vor Ort bestätigt",
        "marker-color": "#1565c0",
        "marker-symbol": "fire-station",
        "marker-size": "medium",
        "title": "123 - Hydrant"
      }
    },
    {
      "type": "Feature",
      "id": "124",
      "geometry": {
        "type": "Point",
        "coordinates": [
          8.566438,
          54.685524
        ]
      },
      "properties": {
        "id": "124",
        "typ": "Hydrant",
        "menge_l_min": 1600,
        "quellkarte": "Wyk_Süd_Ost.pdf",
        "ortsname": "Wyk auf Föhr (Südost)",
        "ortsquelle": "Wyk_Süd_Ost.pdf",
        "zuordnungsabstand_relativ": 1.017,
        "pdf_x_pt": 604.697,
        "pdf_y_von_oben_pt": 278.5,
        "koordinatenquelle": "eingebettete GeoPDF-Georeferenzierung",
        "lagehinweis": "kartografische Symbolposition; nicht vermessungstechnisch oder vor Ort bestätigt",
        "marker-color": "#1565c0",
        "marker-symbol": "fire-station",
        "marker-size": "medium",
        "title": "124 - Hydrant"
      }
    },
    {
      "type": "Feature",
      "id": "125",
      "geometry": {
        "type": "Point",
        "coordinates": [
          8.565797,
          54.684819
        ]
      },
      "properties": {
        "id": "125",
        "typ": "Hydrant",
        "menge_l_min": 1600,
        "quellkarte": "Wyk_Süd_Ost.pdf",
        "ortsname": "Wyk auf Föhr (Südost)",
        "ortsquelle": "Wyk_Süd_Ost.pdf",
        "zuordnungsabstand_relativ": 0.817,
        "pdf_x_pt": 578.934,
        "pdf_y_von_oben_pt": 326.69,
        "koordinatenquelle": "eingebettete GeoPDF-Georeferenzierung",
        "lagehinweis": "kartografische Symbolposition; nicht vermessungstechnisch oder vor Ort bestätigt",
        "marker-color": "#1565c0",
        "marker-symbol": "fire-station",
        "marker-size": "medium",
        "title": "125 - Hydrant"
      }
    },
    {
      "type": "Feature",
      "id": "126",
      "geometry": {
        "type": "Point",
        "coordinates": [
          8.565268,
          54.684328
        ]
      },
      "properties": {
        "id": "126",
        "typ": "Hydrant",
        "menge_l_min": 1600,
        "quellkarte": "Wyk_Süd_Ost.pdf",
        "ortsname": "Wyk auf Föhr (Südost)",
        "ortsquelle": "Wyk_Süd_Ost.pdf",
        "zuordnungsabstand_relativ": 0.989,
        "pdf_x_pt": 557.738,
        "pdf_y_von_oben_pt": 360.199,
        "koordinatenquelle": "eingebettete GeoPDF-Georeferenzierung",
        "lagehinweis": "kartografische Symbolposition; nicht vermessungstechnisch oder vor Ort bestätigt",
        "marker-color": "#1565c0",
        "marker-symbol": "fire-station",
        "marker-size": "medium",
        "title": "126 - Hydrant"
      }
    },
    {
      "type": "Feature",
      "id": "127",
      "geometry": {
        "type": "Point",
        "coordinates": [
          8.565672,
          54.686067
        ]
      },
      "properties": {
        "id": "127",
        "typ": "Hydrant",
        "menge_l_min": 1600,
        "quellkarte": "Wyk_Süd_Ost.pdf",
        "ortsname": "Wyk auf Föhr (Südost)",
        "ortsquelle": "Wyk_Süd_Ost.pdf",
        "zuordnungsabstand_relativ": 0.832,
        "pdf_x_pt": 574.512,
        "pdf_y_von_oben_pt": 241.095,
        "koordinatenquelle": "eingebettete GeoPDF-Georeferenzierung",
        "lagehinweis": "kartografische Symbolposition; nicht vermessungstechnisch oder vor Ort bestätigt",
        "marker-color": "#1565c0",
        "marker-symbol": "fire-station",
        "marker-size": "medium",
        "title": "127 - Hydrant"
      }
    },
    {
      "type": "Feature",
      "id": "128",
      "geometry": {
        "type": "Point",
        "coordinates": [
          8.564876,
          54.685547
        ]
      },
      "properties": {
        "id": "128",
        "typ": "Hydrant",
        "menge_l_min": 1600,
        "quellkarte": "Wyk_Süd_Ost.pdf",
        "ortsname": "Wyk auf Föhr (Südost)",
        "ortsquelle": "Wyk_Süd_Ost.pdf",
        "zuordnungsabstand_relativ": 1.894,
        "pdf_x_pt": 542.686,
        "pdf_y_von_oben_pt": 276.543,
        "koordinatenquelle": "eingebettete GeoPDF-Georeferenzierung",
        "lagehinweis": "kartografische Symbolposition; nicht vermessungstechnisch oder vor Ort bestätigt",
        "marker-color": "#1565c0",
        "marker-symbol": "fire-station",
        "marker-size": "medium",
        "title": "128 - Hydrant"
      }
    },
    {
      "type": "Feature",
      "id": "129",
      "geometry": {
        "type": "Point",
        "coordinates": [
          8.565183,
          54.685536
        ]
      },
      "properties": {
        "id": "129",
        "typ": "Hydrant",
        "menge_l_min": 1600,
        "quellkarte": "Wyk_Süd_Ost.pdf",
        "ortsname": "Wyk auf Föhr (Südost)",
        "ortsquelle": "Wyk_Süd_Ost.pdf",
        "zuordnungsabstand_relativ": 0.22,
        "pdf_x_pt": 554.859,
        "pdf_y_von_oben_pt": 277.343,
        "koordinatenquelle": "eingebettete GeoPDF-Georeferenzierung",
        "lagehinweis": "kartografische Symbolposition; nicht vermessungstechnisch oder vor Ort bestätigt",
        "marker-color": "#1565c0",
        "marker-symbol": "fire-station",
        "marker-size": "medium",
        "title": "129 - Hydrant"
      }
    },
    {
      "type": "Feature",
      "id": "130",
      "geometry": {
        "type": "Point",
        "coordinates": [
          8.563841,
          54.684864
        ]
      },
      "properties": {
        "id": "130",
        "typ": "Hydrant",
        "menge_l_min": 1600,
        "quellkarte": "Wyk_Süd_Ost.pdf",
        "ortsname": "Wyk auf Föhr (Südost)",
        "ortsquelle": "Wyk_Süd_Ost.pdf",
        "zuordnungsabstand_relativ": 0.947,
        "pdf_x_pt": 501.291,
        "pdf_y_von_oben_pt": 323.137,
        "koordinatenquelle": "eingebettete GeoPDF-Georeferenzierung",
        "lagehinweis": "kartografische Symbolposition; nicht vermessungstechnisch oder vor Ort bestätigt",
        "marker-color": "#1565c0",
        "marker-symbol": "fire-station",
        "marker-size": "medium",
        "title": "130 - Hydrant"
      }
    },
    {
      "type": "Feature",
      "id": "131",
      "geometry": {
        "type": "Point",
        "coordinates": [
          8.563343,
          54.685208
        ]
      },
      "properties": {
        "id": "131",
        "typ": "E-Bohrbrunnen",
        "menge_l_min": null,
        "quellkarte": "Wyk_Süd_Ost.pdf",
        "ortsname": "Wyk auf Föhr (Südost)",
        "ortsquelle": "Wyk_Süd_Ost.pdf",
        "zuordnungsabstand_relativ": 0.955,
        "pdf_x_pt": 481.624,
        "pdf_y_von_oben_pt": 299.418,
        "koordinatenquelle": "eingebettete GeoPDF-Georeferenzierung",
        "lagehinweis": "kartografische Symbolposition; nicht vermessungstechnisch oder vor Ort bestätigt",
        "marker-color": "#8e24aa",
        "marker-symbol": "industrial",
        "marker-size": "medium",
        "title": "131 - E-Bohrbrunnen"
      }
    },
    {
      "type": "Feature",
      "id": "133",
      "geometry": {
        "type": "Point",
        "coordinates": [
          8.563738,
          54.687011
        ]
      },
      "properties": {
        "id": "133",
        "typ": "Hydrant",
        "menge_l_min": 1600,
        "quellkarte": "Wyk_Süd_Ost.pdf",
        "ortsname": "Wyk auf Föhr (Südost)",
        "ortsquelle": "Wyk_Süd_Ost.pdf",
        "zuordnungsabstand_relativ": 0.872,
        "pdf_x_pt": 498.106,
        "pdf_y_von_oben_pt": 175.82,
        "koordinatenquelle": "eingebettete GeoPDF-Georeferenzierung",
        "lagehinweis": "kartografische Symbolposition; nicht vermessungstechnisch oder vor Ort bestätigt",
        "marker-color": "#1565c0",
        "marker-symbol": "fire-station",
        "marker-size": "medium",
        "title": "133 - Hydrant"
      }
    },
    {
      "type": "Feature",
      "id": "134",
      "geometry": {
        "type": "Point",
        "coordinates": [
          8.562389,
          54.685768
        ]
      },
      "properties": {
        "id": "134",
        "typ": "Hydrant",
        "menge_l_min": 1600,
        "quellkarte": "Wyk_Süd_Ost.pdf",
        "ortsname": "Wyk auf Föhr (Südost)",
        "ortsquelle": "Wyk_Süd_Ost.pdf",
        "zuordnungsabstand_relativ": 0.803,
        "pdf_x_pt": 443.992,
        "pdf_y_von_oben_pt": 260.781,
        "koordinatenquelle": "eingebettete GeoPDF-Georeferenzierung",
        "lagehinweis": "kartografische Symbolposition; nicht vermessungstechnisch oder vor Ort bestätigt",
        "marker-color": "#1565c0",
        "marker-symbol": "fire-station",
        "marker-size": "medium",
        "title": "134 - Hydrant"
      }
    },
    {
      "type": "Feature",
      "id": "135",
      "geometry": {
        "type": "Point",
        "coordinates": [
          8.567079,
          54.681984
        ]
      },
      "properties": {
        "id": "135",
        "typ": "Hydrant",
        "menge_l_min": 1600,
        "quellkarte": "Wyk_Süd_Ost.pdf",
        "ortsname": "Wyk auf Föhr (Südost)",
        "ortsquelle": "Wyk_Süd_Ost.pdf",
        "zuordnungsabstand_relativ": 0.88,
        "pdf_x_pt": 628.684,
        "pdf_y_von_oben_pt": 521.39,
        "koordinatenquelle": "eingebettete GeoPDF-Georeferenzierung",
        "lagehinweis": "kartografische Symbolposition; nicht vermessungstechnisch oder vor Ort bestätigt",
        "marker-color": "#1565c0",
        "marker-symbol": "fire-station",
        "marker-size": "medium",
        "title": "135 - Hydrant"
      }
    },
    {
      "type": "Feature",
      "id": "136",
      "geometry": {
        "type": "Point",
        "coordinates": [
          8.566321,
          54.681198
        ]
      },
      "properties": {
        "id": "136",
        "typ": "Hydrant",
        "menge_l_min": 1600,
        "quellkarte": "Wyk_Süd_Ost.pdf",
        "ortsname": "Wyk auf Föhr (Südost)",
        "ortsquelle": "Wyk_Süd_Ost.pdf",
        "zuordnungsabstand_relativ": 0.794,
        "pdf_x_pt": 598.253,
        "pdf_y_von_oben_pt": 575.087,
        "koordinatenquelle": "eingebettete GeoPDF-Georeferenzierung",
        "lagehinweis": "kartografische Symbolposition; nicht vermessungstechnisch oder vor Ort bestätigt",
        "marker-color": "#1565c0",
        "marker-symbol": "fire-station",
        "marker-size": "medium",
        "title": "136 - Hydrant"
      }
    },
    {
      "type": "Feature",
      "id": "137",
      "geometry": {
        "type": "Point",
        "coordinates": [
          8.564507,
          54.681201
        ]
      },
      "properties": {
        "id": "137",
        "typ": "Hydrant",
        "menge_l_min": 1600,
        "quellkarte": "Wyk_Süd_Ost.pdf",
        "ortsname": "Wyk auf Föhr (Südost)",
        "ortsquelle": "Wyk_Süd_Ost.pdf",
        "zuordnungsabstand_relativ": 0.891,
        "pdf_x_pt": 526.206,
        "pdf_y_von_oben_pt": 574.446,
        "koordinatenquelle": "eingebettete GeoPDF-Georeferenzierung",
        "lagehinweis": "kartografische Symbolposition; nicht vermessungstechnisch oder vor Ort bestätigt",
        "marker-color": "#1565c0",
        "marker-symbol": "fire-station",
        "marker-size": "medium",
        "title": "137 - Hydrant"
      }
    },
    {
      "type": "Feature",
      "id": "138",
      "geometry": {
        "type": "Point",
        "coordinates": [
          8.564425,
          54.681948
        ]
      },
      "properties": {
        "id": "138",
        "typ": "Hydrant",
        "menge_l_min": 1600,
        "quellkarte": "Wyk_Süd_Ost.pdf",
        "ortsname": "Wyk auf Föhr (Südost)",
        "ortsquelle": "Wyk_Süd_Ost.pdf",
        "zuordnungsabstand_relativ": 0.998,
        "pdf_x_pt": 523.26,
        "pdf_y_von_oben_pt": 523.233,
        "koordinatenquelle": "eingebettete GeoPDF-Georeferenzierung",
        "lagehinweis": "kartografische Symbolposition; nicht vermessungstechnisch oder vor Ort bestätigt",
        "marker-color": "#1565c0",
        "marker-symbol": "fire-station",
        "marker-size": "medium",
        "title": "138 - Hydrant"
      }
    },
    {
      "type": "Feature",
      "id": "139",
      "geometry": {
        "type": "Point",
        "coordinates": [
          8.563531,
          54.682103
        ]
      },
      "properties": {
        "id": "139",
        "typ": "Hydrant",
        "menge_l_min": 1600,
        "quellkarte": "Wyk_Süd_Ost.pdf",
        "ortsname": "Wyk auf Föhr (Südost)",
        "ortsquelle": "Wyk_Süd_Ost.pdf",
        "zuordnungsabstand_relativ": 0.828,
        "pdf_x_pt": 487.797,
        "pdf_y_von_oben_pt": 512.35,
        "koordinatenquelle": "eingebettete GeoPDF-Georeferenzierung",
        "lagehinweis": "kartografische Symbolposition; nicht vermessungstechnisch oder vor Ort bestätigt",
        "marker-color": "#1565c0",
        "marker-symbol": "fire-station",
        "marker-size": "medium",
        "title": "139 - Hydrant"
      }
    },
    {
      "type": "Feature",
      "id": "140",
      "geometry": {
        "type": "Point",
        "coordinates": [
          8.563099,
          54.681737
        ]
      },
      "properties": {
        "id": "140",
        "typ": "Hydrant",
        "menge_l_min": 1600,
        "quellkarte": "Wyk_Süd_Ost.pdf",
        "ortsname": "Wyk auf Föhr (Südost)",
        "ortsquelle": "Wyk_Süd_Ost.pdf",
        "zuordnungsabstand_relativ": 1.576,
        "pdf_x_pt": 470.493,
        "pdf_y_von_oben_pt": 537.353,
        "koordinatenquelle": "eingebettete GeoPDF-Georeferenzierung",
        "lagehinweis": "kartografische Symbolposition; nicht vermessungstechnisch oder vor Ort bestätigt",
        "marker-color": "#1565c0",
        "marker-symbol": "fire-station",
        "marker-size": "medium",
        "title": "140 - Hydrant"
      }
    },
    {
      "type": "Feature",
      "id": "141",
      "geometry": {
        "type": "Point",
        "coordinates": [
          8.56248,
          54.682139
        ]
      },
      "properties": {
        "id": "141",
        "typ": "Hydrant",
        "menge_l_min": 1600,
        "quellkarte": "Wyk_Süd_Ost.pdf",
        "ortsname": "Wyk auf Föhr (Südost)",
        "ortsquelle": "Wyk_Süd_Ost.pdf",
        "zuordnungsabstand_relativ": 0.838,
        "pdf_x_pt": 446.056,
        "pdf_y_von_oben_pt": 509.642,
        "koordinatenquelle": "eingebettete GeoPDF-Georeferenzierung",
        "lagehinweis": "kartografische Symbolposition; nicht vermessungstechnisch oder vor Ort bestätigt",
        "marker-color": "#1565c0",
        "marker-symbol": "fire-station",
        "marker-size": "medium",
        "title": "141 - Hydrant"
      }
    },
    {
      "type": "Feature",
      "id": "142",
      "geometry": {
        "type": "Point",
        "coordinates": [
          8.562188,
          54.682886
        ]
      },
      "properties": {
        "id": "142",
        "typ": "Hydrant",
        "menge_l_min": 1600,
        "quellkarte": "Wyk_Süd_Ost.pdf",
        "ortsname": "Wyk auf Föhr (Südost)",
        "ortsquelle": "Wyk_Süd_Ost.pdf",
        "zuordnungsabstand_relativ": 0.906,
        "pdf_x_pt": 434.784,
        "pdf_y_von_oben_pt": 458.338,
        "koordinatenquelle": "eingebettete GeoPDF-Georeferenzierung",
        "lagehinweis": "kartografische Symbolposition; nicht vermessungstechnisch oder vor Ort bestätigt",
        "marker-color": "#1565c0",
        "marker-symbol": "fire-station",
        "marker-size": "medium",
        "title": "142 - Hydrant"
      }
    },
    {
      "type": "Feature",
      "id": "143",
      "geometry": {
        "type": "Point",
        "coordinates": [
          8.563722,
          54.683043
        ]
      },
      "properties": {
        "id": "143",
        "typ": "Hydrant",
        "menge_l_min": 1600,
        "quellkarte": "Wyk_Süd_Ost.pdf",
        "ortsname": "Wyk auf Föhr (Südost)",
        "ortsquelle": "Wyk_Süd_Ost.pdf",
        "zuordnungsabstand_relativ": 1.023,
        "pdf_x_pt": 495.765,
        "pdf_y_von_oben_pt": 447.975,
        "koordinatenquelle": "eingebettete GeoPDF-Georeferenzierung",
        "lagehinweis": "kartografische Symbolposition; nicht vermessungstechnisch oder vor Ort bestätigt",
        "marker-color": "#1565c0",
        "marker-symbol": "fire-station",
        "marker-size": "medium",
        "title": "143 - Hydrant"
      }
    },
    {
      "type": "Feature",
      "id": "144",
      "geometry": {
        "type": "Point",
        "coordinates": [
          8.564322,
          54.683869
        ]
      },
      "properties": {
        "id": "144",
        "typ": "Hydrant",
        "menge_l_min": 800,
        "quellkarte": "Wyk_Süd_Ost.pdf",
        "ortsname": "Wyk auf Föhr (Südost)",
        "ortsquelle": "Wyk_Süd_Ost.pdf",
        "zuordnungsabstand_relativ": 0.979,
        "pdf_x_pt": 519.96,
        "pdf_y_von_oben_pt": 391.451,
        "koordinatenquelle": "eingebettete GeoPDF-Georeferenzierung",
        "lagehinweis": "kartografische Symbolposition; nicht vermessungstechnisch oder vor Ort bestätigt",
        "marker-color": "#1565c0",
        "marker-symbol": "fire-station",
        "marker-size": "medium",
        "title": "144 - Hydrant"
      }
    },
    {
      "type": "Feature",
      "id": "145",
      "geometry": {
        "type": "Point",
        "coordinates": [
          8.563087,
          54.683983
        ]
      },
      "properties": {
        "id": "145",
        "typ": "Hydrant",
        "menge_l_min": 1600,
        "quellkarte": "Wyk_Süd_Ost.pdf",
        "ortsname": "Wyk auf Föhr (Südost)",
        "ortsquelle": "Wyk_Süd_Ost.pdf",
        "zuordnungsabstand_relativ": 0.912,
        "pdf_x_pt": 470.957,
        "pdf_y_von_oben_pt": 383.313,
        "koordinatenquelle": "eingebettete GeoPDF-Georeferenzierung",
        "lagehinweis": "kartografische Symbolposition; nicht vermessungstechnisch oder vor Ort bestätigt",
        "marker-color": "#1565c0",
        "marker-symbol": "fire-station",
        "marker-size": "medium",
        "title": "145 - Hydrant"
      }
    },
    {
      "type": "Feature",
      "id": "146",
      "geometry": {
        "type": "Point",
        "coordinates": [
          8.561582,
          54.684858
        ]
      },
      "properties": {
        "id": "146",
        "typ": "Hydrant",
        "menge_l_min": 1600,
        "quellkarte": "Wyk_Süd_Ost.pdf",
        "ortsname": "Wyk auf Föhr (Südost)",
        "ortsquelle": "Wyk_Süd_Ost.pdf",
        "zuordnungsabstand_relativ": 0.781,
        "pdf_x_pt": 411.54,
        "pdf_y_von_oben_pt": 322.957,
        "koordinatenquelle": "eingebettete GeoPDF-Georeferenzierung",
        "lagehinweis": "kartografische Symbolposition; nicht vermessungstechnisch oder vor Ort bestätigt",
        "marker-color": "#1565c0",
        "marker-symbol": "fire-station",
        "marker-size": "medium",
        "title": "146 - Hydrant"
      }
    },
    {
      "type": "Feature",
      "id": "147",
      "geometry": {
        "type": "Point",
        "coordinates": [
          8.56082,
          54.683978
        ]
      },
      "properties": {
        "id": "147",
        "typ": "Hydrant",
        "menge_l_min": 1600,
        "quellkarte": "Wyk_Süd_Ost.pdf",
        "ortsname": "Wyk auf Föhr (Südost)",
        "ortsquelle": "Wyk_Süd_Ost.pdf",
        "zuordnungsabstand_relativ": 0.852,
        "pdf_x_pt": 380.913,
        "pdf_y_von_oben_pt": 383.13,
        "koordinatenquelle": "eingebettete GeoPDF-Georeferenzierung",
        "lagehinweis": "kartografische Symbolposition; nicht vermessungstechnisch oder vor Ort bestätigt",
        "marker-color": "#1565c0",
        "marker-symbol": "fire-station",
        "marker-size": "medium",
        "title": "147 - Hydrant"
      }
    },
    {
      "type": "Feature",
      "id": "148",
      "geometry": {
        "type": "Point",
        "coordinates": [
          8.560224,
          54.683189
        ]
      },
      "properties": {
        "id": "148",
        "typ": "Hydrant",
        "menge_l_min": 1600,
        "quellkarte": "Wyk_Süd_Ost.pdf",
        "ortsname": "Wyk auf Föhr (Südost)",
        "ortsquelle": "Wyk_Süd_Ost.pdf",
        "zuordnungsabstand_relativ": 0.813,
        "pdf_x_pt": 356.903,
        "pdf_y_von_oben_pt": 437.062,
        "koordinatenquelle": "eingebettete GeoPDF-Georeferenzierung",
        "lagehinweis": "kartografische Symbolposition; nicht vermessungstechnisch oder vor Ort bestätigt",
        "marker-color": "#1565c0",
        "marker-symbol": "fire-station",
        "marker-size": "medium",
        "title": "148 - Hydrant"
      }
    },
    {
      "type": "Feature",
      "id": "149",
      "geometry": {
        "type": "Point",
        "coordinates": [
          8.559617,
          54.682435
        ]
      },
      "properties": {
        "id": "149",
        "typ": "Hydrant",
        "menge_l_min": 1600,
        "quellkarte": "Wyk_Süd_Ost.pdf",
        "ortsname": "Wyk auf Föhr (Südost)",
        "ortsquelle": "Wyk_Süd_Ost.pdf",
        "zuordnungsabstand_relativ": 0.536,
        "pdf_x_pt": 332.489,
        "pdf_y_von_oben_pt": 488.628,
        "koordinatenquelle": "eingebettete GeoPDF-Georeferenzierung",
        "lagehinweis": "kartografische Symbolposition; nicht vermessungstechnisch oder vor Ort bestätigt",
        "marker-color": "#1565c0",
        "marker-symbol": "fire-station",
        "marker-size": "medium",
        "title": "149 - Hydrant"
      }
    },
    {
      "type": "Feature",
      "id": "150",
      "geometry": {
        "type": "Point",
        "coordinates": [
          8.559062,
          54.681693
        ]
      },
      "properties": {
        "id": "150",
        "typ": "Hydrant",
        "menge_l_min": 1600,
        "quellkarte": "Wyk_Süd_Ost.pdf",
        "ortsname": "Wyk auf Föhr (Südost)",
        "ortsquelle": "Wyk_Süd_Ost.pdf",
        "zuordnungsabstand_relativ": 0.979,
        "pdf_x_pt": 310.111,
        "pdf_y_von_oben_pt": 539.402,
        "koordinatenquelle": "eingebettete GeoPDF-Georeferenzierung",
        "lagehinweis": "kartografische Symbolposition; nicht vermessungstechnisch oder vor Ort bestätigt",
        "marker-color": "#1565c0",
        "marker-symbol": "fire-station",
        "marker-size": "medium",
        "title": "150 - Hydrant"
      }
    },
    {
      "type": "Feature",
      "id": "152",
      "geometry": {
        "type": "Point",
        "coordinates": [
          8.558355,
          54.680856
        ]
      },
      "properties": {
        "id": "152",
        "typ": "Hydrant",
        "menge_l_min": 1600,
        "quellkarte": "Wyk_Süd_Ost.pdf",
        "ortsname": "Wyk auf Föhr (Südost)",
        "ortsquelle": "Wyk_Süd_Ost.pdf",
        "zuordnungsabstand_relativ": 0.998,
        "pdf_x_pt": 281.682,
        "pdf_y_von_oben_pt": 596.662,
        "koordinatenquelle": "eingebettete GeoPDF-Georeferenzierung",
        "lagehinweis": "kartografische Symbolposition; nicht vermessungstechnisch oder vor Ort bestätigt",
        "marker-color": "#1565c0",
        "marker-symbol": "fire-station",
        "marker-size": "medium",
        "title": "152 - Hydrant"
      }
    },
    {
      "type": "Feature",
      "id": "153",
      "geometry": {
        "type": "Point",
        "coordinates": [
          8.55776,
          54.680065
        ]
      },
      "properties": {
        "id": "153",
        "typ": "Hydrant",
        "menge_l_min": 1600,
        "quellkarte": "Wyk_Süd_Ost.pdf",
        "ortsname": "Wyk auf Föhr (Südost)",
        "ortsquelle": "Wyk_Süd_Ost.pdf",
        "zuordnungsabstand_relativ": 0.889,
        "pdf_x_pt": 257.683,
        "pdf_y_von_oben_pt": 650.767,
        "koordinatenquelle": "eingebettete GeoPDF-Georeferenzierung",
        "lagehinweis": "kartografische Symbolposition; nicht vermessungstechnisch oder vor Ort bestätigt",
        "marker-color": "#1565c0",
        "marker-symbol": "fire-station",
        "marker-size": "medium",
        "title": "153 - Hydrant"
      }
    },
    {
      "type": "Feature",
      "id": "154",
      "geometry": {
        "type": "Point",
        "coordinates": [
          8.564817,
          54.680577
        ]
      },
      "properties": {
        "id": "154",
        "typ": "Hydrant",
        "menge_l_min": 1600,
        "quellkarte": "Wyk_Süd_Ost.pdf",
        "ortsname": "Wyk auf Föhr (Südost)",
        "ortsquelle": "Wyk_Süd_Ost.pdf",
        "zuordnungsabstand_relativ": 0.826,
        "pdf_x_pt": 538.243,
        "pdf_y_von_oben_pt": 617.338,
        "koordinatenquelle": "eingebettete GeoPDF-Georeferenzierung",
        "lagehinweis": "kartografische Symbolposition; nicht vermessungstechnisch oder vor Ort bestätigt",
        "marker-color": "#1565c0",
        "marker-symbol": "fire-station",
        "marker-size": "medium",
        "title": "154 - Hydrant"
      }
    },
    {
      "type": "Feature",
      "id": "155",
      "geometry": {
        "type": "Point",
        "coordinates": [
          8.563111,
          54.680428
        ]
      },
      "properties": {
        "id": "155",
        "typ": "Bohrbrunnen",
        "menge_l_min": null,
        "quellkarte": "Wyk_Süd_Ost.pdf",
        "ortsname": "Wyk auf Föhr (Südost)",
        "ortsquelle": "Wyk_Süd_Ost.pdf",
        "zuordnungsabstand_relativ": 1.227,
        "pdf_x_pt": 470.413,
        "pdf_y_von_oben_pt": 627.147,
        "koordinatenquelle": "eingebettete GeoPDF-Georeferenzierung",
        "lagehinweis": "kartografische Symbolposition; nicht vermessungstechnisch oder vor Ort bestätigt",
        "marker-color": "#f9a825",
        "marker-symbol": "water",
        "marker-size": "medium",
        "title": "155 - Bohrbrunnen"
      }
    },
    {
      "type": "Feature",
      "id": "156",
      "geometry": {
        "type": "Point",
        "coordinates": [
          8.562492,
          54.680287
        ]
      },
      "properties": {
        "id": "156",
        "typ": "Hydrant",
        "menge_l_min": 1600,
        "quellkarte": "Wyk_Süd_Ost.pdf",
        "ortsname": "Wyk auf Föhr (Südost)",
        "ortsquelle": "Wyk_Süd_Ost.pdf",
        "zuordnungsabstand_relativ": 0.925,
        "pdf_x_pt": 445.743,
        "pdf_y_von_oben_pt": 636.648,
        "koordinatenquelle": "eingebettete GeoPDF-Georeferenzierung",
        "lagehinweis": "kartografische Symbolposition; nicht vermessungstechnisch oder vor Ort bestätigt",
        "marker-color": "#1565c0",
        "marker-symbol": "fire-station",
        "marker-size": "medium",
        "title": "156 - Hydrant"
      }
    },
    {
      "type": "Feature",
      "id": "158",
      "geometry": {
        "type": "Point",
        "coordinates": [
          8.560872,
          54.680153
        ]
      },
      "properties": {
        "id": "158",
        "typ": "Hydrant",
        "menge_l_min": 1600,
        "quellkarte": "Wyk_Süd_Ost.pdf",
        "ortsname": "Wyk auf Föhr (Südost)",
        "ortsquelle": "Wyk_Süd_Ost.pdf",
        "zuordnungsabstand_relativ": 0.868,
        "pdf_x_pt": 381.339,
        "pdf_y_von_oben_pt": 645.441,
        "koordinatenquelle": "eingebettete GeoPDF-Georeferenzierung",
        "lagehinweis": "kartografische Symbolposition; nicht vermessungstechnisch oder vor Ort bestätigt",
        "marker-color": "#1565c0",
        "marker-symbol": "fire-station",
        "marker-size": "medium",
        "title": "158 - Hydrant"
      }
    },
    {
      "type": "Feature",
      "id": "159",
      "geometry": {
        "type": "Point",
        "coordinates": [
          8.559377,
          54.680114
        ]
      },
      "properties": {
        "id": "159",
        "typ": "Hydrant",
        "menge_l_min": 1600,
        "quellkarte": "Wyk_Süd_Ost.pdf",
        "ortsname": "Wyk auf Föhr (Südost)",
        "ortsquelle": "Wyk_Süd_Ost.pdf",
        "zuordnungsabstand_relativ": 0.87,
        "pdf_x_pt": 321.963,
        "pdf_y_von_oben_pt": 647.815,
        "koordinatenquelle": "eingebettete GeoPDF-Georeferenzierung",
        "lagehinweis": "kartografische Symbolposition; nicht vermessungstechnisch oder vor Ort bestätigt",
        "marker-color": "#1565c0",
        "marker-symbol": "fire-station",
        "marker-size": "medium",
        "title": "159 - Hydrant"
      }
    },
    {
      "type": "Feature",
      "id": "160",
      "geometry": {
        "type": "Point",
        "coordinates": [
          8.560465,
          54.680781
        ]
      },
      "properties": {
        "id": "160",
        "typ": "Hydrant",
        "menge_l_min": 1600,
        "quellkarte": "Wyk_Süd_Ost.pdf",
        "ortsname": "Wyk auf Föhr (Südost)",
        "ortsquelle": "Wyk_Süd_Ost.pdf",
        "zuordnungsabstand_relativ": 1.245,
        "pdf_x_pt": 365.45,
        "pdf_y_von_oben_pt": 602.331,
        "koordinatenquelle": "eingebettete GeoPDF-Georeferenzierung",
        "lagehinweis": "kartografische Symbolposition; nicht vermessungstechnisch oder vor Ort bestätigt",
        "marker-color": "#1565c0",
        "marker-symbol": "fire-station",
        "marker-size": "medium",
        "title": "160 - Hydrant"
      }
    },
    {
      "type": "Feature",
      "id": "161",
      "geometry": {
        "type": "Point",
        "coordinates": [
          8.556943,
          54.680312
        ]
      },
      "properties": {
        "id": "161",
        "typ": "Hydrant",
        "menge_l_min": 1600,
        "quellkarte": "Wyk_Süd_Ost.pdf",
        "ortsname": "Wyk auf Föhr (Südost)",
        "ortsquelle": "Wyk_Süd_Ost.pdf",
        "zuordnungsabstand_relativ": 1.009,
        "pdf_x_pt": 225.335,
        "pdf_y_von_oben_pt": 633.647,
        "koordinatenquelle": "eingebettete GeoPDF-Georeferenzierung",
        "lagehinweis": "kartografische Symbolposition; nicht vermessungstechnisch oder vor Ort bestätigt",
        "marker-color": "#1565c0",
        "marker-symbol": "fire-station",
        "marker-size": "medium",
        "title": "161 - Hydrant"
      }
    },
    {
      "type": "Feature",
      "id": "162",
      "geometry": {
        "type": "Point",
        "coordinates": [
          8.557438,
          54.68099
        ]
      },
      "properties": {
        "id": "162",
        "typ": "Hydrant",
        "menge_l_min": 1600,
        "quellkarte": "Wyk_Süd_Ost.pdf",
        "ortsname": "Wyk auf Föhr (Südost)",
        "ortsquelle": "Wyk_Süd_Ost.pdf",
        "zuordnungsabstand_relativ": 0.876,
        "pdf_x_pt": 245.311,
        "pdf_y_von_oben_pt": 587.262,
        "koordinatenquelle": "eingebettete GeoPDF-Georeferenzierung",
        "lagehinweis": "kartografische Symbolposition; nicht vermessungstechnisch oder vor Ort bestätigt",
        "marker-color": "#1565c0",
        "marker-symbol": "fire-station",
        "marker-size": "medium",
        "title": "162 - Hydrant"
      }
    },
    {
      "type": "Feature",
      "id": "163",
      "geometry": {
        "type": "Point",
        "coordinates": [
          8.555423,
          54.680603
        ]
      },
      "properties": {
        "id": "163",
        "typ": "Hydrant",
        "menge_l_min": 1600,
        "quellkarte": "Wyk_Süd_Ost.pdf",
        "ortsname": "Wyk auf Föhr (Südost)",
        "ortsquelle": "Wyk_Süd_Ost.pdf",
        "zuordnungsabstand_relativ": 0.859,
        "pdf_x_pt": 165.108,
        "pdf_y_von_oben_pt": 613.283,
        "koordinatenquelle": "eingebettete GeoPDF-Georeferenzierung",
        "lagehinweis": "kartografische Symbolposition; nicht vermessungstechnisch oder vor Ort bestätigt",
        "marker-color": "#1565c0",
        "marker-symbol": "fire-station",
        "marker-size": "medium",
        "title": "163 - Hydrant"
      }
    },
    {
      "type": "Feature",
      "id": "164",
      "geometry": {
        "type": "Point",
        "coordinates": [
          8.553905,
          54.681016
        ]
      },
      "properties": {
        "id": "164",
        "typ": "Hydrant",
        "menge_l_min": 1600,
        "quellkarte": "Wyk_Süd_Ost.pdf",
        "ortsname": "Wyk auf Föhr (Südost)",
        "ortsquelle": "Wyk_Süd_Ost.pdf",
        "zuordnungsabstand_relativ": 0.932,
        "pdf_x_pt": 104.975,
        "pdf_y_von_oben_pt": 584.6,
        "koordinatenquelle": "eingebettete GeoPDF-Georeferenzierung",
        "lagehinweis": "kartografische Symbolposition; nicht vermessungstechnisch oder vor Ort bestätigt",
        "marker-color": "#1565c0",
        "marker-symbol": "fire-station",
        "marker-size": "medium",
        "title": "164 - Hydrant"
      }
    },
    {
      "type": "Feature",
      "id": "165",
      "geometry": {
        "type": "Point",
        "coordinates": [
          8.552357,
          54.681464
        ]
      },
      "properties": {
        "id": "165",
        "typ": "Hydrant",
        "menge_l_min": 1600,
        "quellkarte": "Wyk_Süd_Ost.pdf",
        "ortsname": "Wyk auf Föhr (Südost)",
        "ortsquelle": "Wyk_Süd_Ost.pdf",
        "zuordnungsabstand_relativ": 0.615,
        "pdf_x_pt": 43.669,
        "pdf_y_von_oben_pt": 553.466,
        "koordinatenquelle": "eingebettete GeoPDF-Georeferenzierung",
        "lagehinweis": "kartografische Symbolposition; nicht vermessungstechnisch oder vor Ort bestätigt",
        "marker-color": "#1565c0",
        "marker-symbol": "fire-station",
        "marker-size": "medium",
        "title": "165 - Hydrant"
      }
    },
    {
      "type": "Feature",
      "id": "166",
      "geometry": {
        "type": "Point",
        "coordinates": [
          8.552856,
          54.681972
        ]
      },
      "properties": {
        "id": "166",
        "typ": "Hydrant",
        "menge_l_min": 1600,
        "quellkarte": "Wyk_Süd_Ost.pdf",
        "ortsname": "Wyk auf Föhr (Südost)",
        "ortsquelle": "Wyk_Süd_Ost.pdf",
        "zuordnungsabstand_relativ": 0.592,
        "pdf_x_pt": 63.697,
        "pdf_y_von_oben_pt": 518.779,
        "koordinatenquelle": "eingebettete GeoPDF-Georeferenzierung",
        "lagehinweis": "kartografische Symbolposition; nicht vermessungstechnisch oder vor Ort bestätigt",
        "marker-color": "#1565c0",
        "marker-symbol": "fire-station",
        "marker-size": "medium",
        "title": "166 - Hydrant"
      }
    },
    {
      "type": "Feature",
      "id": "167",
      "geometry": {
        "type": "Point",
        "coordinates": [
          8.5518,
          54.680825
        ]
      },
      "properties": {
        "id": "167",
        "typ": "Hydrant",
        "menge_l_min": 1600,
        "quellkarte": "Wyk_Süd_Ost.pdf",
        "ortsname": "Wyk auf Föhr (Südost)",
        "ortsquelle": "Wyk_Süd_Ost.pdf",
        "zuordnungsabstand_relativ": 1.107,
        "pdf_x_pt": 21.271,
        "pdf_y_von_oben_pt": 597.166,
        "koordinatenquelle": "eingebettete GeoPDF-Georeferenzierung",
        "lagehinweis": "kartografische Symbolposition; nicht vermessungstechnisch oder vor Ort bestätigt",
        "marker-color": "#1565c0",
        "marker-symbol": "fire-station",
        "marker-size": "medium",
        "title": "167 - Hydrant"
      }
    },
    {
      "type": "Feature",
      "id": "168",
      "geometry": {
        "type": "Point",
        "coordinates": [
          8.551587,
          54.680759
        ]
      },
      "properties": {
        "id": "168",
        "typ": "E-Bohrbrunnen",
        "menge_l_min": null,
        "quellkarte": "Wyk_Süd_Ost.pdf",
        "ortsname": "Wyk auf Föhr (Südost)",
        "ortsquelle": "Wyk_Süd_Ost.pdf",
        "zuordnungsabstand_relativ": 1.543,
        "pdf_x_pt": 12.796,
        "pdf_y_von_oben_pt": 601.636,
        "koordinatenquelle": "eingebettete GeoPDF-Georeferenzierung",
        "lagehinweis": "kartografische Symbolposition; nicht vermessungstechnisch oder vor Ort bestätigt",
        "marker-color": "#8e24aa",
        "marker-symbol": "industrial",
        "marker-size": "medium",
        "title": "168 - E-Bohrbrunnen"
      }
    },
    {
      "type": "Feature",
      "id": "187",
      "geometry": {
        "type": "Point",
        "coordinates": [
          8.557082,
          54.681666
        ]
      },
      "properties": {
        "id": "187",
        "typ": "Hydrant",
        "menge_l_min": 1600,
        "quellkarte": "Wyk_Süd_Ost.pdf",
        "ortsname": "Wyk auf Föhr (Südost)",
        "ortsquelle": "Wyk_Süd_Ost.pdf",
        "zuordnungsabstand_relativ": 0.848,
        "pdf_x_pt": 231.461,
        "pdf_y_von_oben_pt": 540.79,
        "koordinatenquelle": "eingebettete GeoPDF-Georeferenzierung",
        "lagehinweis": "kartografische Symbolposition; nicht vermessungstechnisch oder vor Ort bestätigt",
        "marker-color": "#1565c0",
        "marker-symbol": "fire-station",
        "marker-size": "medium",
        "title": "187 - Hydrant"
      }
    },
    {
      "type": "Feature",
      "id": "189",
      "geometry": {
        "type": "Point",
        "coordinates": [
          8.558199,
          54.682922
        ]
      },
      "properties": {
        "id": "189",
        "typ": "Hydrant",
        "menge_l_min": 1600,
        "quellkarte": "Wyk_Süd_Ost.pdf",
        "ortsname": "Wyk auf Föhr (Südost)",
        "ortsquelle": "Wyk_Süd_Ost.pdf",
        "zuordnungsabstand_relativ": 1.492,
        "pdf_x_pt": 276.361,
        "pdf_y_von_oben_pt": 454.894,
        "koordinatenquelle": "eingebettete GeoPDF-Georeferenzierung",
        "lagehinweis": "kartografische Symbolposition; nicht vermessungstechnisch oder vor Ort bestätigt",
        "marker-color": "#1565c0",
        "marker-symbol": "fire-station",
        "marker-size": "medium",
        "title": "189 - Hydrant"
      }
    },
    {
      "type": "Feature",
      "id": "190",
      "geometry": {
        "type": "Point",
        "coordinates": [
          8.558739,
          54.683651
        ]
      },
      "properties": {
        "id": "190",
        "typ": "Hydrant",
        "menge_l_min": 1600,
        "quellkarte": "Wyk_Süd_Ost.pdf",
        "ortsname": "Wyk auf Föhr (Südost)",
        "ortsquelle": "Wyk_Süd_Ost.pdf",
        "zuordnungsabstand_relativ": 1.034,
        "pdf_x_pt": 298.105,
        "pdf_y_von_oben_pt": 405.036,
        "koordinatenquelle": "eingebettete GeoPDF-Georeferenzierung",
        "lagehinweis": "kartografische Symbolposition; nicht vermessungstechnisch oder vor Ort bestätigt",
        "marker-color": "#1565c0",
        "marker-symbol": "fire-station",
        "marker-size": "medium",
        "title": "190 - Hydrant"
      }
    },
    {
      "type": "Feature",
      "id": "192",
      "geometry": {
        "type": "Point",
        "coordinates": [
          8.555969,
          54.681819
        ]
      },
      "properties": {
        "id": "192",
        "typ": "Hydrant",
        "menge_l_min": 1600,
        "quellkarte": "Wyk_Süd_Ost.pdf",
        "ortsname": "Wyk auf Föhr (Südost)",
        "ortsquelle": "Wyk_Süd_Ost.pdf",
        "zuordnungsabstand_relativ": 0.812,
        "pdf_x_pt": 187.283,
        "pdf_y_von_oben_pt": 529.999,
        "koordinatenquelle": "eingebettete GeoPDF-Georeferenzierung",
        "lagehinweis": "kartografische Symbolposition; nicht vermessungstechnisch oder vor Ort bestätigt",
        "marker-color": "#1565c0",
        "marker-symbol": "fire-station",
        "marker-size": "medium",
        "title": "192 - Hydrant"
      }
    },
    {
      "type": "Feature",
      "id": "193",
      "geometry": {
        "type": "Point",
        "coordinates": [
          8.556684,
          54.68291
        ]
      },
      "properties": {
        "id": "193",
        "typ": "Hydrant",
        "menge_l_min": 1600,
        "quellkarte": "Wyk_Süd_Ost.pdf",
        "ortsname": "Wyk auf Föhr (Südost)",
        "ortsquelle": "Wyk_Süd_Ost.pdf",
        "zuordnungsabstand_relativ": 0.82,
        "pdf_x_pt": 216.164,
        "pdf_y_von_oben_pt": 455.33,
        "koordinatenquelle": "eingebettete GeoPDF-Georeferenzierung",
        "lagehinweis": "kartografische Symbolposition; nicht vermessungstechnisch oder vor Ort bestätigt",
        "marker-color": "#1565c0",
        "marker-symbol": "fire-station",
        "marker-size": "medium",
        "title": "193 - Hydrant"
      }
    },
    {
      "type": "Feature",
      "id": "194",
      "geometry": {
        "type": "Point",
        "coordinates": [
          8.557471,
          54.683713
        ]
      },
      "properties": {
        "id": "194",
        "typ": "Hydrant",
        "menge_l_min": 1600,
        "quellkarte": "Wyk_Süd_Ost.pdf",
        "ortsname": "Wyk auf Föhr (Südost)",
        "ortsquelle": "Wyk_Süd_Ost.pdf",
        "zuordnungsabstand_relativ": 0.783,
        "pdf_x_pt": 247.764,
        "pdf_y_von_oben_pt": 400.499,
        "koordinatenquelle": "eingebettete GeoPDF-Georeferenzierung",
        "lagehinweis": "kartografische Symbolposition; nicht vermessungstechnisch oder vor Ort bestätigt",
        "marker-color": "#1565c0",
        "marker-symbol": "fire-station",
        "marker-size": "medium",
        "title": "194 - Hydrant"
      }
    },
    {
      "type": "Feature",
      "id": "195",
      "geometry": {
        "type": "Point",
        "coordinates": [
          8.554616,
          54.682252
        ]
      },
      "properties": {
        "id": "195",
        "typ": "Hydrant",
        "menge_l_min": 1600,
        "quellkarte": "Wyk_Süd_Ost.pdf",
        "ortsname": "Wyk auf Föhr (Südost)",
        "ortsquelle": "Wyk_Süd_Ost.pdf",
        "zuordnungsabstand_relativ": 1.079,
        "pdf_x_pt": 133.735,
        "pdf_y_von_oben_pt": 499.962,
        "koordinatenquelle": "eingebettete GeoPDF-Georeferenzierung",
        "lagehinweis": "kartografische Symbolposition; nicht vermessungstechnisch oder vor Ort bestätigt",
        "marker-color": "#1565c0",
        "marker-symbol": "fire-station",
        "marker-size": "medium",
        "title": "195 - Hydrant"
      }
    },
    {
      "type": "Feature",
      "id": "196",
      "geometry": {
        "type": "Point",
        "coordinates": [
          8.555374,
          54.683053
        ]
      },
      "properties": {
        "id": "196",
        "typ": "Hydrant",
        "menge_l_min": 1600,
        "quellkarte": "Wyk_Süd_Ost.pdf",
        "ortsname": "Wyk auf Föhr (Südost)",
        "ortsquelle": "Wyk_Süd_Ost.pdf",
        "zuordnungsabstand_relativ": 1.137,
        "pdf_x_pt": 164.204,
        "pdf_y_von_oben_pt": 445.233,
        "koordinatenquelle": "eingebettete GeoPDF-Georeferenzierung",
        "lagehinweis": "kartografische Symbolposition; nicht vermessungstechnisch oder vor Ort bestätigt",
        "marker-color": "#1565c0",
        "marker-symbol": "fire-station",
        "marker-size": "medium",
        "title": "196 - Hydrant"
      }
    },
    {
      "type": "Feature",
      "id": "197",
      "geometry": {
        "type": "Point",
        "coordinates": [
          8.556079,
          54.683825
        ]
      },
      "properties": {
        "id": "197",
        "typ": "Hydrant",
        "menge_l_min": 1600,
        "quellkarte": "Wyk_Süd_Ost.pdf",
        "ortsname": "Wyk auf Föhr (Südost)",
        "ortsquelle": "Wyk_Süd_Ost.pdf",
        "zuordnungsabstand_relativ": 1.115,
        "pdf_x_pt": 192.533,
        "pdf_y_von_oben_pt": 392.443,
        "koordinatenquelle": "eingebettete GeoPDF-Georeferenzierung",
        "lagehinweis": "kartografische Symbolposition; nicht vermessungstechnisch oder vor Ort bestätigt",
        "marker-color": "#1565c0",
        "marker-symbol": "fire-station",
        "marker-size": "medium",
        "title": "197 - Hydrant"
      }
    },
    {
      "type": "Feature",
      "id": "198",
      "geometry": {
        "type": "Point",
        "coordinates": [
          8.557045,
          54.684691
        ]
      },
      "properties": {
        "id": "198",
        "typ": "Bohrbrunnen",
        "menge_l_min": null,
        "quellkarte": "Wyk_Süd_Ost.pdf",
        "ortsname": "Wyk auf Föhr (Südost)",
        "ortsquelle": "Wyk_Süd_Ost.pdf",
        "zuordnungsabstand_relativ": 0.984,
        "pdf_x_pt": 231.267,
        "pdf_y_von_oben_pt": 333.262,
        "koordinatenquelle": "eingebettete GeoPDF-Georeferenzierung",
        "lagehinweis": "kartografische Symbolposition; nicht vermessungstechnisch oder vor Ort bestätigt",
        "marker-color": "#f9a825",
        "marker-symbol": "water",
        "marker-size": "medium",
        "title": "198 - Bohrbrunnen"
      }
    },
    {
      "type": "Feature",
      "id": "199",
      "geometry": {
        "type": "Point",
        "coordinates": [
          8.553447,
          54.682705
        ]
      },
      "properties": {
        "id": "199",
        "typ": "Hydrant",
        "menge_l_min": 1600,
        "quellkarte": "Wyk_Süd_Ost.pdf",
        "ortsname": "Wyk auf Föhr (Südost)",
        "ortsquelle": "Wyk_Süd_Ost.pdf",
        "zuordnungsabstand_relativ": 0.817,
        "pdf_x_pt": 87.49,
        "pdf_y_von_oben_pt": 468.628,
        "koordinatenquelle": "eingebettete GeoPDF-Georeferenzierung",
        "lagehinweis": "kartografische Symbolposition; nicht vermessungstechnisch oder vor Ort bestätigt",
        "marker-color": "#1565c0",
        "marker-symbol": "fire-station",
        "marker-size": "medium",
        "title": "199 - Hydrant"
      }
    },
    {
      "type": "Feature",
      "id": "200",
      "geometry": {
        "type": "Point",
        "coordinates": [
          8.55422,
          54.683583
        ]
      },
      "properties": {
        "id": "200",
        "typ": "Hydrant",
        "menge_l_min": 1600,
        "quellkarte": "Wyk_Süd_Ost.pdf",
        "ortsname": "Wyk auf Föhr (Südost)",
        "ortsquelle": "Wyk_Süd_Ost.pdf",
        "zuordnungsabstand_relativ": 0.818,
        "pdf_x_pt": 118.573,
        "pdf_y_von_oben_pt": 408.59,
        "koordinatenquelle": "eingebettete GeoPDF-Georeferenzierung",
        "lagehinweis": "kartografische Symbolposition; nicht vermessungstechnisch oder vor Ort bestätigt",
        "marker-color": "#1565c0",
        "marker-symbol": "fire-station",
        "marker-size": "medium",
        "title": "200 - Hydrant"
      }
    },
    {
      "type": "Feature",
      "id": "202",
      "geometry": {
        "type": "Point",
        "coordinates": [
          8.554757,
          54.684133
        ]
      },
      "properties": {
        "id": "202",
        "typ": "Hydrant",
        "menge_l_min": 1600,
        "quellkarte": "Wyk_Süd_Ost.pdf",
        "ortsname": "Wyk auf Föhr (Südost)",
        "ortsquelle": "Wyk_Süd_Ost.pdf",
        "zuordnungsabstand_relativ": 1.093,
        "pdf_x_pt": 140.164,
        "pdf_y_von_oben_pt": 370.994,
        "koordinatenquelle": "eingebettete GeoPDF-Georeferenzierung",
        "lagehinweis": "kartografische Symbolposition; nicht vermessungstechnisch oder vor Ort bestätigt",
        "marker-color": "#1565c0",
        "marker-symbol": "fire-station",
        "marker-size": "medium",
        "title": "202 - Hydrant"
      }
    },
    {
      "type": "Feature",
      "id": "203",
      "geometry": {
        "type": "Point",
        "coordinates": [
          8.552418,
          54.683026
        ]
      },
      "properties": {
        "id": "203",
        "typ": "Hydrant",
        "menge_l_min": 1600,
        "quellkarte": "Wyk_Süd_Ost.pdf",
        "ortsname": "Wyk auf Föhr (Südost)",
        "ortsquelle": "Wyk_Süd_Ost.pdf",
        "zuordnungsabstand_relativ": 0.987,
        "pdf_x_pt": 46.764,
        "pdf_y_von_oben_pt": 446.382,
        "koordinatenquelle": "eingebettete GeoPDF-Georeferenzierung",
        "lagehinweis": "kartografische Symbolposition; nicht vermessungstechnisch oder vor Ort bestätigt",
        "marker-color": "#1565c0",
        "marker-symbol": "fire-station",
        "marker-size": "medium",
        "title": "203 - Hydrant"
      }
    },
    {
      "type": "Feature",
      "id": "204",
      "geometry": {
        "type": "Point",
        "coordinates": [
          8.553887,
          54.684424
        ]
      },
      "properties": {
        "id": "204",
        "typ": "Hydrant",
        "menge_l_min": 1600,
        "quellkarte": "Wyk_Süd_Ost.pdf",
        "ortsname": "Wyk auf Föhr (Südost)",
        "ortsquelle": "Wyk_Süd_Ost.pdf",
        "zuordnungsabstand_relativ": 0.865,
        "pdf_x_pt": 105.748,
        "pdf_y_von_oben_pt": 350.813,
        "koordinatenquelle": "eingebettete GeoPDF-Georeferenzierung",
        "lagehinweis": "kartografische Symbolposition; nicht vermessungstechnisch oder vor Ort bestätigt",
        "marker-color": "#1565c0",
        "marker-symbol": "fire-station",
        "marker-size": "medium",
        "title": "204 - Hydrant"
      }
    },
    {
      "type": "Feature",
      "id": "206",
      "geometry": {
        "type": "Point",
        "coordinates": [
          8.551983,
          54.683899
        ]
      },
      "properties": {
        "id": "206",
        "typ": "Hydrant",
        "menge_l_min": 1600,
        "quellkarte": "Wyk_Süd_Ost.pdf",
        "ortsname": "Wyk auf Föhr (Südost)",
        "ortsquelle": "Wyk_Süd_Ost.pdf",
        "zuordnungsabstand_relativ": 0.912,
        "pdf_x_pt": 29.88,
        "pdf_y_von_oben_pt": 386.336,
        "koordinatenquelle": "eingebettete GeoPDF-Georeferenzierung",
        "lagehinweis": "kartografische Symbolposition; nicht vermessungstechnisch oder vor Ort bestätigt",
        "marker-color": "#1565c0",
        "marker-symbol": "fire-station",
        "marker-size": "medium",
        "title": "206 - Hydrant"
      }
    },
    {
      "type": "Feature",
      "id": "207",
      "geometry": {
        "type": "Point",
        "coordinates": [
          8.552525,
          54.684552
        ]
      },
      "properties": {
        "id": "207",
        "typ": "Hydrant",
        "menge_l_min": 1600,
        "quellkarte": "Wyk_Süd_Ost.pdf",
        "ortsname": "Wyk auf Föhr (Südost)",
        "ortsquelle": "Wyk_Süd_Ost.pdf",
        "zuordnungsabstand_relativ": 0.708,
        "pdf_x_pt": 51.69,
        "pdf_y_von_oben_pt": 341.715,
        "koordinatenquelle": "eingebettete GeoPDF-Georeferenzierung",
        "lagehinweis": "kartografische Symbolposition; nicht vermessungstechnisch oder vor Ort bestätigt",
        "marker-color": "#1565c0",
        "marker-symbol": "fire-station",
        "marker-size": "medium",
        "title": "207 - Hydrant"
      }
    },
    {
      "type": "Feature",
      "id": "208",
      "geometry": {
        "type": "Point",
        "coordinates": [
          8.552833,
          54.685384
        ]
      },
      "properties": {
        "id": "208",
        "typ": "Hydrant",
        "menge_l_min": 1600,
        "quellkarte": "Wyk_Süd_Ost.pdf",
        "ortsname": "Wyk auf Föhr (Südost)",
        "ortsquelle": "Wyk_Süd_Ost.pdf",
        "zuordnungsabstand_relativ": 0.885,
        "pdf_x_pt": 64.297,
        "pdf_y_von_oben_pt": 284.68,
        "koordinatenquelle": "eingebettete GeoPDF-Georeferenzierung",
        "lagehinweis": "kartografische Symbolposition; nicht vermessungstechnisch oder vor Ort bestätigt",
        "marker-color": "#1565c0",
        "marker-symbol": "fire-station",
        "marker-size": "medium",
        "title": "208 - Hydrant"
      }
    },
    {
      "type": "Feature",
      "id": "212",
      "geometry": {
        "type": "Point",
        "coordinates": [
          8.551852,
          54.685569
        ]
      },
      "properties": {
        "id": "212",
        "typ": "Hydrant",
        "menge_l_min": 1600,
        "quellkarte": "Wyk_Süd_Ost.pdf",
        "ortsname": "Wyk auf Föhr (Südost)",
        "ortsquelle": "Wyk_Süd_Ost.pdf",
        "zuordnungsabstand_relativ": 1.084,
        "pdf_x_pt": 25.393,
        "pdf_y_von_oben_pt": 271.771,
        "koordinatenquelle": "eingebettete GeoPDF-Georeferenzierung",
        "lagehinweis": "kartografische Symbolposition; nicht vermessungstechnisch oder vor Ort bestätigt",
        "marker-color": "#1565c0",
        "marker-symbol": "fire-station",
        "marker-size": "medium",
        "title": "212 - Hydrant"
      }
    },
    {
      "type": "Feature",
      "id": "219",
      "geometry": {
        "type": "Point",
        "coordinates": [
          8.559698,
          54.684421
        ]
      },
      "properties": {
        "id": "219",
        "typ": "Hydrant",
        "menge_l_min": 1600,
        "quellkarte": "Wyk_Süd_Ost.pdf",
        "ortsname": "Wyk auf Föhr (Südost)",
        "ortsquelle": "Wyk_Süd_Ost.pdf",
        "zuordnungsabstand_relativ": 0.954,
        "pdf_x_pt": 336.523,
        "pdf_y_von_oben_pt": 352.456,
        "koordinatenquelle": "eingebettete GeoPDF-Georeferenzierung",
        "lagehinweis": "kartografische Symbolposition; nicht vermessungstechnisch oder vor Ort bestätigt",
        "marker-color": "#1565c0",
        "marker-symbol": "fire-station",
        "marker-size": "medium",
        "title": "219 - Hydrant"
      }
    },
    {
      "type": "Feature",
      "id": "220",
      "geometry": {
        "type": "Point",
        "coordinates": [
          8.560545,
          54.685254
        ]
      },
      "properties": {
        "id": "220",
        "typ": "Hydrant",
        "menge_l_min": 1600,
        "quellkarte": "Wyk_Süd_Ost.pdf",
        "ortsname": "Wyk auf Föhr (Südost)",
        "ortsquelle": "Wyk_Süd_Ost.pdf",
        "zuordnungsabstand_relativ": 0.906,
        "pdf_x_pt": 370.539,
        "pdf_y_von_oben_pt": 295.559,
        "koordinatenquelle": "eingebettete GeoPDF-Georeferenzierung",
        "lagehinweis": "kartografische Symbolposition; nicht vermessungstechnisch oder vor Ort bestätigt",
        "marker-color": "#1565c0",
        "marker-symbol": "fire-station",
        "marker-size": "medium",
        "title": "220 - Hydrant"
      }
    },
    {
      "type": "Feature",
      "id": "222",
      "geometry": {
        "type": "Point",
        "coordinates": [
          8.561164,
          54.685987
        ]
      },
      "properties": {
        "id": "222",
        "typ": "Hydrant",
        "menge_l_min": 1600,
        "quellkarte": "Wyk_Süd_Ost.pdf",
        "ortsname": "Wyk auf Föhr (Südost)",
        "ortsquelle": "Wyk_Süd_Ost.pdf",
        "zuordnungsabstand_relativ": 1.235,
        "pdf_x_pt": 395.409,
        "pdf_y_von_oben_pt": 245.405,
        "koordinatenquelle": "eingebettete GeoPDF-Georeferenzierung",
        "lagehinweis": "kartografische Symbolposition; nicht vermessungstechnisch oder vor Ort bestätigt",
        "marker-color": "#1565c0",
        "marker-symbol": "fire-station",
        "marker-size": "medium",
        "title": "222 - Hydrant"
      }
    },
    {
      "type": "Feature",
      "id": "223",
      "geometry": {
        "type": "Point",
        "coordinates": [
          8.56201,
          54.686739
        ]
      },
      "properties": {
        "id": "223",
        "typ": "Hydrant",
        "menge_l_min": 1600,
        "quellkarte": "Wyk_Süd_Ost.pdf",
        "ortsname": "Wyk auf Föhr (Südost)",
        "ortsquelle": "Wyk_Süd_Ost.pdf",
        "zuordnungsabstand_relativ": 0.569,
        "pdf_x_pt": 429.354,
        "pdf_y_von_oben_pt": 194.05,
        "koordinatenquelle": "eingebettete GeoPDF-Georeferenzierung",
        "lagehinweis": "kartografische Symbolposition; nicht vermessungstechnisch oder vor Ort bestätigt",
        "marker-color": "#1565c0",
        "marker-symbol": "fire-station",
        "marker-size": "medium",
        "title": "223 - Hydrant"
      }
    },
    {
      "type": "Feature",
      "id": "224",
      "geometry": {
        "type": "Point",
        "coordinates": [
          8.558838,
          54.68476
        ]
      },
      "properties": {
        "id": "224",
        "typ": "Hydrant",
        "menge_l_min": 1600,
        "quellkarte": "Wyk_Süd_Ost.pdf",
        "ortsname": "Wyk auf Föhr (Südost)",
        "ortsquelle": "Wyk_Süd_Ost.pdf",
        "zuordnungsabstand_relativ": 0.854,
        "pdf_x_pt": 302.522,
        "pdf_y_von_oben_pt": 328.99,
        "koordinatenquelle": "eingebettete GeoPDF-Georeferenzierung",
        "lagehinweis": "kartografische Symbolposition; nicht vermessungstechnisch oder vor Ort bestätigt",
        "marker-color": "#1565c0",
        "marker-symbol": "fire-station",
        "marker-size": "medium",
        "title": "224 - Hydrant"
      }
    },
    {
      "type": "Feature",
      "id": "225",
      "geometry": {
        "type": "Point",
        "coordinates": [
          8.559719,
          54.685568
        ]
      },
      "properties": {
        "id": "225",
        "typ": "Hydrant",
        "menge_l_min": 1600,
        "quellkarte": "Wyk_Süd_Ost.pdf",
        "ortsname": "Wyk auf Föhr (Südost)",
        "ortsquelle": "Wyk_Süd_Ost.pdf",
        "zuordnungsabstand_relativ": 1.006,
        "pdf_x_pt": 337.851,
        "pdf_y_von_oben_pt": 273.819,
        "koordinatenquelle": "eingebettete GeoPDF-Georeferenzierung",
        "lagehinweis": "kartografische Symbolposition; nicht vermessungstechnisch oder vor Ort bestätigt",
        "marker-color": "#1565c0",
        "marker-symbol": "fire-station",
        "marker-size": "medium",
        "title": "225 - Hydrant"
      }
    },
    {
      "type": "Feature",
      "id": "226",
      "geometry": {
        "type": "Point",
        "coordinates": [
          8.560625,
          54.686623
        ]
      },
      "properties": {
        "id": "226",
        "typ": "Hydrant",
        "menge_l_min": 1600,
        "quellkarte": "Wyk_Süd_Ost.pdf",
        "ortsname": "Wyk auf Föhr (Südost)",
        "ortsquelle": "Wyk_Süd_Ost.pdf",
        "zuordnungsabstand_relativ": 0.925,
        "pdf_x_pt": 374.302,
        "pdf_y_von_oben_pt": 201.665,
        "koordinatenquelle": "eingebettete GeoPDF-Georeferenzierung",
        "lagehinweis": "kartografische Symbolposition; nicht vermessungstechnisch oder vor Ort bestätigt",
        "marker-color": "#1565c0",
        "marker-symbol": "fire-station",
        "marker-size": "medium",
        "title": "226 - Hydrant"
      }
    },
    {
      "type": "Feature",
      "id": "227",
      "geometry": {
        "type": "Point",
        "coordinates": [
          8.561533,
          54.687393
        ]
      },
      "properties": {
        "id": "227",
        "typ": "Hydrant",
        "menge_l_min": 1600,
        "quellkarte": "Wyk_Süd_Ost.pdf",
        "ortsname": "Wyk auf Föhr (Südost)",
        "ortsquelle": "Wyk_Süd_Ost.pdf",
        "zuordnungsabstand_relativ": 0.8,
        "pdf_x_pt": 410.685,
        "pdf_y_von_oben_pt": 149.078,
        "koordinatenquelle": "eingebettete GeoPDF-Georeferenzierung",
        "lagehinweis": "kartografische Symbolposition; nicht vermessungstechnisch oder vor Ort bestätigt",
        "marker-color": "#1565c0",
        "marker-symbol": "fire-station",
        "marker-size": "medium",
        "title": "227 - Hydrant"
      }
    },
    {
      "type": "Feature",
      "id": "228",
      "geometry": {
        "type": "Point",
        "coordinates": [
          8.558543,
          54.685389
        ]
      },
      "properties": {
        "id": "228",
        "typ": "Hydrant",
        "menge_l_min": 1600,
        "quellkarte": "Wyk_Süd_Ost.pdf",
        "ortsname": "Wyk auf Föhr (Südost)",
        "ortsquelle": "Wyk_Süd_Ost.pdf",
        "zuordnungsabstand_relativ": 1.189,
        "pdf_x_pt": 291.071,
        "pdf_y_von_oben_pt": 285.752,
        "koordinatenquelle": "eingebettete GeoPDF-Georeferenzierung",
        "lagehinweis": "kartografische Symbolposition; nicht vermessungstechnisch oder vor Ort bestätigt",
        "marker-color": "#1565c0",
        "marker-symbol": "fire-station",
        "marker-size": "medium",
        "title": "228 - Hydrant"
      }
    },
    {
      "type": "Feature",
      "id": "229",
      "geometry": {
        "type": "Point",
        "coordinates": [
          8.559296,
          54.6863
        ]
      },
      "properties": {
        "id": "229",
        "typ": "Hydrant",
        "menge_l_min": 1600,
        "quellkarte": "Wyk_Süd_Ost.pdf",
        "ortsname": "Wyk auf Föhr (Südost)",
        "ortsquelle": "Wyk_Süd_Ost.pdf",
        "zuordnungsabstand_relativ": 1.164,
        "pdf_x_pt": 321.373,
        "pdf_y_von_oben_pt": 223.459,
        "koordinatenquelle": "eingebettete GeoPDF-Georeferenzierung",
        "lagehinweis": "kartografische Symbolposition; nicht vermessungstechnisch oder vor Ort bestätigt",
        "marker-color": "#1565c0",
        "marker-symbol": "fire-station",
        "marker-size": "medium",
        "title": "229 - Hydrant"
      }
    },
    {
      "type": "Feature",
      "id": "230",
      "geometry": {
        "type": "Point",
        "coordinates": [
          8.560023,
          54.687131
        ]
      },
      "properties": {
        "id": "230",
        "typ": "Hydrant",
        "menge_l_min": 1600,
        "quellkarte": "Wyk_Süd_Ost.pdf",
        "ortsname": "Wyk auf Föhr (Südost)",
        "ortsquelle": "Wyk_Süd_Ost.pdf",
        "zuordnungsabstand_relativ": 0.814,
        "pdf_x_pt": 350.605,
        "pdf_y_von_oben_pt": 166.642,
        "koordinatenquelle": "eingebettete GeoPDF-Georeferenzierung",
        "lagehinweis": "kartografische Symbolposition; nicht vermessungstechnisch oder vor Ort bestätigt",
        "marker-color": "#1565c0",
        "marker-symbol": "fire-station",
        "marker-size": "medium",
        "title": "230 - Hydrant"
      }
    },
    {
      "type": "Feature",
      "id": "232",
      "geometry": {
        "type": "Point",
        "coordinates": [
          8.56098,
          54.688176
        ]
      },
      "properties": {
        "id": "232",
        "typ": "Hydrant",
        "menge_l_min": 1600,
        "quellkarte": "Wyk_Süd_Ost.pdf",
        "ortsname": "Wyk auf Föhr (Südost)",
        "ortsquelle": "Wyk_Süd_Ost.pdf",
        "zuordnungsabstand_relativ": 0.803,
        "pdf_x_pt": 389.048,
        "pdf_y_von_oben_pt": 95.273,
        "koordinatenquelle": "eingebettete GeoPDF-Georeferenzierung",
        "lagehinweis": "kartografische Symbolposition; nicht vermessungstechnisch oder vor Ort bestätigt",
        "marker-color": "#1565c0",
        "marker-symbol": "fire-station",
        "marker-size": "medium",
        "title": "232 - Hydrant"
      }
    },
    {
      "type": "Feature",
      "id": "233",
      "geometry": {
        "type": "Point",
        "coordinates": [
          8.55808,
          54.687609
        ]
      },
      "properties": {
        "id": "233",
        "typ": "Hydrant",
        "menge_l_min": 1600,
        "quellkarte": "Wyk_Süd_Ost.pdf",
        "ortsname": "Wyk auf Föhr (Südost)",
        "ortsquelle": "Wyk_Süd_Ost.pdf",
        "zuordnungsabstand_relativ": 1.059,
        "pdf_x_pt": 273.626,
        "pdf_y_von_oben_pt": 133.375,
        "koordinatenquelle": "eingebettete GeoPDF-Georeferenzierung",
        "lagehinweis": "kartografische Symbolposition; nicht vermessungstechnisch oder vor Ort bestätigt",
        "marker-color": "#1565c0",
        "marker-symbol": "fire-station",
        "marker-size": "medium",
        "title": "233 - Hydrant"
      }
    },
    {
      "type": "Feature",
      "id": "234",
      "geometry": {
        "type": "Point",
        "coordinates": [
          8.560015,
          54.689309
        ]
      },
      "properties": {
        "id": "234",
        "typ": "E-Bohrbrunnen",
        "menge_l_min": null,
        "quellkarte": "Wyk_Süd_Ost.pdf",
        "ortsname": "Wyk auf Föhr (Südost)",
        "ortsquelle": "Wyk_Süd_Ost.pdf",
        "zuordnungsabstand_relativ": 1.1,
        "pdf_x_pt": 351.2,
        "pdf_y_von_oben_pt": 17.261,
        "koordinatenquelle": "eingebettete GeoPDF-Georeferenzierung",
        "lagehinweis": "kartografische Symbolposition; nicht vermessungstechnisch oder vor Ort bestätigt",
        "marker-color": "#8e24aa",
        "marker-symbol": "industrial",
        "marker-size": "medium",
        "title": "234 - E-Bohrbrunnen"
      }
    },
    {
      "type": "Feature",
      "id": "236",
      "geometry": {
        "type": "Point",
        "coordinates": [
          8.557006,
          54.687971
        ]
      },
      "properties": {
        "id": "236",
        "typ": "Hydrant",
        "menge_l_min": 1600,
        "quellkarte": "Wyk_Süd_Ost.pdf",
        "ortsname": "Wyk auf Föhr (Südost)",
        "ortsquelle": "Wyk_Süd_Ost.pdf",
        "zuordnungsabstand_relativ": 0.795,
        "pdf_x_pt": 231.116,
        "pdf_y_von_oben_pt": 108.3,
        "koordinatenquelle": "eingebettete GeoPDF-Georeferenzierung",
        "lagehinweis": "kartografische Symbolposition; nicht vermessungstechnisch oder vor Ort bestätigt",
        "marker-color": "#1565c0",
        "marker-symbol": "fire-station",
        "marker-size": "medium",
        "title": "236 - Hydrant"
      }
    },
    {
      "type": "Feature",
      "id": "237",
      "geometry": {
        "type": "Point",
        "coordinates": [
          8.557577,
          54.688902
        ]
      },
      "properties": {
        "id": "237",
        "typ": "Hydrant",
        "menge_l_min": 1600,
        "quellkarte": "Wyk_Süd_Ost.pdf",
        "ortsname": "Wyk auf Föhr (Südost)",
        "ortsquelle": "Wyk_Süd_Ost.pdf",
        "zuordnungsabstand_relativ": 0.856,
        "pdf_x_pt": 254.215,
        "pdf_y_von_oben_pt": 44.57,
        "koordinatenquelle": "eingebettete GeoPDF-Georeferenzierung",
        "lagehinweis": "kartografische Symbolposition; nicht vermessungstechnisch oder vor Ort bestätigt",
        "marker-color": "#1565c0",
        "marker-symbol": "fire-station",
        "marker-size": "medium",
        "title": "237 - Hydrant"
      }
    },
    {
      "type": "Feature",
      "id": "243",
      "geometry": {
        "type": "Point",
        "coordinates": [
          8.553825,
          54.686544
        ]
      },
      "properties": {
        "id": "243",
        "typ": "Hydrant",
        "menge_l_min": 1600,
        "quellkarte": "Wyk_Süd_Ost.pdf",
        "ortsname": "Wyk auf Föhr (Südost)",
        "ortsquelle": "Wyk_Süd_Ost.pdf",
        "zuordnungsabstand_relativ": 0.777,
        "pdf_x_pt": 104.199,
        "pdf_y_von_oben_pt": 205.382,
        "koordinatenquelle": "eingebettete GeoPDF-Georeferenzierung",
        "lagehinweis": "kartografische Symbolposition; nicht vermessungstechnisch oder vor Ort bestätigt",
        "marker-color": "#1565c0",
        "marker-symbol": "fire-station",
        "marker-size": "medium",
        "title": "243 - Hydrant"
      }
    },
    {
      "type": "Feature",
      "id": "244",
      "geometry": {
        "type": "Point",
        "coordinates": [
          8.555045,
          54.687116
        ]
      },
      "properties": {
        "id": "244",
        "typ": "Hydrant",
        "menge_l_min": 1600,
        "quellkarte": "Wyk_Süd_Ost.pdf",
        "ortsname": "Wyk auf Föhr (Südost)",
        "ortsquelle": "Wyk_Süd_Ost.pdf",
        "zuordnungsabstand_relativ": 0.841,
        "pdf_x_pt": 152.893,
        "pdf_y_von_oben_pt": 166.458,
        "koordinatenquelle": "eingebettete GeoPDF-Georeferenzierung",
        "lagehinweis": "kartografische Symbolposition; nicht vermessungstechnisch oder vor Ort bestätigt",
        "marker-color": "#1565c0",
        "marker-symbol": "fire-station",
        "marker-size": "medium",
        "title": "244 - Hydrant"
      }
    },
    {
      "type": "Feature",
      "id": "245",
      "geometry": {
        "type": "Point",
        "coordinates": [
          8.555098,
          54.687771
        ]
      },
      "properties": {
        "id": "245",
        "typ": "Hydrant",
        "menge_l_min": 1600,
        "quellkarte": "Wyk_Süd_Ost.pdf",
        "ortsname": "Wyk auf Föhr (Südost)",
        "ortsquelle": "Wyk_Süd_Ost.pdf",
        "zuordnungsabstand_relativ": 0.812,
        "pdf_x_pt": 155.287,
        "pdf_y_von_oben_pt": 121.523,
        "koordinatenquelle": "eingebettete GeoPDF-Georeferenzierung",
        "lagehinweis": "kartografische Symbolposition; nicht vermessungstechnisch oder vor Ort bestätigt",
        "marker-color": "#1565c0",
        "marker-symbol": "fire-station",
        "marker-size": "medium",
        "title": "245 - Hydrant"
      }
    },
    {
      "type": "Feature",
      "id": "246",
      "geometry": {
        "type": "Point",
        "coordinates": [
          8.555826,
          54.688321
        ]
      },
      "properties": {
        "id": "246",
        "typ": "Hydrant",
        "menge_l_min": 1600,
        "quellkarte": "Wyk_Süd_Ost.pdf",
        "ortsname": "Wyk auf Föhr (Südost)",
        "ortsquelle": "Wyk_Süd_Ost.pdf",
        "zuordnungsabstand_relativ": 0.814,
        "pdf_x_pt": 184.436,
        "pdf_y_von_oben_pt": 83.997,
        "koordinatenquelle": "eingebettete GeoPDF-Georeferenzierung",
        "lagehinweis": "kartografische Symbolposition; nicht vermessungstechnisch oder vor Ort bestätigt",
        "marker-color": "#1565c0",
        "marker-symbol": "fire-station",
        "marker-size": "medium",
        "title": "246 - Hydrant"
      }
    },
    {
      "type": "Feature",
      "id": "247",
      "geometry": {
        "type": "Point",
        "coordinates": [
          8.552739,
          54.686651
        ]
      },
      "properties": {
        "id": "247",
        "typ": "Hydrant",
        "menge_l_min": 1600,
        "quellkarte": "Wyk_Süd_Ost.pdf",
        "ortsname": "Wyk auf Föhr (Südost)",
        "ortsquelle": "Wyk_Süd_Ost.pdf",
        "zuordnungsabstand_relativ": 1.21,
        "pdf_x_pt": 61.116,
        "pdf_y_von_oben_pt": 197.78,
        "koordinatenquelle": "eingebettete GeoPDF-Georeferenzierung",
        "lagehinweis": "kartografische Symbolposition; nicht vermessungstechnisch oder vor Ort bestätigt",
        "marker-color": "#1565c0",
        "marker-symbol": "fire-station",
        "marker-size": "medium",
        "title": "247 - Hydrant"
      }
    },
    {
      "type": "Feature",
      "id": "248",
      "geometry": {
        "type": "Point",
        "coordinates": [
          8.553686,
          54.687043
        ]
      },
      "properties": {
        "id": "248",
        "typ": "Hydrant",
        "menge_l_min": 1600,
        "quellkarte": "Wyk_Süd_Ost.pdf",
        "ortsname": "Wyk auf Föhr (Südost)",
        "ortsquelle": "Wyk_Süd_Ost.pdf",
        "zuordnungsabstand_relativ": 0.902,
        "pdf_x_pt": 98.86,
        "pdf_y_von_oben_pt": 171.094,
        "koordinatenquelle": "eingebettete GeoPDF-Georeferenzierung",
        "lagehinweis": "kartografische Symbolposition; nicht vermessungstechnisch oder vor Ort bestätigt",
        "marker-color": "#1565c0",
        "marker-symbol": "fire-station",
        "marker-size": "medium",
        "title": "248 - Hydrant"
      }
    },
    {
      "type": "Feature",
      "id": "249",
      "geometry": {
        "type": "Point",
        "coordinates": [
          8.554134,
          54.687759
        ]
      },
      "properties": {
        "id": "249",
        "typ": "Hydrant",
        "menge_l_min": 1600,
        "quellkarte": "Wyk_Süd_Ost.pdf",
        "ortsname": "Wyk auf Föhr (Südost)",
        "ortsquelle": "Wyk_Süd_Ost.pdf",
        "zuordnungsabstand_relativ": 0.793,
        "pdf_x_pt": 116.991,
        "pdf_y_von_oben_pt": 122.082,
        "koordinatenquelle": "eingebettete GeoPDF-Georeferenzierung",
        "lagehinweis": "kartografische Symbolposition; nicht vermessungstechnisch oder vor Ort bestätigt",
        "marker-color": "#1565c0",
        "marker-symbol": "fire-station",
        "marker-size": "medium",
        "title": "249 - Hydrant"
      }
    },
    {
      "type": "Feature",
      "id": "252",
      "geometry": {
        "type": "Point",
        "coordinates": [
          8.555005,
          54.688625
        ]
      },
      "properties": {
        "id": "252",
        "typ": "Hydrant",
        "menge_l_min": 1600,
        "quellkarte": "Wyk_Süd_Ost.pdf",
        "ortsname": "Wyk auf Föhr (Südost)",
        "ortsquelle": "Wyk_Süd_Ost.pdf",
        "zuordnungsabstand_relativ": 1.011,
        "pdf_x_pt": 151.933,
        "pdf_y_von_oben_pt": 62.9,
        "koordinatenquelle": "eingebettete GeoPDF-Georeferenzierung",
        "lagehinweis": "kartografische Symbolposition; nicht vermessungstechnisch oder vor Ort bestätigt",
        "marker-color": "#1565c0",
        "marker-symbol": "fire-station",
        "marker-size": "medium",
        "title": "252 - Hydrant"
      }
    },
    {
      "type": "Feature",
      "id": "253",
      "geometry": {
        "type": "Point",
        "coordinates": [
          8.552067,
          54.687096
        ]
      },
      "properties": {
        "id": "253",
        "typ": "Hydrant",
        "menge_l_min": 1600,
        "quellkarte": "Wyk_Süd_Ost.pdf",
        "ortsname": "Wyk auf Föhr (Südost)",
        "ortsquelle": "Wyk_Süd_Ost.pdf",
        "zuordnungsabstand_relativ": 0.795,
        "pdf_x_pt": 34.604,
        "pdf_y_von_oben_pt": 167.064,
        "koordinatenquelle": "eingebettete GeoPDF-Georeferenzierung",
        "lagehinweis": "kartografische Symbolposition; nicht vermessungstechnisch oder vor Ort bestätigt",
        "marker-color": "#1565c0",
        "marker-symbol": "fire-station",
        "marker-size": "medium",
        "title": "253 - Hydrant"
      }
    },
    {
      "type": "Feature",
      "id": "254",
      "geometry": {
        "type": "Point",
        "coordinates": [
          8.552848,
          54.687644
        ]
      },
      "properties": {
        "id": "254",
        "typ": "Hydrant",
        "menge_l_min": 1600,
        "quellkarte": "Wyk_Süd_Ost.pdf",
        "ortsname": "Wyk auf Föhr (Südost)",
        "ortsquelle": "Wyk_Süd_Ost.pdf",
        "zuordnungsabstand_relativ": 0.828,
        "pdf_x_pt": 65.861,
        "pdf_y_von_oben_pt": 129.667,
        "koordinatenquelle": "eingebettete GeoPDF-Georeferenzierung",
        "lagehinweis": "kartografische Symbolposition; nicht vermessungstechnisch oder vor Ort bestätigt",
        "marker-color": "#1565c0",
        "marker-symbol": "fire-station",
        "marker-size": "medium",
        "title": "254 - Hydrant"
      }
    },
    {
      "type": "Feature",
      "id": "256",
      "geometry": {
        "type": "Point",
        "coordinates": [
          8.552049,
          54.687862
        ]
      },
      "properties": {
        "id": "256",
        "typ": "Hydrant",
        "menge_l_min": 1600,
        "quellkarte": "Wyk_Süd_Ost.pdf",
        "ortsname": "Wyk auf Föhr (Südost)",
        "ortsquelle": "Wyk_Süd_Ost.pdf",
        "zuordnungsabstand_relativ": 0.845,
        "pdf_x_pt": 34.217,
        "pdf_y_von_oben_pt": 114.466,
        "koordinatenquelle": "eingebettete GeoPDF-Georeferenzierung",
        "lagehinweis": "kartografische Symbolposition; nicht vermessungstechnisch oder vor Ort bestätigt",
        "marker-color": "#1565c0",
        "marker-symbol": "fire-station",
        "marker-size": "medium",
        "title": "256 - Hydrant"
      }
    },
    {
      "type": "Feature",
      "id": "257",
      "geometry": {
        "type": "Point",
        "coordinates": [
          8.553052,
          54.68839
        ]
      },
      "properties": {
        "id": "257",
        "typ": "Hydrant",
        "menge_l_min": 1600,
        "quellkarte": "Wyk_Süd_Ost.pdf",
        "ortsname": "Wyk auf Föhr (Südost)",
        "ortsquelle": "Wyk_Süd_Ost.pdf",
        "zuordnungsabstand_relativ": 0.86,
        "pdf_x_pt": 74.281,
        "pdf_y_von_oben_pt": 78.505,
        "koordinatenquelle": "eingebettete GeoPDF-Georeferenzierung",
        "lagehinweis": "kartografische Symbolposition; nicht vermessungstechnisch oder vor Ort bestätigt",
        "marker-color": "#1565c0",
        "marker-symbol": "fire-station",
        "marker-size": "medium",
        "title": "257 - Hydrant"
      }
    },
    {
      "type": "Feature",
      "id": "273",
      "geometry": {
        "type": "Point",
        "coordinates": [
          8.554266,
          54.688327
        ]
      },
      "properties": {
        "id": "273",
        "typ": "Hydrant",
        "menge_l_min": 1600,
        "quellkarte": "Wyk_Süd_Ost.pdf",
        "ortsname": "Wyk auf Föhr (Südost)",
        "ortsquelle": "Wyk_Süd_Ost.pdf",
        "zuordnungsabstand_relativ": 0.787,
        "pdf_x_pt": 122.461,
        "pdf_y_von_oben_pt": 83.182,
        "koordinatenquelle": "eingebettete GeoPDF-Georeferenzierung",
        "lagehinweis": "kartografische Symbolposition; nicht vermessungstechnisch oder vor Ort bestätigt",
        "marker-color": "#1565c0",
        "marker-symbol": "fire-station",
        "marker-size": "medium",
        "title": "273 - Hydrant"
      }
    },
    {
      "type": "Feature",
      "id": "289",
      "geometry": {
        "type": "Point",
        "coordinates": [
          8.56084,
          54.689292
        ]
      },
      "properties": {
        "id": "289",
        "typ": "Hydrant",
        "menge_l_min": 1600,
        "quellkarte": "Wyk_Süd_Ost.pdf",
        "ortsname": "Wyk auf Föhr (Südost)",
        "ortsquelle": "Wyk_Süd_Ost.pdf",
        "zuordnungsabstand_relativ": 1.237,
        "pdf_x_pt": 383.954,
        "pdf_y_von_oben_pt": 18.683,
        "koordinatenquelle": "eingebettete GeoPDF-Georeferenzierung",
        "lagehinweis": "kartografische Symbolposition; nicht vermessungstechnisch oder vor Ort bestätigt",
        "marker-color": "#1565c0",
        "marker-symbol": "fire-station",
        "marker-size": "medium",
        "title": "289 - Hydrant"
      }
    },
    {
      "type": "Feature",
      "id": "297",
      "geometry": {
        "type": "Point",
        "coordinates": [
          8.561982,
          54.688718
        ]
      },
      "properties": {
        "id": "297",
        "typ": "Hydrant",
        "menge_l_min": 1600,
        "quellkarte": "Wyk_Süd_Ost.pdf",
        "ortsname": "Wyk auf Föhr (Südost)",
        "ortsquelle": "Wyk_Süd_Ost.pdf",
        "zuordnungsabstand_relativ": 0.93,
        "pdf_x_pt": 429.083,
        "pdf_y_von_oben_pt": 58.354,
        "koordinatenquelle": "eingebettete GeoPDF-Georeferenzierung",
        "lagehinweis": "kartografische Symbolposition; nicht vermessungstechnisch oder vor Ort bestätigt",
        "marker-color": "#1565c0",
        "marker-symbol": "fire-station",
        "marker-size": "medium",
        "title": "297 - Hydrant"
      }
    },
    {
      "type": "Feature",
      "id": "298",
      "geometry": {
        "type": "Point",
        "coordinates": [
          8.56429,
          54.689272
        ]
      },
      "properties": {
        "id": "298",
        "typ": "Hydrant",
        "menge_l_min": 1600,
        "quellkarte": "Wyk_Süd_Ost.pdf",
        "ortsname": "Wyk auf Föhr (Südost)",
        "ortsquelle": "Wyk_Süd_Ost.pdf",
        "zuordnungsabstand_relativ": 0.905,
        "pdf_x_pt": 520.98,
        "pdf_y_von_oben_pt": 20.954,
        "koordinatenquelle": "eingebettete GeoPDF-Georeferenzierung",
        "lagehinweis": "kartografische Symbolposition; nicht vermessungstechnisch oder vor Ort bestätigt",
        "marker-color": "#1565c0",
        "marker-symbol": "fire-station",
        "marker-size": "medium",
        "title": "298 - Hydrant"
      }
    },
    {
      "type": "Feature",
      "id": "299",
      "geometry": {
        "type": "Point",
        "coordinates": [
          8.563511,
          54.688982
        ]
      },
      "properties": {
        "id": "299",
        "typ": "Hydrant",
        "menge_l_min": 1600,
        "quellkarte": "Wyk_Süd_Ost.pdf",
        "ortsname": "Wyk auf Föhr (Südost)",
        "ortsquelle": "Wyk_Süd_Ost.pdf",
        "zuordnungsabstand_relativ": 1.169,
        "pdf_x_pt": 489.89,
        "pdf_y_von_oben_pt": 40.628,
        "koordinatenquelle": "eingebettete GeoPDF-Georeferenzierung",
        "lagehinweis": "kartografische Symbolposition; nicht vermessungstechnisch oder vor Ort bestätigt",
        "marker-color": "#1565c0",
        "marker-symbol": "fire-station",
        "marker-size": "medium",
        "title": "299 - Hydrant"
      }
    },
    {
      "type": "Feature",
      "id": "300",
      "geometry": {
        "type": "Point",
        "coordinates": [
          8.563966,
          54.688142
        ]
      },
      "properties": {
        "id": "300",
        "typ": "Hydrant",
        "menge_l_min": 1600,
        "quellkarte": "Wyk_Süd_Ost.pdf",
        "ortsname": "Wyk auf Föhr (Südost)",
        "ortsquelle": "Wyk_Süd_Ost.pdf",
        "zuordnungsabstand_relativ": 1.115,
        "pdf_x_pt": 507.624,
        "pdf_y_von_oben_pt": 98.358,
        "koordinatenquelle": "eingebettete GeoPDF-Georeferenzierung",
        "lagehinweis": "kartografische Symbolposition; nicht vermessungstechnisch oder vor Ort bestätigt",
        "marker-color": "#1565c0",
        "marker-symbol": "fire-station",
        "marker-size": "medium",
        "title": "300 - Hydrant"
      }
    },
    {
      "type": "Feature",
      "id": "301",
      "geometry": {
        "type": "Point",
        "coordinates": [
          8.562847,
          54.68825
        ]
      },
      "properties": {
        "id": "301",
        "typ": "Hydrant",
        "menge_l_min": 1600,
        "quellkarte": "Wyk_Süd_Ost.pdf",
        "ortsname": "Wyk auf Föhr (Südost)",
        "ortsquelle": "Wyk_Süd_Ost.pdf",
        "zuordnungsabstand_relativ": 0.88,
        "pdf_x_pt": 463.205,
        "pdf_y_von_oben_pt": 90.663,
        "koordinatenquelle": "eingebettete GeoPDF-Georeferenzierung",
        "lagehinweis": "kartografische Symbolposition; nicht vermessungstechnisch oder vor Ort bestätigt",
        "marker-color": "#1565c0",
        "marker-symbol": "fire-station",
        "marker-size": "medium",
        "title": "301 - Hydrant"
      }
    },
    {
      "type": "Feature",
      "id": "302",
      "geometry": {
        "type": "Point",
        "coordinates": [
          8.562275,
          54.687621
        ]
      },
      "properties": {
        "id": "302",
        "typ": "Hydrant",
        "menge_l_min": 1600,
        "quellkarte": "Wyk_Süd_Ost.pdf",
        "ortsname": "Wyk auf Föhr (Südost)",
        "ortsquelle": "Wyk_Süd_Ost.pdf",
        "zuordnungsabstand_relativ": 0.894,
        "pdf_x_pt": 440.25,
        "pdf_y_von_oben_pt": 133.655,
        "koordinatenquelle": "eingebettete GeoPDF-Georeferenzierung",
        "lagehinweis": "kartografische Symbolposition; nicht vermessungstechnisch oder vor Ort bestätigt",
        "marker-color": "#1565c0",
        "marker-symbol": "fire-station",
        "marker-size": "medium",
        "title": "302 - Hydrant"
      }
    }
  ]
}