{
 "type": "FeatureCollection",
 "features": [
  {
   "type": "Feature",
   "geometry": {
    "type": "Point",
    "coordinates": [
     8.569683,
     54.687345
    ]
   },
   "properties": {
    "ref": "101",
    "name": "Sandwall",
    "addr:city": "Wyk auf Föhr",
    "emergency": "fire_hydrant",
    "art": "Bohrbrunnen",
    "description": "Quelle: Datenexport Wasserwerk 2026, vermessen (Rechtswert/Hochwert ETRS89/UTM32N).",
    "survey:date": ""
   }
  },
  {
   "type": "Feature",
   "geometry": {
    "type": "Point",
    "coordinates": [
     8.56951,
     54.687209
    ]
   },
   "properties": {
    "ref": "102",
    "name": "Sandwall",
    "addr:city": "Wyk auf Föhr",
    "emergency": "fire_hydrant",
    "art": "Hydrant",
    "fire_hydrant:diameter": "DN 80",
    "flow_rate": 1600,
    "description": "Quelle: Datenexport Wasserwerk 2026, vermessen (Rechtswert/Hochwert ETRS89/UTM32N). Nennweite DN 80",
    "survey:date": ""
   }
  },
  {
   "type": "Feature",
   "geometry": {
    "type": "Point",
    "coordinates": [
     8.569164,
     54.686648
    ]
   },
   "properties": {
    "ref": "103",
    "name": "Sandwall",
    "addr:city": "Wyk auf Föhr",
    "emergency": "fire_hydrant",
    "art": "Hydrant",
    "fire_hydrant:diameter": "DN 80",
    "flow_rate": 1600,
    "description": "Quelle: Datenexport Wasserwerk 2026, vermessen (Rechtswert/Hochwert ETRS89/UTM32N). Nennweite DN 80",
    "survey:date": ""
   }
  },
  {
   "type": "Feature",
   "geometry": {
    "type": "Point",
    "coordinates": [
     8.56907,
     54.686402
    ]
   },
   "properties": {
    "ref": "104",
    "name": "Sandwall",
    "addr:city": "Wyk auf Föhr",
    "emergency": "fire_hydrant",
    "art": "Hydrant",
    "fire_hydrant:diameter": "DN 80",
    "flow_rate": 1600,
    "description": "Quelle: Datenexport Wasserwerk 2026, vermessen (Rechtswert/Hochwert ETRS89/UTM32N). Nennweite DN 80",
    "survey:date": ""
   }
  },
  {
   "type": "Feature",
   "geometry": {
    "type": "Point",
    "coordinates": [
     8.568836,
     54.688146
    ]
   },
   "properties": {
    "ref": "105",
    "name": "Mühlenstraße",
    "addr:city": "Wyk auf Föhr",
    "emergency": "fire_hydrant",
    "art": "Hydrant",
    "fire_hydrant:diameter": "DN 80",
    "flow_rate": 1600,
    "description": "Quelle: Datenexport Wasserwerk 2026, vermessen (Rechtswert/Hochwert ETRS89/UTM32N). Nennweite DN 80",
    "survey:date": ""
   }
  },
  {
   "type": "Feature",
   "geometry": {
    "type": "Point",
    "coordinates": [
     8.568327,
     54.687561
    ]
   },
   "properties": {
    "ref": "106",
    "name": "Mühlenstraße",
    "addr:city": "Wyk auf Föhr",
    "emergency": "fire_hydrant",
    "art": "Hydrant",
    "fire_hydrant:diameter": "DN 80",
    "flow_rate": 1600,
    "description": "Quelle: Datenexport Wasserwerk 2026, vermessen (Rechtswert/Hochwert ETRS89/UTM32N). Nennweite DN 80",
    "survey:date": ""
   }
  },
  {
   "type": "Feature",
   "geometry": {
    "type": "Point",
    "coordinates": [
     8.568268,
     54.687519
    ]
   },
   "properties": {
    "ref": "107",
    "name": "Mühlenstraße",
    "addr:city": "Wyk auf Föhr",
    "emergency": "fire_hydrant",
    "art": "Hydrant",
    "fire_hydrant:diameter": "DN 80",
    "flow_rate": 1600,
    "description": "Quelle: Datenexport Wasserwerk 2026, vermessen (Rechtswert/Hochwert ETRS89/UTM32N). Nennweite DN 80",
    "survey:date": ""
   }
  },
  {
   "type": "Feature",
   "geometry": {
    "type": "Point",
    "coordinates": [
     8.56761,
     54.686809
    ]
   },
   "properties": {
    "ref": "108",
    "name": "Mühlenstraße",
    "addr:city": "Wyk auf Föhr",
    "emergency": "fire_hydrant",
    "art": "Hydrant",
    "fire_hydrant:diameter": "DN 80",
    "flow_rate": 1600,
    "description": "Quelle: Datenexport Wasserwerk 2026, vermessen (Rechtswert/Hochwert ETRS89/UTM32N). Nennweite DN 80",
    "survey:date": ""
   }
  },
  {
   "type": "Feature",
   "geometry": {
    "type": "Point",
    "coordinates": [
     8.568026,
     54.688411
    ]
   },
   "properties": {
    "ref": "109",
    "name": "Johannesstrasse",
    "addr:city": "Wyk auf Föhr",
    "emergency": "fire_hydrant",
    "art": "Hydrant",
    "fire_hydrant:diameter": "DN 80",
    "flow_rate": 1600,
    "description": "Quelle: Datenexport Wasserwerk 2026, vermessen (Rechtswert/Hochwert ETRS89/UTM32N). Nennweite DN 80",
    "survey:date": ""
   }
  },
  {
   "type": "Feature",
   "geometry": {
    "type": "Point",
    "coordinates": [
     8.569293,
     54.688521
    ]
   },
   "properties": {
    "ref": "110",
    "name": "Süderstrasse",
    "addr:city": "Wyk auf Föhr",
    "emergency": "fire_hydrant",
    "art": "Hydrant",
    "fire_hydrant:diameter": "DN 80",
    "flow_rate": 1600,
    "description": "Quelle: Datenexport Wasserwerk 2026, vermessen (Rechtswert/Hochwert ETRS89/UTM32N). Nennweite DN 80",
    "survey:date": ""
   }
  },
  {
   "type": "Feature",
   "geometry": {
    "type": "Point",
    "coordinates": [
     8.567412,
     54.687698
    ]
   },
   "properties": {
    "ref": "112",
    "name": "Johannesstrasse",
    "addr:city": "Wyk auf Föhr",
    "emergency": "fire_hydrant",
    "art": "Hydrant",
    "fire_hydrant:diameter": "DN 80",
    "flow_rate": 1600,
    "description": "Quelle: Datenexport Wasserwerk 2026, vermessen (Rechtswert/Hochwert ETRS89/UTM32N). Nennweite DN 80",
    "survey:date": ""
   }
  },
  {
   "type": "Feature",
   "geometry": {
    "type": "Point",
    "coordinates": [
     8.566723,
     54.687178
    ]
   },
   "properties": {
    "ref": "113",
    "name": "Feldstraße 16",
    "addr:city": "Wyk auf Föhr",
    "emergency": "fire_hydrant",
    "art": "Hydrant",
    "fire_hydrant:diameter": "DN 80",
    "flow_rate": 1600,
    "description": "Quelle: Datenexport Wasserwerk 2026, vermessen (Rechtswert/Hochwert ETRS89/UTM32N). Nennweite DN 80",
    "survey:date": ""
   }
  },
  {
   "type": "Feature",
   "geometry": {
    "type": "Point",
    "coordinates": [
     8.565695,
     54.687555
    ]
   },
   "properties": {
    "ref": "114",
    "name": "Feldstraße",
    "addr:city": "Wyk auf Föhr",
    "emergency": "fire_hydrant",
    "art": "Hydrant",
    "fire_hydrant:diameter": "DN 80",
    "flow_rate": 1600,
    "description": "Quelle: Datenexport Wasserwerk 2026, vermessen (Rechtswert/Hochwert ETRS89/UTM32N). Nennweite DN 80",
    "survey:date": ""
   }
  },
  {
   "type": "Feature",
   "geometry": {
    "type": "Point",
    "coordinates": [
     8.565197,
     54.688694
    ]
   },
   "properties": {
    "ref": "115",
    "name": "Badestraße",
    "addr:city": "Wyk auf Föhr",
    "emergency": "fire_hydrant",
    "art": "Hydrant",
    "fire_hydrant:diameter": "DN 80",
    "flow_rate": 1600,
    "description": "Quelle: Datenexport Wasserwerk 2026, vermessen (Rechtswert/Hochwert ETRS89/UTM32N). Nennweite DN 80",
    "survey:date": ""
   }
  },
  {
   "type": "Feature",
   "geometry": {
    "type": "Point",
    "coordinates": [
     8.56461,
     54.688007
    ]
   },
   "properties": {
    "ref": "116",
    "name": "Badestraße",
    "addr:city": "Wyk auf Föhr",
    "emergency": "fire_hydrant",
    "art": "Hydrant",
    "fire_hydrant:diameter": "DN 80",
    "flow_rate": 1600,
    "description": "Quelle: Datenexport Wasserwerk 2026, vermessen (Rechtswert/Hochwert ETRS89/UTM32N). Nennweite DN 80",
    "survey:date": ""
   }
  },
  {
   "type": "Feature",
   "geometry": {
    "type": "Point",
    "coordinates": [
     8.568479,
     54.685573
    ]
   },
   "properties": {
    "ref": "119",
    "name": "Sandwall",
    "addr:city": "Wyk auf Föhr",
    "emergency": "fire_hydrant",
    "art": "Hydrant",
    "fire_hydrant:diameter": "DN 80",
    "flow_rate": 1600,
    "description": "Quelle: Datenexport Wasserwerk 2026, vermessen (Rechtswert/Hochwert ETRS89/UTM32N). Nennweite DN 80",
    "survey:date": ""
   }
  },
  {
   "type": "Feature",
   "geometry": {
    "type": "Point",
    "coordinates": [
     8.568473,
     54.68475
    ]
   },
   "properties": {
    "ref": "120",
    "name": "Sandwall",
    "addr:city": "Wyk auf Föhr",
    "emergency": "fire_hydrant",
    "art": "Hydrant",
    "fire_hydrant:diameter": "DN 80",
    "flow_rate": 1600,
    "description": "Quelle: Datenexport Wasserwerk 2026, vermessen (Rechtswert/Hochwert ETRS89/UTM32N). Nennweite DN 80",
    "survey:date": ""
   }
  },
  {
   "type": "Feature",
   "geometry": {
    "type": "Point",
    "coordinates": [
     8.568466,
     54.68421
    ]
   },
   "properties": {
    "ref": "121",
    "name": "Sandwall 80",
    "addr:city": "Wyk auf Föhr",
    "emergency": "fire_hydrant",
    "art": "Hydrant",
    "fire_hydrant:diameter": "DN 80",
    "flow_rate": 1600,
    "description": "Quelle: Datenexport Wasserwerk 2026, vermessen (Rechtswert/Hochwert ETRS89/UTM32N). Nennweite DN 80",
    "survey:date": ""
   }
  },
  {
   "type": "Feature",
   "geometry": {
    "type": "Point",
    "coordinates": [
     8.567319,
     54.68373
    ]
   },
   "properties": {
    "ref": "122",
    "name": "Sandwall",
    "addr:city": "Wyk auf Föhr",
    "emergency": "fire_hydrant",
    "art": "Hydrant",
    "fire_hydrant:diameter": "DN 80",
    "flow_rate": 1600,
    "description": "Quelle: Datenexport Wasserwerk 2026, vermessen (Rechtswert/Hochwert ETRS89/UTM32N). Nennweite DN 80",
    "survey:date": ""
   }
  },
  {
   "type": "Feature",
   "geometry": {
    "type": "Point",
    "coordinates": [
     8.567043,
     54.686203
    ]
   },
   "properties": {
    "ref": "123",
    "name": "Mühlenstraße",
    "addr:city": "Wyk auf Föhr",
    "emergency": "fire_hydrant",
    "art": "Hydrant",
    "fire_hydrant:diameter": "DN 80",
    "flow_rate": 1600,
    "description": "Quelle: Datenexport Wasserwerk 2026, vermessen (Rechtswert/Hochwert ETRS89/UTM32N). Nennweite DN 80",
    "survey:date": ""
   }
  },
  {
   "type": "Feature",
   "geometry": {
    "type": "Point",
    "coordinates": [
     8.566436,
     54.685519
    ]
   },
   "properties": {
    "ref": "124",
    "name": "Mühlenstraße",
    "addr:city": "Wyk auf Föhr",
    "emergency": "fire_hydrant",
    "art": "Hydrant",
    "fire_hydrant:diameter": "DN 80",
    "flow_rate": 1600,
    "description": "Quelle: Datenexport Wasserwerk 2026, vermessen (Rechtswert/Hochwert ETRS89/UTM32N). Nennweite DN 80",
    "survey:date": ""
   }
  },
  {
   "type": "Feature",
   "geometry": {
    "type": "Point",
    "coordinates": [
     8.565793,
     54.684825
    ]
   },
   "properties": {
    "ref": "125",
    "name": "Mühlenstraße",
    "addr:city": "Wyk auf Föhr",
    "emergency": "fire_hydrant",
    "art": "Hydrant",
    "fire_hydrant:diameter": "DN 80",
    "flow_rate": 1600,
    "description": "Quelle: Datenexport Wasserwerk 2026, vermessen (Rechtswert/Hochwert ETRS89/UTM32N). Nennweite DN 80",
    "survey:date": ""
   }
  },
  {
   "type": "Feature",
   "geometry": {
    "type": "Point",
    "coordinates": [
     8.565255,
     54.684325
    ]
   },
   "properties": {
    "ref": "126",
    "name": "Rebbelstieg 13A",
    "addr:city": "Wyk auf Föhr",
    "emergency": "fire_hydrant",
    "art": "Hydrant",
    "fire_hydrant:diameter": "DN 80",
    "flow_rate": 1600,
    "description": "Quelle: Datenexport Wasserwerk 2026, vermessen (Rechtswert/Hochwert ETRS89/UTM32N). Nennweite DN 80",
    "survey:date": ""
   }
  },
  {
   "type": "Feature",
   "geometry": {
    "type": "Point",
    "coordinates": [
     8.56567,
     54.686073
    ]
   },
   "properties": {
    "ref": "127",
    "name": "Friedrichstraße",
    "addr:city": "Wyk auf Föhr",
    "emergency": "fire_hydrant",
    "art": "Hydrant",
    "fire_hydrant:diameter": "DN 80",
    "flow_rate": 1600,
    "description": "Quelle: Datenexport Wasserwerk 2026, vermessen (Rechtswert/Hochwert ETRS89/UTM32N). Nennweite DN 80",
    "survey:date": ""
   }
  },
  {
   "type": "Feature",
   "geometry": {
    "type": "Point",
    "coordinates": [
     8.565172,
     54.685529
    ]
   },
   "properties": {
    "ref": "128",
    "name": "Friedrichstraße",
    "addr:city": "Wyk auf Föhr",
    "emergency": "fire_hydrant",
    "art": "Hydrant",
    "fire_hydrant:diameter": "DN 80",
    "flow_rate": 1600,
    "description": "Quelle: Datenexport Wasserwerk 2026, vermessen (Rechtswert/Hochwert ETRS89/UTM32N). Nennweite DN 80",
    "survey:date": ""
   }
  },
  {
   "type": "Feature",
   "geometry": {
    "type": "Point",
    "coordinates": [
     8.564885,
     54.685551
    ]
   },
   "properties": {
    "ref": "129",
    "name": "Friedrichstraße 25",
    "addr:city": "Wyk auf Föhr",
    "emergency": "fire_hydrant",
    "art": "Hydrant",
    "fire_hydrant:diameter": "DN 80",
    "flow_rate": 1600,
    "description": "Quelle: Datenexport Wasserwerk 2026, vermessen (Rechtswert/Hochwert ETRS89/UTM32N). Nennweite DN 80",
    "survey:date": ""
   }
  },
  {
   "type": "Feature",
   "geometry": {
    "type": "Point",
    "coordinates": [
     8.563827,
     54.684865
    ]
   },
   "properties": {
    "ref": "130",
    "name": "Lüttmarsch",
    "addr:city": "Wyk auf Föhr",
    "emergency": "fire_hydrant",
    "art": "Hydrant",
    "fire_hydrant:diameter": "DN 80",
    "flow_rate": 1600,
    "description": "Quelle: Datenexport Wasserwerk 2026, vermessen (Rechtswert/Hochwert ETRS89/UTM32N). Nennweite DN 80",
    "survey:date": ""
   }
  },
  {
   "type": "Feature",
   "geometry": {
    "type": "Point",
    "coordinates": [
     8.563445,
     54.685271
    ]
   },
   "properties": {
    "ref": "131",
    "name": "Rebbelstieg",
    "addr:city": "Wyk auf Föhr",
    "emergency": "fire_hydrant",
    "art": "E-Bohrbrunnen",
    "description": "Quelle: Datenexport Wasserwerk 2026, vermessen (Rechtswert/Hochwert ETRS89/UTM32N).",
    "survey:date": ""
   }
  },
  {
   "type": "Feature",
   "geometry": {
    "type": "Point",
    "coordinates": [
     8.563746,
     54.687005
    ]
   },
   "properties": {
    "ref": "133",
    "name": "Badestraße",
    "addr:city": "Wyk auf Föhr",
    "emergency": "fire_hydrant",
    "art": "Hydrant",
    "fire_hydrant:diameter": "DN 80",
    "flow_rate": 1600,
    "description": "Quelle: Datenexport Wasserwerk 2026, vermessen (Rechtswert/Hochwert ETRS89/UTM32N). Nennweite DN 80",
    "survey:date": ""
   }
  },
  {
   "type": "Feature",
   "geometry": {
    "type": "Point",
    "coordinates": [
     8.562383,
     54.685759
    ]
   },
   "properties": {
    "ref": "134",
    "name": "Badestraße",
    "addr:city": "Wyk auf Föhr",
    "emergency": "fire_hydrant",
    "art": "Hydrant",
    "fire_hydrant:diameter": "DN 80",
    "flow_rate": 1600,
    "description": "Quelle: Datenexport Wasserwerk 2026, vermessen (Rechtswert/Hochwert ETRS89/UTM32N). Nennweite DN 80",
    "survey:date": ""
   }
  },
  {
   "type": "Feature",
   "geometry": {
    "type": "Point",
    "coordinates": [
     8.56639,
     54.681957
    ]
   },
   "properties": {
    "ref": "135",
    "name": "Stockmannsweg",
    "addr:city": "Wyk auf Föhr",
    "emergency": "fire_hydrant",
    "art": "Hydrant",
    "fire_hydrant:diameter": "DN 80",
    "flow_rate": 1600,
    "description": "Quelle: Datenexport Wasserwerk 2026, vermessen (Rechtswert/Hochwert ETRS89/UTM32N). Nennweite DN 80",
    "survey:date": ""
   }
  },
  {
   "type": "Feature",
   "geometry": {
    "type": "Point",
    "coordinates": [
     8.566312,
     54.681192
    ]
   },
   "properties": {
    "ref": "136",
    "name": "Stockmannsweg",
    "addr:city": "Wyk auf Föhr",
    "emergency": "fire_hydrant",
    "art": "Hydrant",
    "fire_hydrant:diameter": "DN 80",
    "flow_rate": 1600,
    "description": "Quelle: Datenexport Wasserwerk 2026, vermessen (Rechtswert/Hochwert ETRS89/UTM32N). Nennweite DN 80",
    "survey:date": ""
   }
  },
  {
   "type": "Feature",
   "geometry": {
    "type": "Point",
    "coordinates": [
     8.564494,
     54.681197
    ]
   },
   "properties": {
    "ref": "137",
    "name": "Olhörnweg",
    "addr:city": "Wyk auf Föhr",
    "emergency": "fire_hydrant",
    "art": "Hydrant",
    "fire_hydrant:diameter": "DN 80",
    "flow_rate": 1600,
    "description": "Quelle: Datenexport Wasserwerk 2026, vermessen (Rechtswert/Hochwert ETRS89/UTM32N). Nennweite DN 80",
    "survey:date": ""
   }
  },
  {
   "type": "Feature",
   "geometry": {
    "type": "Point",
    "coordinates": [
     8.56441,
     54.681946
    ]
   },
   "properties": {
    "ref": "138",
    "name": "Olhörnstieg",
    "addr:city": "Wyk auf Föhr",
    "emergency": "fire_hydrant",
    "art": "Hydrant",
    "fire_hydrant:diameter": "DN 80",
    "flow_rate": 1600,
    "description": "Quelle: Datenexport Wasserwerk 2026, vermessen (Rechtswert/Hochwert ETRS89/UTM32N). Nennweite DN 80",
    "survey:date": ""
   }
  },
  {
   "type": "Feature",
   "geometry": {
    "type": "Point",
    "coordinates": [
     8.563536,
     54.682108
    ]
   },
   "properties": {
    "ref": "139",
    "name": "Olhörnstieg",
    "addr:city": "Wyk auf Föhr",
    "emergency": "fire_hydrant",
    "art": "Hydrant",
    "fire_hydrant:diameter": "DN 80",
    "flow_rate": 1600,
    "description": "Quelle: Datenexport Wasserwerk 2026, vermessen (Rechtswert/Hochwert ETRS89/UTM32N). Nennweite DN 80",
    "survey:date": ""
   }
  },
  {
   "type": "Feature",
   "geometry": {
    "type": "Point",
    "coordinates": [
     8.563111,
     54.681735
    ]
   },
   "properties": {
    "ref": "140",
    "name": "Olhörnweg",
    "addr:city": "Wyk auf Föhr",
    "emergency": "fire_hydrant",
    "art": "Hydrant",
    "fire_hydrant:diameter": "DN 80",
    "flow_rate": 1600,
    "description": "Quelle: Datenexport Wasserwerk 2026, vermessen (Rechtswert/Hochwert ETRS89/UTM32N). Nennweite DN 80",
    "survey:date": ""
   }
  },
  {
   "type": "Feature",
   "geometry": {
    "type": "Point",
    "coordinates": [
     8.562482,
     54.682144
    ]
   },
   "properties": {
    "ref": "141",
    "name": "Olhörnweg 28",
    "addr:city": "Wyk auf Föhr",
    "emergency": "fire_hydrant",
    "art": "Hydrant",
    "fire_hydrant:diameter": "DN 80",
    "flow_rate": 1600,
    "description": "Quelle: Datenexport Wasserwerk 2026, vermessen (Rechtswert/Hochwert ETRS89/UTM32N). Nennweite DN 80",
    "survey:date": ""
   }
  },
  {
   "type": "Feature",
   "geometry": {
    "type": "Point",
    "coordinates": [
     8.56218,
     54.682878
    ]
   },
   "properties": {
    "ref": "142",
    "name": "Lüttmarsch",
    "addr:city": "Wyk auf Föhr",
    "emergency": "fire_hydrant",
    "art": "Hydrant",
    "fire_hydrant:diameter": "DN 80",
    "flow_rate": 1600,
    "description": "Quelle: Datenexport Wasserwerk 2026, vermessen (Rechtswert/Hochwert ETRS89/UTM32N). Nennweite DN 80",
    "survey:date": ""
   }
  },
  {
   "type": "Feature",
   "geometry": {
    "type": "Point",
    "coordinates": [
     8.563708,
     54.683042
    ]
   },
   "properties": {
    "ref": "143",
    "name": "Wiesenweg",
    "addr:city": "Wyk auf Föhr",
    "emergency": "fire_hydrant",
    "art": "Hydrant",
    "fire_hydrant:diameter": "DN 80",
    "flow_rate": 1600,
    "description": "Quelle: Datenexport Wasserwerk 2026, vermessen (Rechtswert/Hochwert ETRS89/UTM32N). Nennweite DN 80",
    "survey:date": ""
   }
  },
  {
   "type": "Feature",
   "geometry": {
    "type": "Point",
    "coordinates": [
     8.564331,
     54.683872
    ]
   },
   "properties": {
    "ref": "144",
    "name": "Wiesenweg",
    "addr:city": "Wyk auf Föhr",
    "emergency": "fire_hydrant",
    "art": "Hydrant",
    "fire_hydrant:diameter": "DN 80",
    "flow_rate": 800,
    "description": "Quelle: Datenexport Wasserwerk 2026, vermessen (Rechtswert/Hochwert ETRS89/UTM32N). Nennweite DN 80",
    "survey:date": ""
   }
  },
  {
   "type": "Feature",
   "geometry": {
    "type": "Point",
    "coordinates": [
     8.563097,
     54.683985
    ]
   },
   "properties": {
    "ref": "145",
    "name": "Lüttmarsch",
    "addr:city": "Wyk auf Föhr",
    "emergency": "fire_hydrant",
    "art": "Hydrant",
    "fire_hydrant:diameter": "DN 80",
    "flow_rate": 1600,
    "description": "Quelle: Datenexport Wasserwerk 2026, vermessen (Rechtswert/Hochwert ETRS89/UTM32N). Nennweite DN 80",
    "survey:date": ""
   }
  },
  {
   "type": "Feature",
   "geometry": {
    "type": "Point",
    "coordinates": [
     8.561574,
     54.684864
    ]
   },
   "properties": {
    "ref": "146",
    "name": "Badestraße",
    "addr:city": "Wyk auf Föhr",
    "emergency": "fire_hydrant",
    "art": "Hydrant",
    "fire_hydrant:diameter": "DN 80",
    "flow_rate": 1600,
    "description": "Quelle: Datenexport Wasserwerk 2026, vermessen (Rechtswert/Hochwert ETRS89/UTM32N). Nennweite DN 80",
    "survey:date": ""
   }
  },
  {
   "type": "Feature",
   "geometry": {
    "type": "Point",
    "coordinates": [
     8.560825,
     54.683972
    ]
   },
   "properties": {
    "ref": "147",
    "name": "Badestraße",
    "addr:city": "Wyk auf Föhr",
    "emergency": "fire_hydrant",
    "art": "Hydrant",
    "fire_hydrant:diameter": "DN 80",
    "flow_rate": 1600,
    "description": "Quelle: Datenexport Wasserwerk 2026, vermessen (Rechtswert/Hochwert ETRS89/UTM32N). Nennweite DN 80",
    "survey:date": ""
   }
  },
  {
   "type": "Feature",
   "geometry": {
    "type": "Point",
    "coordinates": [
     8.560228,
     54.683194
    ]
   },
   "properties": {
    "ref": "148",
    "name": "Badestraße",
    "addr:city": "Wyk auf Föhr",
    "emergency": "fire_hydrant",
    "art": "Hydrant",
    "fire_hydrant:diameter": "DN 80",
    "flow_rate": 1600,
    "description": "Quelle: Datenexport Wasserwerk 2026, vermessen (Rechtswert/Hochwert ETRS89/UTM32N). Nennweite DN 80",
    "survey:date": ""
   }
  },
  {
   "type": "Feature",
   "geometry": {
    "type": "Point",
    "coordinates": [
     8.559617,
     54.682431
    ]
   },
   "properties": {
    "ref": "149",
    "name": "Badestraße",
    "addr:city": "Wyk auf Föhr",
    "emergency": "fire_hydrant",
    "art": "Hydrant",
    "fire_hydrant:diameter": "DN 80",
    "flow_rate": 1600,
    "description": "Quelle: Datenexport Wasserwerk 2026, vermessen (Rechtswert/Hochwert ETRS89/UTM32N). Nennweite DN 80",
    "survey:date": ""
   }
  },
  {
   "type": "Feature",
   "geometry": {
    "type": "Point",
    "coordinates": [
     8.55905,
     54.681696
    ]
   },
   "properties": {
    "ref": "150",
    "name": "Badestraße",
    "addr:city": "Wyk auf Föhr",
    "emergency": "fire_hydrant",
    "art": "Hydrant",
    "fire_hydrant:diameter": "DN 80",
    "flow_rate": 1600,
    "description": "Quelle: Datenexport Wasserwerk 2026, vermessen (Rechtswert/Hochwert ETRS89/UTM32N). Nennweite DN 80",
    "survey:date": ""
   }
  },
  {
   "type": "Feature",
   "geometry": {
    "type": "Point",
    "coordinates": [
     8.558366,
     54.680856
    ]
   },
   "properties": {
    "ref": "152",
    "name": "Badestraße",
    "addr:city": "Wyk auf Föhr",
    "emergency": "fire_hydrant",
    "art": "Hydrant",
    "fire_hydrant:diameter": "DN 80",
    "flow_rate": 1600,
    "description": "Quelle: Datenexport Wasserwerk 2026, vermessen (Rechtswert/Hochwert ETRS89/UTM32N). Nennweite DN 80",
    "survey:date": ""
   }
  },
  {
   "type": "Feature",
   "geometry": {
    "type": "Point",
    "coordinates": [
     8.557757,
     54.680064
    ]
   },
   "properties": {
    "ref": "153",
    "name": "Gmelinstraße",
    "addr:city": "Wyk auf Föhr",
    "emergency": "fire_hydrant",
    "art": "Hydrant",
    "fire_hydrant:diameter": "DN 80",
    "flow_rate": 1600,
    "description": "Quelle: Datenexport Wasserwerk 2026, vermessen (Rechtswert/Hochwert ETRS89/UTM32N). Nennweite DN 80",
    "survey:date": ""
   }
  },
  {
   "type": "Feature",
   "geometry": {
    "type": "Point",
    "coordinates": [
     8.564806,
     54.680571
    ]
   },
   "properties": {
    "ref": "154",
    "name": "Stockmannsweg",
    "addr:city": "Wyk auf Föhr",
    "emergency": "fire_hydrant",
    "art": "Hydrant",
    "fire_hydrant:diameter": "DN 80",
    "flow_rate": 1600,
    "description": "Quelle: Datenexport Wasserwerk 2026, vermessen (Rechtswert/Hochwert ETRS89/UTM32N). Nennweite DN 80",
    "survey:date": ""
   }
  },
  {
   "type": "Feature",
   "geometry": {
    "type": "Point",
    "coordinates": [
     8.563124,
     54.680426
    ]
   },
   "properties": {
    "ref": "155",
    "name": "Stockmannsweg",
    "addr:city": "Wyk auf Föhr",
    "emergency": "fire_hydrant",
    "art": "Bohrbrunnen",
    "description": "Quelle: Datenexport Wasserwerk 2026, vermessen (Rechtswert/Hochwert ETRS89/UTM32N).",
    "survey:date": ""
   }
  },
  {
   "type": "Feature",
   "geometry": {
    "type": "Point",
    "coordinates": [
     8.562491,
     54.680293
    ]
   },
   "properties": {
    "ref": "156",
    "name": "Stockmannsweg",
    "addr:city": "Wyk auf Föhr",
    "emergency": "fire_hydrant",
    "art": "Hydrant",
    "fire_hydrant:diameter": "DN 80",
    "flow_rate": 1600,
    "description": "Quelle: Datenexport Wasserwerk 2026, vermessen (Rechtswert/Hochwert ETRS89/UTM32N). Nennweite DN 80",
    "survey:date": ""
   }
  },
  {
   "type": "Feature",
   "geometry": {
    "type": "Point",
    "coordinates": [
     8.560881,
     54.680155
    ]
   },
   "properties": {
    "ref": "158",
    "name": "Stockmannsweg",
    "addr:city": "Wyk auf Föhr",
    "emergency": "fire_hydrant",
    "art": "Hydrant",
    "fire_hydrant:diameter": "DN 80",
    "flow_rate": 1600,
    "description": "Quelle: Datenexport Wasserwerk 2026, vermessen (Rechtswert/Hochwert ETRS89/UTM32N). Nennweite DN 80",
    "survey:date": ""
   }
  },
  {
   "type": "Feature",
   "geometry": {
    "type": "Point",
    "coordinates": [
     8.559387,
     54.680106
    ]
   },
   "properties": {
    "ref": "159",
    "name": "Stockmannsweg",
    "addr:city": "Wyk auf Föhr",
    "emergency": "fire_hydrant",
    "art": "Hydrant",
    "fire_hydrant:diameter": "DN 80",
    "flow_rate": 1600,
    "description": "Quelle: Datenexport Wasserwerk 2026, vermessen (Rechtswert/Hochwert ETRS89/UTM32N). Nennweite DN 80",
    "survey:date": ""
   }
  },
  {
   "type": "Feature",
   "geometry": {
    "type": "Point",
    "coordinates": [
     8.560472,
     54.680773
    ]
   },
   "properties": {
    "ref": "160",
    "name": "Parkstraße 8",
    "addr:city": "Wyk auf Föhr",
    "emergency": "fire_hydrant",
    "art": "Hydrant",
    "fire_hydrant:diameter": "DN 80",
    "flow_rate": 1600,
    "description": "Quelle: Datenexport Wasserwerk 2026, vermessen (Rechtswert/Hochwert ETRS89/UTM32N). Nennweite DN 80",
    "survey:date": ""
   }
  },
  {
   "type": "Feature",
   "geometry": {
    "type": "Point",
    "coordinates": [
     8.556953,
     54.680305
    ]
   },
   "properties": {
    "ref": "161",
    "name": "Gmelinstraße",
    "addr:city": "Wyk auf Föhr",
    "emergency": "fire_hydrant",
    "art": "Hydrant",
    "fire_hydrant:diameter": "DN 80",
    "flow_rate": 1600,
    "description": "Quelle: Datenexport Wasserwerk 2026, vermessen (Rechtswert/Hochwert ETRS89/UTM32N). Nennweite DN 80",
    "survey:date": ""
   }
  },
  {
   "type": "Feature",
   "geometry": {
    "type": "Point",
    "coordinates": [
     8.557432,
     54.680993
    ]
   },
   "properties": {
    "ref": "162",
    "name": "Forstweg",
    "addr:city": "Wyk auf Föhr",
    "emergency": "fire_hydrant",
    "art": "Hydrant",
    "fire_hydrant:diameter": "DN 80",
    "flow_rate": 1600,
    "description": "Quelle: Datenexport Wasserwerk 2026, vermessen (Rechtswert/Hochwert ETRS89/UTM32N). Nennweite DN 80",
    "survey:date": ""
   }
  },
  {
   "type": "Feature",
   "geometry": {
    "type": "Point",
    "coordinates": [
     8.555425,
     54.680593
    ]
   },
   "properties": {
    "ref": "163",
    "name": "Gmelinstraße",
    "addr:city": "Wyk auf Föhr",
    "emergency": "fire_hydrant",
    "art": "Hydrant",
    "fire_hydrant:diameter": "DN 80",
    "flow_rate": 1600,
    "description": "Quelle: Datenexport Wasserwerk 2026, vermessen (Rechtswert/Hochwert ETRS89/UTM32N). Nennweite DN 80",
    "survey:date": ""
   }
  },
  {
   "type": "Feature",
   "geometry": {
    "type": "Point",
    "coordinates": [
     8.553909,
     54.681019
    ]
   },
   "properties": {
    "ref": "164",
    "name": "Gmelinstraße",
    "addr:city": "Wyk auf Föhr",
    "emergency": "fire_hydrant",
    "art": "Hydrant",
    "fire_hydrant:diameter": "DN 80",
    "flow_rate": 1600,
    "description": "Quelle: Datenexport Wasserwerk 2026, vermessen (Rechtswert/Hochwert ETRS89/UTM32N). Nennweite DN 80",
    "survey:date": ""
   }
  },
  {
   "type": "Feature",
   "geometry": {
    "type": "Point",
    "coordinates": [
     8.552346,
     54.681466
    ]
   },
   "properties": {
    "ref": "165",
    "name": "Gmelinstraße",
    "addr:city": "Wyk auf Föhr",
    "emergency": "fire_hydrant",
    "art": "Hydrant",
    "fire_hydrant:diameter": "DN 80",
    "flow_rate": 1600,
    "description": "Quelle: Datenexport Wasserwerk 2026, vermessen (Rechtswert/Hochwert ETRS89/UTM32N). Nennweite DN 80",
    "survey:date": ""
   }
  },
  {
   "type": "Feature",
   "geometry": {
    "type": "Point",
    "coordinates": [
     8.552843,
     54.681975
    ]
   },
   "properties": {
    "ref": "166",
    "name": "Fasanenweg",
    "addr:city": "Wyk auf Föhr",
    "emergency": "fire_hydrant",
    "art": "Hydrant",
    "fire_hydrant:diameter": "DN 80",
    "flow_rate": 1600,
    "description": "Quelle: Datenexport Wasserwerk 2026, vermessen (Rechtswert/Hochwert ETRS89/UTM32N). Nennweite DN 80",
    "survey:date": ""
   }
  },
  {
   "type": "Feature",
   "geometry": {
    "type": "Point",
    "coordinates": [
     8.551788,
     54.680822
    ]
   },
   "properties": {
    "ref": "167",
    "name": "Eulenkamp",
    "addr:city": "Wyk auf Föhr",
    "emergency": "fire_hydrant",
    "art": "Hydrant",
    "fire_hydrant:diameter": "DN 80",
    "flow_rate": 1600,
    "description": "Quelle: Datenexport Wasserwerk 2026, vermessen (Rechtswert/Hochwert ETRS89/UTM32N). Nennweite DN 80",
    "survey:date": ""
   }
  },
  {
   "type": "Feature",
   "geometry": {
    "type": "Point",
    "coordinates": [
     8.551601,
     54.680755
    ]
   },
   "properties": {
    "ref": "168",
    "name": "Eulenkamp",
    "addr:city": "Wyk auf Föhr",
    "emergency": "fire_hydrant",
    "art": "E-Bohrbrunnen",
    "description": "Quelle: Datenexport Wasserwerk 2026, vermessen (Rechtswert/Hochwert ETRS89/UTM32N).",
    "survey:date": ""
   }
  },
  {
   "type": "Feature",
   "geometry": {
    "type": "Point",
    "coordinates": [
     8.551197,
     54.680372
    ]
   },
   "properties": {
    "ref": "169",
    "name": "Eulenkamp",
    "addr:city": "Wyk auf Föhr",
    "emergency": "fire_hydrant",
    "art": "Hydrant",
    "fire_hydrant:diameter": "DN 80",
    "flow_rate": 1600,
    "description": "Quelle: Datenexport Wasserwerk 2026, vermessen (Rechtswert/Hochwert ETRS89/UTM32N). Nennweite DN 80",
    "survey:date": ""
   }
  },
  {
   "type": "Feature",
   "geometry": {
    "type": "Point",
    "coordinates": [
     8.550493,
     54.680448
    ]
   },
   "properties": {
    "ref": "170",
    "name": "Eulenkamp",
    "addr:city": "Wyk auf Föhr",
    "emergency": "fire_hydrant",
    "art": "Hydrant",
    "fire_hydrant:diameter": "DN 80",
    "flow_rate": 1600,
    "description": "Quelle: Datenexport Wasserwerk 2026, vermessen (Rechtswert/Hochwert ETRS89/UTM32N). Nennweite DN 80",
    "survey:date": ""
   }
  },
  {
   "type": "Feature",
   "geometry": {
    "type": "Point",
    "coordinates": [
     8.550002,
     54.680932
    ]
   },
   "properties": {
    "ref": "172",
    "name": "Eulenkamp",
    "addr:city": "Wyk auf Föhr",
    "emergency": "fire_hydrant",
    "art": "Hydrant",
    "fire_hydrant:diameter": "DN 80",
    "flow_rate": 1600,
    "description": "Quelle: Datenexport Wasserwerk 2026, vermessen (Rechtswert/Hochwert ETRS89/UTM32N). Nennweite DN 80",
    "survey:date": ""
   }
  },
  {
   "type": "Feature",
   "geometry": {
    "type": "Point",
    "coordinates": [
     8.551244,
     54.681783
    ]
   },
   "properties": {
    "ref": "173",
    "name": "Gmelinstraße",
    "addr:city": "Wyk auf Föhr",
    "emergency": "fire_hydrant",
    "art": "Hydrant",
    "fire_hydrant:diameter": "DN 80",
    "flow_rate": 1600,
    "description": "Quelle: Datenexport Wasserwerk 2026, vermessen (Rechtswert/Hochwert ETRS89/UTM32N). Nennweite DN 80",
    "survey:date": ""
   }
  },
  {
   "type": "Feature",
   "geometry": {
    "type": "Point",
    "coordinates": [
     8.549837,
     54.682175
    ]
   },
   "properties": {
    "ref": "174",
    "name": "Gmelinstraße",
    "addr:city": "Wyk auf Föhr",
    "emergency": "fire_hydrant",
    "art": "Hydrant",
    "fire_hydrant:diameter": "DN 80",
    "flow_rate": 1600,
    "description": "Quelle: Datenexport Wasserwerk 2026, vermessen (Rechtswert/Hochwert ETRS89/UTM32N). Nennweite DN 80",
    "survey:date": ""
   }
  },
  {
   "type": "Feature",
   "geometry": {
    "type": "Point",
    "coordinates": [
     8.548184,
     54.680646
    ]
   },
   "properties": {
    "ref": "175",
    "name": "Eulenkamp",
    "addr:city": "Wyk auf Föhr",
    "emergency": "fire_hydrant",
    "art": "Hydrant",
    "fire_hydrant:diameter": "DN 80",
    "flow_rate": 1600,
    "description": "Quelle: Datenexport Wasserwerk 2026, vermessen (Rechtswert/Hochwert ETRS89/UTM32N). Nennweite DN 80",
    "survey:date": ""
   }
  },
  {
   "type": "Feature",
   "geometry": {
    "type": "Point",
    "coordinates": [
     8.547488,
     54.68082
    ]
   },
   "properties": {
    "ref": "176",
    "name": "Eulenkamp",
    "addr:city": "Wyk auf Föhr",
    "emergency": "fire_hydrant",
    "art": "Hydrant",
    "fire_hydrant:diameter": "DN 80",
    "flow_rate": 1600,
    "description": "Quelle: Datenexport Wasserwerk 2026, vermessen (Rechtswert/Hochwert ETRS89/UTM32N). Nennweite DN 80",
    "survey:date": ""
   }
  },
  {
   "type": "Feature",
   "geometry": {
    "type": "Point",
    "coordinates": [
     8.54658,
     54.680815
    ]
   },
   "properties": {
    "ref": "177",
    "name": "Eulenkamp",
    "addr:city": "Wyk auf Föhr",
    "emergency": "fire_hydrant",
    "art": "Hydrant",
    "fire_hydrant:diameter": "DN 80",
    "flow_rate": 1600,
    "description": "Quelle: Datenexport Wasserwerk 2026, vermessen (Rechtswert/Hochwert ETRS89/UTM32N). Nennweite DN 80",
    "survey:date": ""
   }
  },
  {
   "type": "Feature",
   "geometry": {
    "type": "Point",
    "coordinates": [
     8.547662,
     54.682239
    ]
   },
   "properties": {
    "ref": "178",
    "name": "Farnweg",
    "addr:city": "Wyk auf Föhr",
    "emergency": "fire_hydrant",
    "art": "Hydrant",
    "fire_hydrant:diameter": "DN 80",
    "flow_rate": 1600,
    "description": "Quelle: Datenexport Wasserwerk 2026, vermessen (Rechtswert/Hochwert ETRS89/UTM32N). Nennweite DN 80",
    "survey:date": ""
   }
  },
  {
   "type": "Feature",
   "geometry": {
    "type": "Point",
    "coordinates": [
     8.548883,
     54.68194
    ]
   },
   "properties": {
    "ref": "179",
    "name": "August Endell Weg",
    "addr:city": "Wyk auf Föhr",
    "emergency": "fire_hydrant",
    "art": "Hydrant",
    "fire_hydrant:diameter": "DN 80",
    "flow_rate": 1600,
    "description": "Quelle: Datenexport Wasserwerk 2026, vermessen (Rechtswert/Hochwert ETRS89/UTM32N). Nennweite DN 80",
    "survey:date": ""
   }
  },
  {
   "type": "Feature",
   "geometry": {
    "type": "Point",
    "coordinates": [
     8.54815,
     54.682668
    ]
   },
   "properties": {
    "ref": "180",
    "name": "Gmelinstraße",
    "addr:city": "Wyk auf Föhr",
    "emergency": "fire_hydrant",
    "art": "Hydrant",
    "fire_hydrant:diameter": "DN 80",
    "flow_rate": 1600,
    "description": "Quelle: Datenexport Wasserwerk 2026, vermessen (Rechtswert/Hochwert ETRS89/UTM32N). Nennweite DN 80",
    "survey:date": ""
   }
  },
  {
   "type": "Feature",
   "geometry": {
    "type": "Point",
    "coordinates": [
     8.546917,
     54.683009
    ]
   },
   "properties": {
    "ref": "182",
    "name": "Gmelinstraße",
    "addr:city": "Wyk auf Föhr",
    "emergency": "fire_hydrant",
    "art": "Hydrant",
    "fire_hydrant:diameter": "DN 80",
    "flow_rate": 1600,
    "description": "Quelle: Datenexport Wasserwerk 2026, vermessen (Rechtswert/Hochwert ETRS89/UTM32N). Nennweite DN 80",
    "survey:date": ""
   }
  },
  {
   "type": "Feature",
   "geometry": {
    "type": "Point",
    "coordinates": [
     8.546289,
     54.682339
    ]
   },
   "properties": {
    "ref": "183",
    "name": "Strandstraße",
    "addr:city": "Wyk auf Föhr",
    "emergency": "fire_hydrant",
    "art": "Hydrant",
    "fire_hydrant:diameter": "DN 80",
    "flow_rate": 1600,
    "description": "Quelle: Datenexport Wasserwerk 2026, vermessen (Rechtswert/Hochwert ETRS89/UTM32N). Nennweite DN 80",
    "survey:date": ""
   }
  },
  {
   "type": "Feature",
   "geometry": {
    "type": "Point",
    "coordinates": [
     8.546009,
     54.682216
    ]
   },
   "properties": {
    "ref": "184",
    "name": "Strandstraße",
    "addr:city": "Wyk auf Föhr",
    "emergency": "fire_hydrant",
    "art": "E-Bohrbrunnen",
    "description": "Quelle: Datenexport Wasserwerk 2026, vermessen (Rechtswert/Hochwert ETRS89/UTM32N).",
    "survey:date": ""
   }
  },
  {
   "type": "Feature",
   "geometry": {
    "type": "Point",
    "coordinates": [
     8.545667,
     54.681607
    ]
   },
   "properties": {
    "ref": "185",
    "name": "Strandstraße",
    "addr:city": "Wyk auf Föhr",
    "emergency": "fire_hydrant",
    "art": "Hydrant",
    "fire_hydrant:diameter": "DN 80",
    "flow_rate": 1600,
    "description": "Quelle: Datenexport Wasserwerk 2026, vermessen (Rechtswert/Hochwert ETRS89/UTM32N). Nennweite DN 80",
    "survey:date": ""
   }
  },
  {
   "type": "Feature",
   "geometry": {
    "type": "Point",
    "coordinates": [
     8.544908,
     54.680727
    ]
   },
   "properties": {
    "ref": "186",
    "name": "Strandstraße",
    "addr:city": "Wyk auf Föhr",
    "emergency": "fire_hydrant",
    "art": "Hydrant",
    "fire_hydrant:diameter": "DN 80",
    "flow_rate": 1600,
    "description": "Quelle: Datenexport Wasserwerk 2026, vermessen (Rechtswert/Hochwert ETRS89/UTM32N). Nennweite DN 80",
    "survey:date": ""
   }
  },
  {
   "type": "Feature",
   "geometry": {
    "type": "Point",
    "coordinates": [
     8.557089,
     54.681657
    ]
   },
   "properties": {
    "ref": "187",
    "name": "Waldstraße",
    "addr:city": "Wyk auf Föhr",
    "emergency": "fire_hydrant",
    "art": "Hydrant",
    "fire_hydrant:diameter": "DN 80",
    "flow_rate": 1600,
    "description": "Quelle: Datenexport Wasserwerk 2026, vermessen (Rechtswert/Hochwert ETRS89/UTM32N). Nennweite DN 80",
    "survey:date": ""
   }
  },
  {
   "type": "Feature",
   "geometry": {
    "type": "Point",
    "coordinates": [
     8.558186,
     54.682922
    ]
   },
   "properties": {
    "ref": "189",
    "name": "Freyastraße",
    "addr:city": "Wyk auf Föhr",
    "emergency": "fire_hydrant",
    "art": "Hydrant",
    "fire_hydrant:diameter": "DN 80",
    "flow_rate": 1600,
    "description": "Quelle: Datenexport Wasserwerk 2026, vermessen (Rechtswert/Hochwert ETRS89/UTM32N). Nennweite DN 80",
    "survey:date": ""
   }
  },
  {
   "type": "Feature",
   "geometry": {
    "type": "Point",
    "coordinates": [
     8.558743,
     54.683649
    ]
   },
   "properties": {
    "ref": "190",
    "name": "Am Grünstreifen",
    "addr:city": "Wyk auf Föhr",
    "emergency": "fire_hydrant",
    "art": "Hydrant",
    "fire_hydrant:diameter": "DN 80",
    "flow_rate": 1600,
    "description": "Quelle: Datenexport Wasserwerk 2026, vermessen (Rechtswert/Hochwert ETRS89/UTM32N). Nennweite DN 80",
    "survey:date": ""
   }
  },
  {
   "type": "Feature",
   "geometry": {
    "type": "Point",
    "coordinates": [
     8.555973,
     54.681823
    ]
   },
   "properties": {
    "ref": "192",
    "name": "Waldstraße",
    "addr:city": "Wyk auf Föhr",
    "emergency": "fire_hydrant",
    "art": "Hydrant",
    "fire_hydrant:diameter": "DN 80",
    "flow_rate": 1600,
    "description": "Quelle: Datenexport Wasserwerk 2026, vermessen (Rechtswert/Hochwert ETRS89/UTM32N). Nennweite DN 80",
    "survey:date": ""
   }
  },
  {
   "type": "Feature",
   "geometry": {
    "type": "Point",
    "coordinates": [
     8.55669,
     54.682914
    ]
   },
   "properties": {
    "ref": "193",
    "name": "Hasenkamp",
    "addr:city": "Wyk auf Föhr",
    "emergency": "fire_hydrant",
    "art": "Hydrant",
    "fire_hydrant:diameter": "DN 80",
    "flow_rate": 1600,
    "description": "Quelle: Datenexport Wasserwerk 2026, vermessen (Rechtswert/Hochwert ETRS89/UTM32N). Nennweite DN 80",
    "survey:date": ""
   }
  },
  {
   "type": "Feature",
   "geometry": {
    "type": "Point",
    "coordinates": [
     8.557471,
     54.683705
    ]
   },
   "properties": {
    "ref": "194",
    "name": "Am Grünstreifen",
    "addr:city": "Wyk auf Föhr",
    "emergency": "fire_hydrant",
    "art": "Hydrant",
    "fire_hydrant:diameter": "DN 80",
    "flow_rate": 1600,
    "description": "Quelle: Datenexport Wasserwerk 2026, vermessen (Rechtswert/Hochwert ETRS89/UTM32N). Nennweite DN 80",
    "survey:date": ""
   }
  },
  {
   "type": "Feature",
   "geometry": {
    "type": "Point",
    "coordinates": [
     8.554622,
     54.682244
    ]
   },
   "properties": {
    "ref": "195",
    "name": "Waldstraße",
    "addr:city": "Wyk auf Föhr",
    "emergency": "fire_hydrant",
    "art": "Hydrant",
    "fire_hydrant:diameter": "DN 80",
    "flow_rate": 1600,
    "description": "Quelle: Datenexport Wasserwerk 2026, vermessen (Rechtswert/Hochwert ETRS89/UTM32N). Nennweite DN 80",
    "survey:date": ""
   }
  },
  {
   "type": "Feature",
   "geometry": {
    "type": "Point",
    "coordinates": [
     8.555377,
     54.683044
    ]
   },
   "properties": {
    "ref": "196",
    "name": "Schmalstieg 8",
    "addr:city": "Wyk auf Föhr",
    "emergency": "fire_hydrant",
    "art": "Hydrant",
    "fire_hydrant:diameter": "DN 80",
    "flow_rate": 1600,
    "description": "Quelle: Datenexport Wasserwerk 2026, vermessen (Rechtswert/Hochwert ETRS89/UTM32N). Nennweite DN 80",
    "survey:date": ""
   }
  },
  {
   "type": "Feature",
   "geometry": {
    "type": "Point",
    "coordinates": [
     8.556064,
     54.683821
    ]
   },
   "properties": {
    "ref": "197",
    "name": "Am Grünstreifen",
    "addr:city": "Wyk auf Föhr",
    "emergency": "fire_hydrant",
    "art": "Hydrant",
    "fire_hydrant:diameter": "DN 80",
    "flow_rate": 1600,
    "description": "Quelle: Datenexport Wasserwerk 2026, vermessen (Rechtswert/Hochwert ETRS89/UTM32N). Nennweite DN 80",
    "survey:date": ""
   }
  },
  {
   "type": "Feature",
   "geometry": {
    "type": "Point",
    "coordinates": [
     8.557057,
     54.68469
    ]
   },
   "properties": {
    "ref": "198",
    "name": "Am Gruenstreifen",
    "addr:city": "Wyk auf Föhr",
    "emergency": "fire_hydrant",
    "art": "Bohrbrunnen",
    "description": "Quelle: Datenexport Wasserwerk 2026, vermessen (Rechtswert/Hochwert ETRS89/UTM32N).",
    "survey:date": ""
   }
  },
  {
   "type": "Feature",
   "geometry": {
    "type": "Point",
    "coordinates": [
     8.553451,
     54.682708
    ]
   },
   "properties": {
    "ref": "199",
    "name": "Fasanenweg",
    "addr:city": "Wyk auf Föhr",
    "emergency": "fire_hydrant",
    "art": "Hydrant",
    "fire_hydrant:diameter": "DN 80",
    "flow_rate": 1600,
    "description": "Quelle: Datenexport Wasserwerk 2026, vermessen (Rechtswert/Hochwert ETRS89/UTM32N). Nennweite DN 80",
    "survey:date": ""
   }
  },
  {
   "type": "Feature",
   "geometry": {
    "type": "Point",
    "coordinates": [
     8.554221,
     54.683574
    ]
   },
   "properties": {
    "ref": "200",
    "name": "Fasanenweg",
    "addr:city": "Wyk auf Föhr",
    "emergency": "fire_hydrant",
    "art": "Hydrant",
    "fire_hydrant:diameter": "DN 80",
    "flow_rate": 1600,
    "description": "Quelle: Datenexport Wasserwerk 2026, vermessen (Rechtswert/Hochwert ETRS89/UTM32N). Nennweite DN 80",
    "survey:date": ""
   }
  },
  {
   "type": "Feature",
   "geometry": {
    "type": "Point",
    "coordinates": [
     8.554771,
     54.68413
    ]
   },
   "properties": {
    "ref": "202",
    "name": "Fasanenweg",
    "addr:city": "Wyk auf Föhr",
    "emergency": "fire_hydrant",
    "art": "Hydrant",
    "fire_hydrant:diameter": "DN 80",
    "flow_rate": 1600,
    "description": "Quelle: Datenexport Wasserwerk 2026, vermessen (Rechtswert/Hochwert ETRS89/UTM32N). Nennweite DN 80",
    "survey:date": ""
   }
  },
  {
   "type": "Feature",
   "geometry": {
    "type": "Point",
    "coordinates": [
     8.55242,
     54.683031
    ]
   },
   "properties": {
    "ref": "203",
    "name": "Waldstraße",
    "addr:city": "Wyk auf Föhr",
    "emergency": "fire_hydrant",
    "art": "Hydrant",
    "fire_hydrant:diameter": "DN 80",
    "flow_rate": 1600,
    "description": "Quelle: Datenexport Wasserwerk 2026, vermessen (Rechtswert/Hochwert ETRS89/UTM32N). Nennweite DN 80",
    "survey:date": ""
   }
  },
  {
   "type": "Feature",
   "geometry": {
    "type": "Point",
    "coordinates": [
     8.553883,
     54.684429
    ]
   },
   "properties": {
    "ref": "204",
    "name": "Am Grünstreifen 17",
    "addr:city": "Wyk auf Föhr",
    "emergency": "fire_hydrant",
    "art": "Hydrant",
    "fire_hydrant:diameter": "DN 80",
    "flow_rate": 1600,
    "description": "Quelle: Datenexport Wasserwerk 2026, vermessen (Rechtswert/Hochwert ETRS89/UTM32N). Nennweite DN 80",
    "survey:date": ""
   }
  },
  {
   "type": "Feature",
   "geometry": {
    "type": "Point",
    "coordinates": [
     8.551472,
     54.683298
    ]
   },
   "properties": {
    "ref": "205",
    "name": "Amselweg",
    "addr:city": "Wyk auf Föhr",
    "emergency": "fire_hydrant",
    "art": "Hydrant",
    "fire_hydrant:diameter": "DN 80",
    "flow_rate": 1600,
    "description": "Quelle: Datenexport Wasserwerk 2026, vermessen (Rechtswert/Hochwert ETRS89/UTM32N). Nennweite DN 80",
    "survey:date": ""
   }
  },
  {
   "type": "Feature",
   "geometry": {
    "type": "Point",
    "coordinates": [
     8.551973,
     54.683901
    ]
   },
   "properties": {
    "ref": "206",
    "name": "Amselweg",
    "addr:city": "Wyk auf Föhr",
    "emergency": "fire_hydrant",
    "art": "Hydrant",
    "fire_hydrant:diameter": "DN 80",
    "flow_rate": 1600,
    "description": "Quelle: Datenexport Wasserwerk 2026, vermessen (Rechtswert/Hochwert ETRS89/UTM32N). Nennweite DN 80",
    "survey:date": ""
   }
  },
  {
   "type": "Feature",
   "geometry": {
    "type": "Point",
    "coordinates": [
     8.552526,
     54.684542
    ]
   },
   "properties": {
    "ref": "207",
    "name": "Amselweg",
    "addr:city": "Wyk auf Föhr",
    "emergency": "fire_hydrant",
    "art": "Hydrant",
    "fire_hydrant:diameter": "DN 80",
    "flow_rate": 1600,
    "description": "Quelle: Datenexport Wasserwerk 2026, vermessen (Rechtswert/Hochwert ETRS89/UTM32N). Nennweite DN 80",
    "survey:date": ""
   }
  },
  {
   "type": "Feature",
   "geometry": {
    "type": "Point",
    "coordinates": [
     8.552841,
     54.685378
    ]
   },
   "properties": {
    "ref": "208",
    "name": "Am Grünstreifen",
    "addr:city": "Wyk auf Föhr",
    "emergency": "fire_hydrant",
    "art": "Hydrant",
    "fire_hydrant:diameter": "DN 80",
    "flow_rate": 1600,
    "description": "Quelle: Datenexport Wasserwerk 2026, vermessen (Rechtswert/Hochwert ETRS89/UTM32N). Nennweite DN 80",
    "survey:date": ""
   }
  },
  {
   "type": "Feature",
   "geometry": {
    "type": "Point",
    "coordinates": [
     8.551316,
     54.684052
    ]
   },
   "properties": {
    "ref": "209",
    "name": "Am Charlottenheim",
    "addr:city": "Wyk auf Föhr",
    "emergency": "fire_hydrant",
    "art": "E-Bohrbrunnen",
    "description": "Quelle: Datenexport Wasserwerk 2026, vermessen (Rechtswert/Hochwert ETRS89/UTM32N).",
    "survey:date": ""
   }
  },
  {
   "type": "Feature",
   "geometry": {
    "type": "Point",
    "coordinates": [
     8.550817,
     54.684259
    ]
   },
   "properties": {
    "ref": "210",
    "name": "Am Charlottenheim",
    "addr:city": "Wyk auf Föhr",
    "emergency": "fire_hydrant",
    "art": "Hydrant",
    "fire_hydrant:diameter": "DN 80",
    "flow_rate": 1600,
    "description": "Quelle: Datenexport Wasserwerk 2026, vermessen (Rechtswert/Hochwert ETRS89/UTM32N). Nennweite DN 80",
    "survey:date": ""
   }
  },
  {
   "type": "Feature",
   "geometry": {
    "type": "Point",
    "coordinates": [
     8.551839,
     54.685569
    ]
   },
   "properties": {
    "ref": "212",
    "name": "Am Grünstreifen",
    "addr:city": "Wyk auf Föhr",
    "emergency": "fire_hydrant",
    "art": "Hydrant",
    "fire_hydrant:diameter": "DN 80",
    "flow_rate": 1600,
    "description": "Quelle: Datenexport Wasserwerk 2026, vermessen (Rechtswert/Hochwert ETRS89/UTM32N). Nennweite DN 80",
    "survey:date": ""
   }
  },
  {
   "type": "Feature",
   "geometry": {
    "type": "Point",
    "coordinates": [
     8.549547,
     54.684646
    ]
   },
   "properties": {
    "ref": "213",
    "name": "Am Charlottenheim",
    "addr:city": "Wyk auf Föhr",
    "emergency": "fire_hydrant",
    "art": "Hydrant",
    "fire_hydrant:diameter": "DN 80",
    "flow_rate": 1600,
    "description": "Quelle: Datenexport Wasserwerk 2026, vermessen (Rechtswert/Hochwert ETRS89/UTM32N). Nennweite DN 80",
    "survey:date": ""
   }
  },
  {
   "type": "Feature",
   "geometry": {
    "type": "Point",
    "coordinates": [
     8.550792,
     54.685876
    ]
   },
   "properties": {
    "ref": "214",
    "name": "Am Grünstreifen",
    "addr:city": "Wyk auf Föhr",
    "emergency": "fire_hydrant",
    "art": "Hydrant",
    "fire_hydrant:diameter": "DN 80",
    "flow_rate": 1600,
    "description": "Quelle: Datenexport Wasserwerk 2026, vermessen (Rechtswert/Hochwert ETRS89/UTM32N). Nennweite DN 80",
    "survey:date": ""
   }
  },
  {
   "type": "Feature",
   "geometry": {
    "type": "Point",
    "coordinates": [
     8.461855,
     54.729247
    ]
   },
   "properties": {
    "ref": "214b",
    "name": "",
    "addr:city": "Oldsum",
    "emergency": "fire_hydrant",
    "art": "Bohrbrunnen",
    "description": "kartografische Symbolposition; nicht vermessungstechnisch oder vor Ort bestätigt · Quelle: 04_Foehr_Nord_West.pdf",
    "survey:date": ""
   }
  },
  {
   "type": "Feature",
   "geometry": {
    "type": "Point",
    "coordinates": [
     8.548325,
     54.684645
    ]
   },
   "properties": {
    "ref": "215",
    "name": "Strandstraße",
    "addr:city": "Wyk auf Föhr",
    "emergency": "fire_hydrant",
    "art": "Hydrant",
    "fire_hydrant:diameter": "DN 80",
    "flow_rate": 1600,
    "description": "Quelle: Datenexport Wasserwerk 2026, vermessen (Rechtswert/Hochwert ETRS89/UTM32N). Nennweite DN 80",
    "survey:date": ""
   }
  },
  {
   "type": "Feature",
   "geometry": {
    "type": "Point",
    "coordinates": [
     8.549046,
     54.68553
    ]
   },
   "properties": {
    "ref": "216",
    "name": "Strandstraße",
    "addr:city": "Wyk auf Föhr",
    "emergency": "fire_hydrant",
    "art": "Hydrant",
    "fire_hydrant:diameter": "DN 80",
    "flow_rate": 1600,
    "description": "Quelle: Datenexport Wasserwerk 2026, vermessen (Rechtswert/Hochwert ETRS89/UTM32N). Nennweite DN 80",
    "survey:date": ""
   }
  },
  {
   "type": "Feature",
   "geometry": {
    "type": "Point",
    "coordinates": [
     8.549686,
     54.686317
    ]
   },
   "properties": {
    "ref": "217",
    "name": "Strandstraße",
    "addr:city": "Wyk auf Föhr",
    "emergency": "fire_hydrant",
    "art": "Hydrant",
    "fire_hydrant:diameter": "DN 80",
    "flow_rate": 1600,
    "description": "Quelle: Datenexport Wasserwerk 2026, vermessen (Rechtswert/Hochwert ETRS89/UTM32N). Nennweite DN 80",
    "survey:date": ""
   }
  },
  {
   "type": "Feature",
   "geometry": {
    "type": "Point",
    "coordinates": [
     8.550163,
     54.686866
    ]
   },
   "properties": {
    "ref": "218",
    "name": "Strandstraße",
    "addr:city": "Wyk auf Föhr",
    "emergency": "fire_hydrant",
    "art": "Hydrant",
    "fire_hydrant:diameter": "DN 80",
    "flow_rate": 1600,
    "description": "Quelle: Datenexport Wasserwerk 2026, vermessen (Rechtswert/Hochwert ETRS89/UTM32N). Nennweite DN 80",
    "survey:date": ""
   }
  },
  {
   "type": "Feature",
   "geometry": {
    "type": "Point",
    "coordinates": [
     8.559707,
     54.684424
    ]
   },
   "properties": {
    "ref": "219",
    "name": "Starklef",
    "addr:city": "Wyk auf Föhr",
    "emergency": "fire_hydrant",
    "art": "Hydrant",
    "fire_hydrant:diameter": "DN 80",
    "flow_rate": 1600,
    "description": "Quelle: Datenexport Wasserwerk 2026, vermessen (Rechtswert/Hochwert ETRS89/UTM32N). Nennweite DN 80",
    "survey:date": ""
   }
  },
  {
   "type": "Feature",
   "geometry": {
    "type": "Point",
    "coordinates": [
     8.560531,
     54.685243
    ]
   },
   "properties": {
    "ref": "220",
    "name": "Halligweg",
    "addr:city": "Wyk auf Föhr",
    "emergency": "fire_hydrant",
    "art": "Hydrant",
    "fire_hydrant:diameter": "DN 80",
    "flow_rate": 1600,
    "description": "Quelle: Datenexport Wasserwerk 2026, vermessen (Rechtswert/Hochwert ETRS89/UTM32N). Nennweite DN 80",
    "survey:date": ""
   }
  },
  {
   "type": "Feature",
   "geometry": {
    "type": "Point",
    "coordinates": [
     8.561175,
     54.685986
    ]
   },
   "properties": {
    "ref": "222",
    "name": "Halligweg",
    "addr:city": "Wyk auf Föhr",
    "emergency": "fire_hydrant",
    "art": "Hydrant",
    "fire_hydrant:diameter": "DN 80",
    "flow_rate": 1600,
    "description": "Quelle: Datenexport Wasserwerk 2026, vermessen (Rechtswert/Hochwert ETRS89/UTM32N). Nennweite DN 80",
    "survey:date": ""
   }
  },
  {
   "type": "Feature",
   "geometry": {
    "type": "Point",
    "coordinates": [
     8.561997,
     54.686735
    ]
   },
   "properties": {
    "ref": "223",
    "name": "Rebbelstieg",
    "addr:city": "Wyk auf Föhr",
    "emergency": "fire_hydrant",
    "art": "Hydrant",
    "fire_hydrant:diameter": "DN 80",
    "flow_rate": 1600,
    "description": "Quelle: Datenexport Wasserwerk 2026, vermessen (Rechtswert/Hochwert ETRS89/UTM32N). Nennweite DN 80",
    "survey:date": ""
   }
  },
  {
   "type": "Feature",
   "geometry": {
    "type": "Point",
    "coordinates": [
     8.558846,
     54.684764
    ]
   },
   "properties": {
    "ref": "224",
    "name": "Starklef",
    "addr:city": "Wyk auf Föhr",
    "emergency": "fire_hydrant",
    "art": "Hydrant",
    "fire_hydrant:diameter": "DN 80",
    "flow_rate": 1600,
    "description": "Quelle: Datenexport Wasserwerk 2026, vermessen (Rechtswert/Hochwert ETRS89/UTM32N). Nennweite DN 80",
    "survey:date": ""
   }
  },
  {
   "type": "Feature",
   "geometry": {
    "type": "Point",
    "coordinates": [
     8.559713,
     54.685561
    ]
   },
   "properties": {
    "ref": "225",
    "name": "Friesenweg",
    "addr:city": "Wyk auf Föhr",
    "emergency": "fire_hydrant",
    "art": "Hydrant",
    "fire_hydrant:diameter": "DN 80",
    "flow_rate": 1600,
    "description": "Quelle: Datenexport Wasserwerk 2026, vermessen (Rechtswert/Hochwert ETRS89/UTM32N). Nennweite DN 80",
    "survey:date": ""
   }
  },
  {
   "type": "Feature",
   "geometry": {
    "type": "Point",
    "coordinates": [
     8.56062,
     54.68663
    ]
   },
   "properties": {
    "ref": "226",
    "name": "Friesenweg",
    "addr:city": "Wyk auf Föhr",
    "emergency": "fire_hydrant",
    "art": "Hydrant",
    "fire_hydrant:diameter": "DN 80",
    "flow_rate": 1600,
    "description": "Quelle: Datenexport Wasserwerk 2026, vermessen (Rechtswert/Hochwert ETRS89/UTM32N). Nennweite DN 80",
    "survey:date": ""
   }
  },
  {
   "type": "Feature",
   "geometry": {
    "type": "Point",
    "coordinates": [
     8.561528,
     54.687387
    ]
   },
   "properties": {
    "ref": "227",
    "name": "Rebbelstieg",
    "addr:city": "Wyk auf Föhr",
    "emergency": "fire_hydrant",
    "art": "Hydrant",
    "fire_hydrant:diameter": "DN 80",
    "flow_rate": 1600,
    "description": "Quelle: Datenexport Wasserwerk 2026, vermessen (Rechtswert/Hochwert ETRS89/UTM32N). Nennweite DN 80",
    "survey:date": ""
   }
  },
  {
   "type": "Feature",
   "geometry": {
    "type": "Point",
    "coordinates": [
     8.558528,
     54.685388
    ]
   },
   "properties": {
    "ref": "228",
    "name": "Starklef",
    "addr:city": "Wyk auf Föhr",
    "emergency": "fire_hydrant",
    "art": "Hydrant",
    "fire_hydrant:diameter": "DN 80",
    "flow_rate": 1600,
    "description": "Quelle: Datenexport Wasserwerk 2026, vermessen (Rechtswert/Hochwert ETRS89/UTM32N). Nennweite DN 80",
    "survey:date": ""
   }
  },
  {
   "type": "Feature",
   "geometry": {
    "type": "Point",
    "coordinates": [
     8.559305,
     54.686295
    ]
   },
   "properties": {
    "ref": "229",
    "name": "Starklef",
    "addr:city": "Wyk auf Föhr",
    "emergency": "fire_hydrant",
    "art": "Hydrant",
    "fire_hydrant:diameter": "DN 80",
    "flow_rate": 1600,
    "description": "Quelle: Datenexport Wasserwerk 2026, vermessen (Rechtswert/Hochwert ETRS89/UTM32N). Nennweite DN 80",
    "survey:date": ""
   }
  },
  {
   "type": "Feature",
   "geometry": {
    "type": "Point",
    "coordinates": [
     8.560021,
     54.687139
    ]
   },
   "properties": {
    "ref": "230",
    "name": "Starklef",
    "addr:city": "Wyk auf Föhr",
    "emergency": "fire_hydrant",
    "art": "Hydrant",
    "fire_hydrant:diameter": "DN 80",
    "flow_rate": 1600,
    "description": "Quelle: Datenexport Wasserwerk 2026, vermessen (Rechtswert/Hochwert ETRS89/UTM32N). Nennweite DN 80",
    "survey:date": ""
   }
  },
  {
   "type": "Feature",
   "geometry": {
    "type": "Point",
    "coordinates": [
     8.560977,
     54.688169
    ]
   },
   "properties": {
    "ref": "232",
    "name": "Rebbelstieg",
    "addr:city": "Wyk auf Föhr",
    "emergency": "fire_hydrant",
    "art": "Hydrant",
    "fire_hydrant:diameter": "DN 80",
    "flow_rate": 1600,
    "description": "Quelle: Datenexport Wasserwerk 2026, vermessen (Rechtswert/Hochwert ETRS89/UTM32N). Nennweite DN 80",
    "survey:date": ""
   }
  },
  {
   "type": "Feature",
   "geometry": {
    "type": "Point",
    "coordinates": [
     8.55809,
     54.687612
    ]
   },
   "properties": {
    "ref": "233",
    "name": "Rugstieg",
    "addr:city": "Wyk auf Föhr",
    "emergency": "fire_hydrant",
    "art": "Hydrant",
    "fire_hydrant:diameter": "DN 80",
    "flow_rate": 1600,
    "description": "Quelle: Datenexport Wasserwerk 2026, vermessen (Rechtswert/Hochwert ETRS89/UTM32N). Nennweite DN 80",
    "survey:date": ""
   }
  },
  {
   "type": "Feature",
   "geometry": {
    "type": "Point",
    "coordinates": [
     8.560028,
     54.68931
    ]
   },
   "properties": {
    "ref": "234",
    "name": "Rebbelstieg",
    "addr:city": "Wyk auf Föhr",
    "emergency": "fire_hydrant",
    "art": "E-Bohrbrunnen",
    "description": "Quelle: Datenexport Wasserwerk 2026, vermessen (Rechtswert/Hochwert ETRS89/UTM32N).",
    "survey:date": ""
   }
  },
  {
   "type": "Feature",
   "geometry": {
    "type": "Point",
    "coordinates": [
     8.559918,
     54.689658
    ]
   },
   "properties": {
    "ref": "235",
    "name": "Rebbelstieg",
    "addr:city": "Wyk auf Föhr",
    "emergency": "fire_hydrant",
    "art": "Hydrant",
    "fire_hydrant:diameter": "DN 80",
    "flow_rate": 1600,
    "description": "Quelle: Datenexport Wasserwerk 2026, vermessen (Rechtswert/Hochwert ETRS89/UTM32N). Nennweite DN 80",
    "survey:date": ""
   }
  },
  {
   "type": "Feature",
   "geometry": {
    "type": "Point",
    "coordinates": [
     8.556997,
     54.687965
    ]
   },
   "properties": {
    "ref": "236",
    "name": "Rugstieg",
    "addr:city": "Wyk auf Föhr",
    "emergency": "fire_hydrant",
    "art": "Hydrant",
    "fire_hydrant:diameter": "DN 80",
    "flow_rate": 1600,
    "description": "Quelle: Datenexport Wasserwerk 2026, vermessen (Rechtswert/Hochwert ETRS89/UTM32N). Nennweite DN 80",
    "survey:date": ""
   }
  },
  {
   "type": "Feature",
   "geometry": {
    "type": "Point",
    "coordinates": [
     8.557585,
     54.688898
    ]
   },
   "properties": {
    "ref": "237",
    "name": "Helgoländer Straße",
    "addr:city": "Wyk auf Föhr",
    "emergency": "fire_hydrant",
    "art": "Hydrant",
    "fire_hydrant:diameter": "DN 80",
    "flow_rate": 1600,
    "description": "Quelle: Datenexport Wasserwerk 2026, vermessen (Rechtswert/Hochwert ETRS89/UTM32N). Nennweite DN 80",
    "survey:date": ""
   }
  },
  {
   "type": "Feature",
   "geometry": {
    "type": "Point",
    "coordinates": [
     8.558265,
     54.68971
    ]
   },
   "properties": {
    "ref": "238",
    "name": "Helgoländer Straße",
    "addr:city": "Wyk auf Föhr",
    "emergency": "fire_hydrant",
    "art": "Hydrant",
    "fire_hydrant:diameter": "DN 80",
    "flow_rate": 1600,
    "description": "Quelle: Datenexport Wasserwerk 2026, vermessen (Rechtswert/Hochwert ETRS89/UTM32N). Nennweite DN 80",
    "survey:date": ""
   }
  },
  {
   "type": "Feature",
   "geometry": {
    "type": "Point",
    "coordinates": [
     8.559178,
     54.690345
    ]
   },
   "properties": {
    "ref": "239",
    "name": "Helgoländer Straße",
    "addr:city": "Wyk auf Föhr",
    "emergency": "fire_hydrant",
    "art": "Hydrant",
    "fire_hydrant:diameter": "DN 80",
    "flow_rate": 1600,
    "description": "Quelle: Datenexport Wasserwerk 2026, vermessen (Rechtswert/Hochwert ETRS89/UTM32N). Nennweite DN 80",
    "survey:date": ""
   }
  },
  {
   "type": "Feature",
   "geometry": {
    "type": "Point",
    "coordinates": [
     8.5591,
     54.691062
    ]
   },
   "properties": {
    "ref": "240",
    "name": "Rebbelstieg",
    "addr:city": "Wyk auf Föhr",
    "emergency": "fire_hydrant",
    "art": "Hydrant",
    "fire_hydrant:diameter": "DN 80",
    "flow_rate": 1600,
    "description": "Quelle: Datenexport Wasserwerk 2026, vermessen (Rechtswert/Hochwert ETRS89/UTM32N). Nennweite DN 80",
    "survey:date": ""
   }
  },
  {
   "type": "Feature",
   "geometry": {
    "type": "Point",
    "coordinates": [
     8.558692,
     54.692015
    ]
   },
   "properties": {
    "ref": "241",
    "name": "Boyens Sluss",
    "addr:city": "Wyk-Boldixum",
    "emergency": "fire_hydrant",
    "art": "Hydrant",
    "fire_hydrant:diameter": "DN 80",
    "flow_rate": 1600,
    "description": "Quelle: Datenexport Wasserwerk 2026, vermessen (Rechtswert/Hochwert ETRS89/UTM32N). Nennweite DN 80",
    "survey:date": ""
   }
  },
  {
   "type": "Feature",
   "geometry": {
    "type": "Point",
    "coordinates": [
     8.558688,
     54.692022
    ]
   },
   "properties": {
    "ref": "242",
    "name": "",
    "addr:city": "Wyk auf Föhr",
    "emergency": "fire_hydrant",
    "art": "Hydrant",
    "flow_rate": 1600,
    "description": "kartografische Symbolposition; nicht vermessungstechnisch oder vor Ort bestätigt · Quelle: Wyk_Nord_Ost.pdf",
    "survey:date": ""
   }
  },
  {
   "type": "Feature",
   "geometry": {
    "type": "Point",
    "coordinates": [
     8.553819,
     54.686551
    ]
   },
   "properties": {
    "ref": "243",
    "name": "Berliner Ring",
    "addr:city": "Wyk auf Föhr",
    "emergency": "fire_hydrant",
    "art": "Hydrant",
    "fire_hydrant:diameter": "DN 80",
    "flow_rate": 1600,
    "description": "Quelle: Datenexport Wasserwerk 2026, vermessen (Rechtswert/Hochwert ETRS89/UTM32N). Nennweite DN 80",
    "survey:date": ""
   }
  },
  {
   "type": "Feature",
   "geometry": {
    "type": "Point",
    "coordinates": [
     8.555051,
     54.68711
    ]
   },
   "properties": {
    "ref": "244",
    "name": "Berliner Ring",
    "addr:city": "Wyk auf Föhr",
    "emergency": "fire_hydrant",
    "art": "Hydrant",
    "fire_hydrant:diameter": "DN 80",
    "flow_rate": 1600,
    "description": "Quelle: Datenexport Wasserwerk 2026, vermessen (Rechtswert/Hochwert ETRS89/UTM32N). Nennweite DN 80",
    "survey:date": ""
   }
  },
  {
   "type": "Feature",
   "geometry": {
    "type": "Point",
    "coordinates": [
     8.5551,
     54.687779
    ]
   },
   "properties": {
    "ref": "245",
    "name": "Berliner Ring",
    "addr:city": "Wyk auf Föhr",
    "emergency": "fire_hydrant",
    "art": "Hydrant",
    "fire_hydrant:diameter": "DN 80",
    "flow_rate": 1600,
    "description": "Quelle: Datenexport Wasserwerk 2026, vermessen (Rechtswert/Hochwert ETRS89/UTM32N). Nennweite DN 80",
    "survey:date": ""
   }
  },
  {
   "type": "Feature",
   "geometry": {
    "type": "Point",
    "coordinates": [
     8.555831,
     54.688329
    ]
   },
   "properties": {
    "ref": "246",
    "name": "Rugstieg",
    "addr:city": "Wyk auf Föhr",
    "emergency": "fire_hydrant",
    "art": "Hydrant",
    "fire_hydrant:diameter": "DN 80",
    "flow_rate": 1600,
    "description": "Quelle: Datenexport Wasserwerk 2026, vermessen (Rechtswert/Hochwert ETRS89/UTM32N). Nennweite DN 80",
    "survey:date": ""
   }
  },
  {
   "type": "Feature",
   "geometry": {
    "type": "Point",
    "coordinates": [
     8.552749,
     54.686647
    ]
   },
   "properties": {
    "ref": "247",
    "name": "Berliner Ring",
    "addr:city": "Wyk auf Föhr",
    "emergency": "fire_hydrant",
    "art": "Hydrant",
    "fire_hydrant:diameter": "DN 80",
    "flow_rate": 1600,
    "description": "Quelle: Datenexport Wasserwerk 2026, vermessen (Rechtswert/Hochwert ETRS89/UTM32N). Nennweite DN 80",
    "survey:date": ""
   }
  },
  {
   "type": "Feature",
   "geometry": {
    "type": "Point",
    "coordinates": [
     8.553665,
     54.68704
    ]
   },
   "properties": {
    "ref": "248",
    "name": "Hamburger Ring",
    "addr:city": "Wyk auf Föhr",
    "emergency": "fire_hydrant",
    "art": "Hydrant",
    "fire_hydrant:diameter": "DN 80",
    "flow_rate": 1600,
    "description": "Quelle: Datenexport Wasserwerk 2026, vermessen (Rechtswert/Hochwert ETRS89/UTM32N). Nennweite DN 80",
    "survey:date": ""
   }
  },
  {
   "type": "Feature",
   "geometry": {
    "type": "Point",
    "coordinates": [
     8.554132,
     54.687752
    ]
   },
   "properties": {
    "ref": "249",
    "name": "Hamburger Ring",
    "addr:city": "Wyk auf Föhr",
    "emergency": "fire_hydrant",
    "art": "Hydrant",
    "fire_hydrant:diameter": "DN 80",
    "flow_rate": 1600,
    "description": "Quelle: Datenexport Wasserwerk 2026, vermessen (Rechtswert/Hochwert ETRS89/UTM32N). Nennweite DN 80",
    "survey:date": ""
   }
  },
  {
   "type": "Feature",
   "geometry": {
    "type": "Point",
    "coordinates": [
     8.559265,
     54.692761
    ]
   },
   "properties": {
    "ref": "250",
    "name": "Boyens Sluss",
    "addr:city": "Wyk-Boldixum",
    "emergency": "fire_hydrant",
    "art": "Hydrant",
    "fire_hydrant:diameter": "DN 80",
    "flow_rate": 1600,
    "description": "Quelle: Datenexport Wasserwerk 2026, vermessen (Rechtswert/Hochwert ETRS89/UTM32N). Nennweite DN 80",
    "survey:date": ""
   }
  },
  {
   "type": "Feature",
   "geometry": {
    "type": "Point",
    "coordinates": [
     8.558918,
     54.692375
    ]
   },
   "properties": {
    "ref": "251",
    "name": "Boyens Sluss",
    "addr:city": "Wyk-Boldixum",
    "emergency": "fire_hydrant",
    "art": "Hydrant",
    "fire_hydrant:diameter": "DN 80",
    "flow_rate": 1600,
    "description": "Quelle: Datenexport Wasserwerk 2026, vermessen (Rechtswert/Hochwert ETRS89/UTM32N). Nennweite DN 80",
    "survey:date": ""
   }
  },
  {
   "type": "Feature",
   "geometry": {
    "type": "Point",
    "coordinates": [
     8.554992,
     54.688623
    ]
   },
   "properties": {
    "ref": "252",
    "name": "Rugstieg",
    "addr:city": "Wyk auf Föhr",
    "emergency": "fire_hydrant",
    "art": "Hydrant",
    "fire_hydrant:diameter": "DN 80",
    "flow_rate": 1600,
    "description": "Quelle: Datenexport Wasserwerk 2026, vermessen (Rechtswert/Hochwert ETRS89/UTM32N). Nennweite DN 80",
    "survey:date": ""
   }
  },
  {
   "type": "Feature",
   "geometry": {
    "type": "Point",
    "coordinates": [
     8.552056,
     54.687101
    ]
   },
   "properties": {
    "ref": "253",
    "name": "Berliner Ring",
    "addr:city": "Wyk auf Föhr",
    "emergency": "fire_hydrant",
    "art": "Hydrant",
    "fire_hydrant:diameter": "DN 80",
    "flow_rate": 1600,
    "description": "Quelle: Datenexport Wasserwerk 2026, vermessen (Rechtswert/Hochwert ETRS89/UTM32N). Nennweite DN 80",
    "survey:date": ""
   }
  },
  {
   "type": "Feature",
   "geometry": {
    "type": "Point",
    "coordinates": [
     8.552856,
     54.687639
    ]
   },
   "properties": {
    "ref": "254",
    "name": "Hamburger Ring",
    "addr:city": "Wyk auf Föhr",
    "emergency": "fire_hydrant",
    "art": "Hydrant",
    "fire_hydrant:diameter": "DN 80",
    "flow_rate": 1600,
    "description": "Quelle: Datenexport Wasserwerk 2026, vermessen (Rechtswert/Hochwert ETRS89/UTM32N). Nennweite DN 80",
    "survey:date": ""
   }
  },
  {
   "type": "Feature",
   "geometry": {
    "type": "Point",
    "coordinates": [
     8.55087,
     54.687731
    ]
   },
   "properties": {
    "ref": "255",
    "name": "Strandstraße",
    "addr:city": "Wyk auf Föhr",
    "emergency": "fire_hydrant",
    "art": "Hydrant",
    "fire_hydrant:diameter": "DN 80",
    "flow_rate": 1600,
    "description": "Quelle: Datenexport Wasserwerk 2026, vermessen (Rechtswert/Hochwert ETRS89/UTM32N). Nennweite DN 80",
    "survey:date": ""
   }
  },
  {
   "type": "Feature",
   "geometry": {
    "type": "Point",
    "coordinates": [
     8.552055,
     54.687869
    ]
   },
   "properties": {
    "ref": "256",
    "name": "Berliner Ring",
    "addr:city": "Wyk auf Föhr",
    "emergency": "fire_hydrant",
    "art": "Hydrant",
    "fire_hydrant:diameter": "DN 80",
    "flow_rate": 1600,
    "description": "Quelle: Datenexport Wasserwerk 2026, vermessen (Rechtswert/Hochwert ETRS89/UTM32N). Nennweite DN 80",
    "survey:date": ""
   }
  },
  {
   "type": "Feature",
   "geometry": {
    "type": "Point",
    "coordinates": [
     8.55305,
     54.688384
    ]
   },
   "properties": {
    "ref": "257",
    "name": "Berliner Ring",
    "addr:city": "Wyk auf Föhr",
    "emergency": "fire_hydrant",
    "art": "Hydrant",
    "fire_hydrant:diameter": "DN 80",
    "flow_rate": 1600,
    "description": "Quelle: Datenexport Wasserwerk 2026, vermessen (Rechtswert/Hochwert ETRS89/UTM32N). Nennweite DN 80",
    "survey:date": ""
   }
  },
  {
   "type": "Feature",
   "geometry": {
    "type": "Point",
    "coordinates": [
     8.55353,
     54.689539
    ]
   },
   "properties": {
    "ref": "258",
    "name": "Rugstieg 21",
    "addr:city": "Wyk auf Föhr",
    "emergency": "fire_hydrant",
    "art": "Hydrant",
    "fire_hydrant:diameter": "DN 80",
    "flow_rate": 1600,
    "description": "Quelle: Datenexport Wasserwerk 2026, vermessen (Rechtswert/Hochwert ETRS89/UTM32N). Nennweite DN 80",
    "survey:date": ""
   }
  },
  {
   "type": "Feature",
   "geometry": {
    "type": "Point",
    "coordinates": [
     8.552289,
     54.689412
    ]
   },
   "properties": {
    "ref": "259",
    "name": "Strandstraße",
    "addr:city": "Wyk auf Föhr",
    "emergency": "fire_hydrant",
    "art": "Hydrant",
    "fire_hydrant:diameter": "DN 80",
    "flow_rate": 1600,
    "description": "Quelle: Datenexport Wasserwerk 2026, vermessen (Rechtswert/Hochwert ETRS89/UTM32N). Nennweite DN 80",
    "survey:date": ""
   }
  },
  {
   "type": "Feature",
   "geometry": {
    "type": "Point",
    "coordinates": [
     8.552919,
     54.690194
    ]
   },
   "properties": {
    "ref": "260",
    "name": "Strandstraße",
    "addr:city": "Wyk auf Föhr",
    "emergency": "fire_hydrant",
    "art": "Hydrant",
    "fire_hydrant:diameter": "DN 80",
    "flow_rate": 1600,
    "description": "Quelle: Datenexport Wasserwerk 2026, vermessen (Rechtswert/Hochwert ETRS89/UTM32N). Nennweite DN 80",
    "survey:date": ""
   }
  },
  {
   "type": "Feature",
   "geometry": {
    "type": "Point",
    "coordinates": [
     8.553489,
     54.690914
    ]
   },
   "properties": {
    "ref": "261",
    "name": "Strandstraße",
    "addr:city": "Wyk auf Föhr",
    "emergency": "fire_hydrant",
    "art": "Hydrant",
    "fire_hydrant:diameter": "DN 80",
    "flow_rate": 1600,
    "description": "Quelle: Datenexport Wasserwerk 2026, vermessen (Rechtswert/Hochwert ETRS89/UTM32N). Nennweite DN 80",
    "survey:date": ""
   }
  },
  {
   "type": "Feature",
   "geometry": {
    "type": "Point",
    "coordinates": [
     8.554442,
     54.69215
    ]
   },
   "properties": {
    "ref": "262",
    "name": "Strandstraße",
    "addr:city": "Wyk auf Föhr",
    "emergency": "fire_hydrant",
    "art": "Hydrant",
    "fire_hydrant:diameter": "DN 80",
    "flow_rate": 1600,
    "description": "Quelle: Datenexport Wasserwerk 2026, vermessen (Rechtswert/Hochwert ETRS89/UTM32N). Nennweite DN 80",
    "survey:date": ""
   }
  },
  {
   "type": "Feature",
   "geometry": {
    "type": "Point",
    "coordinates": [
     8.555427,
     54.691867
    ]
   },
   "properties": {
    "ref": "263",
    "name": "",
    "addr:city": "Wrixum",
    "emergency": "fire_hydrant",
    "art": "Hydrant",
    "flow_rate": 1600,
    "description": "kartografische Symbolposition; nicht vermessungstechnisch oder vor Ort bestätigt · Quelle: Wrixum_Dorf.pdf",
    "survey:date": ""
   }
  },
  {
   "type": "Feature",
   "geometry": {
    "type": "Point",
    "coordinates": [
     8.55533,
     54.693181
    ]
   },
   "properties": {
    "ref": "264",
    "name": "Strandstraße",
    "addr:city": "Wyk auf Föhr",
    "emergency": "fire_hydrant",
    "art": "Hydrant",
    "fire_hydrant:diameter": "DN 80",
    "flow_rate": 3200,
    "description": "Quelle: Datenexport Wasserwerk 2026, vermessen (Rechtswert/Hochwert ETRS89/UTM32N). Nennweite DN 80",
    "survey:date": ""
   }
  },
  {
   "type": "Feature",
   "geometry": {
    "type": "Point",
    "coordinates": [
     8.557365,
     54.692509
    ]
   },
   "properties": {
    "ref": "265",
    "name": "",
    "addr:city": "Wyk-Boldixum",
    "emergency": "fire_hydrant",
    "art": "Hydrant",
    "flow_rate": 1600,
    "description": "kartografische Symbolposition; nicht vermessungstechnisch oder vor Ort bestätigt · Quelle: Wyk_Boldixum.pdf",
    "survey:date": ""
   }
  },
  {
   "type": "Feature",
   "geometry": {
    "type": "Point",
    "coordinates": [
     8.557936,
     54.69318
    ]
   },
   "properties": {
    "ref": "266",
    "name": "Rebbelstieg",
    "addr:city": "Wyk-Boldixum",
    "emergency": "fire_hydrant",
    "art": "Hydrant",
    "fire_hydrant:diameter": "DN 80",
    "flow_rate": 1600,
    "description": "Quelle: Datenexport Wasserwerk 2026, vermessen (Rechtswert/Hochwert ETRS89/UTM32N). Nennweite DN 80",
    "survey:date": ""
   }
  },
  {
   "type": "Feature",
   "geometry": {
    "type": "Point",
    "coordinates": [
     8.557373,
     54.693977
    ]
   },
   "properties": {
    "ref": "267",
    "name": "Rebbelstieg",
    "addr:city": "Wyk-Boldixum",
    "emergency": "fire_hydrant",
    "art": "Hydrant",
    "fire_hydrant:diameter": "DN 80",
    "flow_rate": 1600,
    "description": "Quelle: Datenexport Wasserwerk 2026, vermessen (Rechtswert/Hochwert ETRS89/UTM32N). Nennweite DN 80",
    "survey:date": ""
   }
  },
  {
   "type": "Feature",
   "geometry": {
    "type": "Point",
    "coordinates": [
     8.5565,
     54.694361
    ]
   },
   "properties": {
    "ref": "268",
    "name": "Strandstraße 68",
    "addr:city": "Wyk auf Föhr",
    "emergency": "fire_hydrant",
    "art": "Hydrant",
    "fire_hydrant:diameter": "DN 80",
    "flow_rate": 3200,
    "description": "Quelle: Datenexport Wasserwerk 2026, vermessen (Rechtswert/Hochwert ETRS89/UTM32N). Nennweite DN 80",
    "survey:date": ""
   }
  },
  {
   "type": "Feature",
   "geometry": {
    "type": "Point",
    "coordinates": [
     8.557513,
     54.694907
    ]
   },
   "properties": {
    "ref": "269",
    "name": "Boldixumer Straße",
    "addr:city": "Wyk-Boldixum",
    "emergency": "fire_hydrant",
    "art": "Hydrant",
    "fire_hydrant:diameter": "DN 80",
    "flow_rate": 3200,
    "description": "Quelle: Datenexport Wasserwerk 2026, vermessen (Rechtswert/Hochwert ETRS89/UTM32N). Nennweite DN 80",
    "survey:date": ""
   }
  },
  {
   "type": "Feature",
   "geometry": {
    "type": "Point",
    "coordinates": [
     8.558885,
     54.694322
    ]
   },
   "properties": {
    "ref": "270",
    "name": "Boldixumer Straße",
    "addr:city": "Wyk-Boldixum",
    "emergency": "fire_hydrant",
    "art": "Hydrant",
    "fire_hydrant:diameter": "DN 80",
    "flow_rate": 3200,
    "description": "Quelle: Datenexport Wasserwerk 2026, vermessen (Rechtswert/Hochwert ETRS89/UTM32N). Nennweite DN 80",
    "survey:date": ""
   }
  },
  {
   "type": "Feature",
   "geometry": {
    "type": "Point",
    "coordinates": [
     8.559904,
     54.693684
    ]
   },
   "properties": {
    "ref": "271",
    "name": "Boldixumer Straße",
    "addr:city": "Wyk-Boldixum",
    "emergency": "fire_hydrant",
    "art": "Hydrant",
    "fire_hydrant:diameter": "DN 80",
    "flow_rate": 3200,
    "description": "Quelle: Datenexport Wasserwerk 2026, vermessen (Rechtswert/Hochwert ETRS89/UTM32N). Nennweite DN 80",
    "survey:date": ""
   }
  },
  {
   "type": "Feature",
   "geometry": {
    "type": "Point",
    "coordinates": [
     8.559628,
     54.69314
    ]
   },
   "properties": {
    "ref": "272",
    "name": "Boyens Sluss",
    "addr:city": "Wyk-Boldixum",
    "emergency": "fire_hydrant",
    "art": "Hydrant",
    "fire_hydrant:diameter": "DN 80",
    "flow_rate": 1600,
    "description": "Quelle: Datenexport Wasserwerk 2026, vermessen (Rechtswert/Hochwert ETRS89/UTM32N). Nennweite DN 80",
    "survey:date": ""
   }
  },
  {
   "type": "Feature",
   "geometry": {
    "type": "Point",
    "coordinates": [
     8.554257,
     54.688334
    ]
   },
   "properties": {
    "ref": "273",
    "name": "Berliner Ring",
    "addr:city": "Wyk auf Föhr",
    "emergency": "fire_hydrant",
    "art": "Hydrant",
    "fire_hydrant:diameter": "DN 80",
    "flow_rate": 1600,
    "description": "Quelle: Datenexport Wasserwerk 2026, vermessen (Rechtswert/Hochwert ETRS89/UTM32N). Nennweite DN 80",
    "survey:date": ""
   }
  },
  {
   "type": "Feature",
   "geometry": {
    "type": "Point",
    "coordinates": [
     8.5621,
     54.694028
    ]
   },
   "properties": {
    "ref": "275",
    "name": "Boldixumer Straße",
    "addr:city": "Wyk auf Föhr",
    "emergency": "fire_hydrant",
    "art": "E-Bohrbrunnen",
    "description": "Quelle: Datenexport Wasserwerk 2026, vermessen (Rechtswert/Hochwert ETRS89/UTM32N).",
    "survey:date": ""
   }
  },
  {
   "type": "Feature",
   "geometry": {
    "type": "Point",
    "coordinates": [
     8.561336,
     54.693254
    ]
   },
   "properties": {
    "ref": "276",
    "name": "Boldixumer Straße 49",
    "addr:city": "Wyk auf Föhr",
    "emergency": "fire_hydrant",
    "art": "Hydrant",
    "fire_hydrant:diameter": "DN 80",
    "flow_rate": 1600,
    "description": "Quelle: Datenexport Wasserwerk 2026, vermessen (Rechtswert/Hochwert ETRS89/UTM32N). Nennweite DN 80",
    "survey:date": ""
   }
  },
  {
   "type": "Feature",
   "geometry": {
    "type": "Point",
    "coordinates": [
     8.56003,
     54.691644
    ]
   },
   "properties": {
    "ref": "277",
    "name": "Stine-Andresen-Weg 7",
    "addr:city": "Wyk auf Föhr",
    "emergency": "fire_hydrant",
    "art": "Hydrant",
    "fire_hydrant:diameter": "DN 80",
    "flow_rate": 1600,
    "description": "Quelle: Datenexport Wasserwerk 2026, vermessen (Rechtswert/Hochwert ETRS89/UTM32N). Nennweite DN 80",
    "survey:date": ""
   }
  },
  {
   "type": "Feature",
   "geometry": {
    "type": "Point",
    "coordinates": [
     8.561221,
     54.692308
    ]
   },
   "properties": {
    "ref": "278",
    "name": "Flurstrasse 4",
    "addr:city": "Wyk auf Föhr",
    "emergency": "fire_hydrant",
    "art": "Hydrant",
    "fire_hydrant:diameter": "DN 80",
    "flow_rate": 1600,
    "description": "Quelle: Datenexport Wasserwerk 2026, vermessen (Rechtswert/Hochwert ETRS89/UTM32N). Nennweite DN 80",
    "survey:date": ""
   }
  },
  {
   "type": "Feature",
   "geometry": {
    "type": "Point",
    "coordinates": [
     8.561924,
     54.691865
    ]
   },
   "properties": {
    "ref": "279",
    "name": "Flurstrasse",
    "addr:city": "Wyk auf Föhr",
    "emergency": "fire_hydrant",
    "art": "Hydrant",
    "fire_hydrant:diameter": "DN 80",
    "flow_rate": 1600,
    "description": "Quelle: Datenexport Wasserwerk 2026, vermessen (Rechtswert/Hochwert ETRS89/UTM32N). Nennweite DN 80",
    "survey:date": ""
   }
  },
  {
   "type": "Feature",
   "geometry": {
    "type": "Point",
    "coordinates": [
     8.56159,
     54.691479
    ]
   },
   "properties": {
    "ref": "280",
    "name": "Flurstrasse 26",
    "addr:city": "Wyk auf Föhr",
    "emergency": "fire_hydrant",
    "art": "Hydrant",
    "fire_hydrant:diameter": "DN 80",
    "flow_rate": 1600,
    "description": "Quelle: Datenexport Wasserwerk 2026, vermessen (Rechtswert/Hochwert ETRS89/UTM32N). Nennweite DN 80",
    "survey:date": ""
   }
  },
  {
   "type": "Feature",
   "geometry": {
    "type": "Point",
    "coordinates": [
     8.560655,
     54.690456
    ]
   },
   "properties": {
    "ref": "281",
    "name": "Flurstrasse 24",
    "addr:city": "Wyk auf Föhr",
    "emergency": "fire_hydrant",
    "art": "Hydrant",
    "fire_hydrant:diameter": "DN 80",
    "flow_rate": 1600,
    "description": "Quelle: Datenexport Wasserwerk 2026, vermessen (Rechtswert/Hochwert ETRS89/UTM32N). Nennweite DN 80",
    "survey:date": ""
   }
  },
  {
   "type": "Feature",
   "geometry": {
    "type": "Point",
    "coordinates": [
     8.565931,
     54.694235
    ]
   },
   "properties": {
    "ref": "282",
    "name": "Hemkweg",
    "addr:city": "Wyk auf Föhr",
    "emergency": "fire_hydrant",
    "art": "Bohrbrunnen",
    "description": "Quelle: Datenexport Wasserwerk 2026, vermessen (Rechtswert/Hochwert ETRS89/UTM32N).",
    "survey:date": ""
   }
  },
  {
   "type": "Feature",
   "geometry": {
    "type": "Point",
    "coordinates": [
     8.564486,
     54.693791
    ]
   },
   "properties": {
    "ref": "283",
    "name": "Schifferstrasse 2",
    "addr:city": "Wyk auf Föhr",
    "emergency": "fire_hydrant",
    "art": "Hydrant",
    "fire_hydrant:diameter": "DN 80",
    "flow_rate": 1600,
    "description": "Quelle: Datenexport Wasserwerk 2026, vermessen (Rechtswert/Hochwert ETRS89/UTM32N). Nennweite DN 80",
    "survey:date": ""
   }
  },
  {
   "type": "Feature",
   "geometry": {
    "type": "Point",
    "coordinates": [
     8.563558,
     54.692461
    ]
   },
   "properties": {
    "ref": "284",
    "name": "Boldixumer Straße",
    "addr:city": "Wyk auf Föhr",
    "emergency": "fire_hydrant",
    "art": "Hydrant",
    "fire_hydrant:diameter": "DN 80",
    "flow_rate": 1600,
    "description": "Quelle: Datenexport Wasserwerk 2026, vermessen (Rechtswert/Hochwert ETRS89/UTM32N). Nennweite DN 80",
    "survey:date": ""
   }
  },
  {
   "type": "Feature",
   "geometry": {
    "type": "Point",
    "coordinates": [
     8.563154,
     54.691844
    ]
   },
   "properties": {
    "ref": "285",
    "name": "Gartenstraße 4",
    "addr:city": "Wyk auf Föhr",
    "emergency": "fire_hydrant",
    "art": "Hydrant",
    "fire_hydrant:diameter": "DN 80",
    "flow_rate": 1600,
    "description": "Quelle: Datenexport Wasserwerk 2026, vermessen (Rechtswert/Hochwert ETRS89/UTM32N). Nennweite DN 80",
    "survey:date": ""
   }
  },
  {
   "type": "Feature",
   "geometry": {
    "type": "Point",
    "coordinates": [
     8.563484,
     54.691057
    ]
   },
   "properties": {
    "ref": "286",
    "name": "Zur alten Gärtnerei",
    "addr:city": "Wyk auf Föhr",
    "emergency": "fire_hydrant",
    "art": "E-Bohrbrunnen",
    "description": "Quelle: Datenexport Wasserwerk 2026, vermessen (Rechtswert/Hochwert ETRS89/UTM32N).",
    "survey:date": ""
   }
  },
  {
   "type": "Feature",
   "geometry": {
    "type": "Point",
    "coordinates": [
     8.562297,
     54.690899
    ]
   },
   "properties": {
    "ref": "287",
    "name": "Gartenstraße 18",
    "addr:city": "Wyk auf Föhr",
    "emergency": "fire_hydrant",
    "art": "Hydrant",
    "fire_hydrant:diameter": "DN 80",
    "flow_rate": 1600,
    "description": "Quelle: Datenexport Wasserwerk 2026, vermessen (Rechtswert/Hochwert ETRS89/UTM32N). Nennweite DN 80",
    "survey:date": ""
   }
  },
  {
   "type": "Feature",
   "geometry": {
    "type": "Point",
    "coordinates": [
     8.56152,
     54.690044
    ]
   },
   "properties": {
    "ref": "288",
    "name": "Gartenstraße",
    "addr:city": "Wyk auf Föhr",
    "emergency": "fire_hydrant",
    "art": "Hydrant",
    "fire_hydrant:diameter": "DN 80",
    "flow_rate": 1600,
    "description": "Quelle: Datenexport Wasserwerk 2026, vermessen (Rechtswert/Hochwert ETRS89/UTM32N). Nennweite DN 80",
    "survey:date": ""
   }
  },
  {
   "type": "Feature",
   "geometry": {
    "type": "Point",
    "coordinates": [
     8.560826,
     54.689294
    ]
   },
   "properties": {
    "ref": "289",
    "name": "Gartenstraße",
    "addr:city": "Wyk auf Föhr",
    "emergency": "fire_hydrant",
    "art": "Hydrant",
    "fire_hydrant:diameter": "DN 80",
    "flow_rate": 1600,
    "description": "Quelle: Datenexport Wasserwerk 2026, vermessen (Rechtswert/Hochwert ETRS89/UTM32N). Nennweite DN 80",
    "survey:date": ""
   }
  },
  {
   "type": "Feature",
   "geometry": {
    "type": "Point",
    "coordinates": [
     8.566676,
     54.691214
    ]
   },
   "properties": {
    "ref": "291",
    "name": "Boldixumer Straße 7",
    "addr:city": "Wyk auf Föhr",
    "emergency": "fire_hydrant",
    "art": "Hydrant",
    "fire_hydrant:diameter": "DN 80",
    "flow_rate": 1600,
    "description": "Quelle: Datenexport Wasserwerk 2026, vermessen (Rechtswert/Hochwert ETRS89/UTM32N). Nennweite DN 80",
    "survey:date": ""
   }
  },
  {
   "type": "Feature",
   "geometry": {
    "type": "Point",
    "coordinates": [
     8.566071,
     54.691706
    ]
   },
   "properties": {
    "ref": "292",
    "name": "Boldixumer Straße",
    "addr:city": "Wyk auf Föhr",
    "emergency": "fire_hydrant",
    "art": "Hydrant",
    "fire_hydrant:diameter": "DN 80",
    "flow_rate": 1600,
    "description": "Quelle: Datenexport Wasserwerk 2026, vermessen (Rechtswert/Hochwert ETRS89/UTM32N). Nennweite DN 80",
    "survey:date": ""
   }
  },
  {
   "type": "Feature",
   "geometry": {
    "type": "Point",
    "coordinates": [
     8.564746,
     54.692094
    ]
   },
   "properties": {
    "ref": "293",
    "name": "Boldixumer Straße 18",
    "addr:city": "Wyk auf Föhr",
    "emergency": "fire_hydrant",
    "art": "Hydrant",
    "fire_hydrant:diameter": "DN 80",
    "flow_rate": 1600,
    "description": "Quelle: Datenexport Wasserwerk 2026, vermessen (Rechtswert/Hochwert ETRS89/UTM32N). Nennweite DN 80",
    "survey:date": ""
   }
  },
  {
   "type": "Feature",
   "geometry": {
    "type": "Point",
    "coordinates": [
     8.564312,
     54.690792
    ]
   },
   "properties": {
    "ref": "295",
    "name": "St.Nicolai-Straße 8",
    "addr:city": "Wyk auf Föhr",
    "emergency": "fire_hydrant",
    "art": "Hydrant",
    "fire_hydrant:diameter": "DN 80",
    "flow_rate": 1600,
    "description": "Quelle: Datenexport Wasserwerk 2026, vermessen (Rechtswert/Hochwert ETRS89/UTM32N). Nennweite DN 80",
    "survey:date": ""
   }
  },
  {
   "type": "Feature",
   "geometry": {
    "type": "Point",
    "coordinates": [
     8.563007,
     54.689712
    ]
   },
   "properties": {
    "ref": "296",
    "name": "Rungholtstraße 16",
    "addr:city": "Wyk auf Föhr",
    "emergency": "fire_hydrant",
    "art": "Hydrant",
    "fire_hydrant:diameter": "DN 80",
    "flow_rate": 1600,
    "description": "Quelle: Datenexport Wasserwerk 2026, vermessen (Rechtswert/Hochwert ETRS89/UTM32N). Nennweite DN 80",
    "survey:date": ""
   }
  },
  {
   "type": "Feature",
   "geometry": {
    "type": "Point",
    "coordinates": [
     8.561986,
     54.688724
    ]
   },
   "properties": {
    "ref": "297",
    "name": "Feldstraße 34",
    "addr:city": "Wyk auf Föhr",
    "emergency": "fire_hydrant",
    "art": "Hydrant",
    "fire_hydrant:diameter": "DN 80",
    "flow_rate": 1600,
    "description": "Quelle: Datenexport Wasserwerk 2026, vermessen (Rechtswert/Hochwert ETRS89/UTM32N). Nennweite DN 80",
    "survey:date": ""
   }
  },
  {
   "type": "Feature",
   "geometry": {
    "type": "Point",
    "coordinates": [
     8.564298,
     54.689276
    ]
   },
   "properties": {
    "ref": "298",
    "name": "Rungholtstraße",
    "addr:city": "Wyk auf Föhr",
    "emergency": "fire_hydrant",
    "art": "Hydrant",
    "fire_hydrant:diameter": "DN 80",
    "flow_rate": 1600,
    "description": "Quelle: Datenexport Wasserwerk 2026, vermessen (Rechtswert/Hochwert ETRS89/UTM32N). Nennweite DN 80",
    "survey:date": ""
   }
  },
  {
   "type": "Feature",
   "geometry": {
    "type": "Point",
    "coordinates": [
     8.563505,
     54.688975
    ]
   },
   "properties": {
    "ref": "299",
    "name": "Museumstraße 5",
    "addr:city": "Wyk auf Föhr",
    "emergency": "fire_hydrant",
    "art": "Hydrant",
    "fire_hydrant:diameter": "DN 80",
    "flow_rate": 1600,
    "description": "Quelle: Datenexport Wasserwerk 2026, vermessen (Rechtswert/Hochwert ETRS89/UTM32N). Nennweite DN 80",
    "survey:date": ""
   }
  },
  {
   "type": "Feature",
   "geometry": {
    "type": "Point",
    "coordinates": [
     8.563963,
     54.688135
    ]
   },
   "properties": {
    "ref": "300",
    "name": "Feldstraße 24",
    "addr:city": "Wyk auf Föhr",
    "emergency": "fire_hydrant",
    "art": "Hydrant",
    "fire_hydrant:diameter": "DN 80",
    "flow_rate": 1600,
    "description": "Quelle: Datenexport Wasserwerk 2026, vermessen (Rechtswert/Hochwert ETRS89/UTM32N). Nennweite DN 80",
    "survey:date": ""
   }
  },
  {
   "type": "Feature",
   "geometry": {
    "type": "Point",
    "coordinates": [
     8.56285,
     54.688256
    ]
   },
   "properties": {
    "ref": "301",
    "name": "Museumstraße 9",
    "addr:city": "Wyk auf Föhr",
    "emergency": "fire_hydrant",
    "art": "Hydrant",
    "fire_hydrant:diameter": "DN 80",
    "flow_rate": 1600,
    "description": "Quelle: Datenexport Wasserwerk 2026, vermessen (Rechtswert/Hochwert ETRS89/UTM32N). Nennweite DN 80",
    "survey:date": ""
   }
  },
  {
   "type": "Feature",
   "geometry": {
    "type": "Point",
    "coordinates": [
     8.562263,
     54.687618
    ]
   },
   "properties": {
    "ref": "302",
    "name": "Museumstraße 18",
    "addr:city": "Wyk auf Föhr",
    "emergency": "fire_hydrant",
    "art": "Hydrant",
    "fire_hydrant:diameter": "DN 80",
    "flow_rate": 1600,
    "description": "Quelle: Datenexport Wasserwerk 2026, vermessen (Rechtswert/Hochwert ETRS89/UTM32N). Nennweite DN 80",
    "survey:date": ""
   }
  },
  {
   "type": "Feature",
   "geometry": {
    "type": "Point",
    "coordinates": [
     8.567288,
     54.692825
    ]
   },
   "properties": {
    "ref": "303",
    "name": "Heymannsweg Parkplatz 05",
    "addr:city": "Wyk auf Föhr",
    "emergency": "fire_hydrant",
    "art": "Hydrant",
    "fire_hydrant:diameter": "DN 80",
    "flow_rate": 400,
    "description": "Quelle: Datenexport Wasserwerk 2026, vermessen (Rechtswert/Hochwert ETRS89/UTM32N). unter 400 l/min Nennweite DN 80",
    "survey:date": ""
   }
  },
  {
   "type": "Feature",
   "geometry": {
    "type": "Point",
    "coordinates": [
     8.567003,
     54.692484
    ]
   },
   "properties": {
    "ref": "305",
    "name": "Heymannsweg Parkplatz 04",
    "addr:city": "Wyk auf Föhr",
    "emergency": "fire_hydrant",
    "art": "Hydrant",
    "fire_hydrant:diameter": "DN 80",
    "flow_rate": 400,
    "description": "Quelle: Datenexport Wasserwerk 2026, vermessen (Rechtswert/Hochwert ETRS89/UTM32N). Nennweite DN 80",
    "survey:date": ""
   }
  },
  {
   "type": "Feature",
   "geometry": {
    "type": "Point",
    "coordinates": [
     8.567139,
     54.692361
    ]
   },
   "properties": {
    "ref": "306",
    "name": "Heymannsweg Parkplatz 03",
    "addr:city": "Wyk auf Föhr",
    "emergency": "fire_hydrant",
    "art": "Hydrant",
    "fire_hydrant:diameter": "DN 80",
    "flow_rate": 400,
    "description": "Quelle: Datenexport Wasserwerk 2026, vermessen (Rechtswert/Hochwert ETRS89/UTM32N). Nennweite DN 80",
    "survey:date": ""
   }
  },
  {
   "type": "Feature",
   "geometry": {
    "type": "Point",
    "coordinates": [
     8.567563,
     54.692295
    ]
   },
   "properties": {
    "ref": "307",
    "name": "Heymannsweg Parkplatz 02",
    "addr:city": "Wyk auf Föhr",
    "emergency": "fire_hydrant",
    "art": "Hydrant",
    "fire_hydrant:diameter": "DN 80",
    "flow_rate": 400,
    "description": "Quelle: Datenexport Wasserwerk 2026, vermessen (Rechtswert/Hochwert ETRS89/UTM32N). Nennweite DN 80",
    "survey:date": ""
   }
  },
  {
   "type": "Feature",
   "geometry": {
    "type": "Point",
    "coordinates": [
     8.56792,
     54.692158
    ]
   },
   "properties": {
    "ref": "308",
    "name": "Heymannsweg Parkplatz 01",
    "addr:city": "Wyk auf Föhr",
    "emergency": "fire_hydrant",
    "art": "Hydrant",
    "fire_hydrant:diameter": "DN 80",
    "flow_rate": 800,
    "description": "Quelle: Datenexport Wasserwerk 2026, vermessen (Rechtswert/Hochwert ETRS89/UTM32N). Nennweite DN 80",
    "survey:date": ""
   }
  },
  {
   "type": "Feature",
   "geometry": {
    "type": "Point",
    "coordinates": [
     8.526843,
     54.684928
    ]
   },
   "properties": {
    "ref": "309",
    "name": "Hialwai",
    "addr:city": "Wyk auf Föhr",
    "emergency": "fire_hydrant",
    "art": "Hydrant",
    "fire_hydrant:diameter": "DN 80",
    "flow_rate": 3200,
    "description": "Quelle: Datenexport Wasserwerk 2026, vermessen (Rechtswert/Hochwert ETRS89/UTM32N). Nennweite DN 80",
    "survey:date": ""
   }
  },
  {
   "type": "Feature",
   "geometry": {
    "type": "Point",
    "coordinates": [
     8.529489,
     54.683273
    ]
   },
   "properties": {
    "ref": "310",
    "name": "Am Flugplatz",
    "addr:city": "Wyk auf Föhr",
    "emergency": "fire_hydrant",
    "art": "Hydrant",
    "fire_hydrant:diameter": "DN 80",
    "flow_rate": 3200,
    "description": "Quelle: Datenexport Wasserwerk 2026, vermessen (Rechtswert/Hochwert ETRS89/UTM32N). Nennweite DN 80",
    "survey:date": ""
   }
  },
  {
   "type": "Feature",
   "geometry": {
    "type": "Point",
    "coordinates": [
     8.531762,
     54.683065
    ]
   },
   "properties": {
    "ref": "311",
    "name": "Am Flugplatz",
    "addr:city": "Wyk auf Föhr",
    "emergency": "fire_hydrant",
    "art": "Hydrant",
    "fire_hydrant:diameter": "DN 80",
    "flow_rate": 3200,
    "description": "Quelle: Datenexport Wasserwerk 2026, vermessen (Rechtswert/Hochwert ETRS89/UTM32N). Nennweite DN 80",
    "survey:date": ""
   }
  },
  {
   "type": "Feature",
   "geometry": {
    "type": "Point",
    "coordinates": [
     8.53454,
     54.682836
    ]
   },
   "properties": {
    "ref": "312",
    "name": "Am Flugplatz",
    "addr:city": "Wyk auf Föhr",
    "emergency": "fire_hydrant",
    "art": "Hydrant",
    "fire_hydrant:diameter": "DN 80",
    "flow_rate": 3200,
    "description": "Quelle: Datenexport Wasserwerk 2026, vermessen (Rechtswert/Hochwert ETRS89/UTM32N). Nennweite DN 80",
    "survey:date": ""
   }
  },
  {
   "type": "Feature",
   "geometry": {
    "type": "Point",
    "coordinates": [
     8.53528,
     54.682148
    ]
   },
   "properties": {
    "ref": "313",
    "name": "",
    "addr:city": "Greveling/Bredland",
    "emergency": "fire_hydrant",
    "art": "Hydrant",
    "flow_rate": 1600,
    "description": "kartografische Symbolposition; nicht vermessungstechnisch oder vor Ort bestätigt · Quelle: Greveling_Bredland.pdf",
    "survey:date": ""
   }
  },
  {
   "type": "Feature",
   "geometry": {
    "type": "Point",
    "coordinates": [
     8.53735,
     54.682431
    ]
   },
   "properties": {
    "ref": "315",
    "name": "",
    "addr:city": "Wyk auf Föhr",
    "emergency": "fire_hydrant",
    "art": "Hydrant",
    "flow_rate": 1600,
    "description": "kartografische Symbolposition; nicht vermessungstechnisch oder vor Ort bestätigt · Quelle: Wyk_Süd_West.pdf",
    "survey:date": ""
   }
  },
  {
   "type": "Feature",
   "geometry": {
    "type": "Point",
    "coordinates": [
     8.537616,
     54.682567
    ]
   },
   "properties": {
    "ref": "316",
    "name": "Am Flugplatz 1",
    "addr:city": "Wyk auf Föhr",
    "emergency": "fire_hydrant",
    "art": "Hydrant",
    "fire_hydrant:diameter": "DN 80",
    "flow_rate": 1600,
    "description": "Quelle: Datenexport Wasserwerk 2026, vermessen (Rechtswert/Hochwert ETRS89/UTM32N). Nennweite DN 80",
    "survey:date": ""
   }
  },
  {
   "type": "Feature",
   "geometry": {
    "type": "Point",
    "coordinates": [
     8.538615,
     54.683135
    ]
   },
   "properties": {
    "ref": "317",
    "name": "Fehrstieg 43A",
    "addr:city": "Wyk auf Föhr",
    "emergency": "fire_hydrant",
    "art": "Hydrant",
    "fire_hydrant:diameter": "DN 80",
    "flow_rate": 1600,
    "description": "Quelle: Datenexport Wasserwerk 2026, vermessen (Rechtswert/Hochwert ETRS89/UTM32N). Nennweite DN 80",
    "survey:date": ""
   }
  },
  {
   "type": "Feature",
   "geometry": {
    "type": "Point",
    "coordinates": [
     8.540884,
     54.681298
    ]
   },
   "properties": {
    "ref": "318",
    "name": "Am Golfplatz",
    "addr:city": "Wyk auf Föhr",
    "emergency": "fire_hydrant",
    "art": "Hydrant",
    "fire_hydrant:diameter": "DN 80",
    "flow_rate": 1600,
    "description": "Quelle: Datenexport Wasserwerk 2026, vermessen (Rechtswert/Hochwert ETRS89/UTM32N). Nennweite DN 80",
    "survey:date": ""
   }
  },
  {
   "type": "Feature",
   "geometry": {
    "type": "Point",
    "coordinates": [
     8.542757,
     54.683367
    ]
   },
   "properties": {
    "ref": "319",
    "name": "Am Golfplatz",
    "addr:city": "Wyk auf Föhr",
    "emergency": "fire_hydrant",
    "art": "Hydrant",
    "fire_hydrant:diameter": "DN 80",
    "flow_rate": 1600,
    "description": "Quelle: Datenexport Wasserwerk 2026, vermessen (Rechtswert/Hochwert ETRS89/UTM32N). Nennweite DN 80",
    "survey:date": ""
   }
  },
  {
   "type": "Feature",
   "geometry": {
    "type": "Point",
    "coordinates": [
     8.541,
     54.683687
    ]
   },
   "properties": {
    "ref": "320",
    "name": "Am Golfplatz",
    "addr:city": "Wyk auf Föhr",
    "emergency": "fire_hydrant",
    "art": "E-Bohrbrunnen",
    "description": "Quelle: Datenexport Wasserwerk 2026, vermessen (Rechtswert/Hochwert ETRS89/UTM32N).",
    "survey:date": ""
   }
  },
  {
   "type": "Feature",
   "geometry": {
    "type": "Point",
    "coordinates": [
     8.541663,
     54.684541
    ]
   },
   "properties": {
    "ref": "321",
    "name": "Möwenweg",
    "addr:city": "Wyk auf Föhr",
    "emergency": "fire_hydrant",
    "art": "Hydrant",
    "fire_hydrant:diameter": "DN 80",
    "flow_rate": 1600,
    "description": "Quelle: Datenexport Wasserwerk 2026, vermessen (Rechtswert/Hochwert ETRS89/UTM32N). Nennweite DN 80",
    "survey:date": ""
   }
  },
  {
   "type": "Feature",
   "geometry": {
    "type": "Point",
    "coordinates": [
     8.540696,
     54.683919
    ]
   },
   "properties": {
    "ref": "322",
    "name": "Am Golfplatz",
    "addr:city": "Wyk auf Föhr",
    "emergency": "fire_hydrant",
    "art": "Hydrant",
    "fire_hydrant:diameter": "DN 80",
    "flow_rate": 1600,
    "description": "Quelle: Datenexport Wasserwerk 2026, vermessen (Rechtswert/Hochwert ETRS89/UTM32N). Nennweite DN 80",
    "survey:date": ""
   }
  },
  {
   "type": "Feature",
   "geometry": {
    "type": "Point",
    "coordinates": [
     8.53976,
     54.684185
    ]
   },
   "properties": {
    "ref": "323",
    "name": "Am Golfplatz",
    "addr:city": "Wyk auf Föhr",
    "emergency": "fire_hydrant",
    "art": "Hydrant",
    "fire_hydrant:diameter": "DN 80",
    "flow_rate": 1600,
    "description": "Quelle: Datenexport Wasserwerk 2026, vermessen (Rechtswert/Hochwert ETRS89/UTM32N). Nennweite DN 80",
    "survey:date": ""
   }
  },
  {
   "type": "Feature",
   "geometry": {
    "type": "Point",
    "coordinates": [
     8.540373,
     54.684907
    ]
   },
   "properties": {
    "ref": "325",
    "name": "Fehrstieg 39",
    "addr:city": "Wyk auf Föhr",
    "emergency": "fire_hydrant",
    "art": "Hydrant",
    "fire_hydrant:diameter": "DN 80",
    "flow_rate": 1600,
    "description": "Quelle: Datenexport Wasserwerk 2026, vermessen (Rechtswert/Hochwert ETRS89/UTM32N). Nennweite DN 80",
    "survey:date": ""
   }
  },
  {
   "type": "Feature",
   "geometry": {
    "type": "Point",
    "coordinates": [
     8.541147,
     54.685766
    ]
   },
   "properties": {
    "ref": "326",
    "name": "Fehrstieg 33",
    "addr:city": "Wyk auf Föhr",
    "emergency": "fire_hydrant",
    "art": "Hydrant",
    "fire_hydrant:diameter": "DN 80",
    "flow_rate": 1600,
    "description": "Quelle: Datenexport Wasserwerk 2026, vermessen (Rechtswert/Hochwert ETRS89/UTM32N). Nennweite DN 80",
    "survey:date": ""
   }
  },
  {
   "type": "Feature",
   "geometry": {
    "type": "Point",
    "coordinates": [
     8.54735,
     54.685735
    ]
   },
   "properties": {
    "ref": "327",
    "name": "Susanne-Fischer Weg 36",
    "addr:city": "Wyk auf Föhr",
    "emergency": "fire_hydrant",
    "art": "Hydrant",
    "fire_hydrant:diameter": "DN 80",
    "flow_rate": 1600,
    "description": "Quelle: Datenexport Wasserwerk 2026, vermessen (Rechtswert/Hochwert ETRS89/UTM32N). Nennweite DN 80",
    "survey:date": ""
   }
  },
  {
   "type": "Feature",
   "geometry": {
    "type": "Point",
    "coordinates": [
     8.547982,
     54.686274
    ]
   },
   "properties": {
    "ref": "328",
    "name": "Susanne-Fischer Weg Jul 13",
    "addr:city": "Wyk auf Föhr",
    "emergency": "fire_hydrant",
    "art": "Hydrant",
    "fire_hydrant:diameter": "DN 80",
    "flow_rate": 1600,
    "description": "Quelle: Datenexport Wasserwerk 2026, vermessen (Rechtswert/Hochwert ETRS89/UTM32N). Nennweite DN 80",
    "survey:date": ""
   }
  },
  {
   "type": "Feature",
   "geometry": {
    "type": "Point",
    "coordinates": [
     8.548662,
     54.686649
    ]
   },
   "properties": {
    "ref": "329",
    "name": "Susanne-Fischer Weg 10",
    "addr:city": "Wyk auf Föhr",
    "emergency": "fire_hydrant",
    "art": "Hydrant",
    "fire_hydrant:diameter": "DN 80",
    "flow_rate": 1600,
    "description": "Quelle: Datenexport Wasserwerk 2026, vermessen (Rechtswert/Hochwert ETRS89/UTM32N). Nennweite DN 80",
    "survey:date": ""
   }
  },
  {
   "type": "Feature",
   "geometry": {
    "type": "Point",
    "coordinates": [
     8.545591,
     54.68537
    ]
   },
   "properties": {
    "ref": "330",
    "name": "Lerchenweg",
    "addr:city": "Wyk auf Föhr",
    "emergency": "fire_hydrant",
    "art": "Hydrant",
    "fire_hydrant:diameter": "DN 80",
    "flow_rate": 1600,
    "description": "Quelle: Datenexport Wasserwerk 2026, vermessen (Rechtswert/Hochwert ETRS89/UTM32N). Nennweite DN 80",
    "survey:date": ""
   }
  },
  {
   "type": "Feature",
   "geometry": {
    "type": "Point",
    "coordinates": [
     8.543446,
     54.685955
    ]
   },
   "properties": {
    "ref": "331",
    "name": "Lerchenweg",
    "addr:city": "Wyk auf Föhr",
    "emergency": "fire_hydrant",
    "art": "Hydrant",
    "fire_hydrant:diameter": "DN 80",
    "flow_rate": 1600,
    "description": "Quelle: Datenexport Wasserwerk 2026, vermessen (Rechtswert/Hochwert ETRS89/UTM32N). Nennweite DN 80",
    "survey:date": ""
   }
  },
  {
   "type": "Feature",
   "geometry": {
    "type": "Point",
    "coordinates": [
     8.544789,
     54.686965
    ]
   },
   "properties": {
    "ref": "332",
    "name": "Schwalbenweg",
    "addr:city": "Wyk auf Föhr",
    "emergency": "fire_hydrant",
    "art": "Hydrant",
    "fire_hydrant:diameter": "DN 80",
    "flow_rate": 1600,
    "description": "Quelle: Datenexport Wasserwerk 2026, vermessen (Rechtswert/Hochwert ETRS89/UTM32N). Nennweite DN 80",
    "survey:date": ""
   }
  },
  {
   "type": "Feature",
   "geometry": {
    "type": "Point",
    "coordinates": [
     8.542864,
     54.686813
    ]
   },
   "properties": {
    "ref": "333",
    "name": "Meisenweg",
    "addr:city": "Wyk auf Föhr",
    "emergency": "fire_hydrant",
    "art": "Hydrant",
    "fire_hydrant:diameter": "DN 80",
    "flow_rate": 1600,
    "description": "Quelle: Datenexport Wasserwerk 2026, vermessen (Rechtswert/Hochwert ETRS89/UTM32N). Nennweite DN 80",
    "survey:date": ""
   }
  },
  {
   "type": "Feature",
   "geometry": {
    "type": "Point",
    "coordinates": [
     8.543608,
     54.687649
    ]
   },
   "properties": {
    "ref": "335",
    "name": "Meisenweg",
    "addr:city": "Wyk auf Föhr",
    "emergency": "fire_hydrant",
    "art": "Hydrant",
    "fire_hydrant:diameter": "DN 80",
    "flow_rate": 1600,
    "description": "Quelle: Datenexport Wasserwerk 2026, vermessen (Rechtswert/Hochwert ETRS89/UTM32N). Nennweite DN 80",
    "survey:date": ""
   }
  },
  {
   "type": "Feature",
   "geometry": {
    "type": "Point",
    "coordinates": [
     8.541748,
     54.68643
    ]
   },
   "properties": {
    "ref": "336",
    "name": "Fehrstieg 31",
    "addr:city": "Wyk auf Föhr",
    "emergency": "fire_hydrant",
    "art": "Hydrant",
    "fire_hydrant:diameter": "DN 80",
    "flow_rate": 1600,
    "description": "Quelle: Datenexport Wasserwerk 2026, vermessen (Rechtswert/Hochwert ETRS89/UTM32N). Nennweite DN 80",
    "survey:date": ""
   }
  },
  {
   "type": "Feature",
   "geometry": {
    "type": "Point",
    "coordinates": [
     8.542388,
     54.687185
    ]
   },
   "properties": {
    "ref": "337",
    "name": "Fehrstieg 29",
    "addr:city": "Wyk auf Föhr",
    "emergency": "fire_hydrant",
    "art": "Hydrant",
    "fire_hydrant:diameter": "DN 80",
    "flow_rate": 1600,
    "description": "Quelle: Datenexport Wasserwerk 2026, vermessen (Rechtswert/Hochwert ETRS89/UTM32N). Nennweite DN 80",
    "survey:date": ""
   }
  },
  {
   "type": "Feature",
   "geometry": {
    "type": "Point",
    "coordinates": [
     8.54297,
     54.687864
    ]
   },
   "properties": {
    "ref": "338",
    "name": "Fehrstieg 23",
    "addr:city": "Wyk auf Föhr",
    "emergency": "fire_hydrant",
    "art": "Hydrant",
    "fire_hydrant:diameter": "DN 80",
    "flow_rate": 1600,
    "description": "Quelle: Datenexport Wasserwerk 2026, vermessen (Rechtswert/Hochwert ETRS89/UTM32N). Nennweite DN 80",
    "survey:date": ""
   }
  },
  {
   "type": "Feature",
   "geometry": {
    "type": "Point",
    "coordinates": [
     8.541607,
     54.687399
    ]
   },
   "properties": {
    "ref": "339",
    "name": "Lindenweg",
    "addr:city": "Wyk auf Föhr",
    "emergency": "fire_hydrant",
    "art": "Hydrant",
    "fire_hydrant:diameter": "DN 80",
    "flow_rate": 1600,
    "description": "Quelle: Datenexport Wasserwerk 2026, vermessen (Rechtswert/Hochwert ETRS89/UTM32N). Nennweite DN 80",
    "survey:date": ""
   }
  },
  {
   "type": "Feature",
   "geometry": {
    "type": "Point",
    "coordinates": [
     8.541746,
     54.688174
    ]
   },
   "properties": {
    "ref": "340",
    "name": "Lindenweg",
    "addr:city": "Wyk auf Föhr",
    "emergency": "fire_hydrant",
    "art": "Hydrant",
    "fire_hydrant:diameter": "DN 80",
    "flow_rate": 1600,
    "description": "Quelle: Datenexport Wasserwerk 2026, vermessen (Rechtswert/Hochwert ETRS89/UTM32N). Nennweite DN 80",
    "survey:date": ""
   }
  },
  {
   "type": "Feature",
   "geometry": {
    "type": "Point",
    "coordinates": [
     8.542345,
     54.688774
    ]
   },
   "properties": {
    "ref": "341",
    "name": "Lindenweg",
    "addr:city": "Wyk auf Föhr",
    "emergency": "fire_hydrant",
    "art": "Hydrant",
    "fire_hydrant:diameter": "DN 80",
    "flow_rate": 1600,
    "description": "Quelle: Datenexport Wasserwerk 2026, vermessen (Rechtswert/Hochwert ETRS89/UTM32N). Nennweite DN 80",
    "survey:date": ""
   }
  },
  {
   "type": "Feature",
   "geometry": {
    "type": "Point",
    "coordinates": [
     8.548385,
     54.68734
    ]
   },
   "properties": {
    "ref": "342",
    "name": "Haidweg 12",
    "addr:city": "Wyk auf Föhr",
    "emergency": "fire_hydrant",
    "art": "Hydrant",
    "fire_hydrant:diameter": "DN 80",
    "flow_rate": 1600,
    "description": "Quelle: Datenexport Wasserwerk 2026, vermessen (Rechtswert/Hochwert ETRS89/UTM32N). Nennweite DN 80",
    "survey:date": ""
   }
  },
  {
   "type": "Feature",
   "geometry": {
    "type": "Point",
    "coordinates": [
     8.548023,
     54.687942
    ]
   },
   "properties": {
    "ref": "343",
    "name": "Am Weizenfeld 23",
    "addr:city": "Wyk auf Föhr",
    "emergency": "fire_hydrant",
    "art": "Hydrant",
    "fire_hydrant:diameter": "DN 80",
    "flow_rate": 1600,
    "description": "Quelle: Datenexport Wasserwerk 2026, vermessen (Rechtswert/Hochwert ETRS89/UTM32N). Nennweite DN 80",
    "survey:date": ""
   }
  },
  {
   "type": "Feature",
   "geometry": {
    "type": "Point",
    "coordinates": [
     8.54843,
     54.688698
    ]
   },
   "properties": {
    "ref": "345",
    "name": "Am Weizenfeld 19",
    "addr:city": "Wyk auf Föhr",
    "emergency": "fire_hydrant",
    "art": "Hydrant",
    "fire_hydrant:diameter": "DN 80",
    "flow_rate": 1600,
    "description": "Quelle: Datenexport Wasserwerk 2026, vermessen (Rechtswert/Hochwert ETRS89/UTM32N). Nennweite DN 80",
    "survey:date": ""
   }
  },
  {
   "type": "Feature",
   "geometry": {
    "type": "Point",
    "coordinates": [
     8.549193,
     54.688618
    ]
   },
   "properties": {
    "ref": "346",
    "name": "Am Weizenfeld 17",
    "addr:city": "Wyk auf Föhr",
    "emergency": "fire_hydrant",
    "art": "Hydrant",
    "fire_hydrant:diameter": "DN 80",
    "flow_rate": 1600,
    "description": "Quelle: Datenexport Wasserwerk 2026, vermessen (Rechtswert/Hochwert ETRS89/UTM32N). Nennweite DN 80",
    "survey:date": ""
   }
  },
  {
   "type": "Feature",
   "geometry": {
    "type": "Point",
    "coordinates": [
     8.549769,
     54.689065
    ]
   },
   "properties": {
    "ref": "347",
    "name": "Am Weizenfeld 8",
    "addr:city": "Wyk auf Föhr",
    "emergency": "fire_hydrant",
    "art": "Hydrant",
    "fire_hydrant:diameter": "DN 80",
    "flow_rate": 1600,
    "description": "Quelle: Datenexport Wasserwerk 2026, vermessen (Rechtswert/Hochwert ETRS89/UTM32N). Nennweite DN 80",
    "survey:date": ""
   }
  },
  {
   "type": "Feature",
   "geometry": {
    "type": "Point",
    "coordinates": [
     8.549308,
     54.689468
    ]
   },
   "properties": {
    "ref": "348",
    "name": "Am Weizenfeld 3",
    "addr:city": "Wyk auf Föhr",
    "emergency": "fire_hydrant",
    "art": "Hydrant",
    "fire_hydrant:diameter": "DN 80",
    "flow_rate": 1600,
    "description": "Quelle: Datenexport Wasserwerk 2026, vermessen (Rechtswert/Hochwert ETRS89/UTM32N). Nennweite DN 80",
    "survey:date": ""
   }
  },
  {
   "type": "Feature",
   "geometry": {
    "type": "Point",
    "coordinates": [
     8.547978,
     54.688949
    ]
   },
   "properties": {
    "ref": "349",
    "name": "Haferweg",
    "addr:city": "Wyk auf Föhr",
    "emergency": "fire_hydrant",
    "art": "E-Bohrbrunnen",
    "description": "Quelle: Datenexport Wasserwerk 2026, vermessen (Rechtswert/Hochwert ETRS89/UTM32N).",
    "survey:date": ""
   }
  },
  {
   "type": "Feature",
   "geometry": {
    "type": "Point",
    "coordinates": [
     8.545845,
     54.688027
    ]
   },
   "properties": {
    "ref": "350",
    "name": "Haidweg 5",
    "addr:city": "Wyk auf Föhr",
    "emergency": "fire_hydrant",
    "art": "Hydrant",
    "fire_hydrant:diameter": "DN 80",
    "flow_rate": 1600,
    "description": "Quelle: Datenexport Wasserwerk 2026, vermessen (Rechtswert/Hochwert ETRS89/UTM32N). Nennweite DN 80",
    "survey:date": ""
   }
  },
  {
   "type": "Feature",
   "geometry": {
    "type": "Point",
    "coordinates": [
     8.546732,
     54.689227
    ]
   },
   "properties": {
    "ref": "351",
    "name": "Rotdornweg 11",
    "addr:city": "Wyk auf Föhr",
    "emergency": "fire_hydrant",
    "art": "Hydrant",
    "fire_hydrant:diameter": "DN 80",
    "flow_rate": 1600,
    "description": "Quelle: Datenexport Wasserwerk 2026, vermessen (Rechtswert/Hochwert ETRS89/UTM32N). Nennweite DN 80",
    "survey:date": ""
   }
  },
  {
   "type": "Feature",
   "geometry": {
    "type": "Point",
    "coordinates": [
     8.547264,
     54.689812
    ]
   },
   "properties": {
    "ref": "352",
    "name": "Rotdornweg 13",
    "addr:city": "Wyk auf Föhr",
    "emergency": "fire_hydrant",
    "art": "Hydrant",
    "fire_hydrant:diameter": "DN 80",
    "flow_rate": 1600,
    "description": "Quelle: Datenexport Wasserwerk 2026, vermessen (Rechtswert/Hochwert ETRS89/UTM32N). Nennweite DN 80",
    "survey:date": ""
   }
  },
  {
   "type": "Feature",
   "geometry": {
    "type": "Point",
    "coordinates": [
     8.543685,
     54.688678
    ]
   },
   "properties": {
    "ref": "353",
    "name": "Fehrstieg 64",
    "addr:city": "Wyk auf Föhr",
    "emergency": "fire_hydrant",
    "art": "Hydrant",
    "fire_hydrant:diameter": "DN 80",
    "flow_rate": 1600,
    "description": "Quelle: Datenexport Wasserwerk 2026, vermessen (Rechtswert/Hochwert ETRS89/UTM32N). Nennweite DN 80",
    "survey:date": ""
   }
  },
  {
   "type": "Feature",
   "geometry": {
    "type": "Point",
    "coordinates": [
     8.544186,
     54.689291
    ]
   },
   "properties": {
    "ref": "355",
    "name": "Fehrstieg 60",
    "addr:city": "Wyk auf Föhr",
    "emergency": "fire_hydrant",
    "art": "Hydrant",
    "fire_hydrant:diameter": "DN 80",
    "flow_rate": 1600,
    "description": "Quelle: Datenexport Wasserwerk 2026, vermessen (Rechtswert/Hochwert ETRS89/UTM32N). Nennweite DN 80",
    "survey:date": ""
   }
  },
  {
   "type": "Feature",
   "geometry": {
    "type": "Point",
    "coordinates": [
     8.542197,
     54.689672
    ]
   },
   "properties": {
    "ref": "357",
    "name": "Birkenweg",
    "addr:city": "Wyk auf Föhr",
    "emergency": "fire_hydrant",
    "art": "Hydrant",
    "fire_hydrant:diameter": "DN 80",
    "flow_rate": 1600,
    "description": "Quelle: Datenexport Wasserwerk 2026, vermessen (Rechtswert/Hochwert ETRS89/UTM32N). Nennweite DN 80",
    "survey:date": ""
   }
  },
  {
   "type": "Feature",
   "geometry": {
    "type": "Point",
    "coordinates": [
     8.544802,
     54.690001
    ]
   },
   "properties": {
    "ref": "358",
    "name": "Fehrstieg 54",
    "addr:city": "Wyk auf Föhr",
    "emergency": "fire_hydrant",
    "art": "Hydrant",
    "fire_hydrant:diameter": "DN 80",
    "flow_rate": 1600,
    "description": "Quelle: Datenexport Wasserwerk 2026, vermessen (Rechtswert/Hochwert ETRS89/UTM32N). Nennweite DN 80",
    "survey:date": ""
   }
  },
  {
   "type": "Feature",
   "geometry": {
    "type": "Point",
    "coordinates": [
     8.551538,
     54.689291
    ]
   },
   "properties": {
    "ref": "359",
    "name": "Kortdeelsweg 2a-2c",
    "addr:city": "Wyk auf Föhr",
    "emergency": "fire_hydrant",
    "art": "Hydrant",
    "fire_hydrant:diameter": "DN 80",
    "flow_rate": 1600,
    "description": "Quelle: Datenexport Wasserwerk 2026, vermessen (Rechtswert/Hochwert ETRS89/UTM32N). Nennweite DN 80",
    "survey:date": ""
   }
  },
  {
   "type": "Feature",
   "geometry": {
    "type": "Point",
    "coordinates": [
     8.549954,
     54.689761
    ]
   },
   "properties": {
    "ref": "360",
    "name": "Kortdeelsweg 7",
    "addr:city": "Wyk auf Föhr",
    "emergency": "fire_hydrant",
    "art": "Hydrant",
    "fire_hydrant:diameter": "DN 80",
    "flow_rate": 1600,
    "description": "Quelle: Datenexport Wasserwerk 2026, vermessen (Rechtswert/Hochwert ETRS89/UTM32N). Nennweite DN 80",
    "survey:date": ""
   }
  },
  {
   "type": "Feature",
   "geometry": {
    "type": "Point",
    "coordinates": [
     8.548662,
     54.690163
    ]
   },
   "properties": {
    "ref": "361",
    "name": "Kortdeelsweg 13",
    "addr:city": "Wyk auf Föhr",
    "emergency": "fire_hydrant",
    "art": "Hydrant",
    "fire_hydrant:diameter": "DN 80",
    "flow_rate": 1600,
    "description": "Quelle: Datenexport Wasserwerk 2026, vermessen (Rechtswert/Hochwert ETRS89/UTM32N). Nennweite DN 80",
    "survey:date": ""
   }
  },
  {
   "type": "Feature",
   "geometry": {
    "type": "Point",
    "coordinates": [
     8.548091,
     54.690348
    ]
   },
   "properties": {
    "ref": "362",
    "name": "Kortdeelsweg 25",
    "addr:city": "Wyk auf Föhr",
    "emergency": "fire_hydrant",
    "art": "Hydrant",
    "fire_hydrant:diameter": "DN 80",
    "flow_rate": 1600,
    "description": "Quelle: Datenexport Wasserwerk 2026, vermessen (Rechtswert/Hochwert ETRS89/UTM32N). Nennweite DN 80",
    "survey:date": ""
   }
  },
  {
   "type": "Feature",
   "geometry": {
    "type": "Point",
    "coordinates": [
     8.549393,
     54.691291
    ]
   },
   "properties": {
    "ref": "363",
    "name": "Sanddornweg",
    "addr:city": "Wyk auf Föhr",
    "emergency": "fire_hydrant",
    "art": "Hydrant",
    "fire_hydrant:diameter": "DN 80",
    "flow_rate": 1600,
    "description": "Quelle: Datenexport Wasserwerk 2026, vermessen (Rechtswert/Hochwert ETRS89/UTM32N). Nennweite DN 80",
    "survey:date": ""
   }
  },
  {
   "type": "Feature",
   "geometry": {
    "type": "Point",
    "coordinates": [
     8.546729,
     54.690756
    ]
   },
   "properties": {
    "ref": "365",
    "name": "Kortdeelsweg",
    "addr:city": "Wyk auf Föhr",
    "emergency": "fire_hydrant",
    "art": "Hydrant",
    "fire_hydrant:diameter": "DN 80",
    "flow_rate": 1600,
    "description": "Quelle: Datenexport Wasserwerk 2026, vermessen (Rechtswert/Hochwert ETRS89/UTM32N). Nennweite DN 80",
    "survey:date": ""
   }
  },
  {
   "type": "Feature",
   "geometry": {
    "type": "Point",
    "coordinates": [
     8.546619,
     54.690752
    ]
   },
   "properties": {
    "ref": "366",
    "name": "Kortdeelsweg",
    "addr:city": "Wyk auf Föhr",
    "emergency": "fire_hydrant",
    "art": "E-Bohrbrunnen",
    "description": "Quelle: Datenexport Wasserwerk 2026, vermessen (Rechtswert/Hochwert ETRS89/UTM32N).",
    "survey:date": ""
   }
  },
  {
   "type": "Feature",
   "geometry": {
    "type": "Point",
    "coordinates": [
     8.548057,
     54.691766
    ]
   },
   "properties": {
    "ref": "367",
    "name": "Fliederweg 5",
    "addr:city": "Wyk auf Föhr",
    "emergency": "fire_hydrant",
    "art": "Hydrant",
    "fire_hydrant:diameter": "DN 80",
    "flow_rate": 1600,
    "description": "Quelle: Datenexport Wasserwerk 2026, vermessen (Rechtswert/Hochwert ETRS89/UTM32N). Nennweite DN 80",
    "survey:date": ""
   }
  },
  {
   "type": "Feature",
   "geometry": {
    "type": "Point",
    "coordinates": [
     8.545685,
     54.691075
    ]
   },
   "properties": {
    "ref": "368",
    "name": "Fehrstieg",
    "addr:city": "Wyk auf Föhr",
    "emergency": "fire_hydrant",
    "art": "Hydrant",
    "fire_hydrant:diameter": "DN 80",
    "flow_rate": 1600,
    "description": "Quelle: Datenexport Wasserwerk 2026, vermessen (Rechtswert/Hochwert ETRS89/UTM32N). Nennweite DN 80",
    "survey:date": ""
   }
  },
  {
   "type": "Feature",
   "geometry": {
    "type": "Point",
    "coordinates": [
     8.545919,
     54.691501
    ]
   },
   "properties": {
    "ref": "369",
    "name": "Fehrstieg 42",
    "addr:city": "Wyk auf Föhr",
    "emergency": "fire_hydrant",
    "art": "Hydrant",
    "fire_hydrant:diameter": "DN 80",
    "flow_rate": 1600,
    "description": "Quelle: Datenexport Wasserwerk 2026, vermessen (Rechtswert/Hochwert ETRS89/UTM32N). Nennweite DN 80",
    "survey:date": ""
   }
  },
  {
   "type": "Feature",
   "geometry": {
    "type": "Point",
    "coordinates": [
     8.546572,
     54.692241
    ]
   },
   "properties": {
    "ref": "370",
    "name": "Fehrstieg 5",
    "addr:city": "Wyk auf Föhr",
    "emergency": "fire_hydrant",
    "art": "Hydrant",
    "fire_hydrant:diameter": "DN 80",
    "flow_rate": 1600,
    "description": "Quelle: Datenexport Wasserwerk 2026, vermessen (Rechtswert/Hochwert ETRS89/UTM32N). Nennweite DN 80",
    "survey:date": ""
   }
  },
  {
   "type": "Feature",
   "geometry": {
    "type": "Point",
    "coordinates": [
     8.547299,
     54.693068
    ]
   },
   "properties": {
    "ref": "371",
    "name": "Fehrstieg 3A",
    "addr:city": "Wyk auf Föhr",
    "emergency": "fire_hydrant",
    "art": "Hydrant",
    "fire_hydrant:diameter": "DN 80",
    "flow_rate": 1600,
    "description": "Quelle: Datenexport Wasserwerk 2026, vermessen (Rechtswert/Hochwert ETRS89/UTM32N). Nennweite DN 80",
    "survey:date": ""
   }
  },
  {
   "type": "Feature",
   "geometry": {
    "type": "Point",
    "coordinates": [
     8.547963,
     54.693845
    ]
   },
   "properties": {
    "ref": "372",
    "name": "Fehrstieg 1B",
    "addr:city": "Wyk auf Föhr",
    "emergency": "fire_hydrant",
    "art": "Hydrant",
    "fire_hydrant:diameter": "DN 80",
    "flow_rate": 1600,
    "description": "Quelle: Datenexport Wasserwerk 2026, vermessen (Rechtswert/Hochwert ETRS89/UTM32N). Nennweite DN 80",
    "survey:date": ""
   }
  },
  {
   "type": "Feature",
   "geometry": {
    "type": "Point",
    "coordinates": [
     8.55037,
     54.694629
    ]
   },
   "properties": {
    "ref": "373",
    "name": "Nieblumstieg",
    "addr:city": "Wyk auf Föhr",
    "emergency": "fire_hydrant",
    "art": "Hydrant",
    "fire_hydrant:diameter": "DN 80",
    "flow_rate": 3200,
    "description": "Quelle: Datenexport Wasserwerk 2026, vermessen (Rechtswert/Hochwert ETRS89/UTM32N). Nennweite DN 80",
    "survey:date": ""
   }
  },
  {
   "type": "Feature",
   "geometry": {
    "type": "Point",
    "coordinates": [
     8.552441,
     54.694684
    ]
   },
   "properties": {
    "ref": "374",
    "name": "Nieblumstieg",
    "addr:city": "Wyk auf Föhr",
    "emergency": "fire_hydrant",
    "art": "Hydrant",
    "fire_hydrant:diameter": "DN 80",
    "flow_rate": 3200,
    "description": "Quelle: Datenexport Wasserwerk 2026, vermessen (Rechtswert/Hochwert ETRS89/UTM32N). Nennweite DN 80",
    "survey:date": ""
   }
  },
  {
   "type": "Feature",
   "geometry": {
    "type": "Point",
    "coordinates": [
     8.554485,
     54.694523
    ]
   },
   "properties": {
    "ref": "375",
    "name": "Nieblumstieg",
    "addr:city": "Wyk auf Föhr",
    "emergency": "fire_hydrant",
    "art": "Hydrant",
    "fire_hydrant:diameter": "DN 80",
    "flow_rate": 3200,
    "description": "Quelle: Datenexport Wasserwerk 2026, vermessen (Rechtswert/Hochwert ETRS89/UTM32N). Nennweite DN 80",
    "survey:date": ""
   }
  },
  {
   "type": "Feature",
   "geometry": {
    "type": "Point",
    "coordinates": [
     8.554945,
     54.696658
    ]
   },
   "properties": {
    "ref": "380",
    "name": "",
    "addr:city": "Wrixum",
    "emergency": "fire_hydrant",
    "art": "Bohrbrunnen",
    "description": "kartografische Symbolposition; nicht vermessungstechnisch oder vor Ort bestätigt · Quelle: Wrixum_Dorf.pdf",
    "survey:date": ""
   }
  },
  {
   "type": "Feature",
   "geometry": {
    "type": "Point",
    "coordinates": [
     8.556878,
     54.695328
    ]
   },
   "properties": {
    "ref": "381",
    "name": "Ocke-Nerong-Straße",
    "addr:city": "Wyk-Boldixum",
    "emergency": "fire_hydrant",
    "art": "Hydrant",
    "fire_hydrant:diameter": "DN 80",
    "flow_rate": 3200,
    "description": "Quelle: Datenexport Wasserwerk 2026, vermessen (Rechtswert/Hochwert ETRS89/UTM32N). Nennweite DN 80",
    "survey:date": ""
   }
  },
  {
   "type": "Feature",
   "geometry": {
    "type": "Point",
    "coordinates": [
     8.553724,
     54.695281
    ]
   },
   "properties": {
    "ref": "382",
    "name": "Baben Doerp",
    "addr:city": "Wyk-Boldixum",
    "emergency": "fire_hydrant",
    "art": "Hydrant",
    "fire_hydrant:diameter": "DN 80",
    "flow_rate": 1600,
    "description": "Quelle: Datenexport Wasserwerk 2026, vermessen (Rechtswert/Hochwert ETRS89/UTM32N). Nennweite DN 80",
    "survey:date": ""
   }
  },
  {
   "type": "Feature",
   "geometry": {
    "type": "Point",
    "coordinates": [
     8.554574,
     54.695099
    ]
   },
   "properties": {
    "ref": "383",
    "name": "Baben Doerp",
    "addr:city": "Wyk-Boldixum",
    "emergency": "fire_hydrant",
    "art": "Hydrant",
    "fire_hydrant:diameter": "DN 80",
    "flow_rate": 1600,
    "description": "Quelle: Datenexport Wasserwerk 2026, vermessen (Rechtswert/Hochwert ETRS89/UTM32N). Nennweite DN 80",
    "survey:date": ""
   }
  },
  {
   "type": "Feature",
   "geometry": {
    "type": "Point",
    "coordinates": [
     8.555247,
     54.695268
    ]
   },
   "properties": {
    "ref": "384",
    "name": "Baben Doerp",
    "addr:city": "Wyk-Boldixum",
    "emergency": "fire_hydrant",
    "art": "Hydrant",
    "fire_hydrant:diameter": "DN 80",
    "flow_rate": 1600,
    "description": "Quelle: Datenexport Wasserwerk 2026, vermessen (Rechtswert/Hochwert ETRS89/UTM32N). Nennweite DN 80",
    "survey:date": ""
   }
  },
  {
   "type": "Feature",
   "geometry": {
    "type": "Point",
    "coordinates": [
     8.555746,
     54.69578
    ]
   },
   "properties": {
    "ref": "385",
    "name": "Ocke-Nerong-Straße",
    "addr:city": "Wyk-Boldixum",
    "emergency": "fire_hydrant",
    "art": "Hydrant",
    "fire_hydrant:diameter": "DN 80",
    "flow_rate": 3200,
    "description": "Quelle: Datenexport Wasserwerk 2026, vermessen (Rechtswert/Hochwert ETRS89/UTM32N). Nennweite DN 80",
    "survey:date": ""
   }
  },
  {
   "type": "Feature",
   "geometry": {
    "type": "Point",
    "coordinates": [
     8.556548,
     54.695872
    ]
   },
   "properties": {
    "ref": "386",
    "name": "Harde",
    "addr:city": "Wyk-Boldixum",
    "emergency": "fire_hydrant",
    "art": "Hydrant",
    "fire_hydrant:diameter": "DN 80",
    "flow_rate": 1600,
    "description": "Quelle: Datenexport Wasserwerk 2026, vermessen (Rechtswert/Hochwert ETRS89/UTM32N). Nennweite DN 80",
    "survey:date": ""
   }
  },
  {
   "type": "Feature",
   "geometry": {
    "type": "Point",
    "coordinates": [
     8.555907,
     54.695981
    ]
   },
   "properties": {
    "ref": "387",
    "name": "Dörpstraat",
    "addr:city": "Wyk-Boldixum",
    "emergency": "fire_hydrant",
    "art": "Bohrbrunnen",
    "description": "Quelle: Datenexport Wasserwerk 2026, vermessen (Rechtswert/Hochwert ETRS89/UTM32N).",
    "survey:date": ""
   }
  },
  {
   "type": "Feature",
   "geometry": {
    "type": "Point",
    "coordinates": [
     8.555892,
     54.695982
    ]
   },
   "properties": {
    "ref": "387b",
    "name": "",
    "addr:city": "Wyk-Boldixum",
    "emergency": "fire_hydrant",
    "art": "Bohrbrunnen",
    "description": "kartografische Symbolposition; nicht vermessungstechnisch oder vor Ort bestätigt · Quelle: Wyk_Boldixum.pdf",
    "survey:date": ""
   }
  },
  {
   "type": "Feature",
   "geometry": {
    "type": "Point",
    "coordinates": [
     8.554975,
     54.696023
    ]
   },
   "properties": {
    "ref": "388",
    "name": "Ocke-Nerong-Straße",
    "addr:city": "Wyk-Boldixum",
    "emergency": "fire_hydrant",
    "art": "Hydrant",
    "fire_hydrant:diameter": "DN 80",
    "flow_rate": 3200,
    "description": "Quelle: Datenexport Wasserwerk 2026, vermessen (Rechtswert/Hochwert ETRS89/UTM32N). Nennweite DN 80",
    "survey:date": ""
   }
  },
  {
   "type": "Feature",
   "geometry": {
    "type": "Point",
    "coordinates": [
     8.554049,
     54.696349
    ]
   },
   "properties": {
    "ref": "389",
    "name": "Ocke-Nerong-Straße",
    "addr:city": "Wyk-Boldixum",
    "emergency": "fire_hydrant",
    "art": "Hydrant",
    "fire_hydrant:diameter": "DN 80",
    "flow_rate": 3200,
    "description": "Quelle: Datenexport Wasserwerk 2026, vermessen (Rechtswert/Hochwert ETRS89/UTM32N). Nennweite DN 80",
    "survey:date": ""
   }
  },
  {
   "type": "Feature",
   "geometry": {
    "type": "Point",
    "coordinates": [
     8.55364,
     54.696123
    ]
   },
   "properties": {
    "ref": "390",
    "name": "Ocke-Nerong-Straße",
    "addr:city": "Wyk-Boldixum",
    "emergency": "fire_hydrant",
    "art": "E-Bohrbrunnen",
    "description": "Quelle: Datenexport Wasserwerk 2026, vermessen (Rechtswert/Hochwert ETRS89/UTM32N).",
    "survey:date": ""
   }
  },
  {
   "type": "Feature",
   "geometry": {
    "type": "Point",
    "coordinates": [
     8.55293,
     54.696787
    ]
   },
   "properties": {
    "ref": "391",
    "name": "Ocke-Nerong-Straße",
    "addr:city": "Wyk-Boldixum",
    "emergency": "fire_hydrant",
    "art": "Hydrant",
    "fire_hydrant:diameter": "DN 80",
    "flow_rate": 3200,
    "description": "Quelle: Datenexport Wasserwerk 2026, vermessen (Rechtswert/Hochwert ETRS89/UTM32N). Nennweite DN 80",
    "survey:date": ""
   }
  },
  {
   "type": "Feature",
   "geometry": {
    "type": "Point",
    "coordinates": [
     8.552422,
     54.697373
    ]
   },
   "properties": {
    "ref": "392",
    "name": "Ocke-Nerong-Straße",
    "addr:city": "Wyk-Boldixum",
    "emergency": "fire_hydrant",
    "art": "Hydrant",
    "fire_hydrant:diameter": "DN 80",
    "flow_rate": 3200,
    "description": "Quelle: Datenexport Wasserwerk 2026, vermessen (Rechtswert/Hochwert ETRS89/UTM32N). Nennweite DN 80",
    "survey:date": ""
   }
  },
  {
   "type": "Feature",
   "geometry": {
    "type": "Point",
    "coordinates": [
     8.557525,
     54.696576
    ]
   },
   "properties": {
    "ref": "393",
    "name": "Harde",
    "addr:city": "Wyk-Boldixum",
    "emergency": "fire_hydrant",
    "art": "Hydrant",
    "fire_hydrant:diameter": "DN 80",
    "flow_rate": 1600,
    "description": "Quelle: Datenexport Wasserwerk 2026, vermessen (Rechtswert/Hochwert ETRS89/UTM32N). Nennweite DN 80",
    "survey:date": ""
   }
  },
  {
   "type": "Feature",
   "geometry": {
    "type": "Point",
    "coordinates": [
     8.558377,
     54.697139
    ]
   },
   "properties": {
    "ref": "394",
    "name": "But Doerp 4",
    "addr:city": "Wyk-Boldixum",
    "emergency": "fire_hydrant",
    "art": "Hydrant",
    "fire_hydrant:diameter": "DN 80",
    "flow_rate": 1600,
    "description": "Quelle: Datenexport Wasserwerk 2026, vermessen (Rechtswert/Hochwert ETRS89/UTM32N). Nennweite DN 80",
    "survey:date": ""
   }
  },
  {
   "type": "Feature",
   "geometry": {
    "type": "Point",
    "coordinates": [
     8.558209,
     54.697217
    ]
   },
   "properties": {
    "ref": "395",
    "name": "But Doerp",
    "addr:city": "Wyk-Boldixum",
    "emergency": "fire_hydrant",
    "art": "Hydrant",
    "fire_hydrant:diameter": "DN 80",
    "flow_rate": 1600,
    "description": "Quelle: Datenexport Wasserwerk 2026, vermessen (Rechtswert/Hochwert ETRS89/UTM32N). Nennweite DN 80",
    "survey:date": ""
   }
  },
  {
   "type": "Feature",
   "geometry": {
    "type": "Point",
    "coordinates": [
     8.557665,
     54.697677
    ]
   },
   "properties": {
    "ref": "396",
    "name": "But Doerp",
    "addr:city": "Wyk-Boldixum",
    "emergency": "fire_hydrant",
    "art": "Bohrbrunnen",
    "description": "Quelle: Datenexport Wasserwerk 2026, vermessen (Rechtswert/Hochwert ETRS89/UTM32N).",
    "survey:date": ""
   }
  },
  {
   "type": "Feature",
   "geometry": {
    "type": "Point",
    "coordinates": [
     8.556781,
     54.697913
    ]
   },
   "properties": {
    "ref": "397",
    "name": "But Doerp 7",
    "addr:city": "Wyk-Boldixum",
    "emergency": "fire_hydrant",
    "art": "Hydrant",
    "fire_hydrant:diameter": "DN 80",
    "flow_rate": 1600,
    "description": "Quelle: Datenexport Wasserwerk 2026, vermessen (Rechtswert/Hochwert ETRS89/UTM32N). Nennweite DN 80",
    "survey:date": ""
   }
  },
  {
   "type": "Feature",
   "geometry": {
    "type": "Point",
    "coordinates": [
     8.5559,
     54.698185
    ]
   },
   "properties": {
    "ref": "398",
    "name": "But Doerp",
    "addr:city": "Wyk-Boldixum",
    "emergency": "fire_hydrant",
    "art": "Hydrant",
    "fire_hydrant:diameter": "DN 80",
    "flow_rate": 1600,
    "description": "Quelle: Datenexport Wasserwerk 2026, vermessen (Rechtswert/Hochwert ETRS89/UTM32N). Nennweite DN 80",
    "survey:date": ""
   }
  },
  {
   "type": "Feature",
   "geometry": {
    "type": "Point",
    "coordinates": [
     8.554909,
     54.698407
    ]
   },
   "properties": {
    "ref": "399",
    "name": "But Doerp 9",
    "addr:city": "Wyk-Boldixum",
    "emergency": "fire_hydrant",
    "art": "Hydrant",
    "fire_hydrant:diameter": "DN 80",
    "flow_rate": 1600,
    "description": "Quelle: Datenexport Wasserwerk 2026, vermessen (Rechtswert/Hochwert ETRS89/UTM32N). Nennweite DN 80",
    "survey:date": ""
   }
  },
  {
   "type": "Feature",
   "geometry": {
    "type": "Point",
    "coordinates": [
     8.56902,
     54.708307
    ]
   },
   "properties": {
    "ref": "400",
    "name": "Kreisstraße",
    "addr:city": "Wyk-Boldixum",
    "emergency": "fire_hydrant",
    "art": "Hydrant",
    "fire_hydrant:diameter": "DN 80",
    "flow_rate": 400,
    "description": "Quelle: Datenexport Wasserwerk 2026, vermessen (Rechtswert/Hochwert ETRS89/UTM32N). Nennweite DN 80",
    "survey:date": ""
   }
  },
  {
   "type": "Feature",
   "geometry": {
    "type": "Point",
    "coordinates": [
     8.552325,
     54.696293
    ]
   },
   "properties": {
    "ref": "402",
    "name": "Kirchweg",
    "addr:city": "Wyk-Boldixum",
    "emergency": "fire_hydrant",
    "art": "Hydrant",
    "fire_hydrant:diameter": "DN 80",
    "flow_rate": 1600,
    "description": "Quelle: Datenexport Wasserwerk 2026, vermessen (Rechtswert/Hochwert ETRS89/UTM32N). Nennweite DN 80",
    "survey:date": ""
   }
  },
  {
   "type": "Feature",
   "geometry": {
    "type": "Point",
    "coordinates": [
     8.526959,
     54.693069
    ]
   },
   "properties": {
    "ref": "421",
    "name": "Am Wasserwerk",
    "addr:city": "Wrixum",
    "emergency": "fire_hydrant",
    "art": "Hydrant",
    "fire_hydrant:diameter": "DN 80",
    "flow_rate": 3200,
    "description": "Quelle: Datenexport Wasserwerk 2026, vermessen (Rechtswert/Hochwert ETRS89/UTM32N). Nennweite DN 80",
    "survey:date": ""
   }
  },
  {
   "type": "Feature",
   "geometry": {
    "type": "Point",
    "coordinates": [
     8.52736,
     54.692577
    ]
   },
   "properties": {
    "ref": "422",
    "name": "Am Wasserwerk",
    "addr:city": "Wrixum",
    "emergency": "fire_hydrant",
    "art": "Hydrant",
    "fire_hydrant:diameter": "DN 80",
    "flow_rate": 3200,
    "description": "Quelle: Datenexport Wasserwerk 2026, vermessen (Rechtswert/Hochwert ETRS89/UTM32N). Nennweite DN 80",
    "survey:date": ""
   }
  },
  {
   "type": "Feature",
   "geometry": {
    "type": "Point",
    "coordinates": [
     8.530956,
     54.690633
    ]
   },
   "properties": {
    "ref": "423",
    "name": "Hialwai",
    "addr:city": "Wrixum",
    "emergency": "fire_hydrant",
    "art": "Hydrant",
    "fire_hydrant:diameter": "DN 80",
    "flow_rate": 3200,
    "description": "Quelle: Datenexport Wasserwerk 2026, vermessen (Rechtswert/Hochwert ETRS89/UTM32N). Nennweite DN 80",
    "survey:date": ""
   }
  },
  {
   "type": "Feature",
   "geometry": {
    "type": "Point",
    "coordinates": [
     8.536664,
     54.692848
    ]
   },
   "properties": {
    "ref": "424",
    "name": "Nieblumstieg",
    "addr:city": "Wrixum",
    "emergency": "fire_hydrant",
    "art": "Hydrant",
    "fire_hydrant:diameter": "DN 80",
    "flow_rate": 3200,
    "description": "Quelle: Datenexport Wasserwerk 2026, vermessen (Rechtswert/Hochwert ETRS89/UTM32N). Nennweite DN 80",
    "survey:date": ""
   }
  },
  {
   "type": "Feature",
   "geometry": {
    "type": "Point",
    "coordinates": [
     8.541427,
     54.693228
    ]
   },
   "properties": {
    "ref": "425",
    "name": "Nieblumstieg",
    "addr:city": "Wrixum",
    "emergency": "fire_hydrant",
    "art": "Hydrant",
    "fire_hydrant:diameter": "DN 80",
    "flow_rate": 3200,
    "description": "Quelle: Datenexport Wasserwerk 2026, vermessen (Rechtswert/Hochwert ETRS89/UTM32N). Nennweite DN 80",
    "survey:date": ""
   }
  },
  {
   "type": "Feature",
   "geometry": {
    "type": "Point",
    "coordinates": [
     8.546853,
     54.69401
    ]
   },
   "properties": {
    "ref": "426",
    "name": "Nieblumstieg",
    "addr:city": "Wrixum",
    "emergency": "fire_hydrant",
    "art": "Hydrant",
    "fire_hydrant:diameter": "DN 80",
    "flow_rate": 3200,
    "description": "Quelle: Datenexport Wasserwerk 2026, vermessen (Rechtswert/Hochwert ETRS89/UTM32N). Nennweite DN 80",
    "survey:date": ""
   }
  },
  {
   "type": "Feature",
   "geometry": {
    "type": "Point",
    "coordinates": [
     8.546138,
     54.69446
    ]
   },
   "properties": {
    "ref": "427",
    "name": "Bi de Kark",
    "addr:city": "Wrixum",
    "emergency": "fire_hydrant",
    "art": "Hydrant",
    "fire_hydrant:diameter": "DN 80",
    "flow_rate": 800,
    "description": "Quelle: Datenexport Wasserwerk 2026, vermessen (Rechtswert/Hochwert ETRS89/UTM32N). Nennweite DN 80",
    "survey:date": ""
   }
  },
  {
   "type": "Feature",
   "geometry": {
    "type": "Point",
    "coordinates": [
     8.546727,
     54.695068
    ]
   },
   "properties": {
    "ref": "428",
    "name": "Bi de Kark",
    "addr:city": "Wrixum",
    "emergency": "fire_hydrant",
    "art": "Hydrant",
    "fire_hydrant:diameter": "DN 80",
    "flow_rate": 1600,
    "description": "Quelle: Datenexport Wasserwerk 2026, vermessen (Rechtswert/Hochwert ETRS89/UTM32N). Nennweite DN 80",
    "survey:date": ""
   }
  },
  {
   "type": "Feature",
   "geometry": {
    "type": "Point",
    "coordinates": [
     8.547893,
     54.694967
    ]
   },
   "properties": {
    "ref": "429",
    "name": "Bi de Kark",
    "addr:city": "Wrixum",
    "emergency": "fire_hydrant",
    "art": "Hydrant",
    "fire_hydrant:diameter": "DN 80",
    "flow_rate": 1600,
    "description": "Quelle: Datenexport Wasserwerk 2026, vermessen (Rechtswert/Hochwert ETRS89/UTM32N). Nennweite DN 80",
    "survey:date": ""
   }
  },
  {
   "type": "Feature",
   "geometry": {
    "type": "Point",
    "coordinates": [
     8.547706,
     54.695103
    ]
   },
   "properties": {
    "ref": "431",
    "name": "Bi de Kark",
    "addr:city": "Wrixum",
    "emergency": "fire_hydrant",
    "art": "E-Bohrbrunnen",
    "description": "Quelle: Datenexport Wasserwerk 2026, vermessen (Rechtswert/Hochwert ETRS89/UTM32N).",
    "survey:date": ""
   }
  },
  {
   "type": "Feature",
   "geometry": {
    "type": "Point",
    "coordinates": [
     8.549343,
     54.695456
    ]
   },
   "properties": {
    "ref": "432",
    "name": "Kirchweg",
    "addr:city": "Wrixum",
    "emergency": "fire_hydrant",
    "art": "Hydrant",
    "fire_hydrant:diameter": "DN 80",
    "flow_rate": 1600,
    "description": "Quelle: Datenexport Wasserwerk 2026, vermessen (Rechtswert/Hochwert ETRS89/UTM32N). Nennweite DN 80",
    "survey:date": ""
   }
  },
  {
   "type": "Feature",
   "geometry": {
    "type": "Point",
    "coordinates": [
     8.548213,
     54.695908
    ]
   },
   "properties": {
    "ref": "433",
    "name": "Dörpwundt",
    "addr:city": "Wrixum",
    "emergency": "fire_hydrant",
    "art": "Hydrant",
    "fire_hydrant:diameter": "DN 80",
    "flow_rate": 1600,
    "description": "Quelle: Datenexport Wasserwerk 2026, vermessen (Rechtswert/Hochwert ETRS89/UTM32N). Nennweite DN 80",
    "survey:date": ""
   }
  },
  {
   "type": "Feature",
   "geometry": {
    "type": "Point",
    "coordinates": [
     8.54677,
     54.695932
    ]
   },
   "properties": {
    "ref": "434",
    "name": "Krummwundt",
    "addr:city": "Wrixum",
    "emergency": "fire_hydrant",
    "art": "Hydrant",
    "fire_hydrant:diameter": "DN 80",
    "flow_rate": 1600,
    "description": "Quelle: Datenexport Wasserwerk 2026, vermessen (Rechtswert/Hochwert ETRS89/UTM32N). Nennweite DN 80",
    "survey:date": ""
   }
  },
  {
   "type": "Feature",
   "geometry": {
    "type": "Point",
    "coordinates": [
     8.549731,
     54.696318
    ]
   },
   "properties": {
    "ref": "435",
    "name": "Karkstieg",
    "addr:city": "Wrixum",
    "emergency": "fire_hydrant",
    "art": "Hydrant",
    "fire_hydrant:diameter": "DN 80",
    "flow_rate": 1600,
    "description": "Quelle: Datenexport Wasserwerk 2026, vermessen (Rechtswert/Hochwert ETRS89/UTM32N). Nennweite DN 80",
    "survey:date": ""
   }
  },
  {
   "type": "Feature",
   "geometry": {
    "type": "Point",
    "coordinates": [
     8.547444,
     54.696699
    ]
   },
   "properties": {
    "ref": "436",
    "name": "Tewelken",
    "addr:city": "Wrixum",
    "emergency": "fire_hydrant",
    "art": "Hydrant",
    "fire_hydrant:diameter": "DN 80",
    "flow_rate": 1600,
    "description": "Quelle: Datenexport Wasserwerk 2026, vermessen (Rechtswert/Hochwert ETRS89/UTM32N). Nennweite DN 80",
    "survey:date": ""
   }
  },
  {
   "type": "Feature",
   "geometry": {
    "type": "Point",
    "coordinates": [
     8.546655,
     54.697042
    ]
   },
   "properties": {
    "ref": "437",
    "name": "Tewelken",
    "addr:city": "Wrixum",
    "emergency": "fire_hydrant",
    "art": "Hydrant",
    "fire_hydrant:diameter": "DN 80",
    "flow_rate": 1600,
    "description": "Quelle: Datenexport Wasserwerk 2026, vermessen (Rechtswert/Hochwert ETRS89/UTM32N). Nennweite DN 80",
    "survey:date": ""
   }
  },
  {
   "type": "Feature",
   "geometry": {
    "type": "Point",
    "coordinates": [
     8.547945,
     54.697029
    ]
   },
   "properties": {
    "ref": "438",
    "name": "Dörpwundt",
    "addr:city": "Wrixum",
    "emergency": "fire_hydrant",
    "art": "Hydrant",
    "fire_hydrant:diameter": "DN 80",
    "flow_rate": 1600,
    "description": "Quelle: Datenexport Wasserwerk 2026, vermessen (Rechtswert/Hochwert ETRS89/UTM32N). Nennweite DN 80",
    "survey:date": ""
   }
  },
  {
   "type": "Feature",
   "geometry": {
    "type": "Point",
    "coordinates": [
     8.549128,
     54.697092
    ]
   },
   "properties": {
    "ref": "439",
    "name": "Dörpwundt",
    "addr:city": "Wrixum",
    "emergency": "fire_hydrant",
    "art": "Hydrant",
    "fire_hydrant:diameter": "DN 80",
    "flow_rate": 1600,
    "description": "Quelle: Datenexport Wasserwerk 2026, vermessen (Rechtswert/Hochwert ETRS89/UTM32N). Nennweite DN 80",
    "survey:date": ""
   }
  },
  {
   "type": "Feature",
   "geometry": {
    "type": "Point",
    "coordinates": [
     8.548892,
     54.697626
    ]
   },
   "properties": {
    "ref": "441",
    "name": "Karkstieg",
    "addr:city": "Wrixum",
    "emergency": "fire_hydrant",
    "art": "Hydrant",
    "fire_hydrant:diameter": "DN 80",
    "flow_rate": 1600,
    "description": "Quelle: Datenexport Wasserwerk 2026, vermessen (Rechtswert/Hochwert ETRS89/UTM32N). Nennweite DN 80",
    "survey:date": ""
   }
  },
  {
   "type": "Feature",
   "geometry": {
    "type": "Point",
    "coordinates": [
     8.548068,
     54.698241
    ]
   },
   "properties": {
    "ref": "442",
    "name": "Karkstieg",
    "addr:city": "Wrixum",
    "emergency": "fire_hydrant",
    "art": "Hydrant",
    "fire_hydrant:diameter": "DN 80",
    "flow_rate": 1600,
    "description": "Quelle: Datenexport Wasserwerk 2026, vermessen (Rechtswert/Hochwert ETRS89/UTM32N). Nennweite DN 80",
    "survey:date": ""
   }
  },
  {
   "type": "Feature",
   "geometry": {
    "type": "Point",
    "coordinates": [
     8.553653,
     54.699148
    ]
   },
   "properties": {
    "ref": "443",
    "name": "Ohl-Dörp",
    "addr:city": "Wrixum",
    "emergency": "fire_hydrant",
    "art": "Hydrant",
    "fire_hydrant:diameter": "DN 80",
    "flow_rate": 1600,
    "description": "Quelle: Datenexport Wasserwerk 2026, vermessen (Rechtswert/Hochwert ETRS89/UTM32N). Nennweite DN 80",
    "survey:date": ""
   }
  },
  {
   "type": "Feature",
   "geometry": {
    "type": "Point",
    "coordinates": [
     8.552538,
     54.698357
    ]
   },
   "properties": {
    "ref": "444",
    "name": "Neuer Weg 6",
    "addr:city": "Wrixum",
    "emergency": "fire_hydrant",
    "art": "Bohrbrunnen",
    "description": "Quelle: Datenexport Wasserwerk 2026, vermessen (Rechtswert/Hochwert ETRS89/UTM32N).",
    "survey:date": ""
   }
  },
  {
   "type": "Feature",
   "geometry": {
    "type": "Point",
    "coordinates": [
     8.55151,
     54.697944
    ]
   },
   "properties": {
    "ref": "445",
    "name": "Hardesweg",
    "addr:city": "Wrixum",
    "emergency": "fire_hydrant",
    "art": "Hydrant",
    "fire_hydrant:diameter": "DN 80",
    "flow_rate": 3200,
    "description": "Quelle: Datenexport Wasserwerk 2026, vermessen (Rechtswert/Hochwert ETRS89/UTM32N). Nennweite DN 80",
    "survey:date": ""
   }
  },
  {
   "type": "Feature",
   "geometry": {
    "type": "Point",
    "coordinates": [
     8.552482,
     54.699842
    ]
   },
   "properties": {
    "ref": "446",
    "name": "Ohl-Dörp",
    "addr:city": "Wrixum",
    "emergency": "fire_hydrant",
    "art": "Hydrant",
    "fire_hydrant:diameter": "DN 80",
    "flow_rate": 1600,
    "description": "Quelle: Datenexport Wasserwerk 2026, vermessen (Rechtswert/Hochwert ETRS89/UTM32N). Nennweite DN 80",
    "survey:date": ""
   }
  },
  {
   "type": "Feature",
   "geometry": {
    "type": "Point",
    "coordinates": [
     8.550973,
     54.700561
    ]
   },
   "properties": {
    "ref": "447",
    "name": "Ohl-Dörp",
    "addr:city": "Wrixum",
    "emergency": "fire_hydrant",
    "art": "Hydrant",
    "fire_hydrant:diameter": "DN 80",
    "flow_rate": 1600,
    "description": "Quelle: Datenexport Wasserwerk 2026, vermessen (Rechtswert/Hochwert ETRS89/UTM32N). Nennweite DN 80",
    "survey:date": ""
   }
  },
  {
   "type": "Feature",
   "geometry": {
    "type": "Point",
    "coordinates": [
     8.550611,
     54.699617
    ]
   },
   "properties": {
    "ref": "448",
    "name": "Ohl-Dörp",
    "addr:city": "Wrixum",
    "emergency": "fire_hydrant",
    "art": "Hydrant",
    "fire_hydrant:diameter": "DN 80",
    "flow_rate": 1600,
    "description": "Quelle: Datenexport Wasserwerk 2026, vermessen (Rechtswert/Hochwert ETRS89/UTM32N). Nennweite DN 80",
    "survey:date": ""
   }
  },
  {
   "type": "Feature",
   "geometry": {
    "type": "Point",
    "coordinates": [
     8.549251,
     54.69904
    ]
   },
   "properties": {
    "ref": "449",
    "name": "Hardesweg",
    "addr:city": "Wrixum",
    "emergency": "fire_hydrant",
    "art": "Hydrant",
    "fire_hydrant:diameter": "DN 80",
    "flow_rate": 3200,
    "description": "Quelle: Datenexport Wasserwerk 2026, vermessen (Rechtswert/Hochwert ETRS89/UTM32N). Nennweite DN 80",
    "survey:date": ""
   }
  },
  {
   "type": "Feature",
   "geometry": {
    "type": "Point",
    "coordinates": [
     8.549742,
     54.699519
    ]
   },
   "properties": {
    "ref": "452",
    "name": "Hardesweg 51",
    "addr:city": "Wrixum",
    "emergency": "fire_hydrant",
    "art": "Bohrbrunnen",
    "description": "Quelle: Datenexport Wasserwerk 2026, vermessen (Rechtswert/Hochwert ETRS89/UTM32N).",
    "survey:date": ""
   }
  },
  {
   "type": "Feature",
   "geometry": {
    "type": "Point",
    "coordinates": [
     8.549033,
     54.698819
    ]
   },
   "properties": {
    "ref": "453",
    "name": "Hardesweg Sportplatz",
    "addr:city": "Wrixum",
    "emergency": "fire_hydrant",
    "art": "Bohrbrunnen",
    "description": "Quelle: Datenexport Wasserwerk 2026, vermessen (Rechtswert/Hochwert ETRS89/UTM32N).",
    "survey:date": ""
   }
  },
  {
   "type": "Feature",
   "geometry": {
    "type": "Point",
    "coordinates": [
     8.549368,
     54.700949
    ]
   },
   "properties": {
    "ref": "454",
    "name": "Ohl-Dörp",
    "addr:city": "Wrixum",
    "emergency": "fire_hydrant",
    "art": "Hydrant",
    "fire_hydrant:diameter": "DN 80",
    "flow_rate": 1600,
    "description": "Quelle: Datenexport Wasserwerk 2026, vermessen (Rechtswert/Hochwert ETRS89/UTM32N). Nennweite DN 80",
    "survey:date": ""
   }
  },
  {
   "type": "Feature",
   "geometry": {
    "type": "Point",
    "coordinates": [
     8.547879,
     54.699556
    ]
   },
   "properties": {
    "ref": "455",
    "name": "Hardesweg",
    "addr:city": "Wrixum",
    "emergency": "fire_hydrant",
    "art": "Hydrant",
    "fire_hydrant:diameter": "DN 80",
    "flow_rate": 3200,
    "description": "Quelle: Datenexport Wasserwerk 2026, vermessen (Rechtswert/Hochwert ETRS89/UTM32N). Nennweite DN 80",
    "survey:date": ""
   }
  },
  {
   "type": "Feature",
   "geometry": {
    "type": "Point",
    "coordinates": [
     8.548187,
     54.699993
    ]
   },
   "properties": {
    "ref": "456",
    "name": "Hardesweg 37",
    "addr:city": "Wrixum",
    "emergency": "fire_hydrant",
    "art": "Bohrbrunnen",
    "description": "Quelle: Datenexport Wasserwerk 2026, vermessen (Rechtswert/Hochwert ETRS89/UTM32N).",
    "survey:date": ""
   }
  },
  {
   "type": "Feature",
   "geometry": {
    "type": "Point",
    "coordinates": [
     8.548239,
     54.701152
    ]
   },
   "properties": {
    "ref": "457",
    "name": "Ohl-Dörp",
    "addr:city": "Wrixum",
    "emergency": "fire_hydrant",
    "art": "Hydrant",
    "fire_hydrant:diameter": "DN 80",
    "flow_rate": 1600,
    "description": "Quelle: Datenexport Wasserwerk 2026, vermessen (Rechtswert/Hochwert ETRS89/UTM32N). Nennweite DN 80",
    "survey:date": ""
   }
  },
  {
   "type": "Feature",
   "geometry": {
    "type": "Point",
    "coordinates": [
     8.547504,
     54.70132
    ]
   },
   "properties": {
    "ref": "458",
    "name": "Ohl-Dörp",
    "addr:city": "Wrixum",
    "emergency": "fire_hydrant",
    "art": "Bohrbrunnen",
    "description": "Quelle: Datenexport Wasserwerk 2026, vermessen (Rechtswert/Hochwert ETRS89/UTM32N).",
    "survey:date": ""
   }
  },
  {
   "type": "Feature",
   "geometry": {
    "type": "Point",
    "coordinates": [
     8.547442,
     54.701543
    ]
   },
   "properties": {
    "ref": "459",
    "name": "Ohl-Dörp",
    "addr:city": "Wrixum",
    "emergency": "fire_hydrant",
    "art": "Hydrant",
    "fire_hydrant:diameter": "DN 80",
    "flow_rate": 1600,
    "description": "Quelle: Datenexport Wasserwerk 2026, vermessen (Rechtswert/Hochwert ETRS89/UTM32N). Nennweite DN 80",
    "survey:date": ""
   }
  },
  {
   "type": "Feature",
   "geometry": {
    "type": "Point",
    "coordinates": [
     8.545168,
     54.700684
    ]
   },
   "properties": {
    "ref": "462",
    "name": "Hardesweg",
    "addr:city": "Wrixum",
    "emergency": "fire_hydrant",
    "art": "Hydrant",
    "fire_hydrant:diameter": "DN 80",
    "flow_rate": 3200,
    "description": "Quelle: Datenexport Wasserwerk 2026, vermessen (Rechtswert/Hochwert ETRS89/UTM32N). Nennweite DN 80",
    "survey:date": ""
   }
  },
  {
   "type": "Feature",
   "geometry": {
    "type": "Point",
    "coordinates": [
     8.54641,
     54.702259
    ]
   },
   "properties": {
    "ref": "463",
    "name": "Ohl-Dörp",
    "addr:city": "Wrixum",
    "emergency": "fire_hydrant",
    "art": "Hydrant",
    "fire_hydrant:diameter": "DN 80",
    "flow_rate": 1600,
    "description": "Quelle: Datenexport Wasserwerk 2026, vermessen (Rechtswert/Hochwert ETRS89/UTM32N). Nennweite DN 80",
    "survey:date": ""
   }
  },
  {
   "type": "Feature",
   "geometry": {
    "type": "Point",
    "coordinates": [
     8.543259,
     54.701672
    ]
   },
   "properties": {
    "ref": "464",
    "name": "Hardesweg",
    "addr:city": "Wrixum",
    "emergency": "fire_hydrant",
    "art": "Hydrant",
    "fire_hydrant:diameter": "DN 80",
    "flow_rate": 3200,
    "description": "Quelle: Datenexport Wasserwerk 2026, vermessen (Rechtswert/Hochwert ETRS89/UTM32N). Nennweite DN 80",
    "survey:date": ""
   }
  },
  {
   "type": "Feature",
   "geometry": {
    "type": "Point",
    "coordinates": [
     8.545122,
     54.703037
    ]
   },
   "properties": {
    "ref": "465",
    "name": "Ohl-Dörp",
    "addr:city": "Wrixum",
    "emergency": "fire_hydrant",
    "art": "Bohrbrunnen",
    "description": "Quelle: Datenexport Wasserwerk 2026, vermessen (Rechtswert/Hochwert ETRS89/UTM32N).",
    "survey:date": ""
   }
  },
  {
   "type": "Feature",
   "geometry": {
    "type": "Point",
    "coordinates": [
     8.544868,
     54.703145
    ]
   },
   "properties": {
    "ref": "466",
    "name": "Ohl-Dörp",
    "addr:city": "Wrixum",
    "emergency": "fire_hydrant",
    "art": "Hydrant",
    "fire_hydrant:diameter": "DN 80",
    "flow_rate": 1600,
    "description": "Quelle: Datenexport Wasserwerk 2026, vermessen (Rechtswert/Hochwert ETRS89/UTM32N). Nennweite DN 80",
    "survey:date": ""
   }
  },
  {
   "type": "Feature",
   "geometry": {
    "type": "Point",
    "coordinates": [
     8.543964,
     54.702277
    ]
   },
   "properties": {
    "ref": "467",
    "name": "Ohl-Dörp 21",
    "addr:city": "Wrixum",
    "emergency": "fire_hydrant",
    "art": "Bohrbrunnen",
    "description": "Quelle: Datenexport Wasserwerk 2026, vermessen (Rechtswert/Hochwert ETRS89/UTM32N).",
    "survey:date": ""
   }
  },
  {
   "type": "Feature",
   "geometry": {
    "type": "Point",
    "coordinates": [
     8.543828,
     54.70404
    ]
   },
   "properties": {
    "ref": "468",
    "name": "Ohl-Dörp",
    "addr:city": "Wrixum",
    "emergency": "fire_hydrant",
    "art": "Hydrant",
    "fire_hydrant:diameter": "DN 80",
    "flow_rate": 1600,
    "description": "Quelle: Datenexport Wasserwerk 2026, vermessen (Rechtswert/Hochwert ETRS89/UTM32N). Nennweite DN 80",
    "survey:date": ""
   }
  },
  {
   "type": "Feature",
   "geometry": {
    "type": "Point",
    "coordinates": [
     8.54274,
     54.704656
    ]
   },
   "properties": {
    "ref": "469",
    "name": "Ohl-Dörp",
    "addr:city": "Wrixum",
    "emergency": "fire_hydrant",
    "art": "Hydrant",
    "fire_hydrant:diameter": "DN 80",
    "flow_rate": 1600,
    "description": "Quelle: Datenexport Wasserwerk 2026, vermessen (Rechtswert/Hochwert ETRS89/UTM32N). Nennweite DN 80",
    "survey:date": ""
   }
  },
  {
   "type": "Feature",
   "geometry": {
    "type": "Point",
    "coordinates": [
     8.540692,
     54.703436
    ]
   },
   "properties": {
    "ref": "471",
    "name": "K 125",
    "addr:city": "Wrixum",
    "emergency": "fire_hydrant",
    "art": "Hydrant",
    "fire_hydrant:diameter": "DN 80",
    "flow_rate": 3200,
    "description": "Quelle: Datenexport Wasserwerk 2026, vermessen (Rechtswert/Hochwert ETRS89/UTM32N). Nennweite DN 80",
    "survey:date": ""
   }
  },
  {
   "type": "Feature",
   "geometry": {
    "type": "Point",
    "coordinates": [
     8.541785,
     54.705176
    ]
   },
   "properties": {
    "ref": "472",
    "name": "Ohl-Dörp",
    "addr:city": "Wrixum",
    "emergency": "fire_hydrant",
    "art": "Bohrbrunnen",
    "description": "Quelle: Datenexport Wasserwerk 2026, vermessen (Rechtswert/Hochwert ETRS89/UTM32N).",
    "survey:date": ""
   }
  },
  {
   "type": "Feature",
   "geometry": {
    "type": "Point",
    "coordinates": [
     8.540937,
     54.704528
    ]
   },
   "properties": {
    "ref": "473",
    "name": "Ohl-Dörp",
    "addr:city": "Wrixum",
    "emergency": "fire_hydrant",
    "art": "Bohrbrunnen",
    "description": "Quelle: Datenexport Wasserwerk 2026, vermessen (Rechtswert/Hochwert ETRS89/UTM32N).",
    "survey:date": ""
   }
  },
  {
   "type": "Feature",
   "geometry": {
    "type": "Point",
    "coordinates": [
     8.532595,
     54.70608
    ]
   },
   "properties": {
    "ref": "481",
    "name": "Am Friesental",
    "addr:city": "Oevenum",
    "emergency": "fire_hydrant",
    "art": "Hydrant",
    "fire_hydrant:diameter": "DN 80",
    "flow_rate": 3200,
    "description": "Quelle: Datenexport Wasserwerk 2026, vermessen (Rechtswert/Hochwert ETRS89/UTM32N). Nennweite DN 80",
    "survey:date": ""
   }
  },
  {
   "type": "Feature",
   "geometry": {
    "type": "Point",
    "coordinates": [
     8.534396,
     54.708479
    ]
   },
   "properties": {
    "ref": "482",
    "name": "Wohlackerum",
    "addr:city": "Oevenum",
    "emergency": "fire_hydrant",
    "art": "Hydrant",
    "fire_hydrant:diameter": "DN 80",
    "flow_rate": 1600,
    "description": "Quelle: Datenexport Wasserwerk 2026, vermessen (Rechtswert/Hochwert ETRS89/UTM32N). Nennweite DN 80",
    "survey:date": ""
   }
  },
  {
   "type": "Feature",
   "geometry": {
    "type": "Point",
    "coordinates": [
     8.53523,
     54.708803
    ]
   },
   "properties": {
    "ref": "483",
    "name": "Wohlackerum",
    "addr:city": "Oevenum",
    "emergency": "fire_hydrant",
    "art": "Hydrant",
    "fire_hydrant:diameter": "DN 80",
    "flow_rate": 1600,
    "description": "Quelle: Datenexport Wasserwerk 2026, vermessen (Rechtswert/Hochwert ETRS89/UTM32N). Nennweite DN 80",
    "survey:date": ""
   }
  },
  {
   "type": "Feature",
   "geometry": {
    "type": "Point",
    "coordinates": [
     8.532952,
     54.708512
    ]
   },
   "properties": {
    "ref": "484",
    "name": "Dörpstrat",
    "addr:city": "Oevenum",
    "emergency": "fire_hydrant",
    "art": "Hydrant",
    "fire_hydrant:diameter": "DN 80",
    "flow_rate": 3200,
    "description": "Quelle: Datenexport Wasserwerk 2026, vermessen (Rechtswert/Hochwert ETRS89/UTM32N). Nennweite DN 80",
    "survey:date": ""
   }
  },
  {
   "type": "Feature",
   "geometry": {
    "type": "Point",
    "coordinates": [
     8.531992,
     54.709171
    ]
   },
   "properties": {
    "ref": "485",
    "name": "Dörpstrat",
    "addr:city": "Oevenum",
    "emergency": "fire_hydrant",
    "art": "Hydrant",
    "fire_hydrant:diameter": "DN 80",
    "flow_rate": 3200,
    "description": "Quelle: Datenexport Wasserwerk 2026, vermessen (Rechtswert/Hochwert ETRS89/UTM32N). Nennweite DN 80",
    "survey:date": ""
   }
  },
  {
   "type": "Feature",
   "geometry": {
    "type": "Point",
    "coordinates": [
     8.533159,
     54.709482
    ]
   },
   "properties": {
    "ref": "486",
    "name": "Buurnstraat 8",
    "addr:city": "Oevenum",
    "emergency": "fire_hydrant",
    "art": "Bohrbrunnen",
    "description": "Quelle: Datenexport Wasserwerk 2026, vermessen (Rechtswert/Hochwert ETRS89/UTM32N).",
    "survey:date": ""
   }
  },
  {
   "type": "Feature",
   "geometry": {
    "type": "Point",
    "coordinates": [
     8.533477,
     54.709989
    ]
   },
   "properties": {
    "ref": "487",
    "name": "Buurnstraat 16",
    "addr:city": "Oevenum",
    "emergency": "fire_hydrant",
    "art": "Hydrant",
    "fire_hydrant:diameter": "DN 80",
    "flow_rate": 1600,
    "description": "Quelle: Datenexport Wasserwerk 2026, vermessen (Rechtswert/Hochwert ETRS89/UTM32N). Nennweite DN 80",
    "survey:date": ""
   }
  },
  {
   "type": "Feature",
   "geometry": {
    "type": "Point",
    "coordinates": [
     8.533029,
     54.710211
    ]
   },
   "properties": {
    "ref": "488",
    "name": "Buurnstraat 18",
    "addr:city": "Oevenum",
    "emergency": "fire_hydrant",
    "art": "Bohrbrunnen",
    "description": "Quelle: Datenexport Wasserwerk 2026, vermessen (Rechtswert/Hochwert ETRS89/UTM32N).",
    "survey:date": ""
   }
  },
  {
   "type": "Feature",
   "geometry": {
    "type": "Point",
    "coordinates": [
     8.532827,
     54.710549
    ]
   },
   "properties": {
    "ref": "489",
    "name": "Buurnstraat 27",
    "addr:city": "Oevenum",
    "emergency": "fire_hydrant",
    "art": "Hydrant",
    "fire_hydrant:diameter": "DN 80",
    "flow_rate": 1600,
    "description": "Quelle: Datenexport Wasserwerk 2026, vermessen (Rechtswert/Hochwert ETRS89/UTM32N). Nennweite DN 80",
    "survey:date": ""
   }
  },
  {
   "type": "Feature",
   "geometry": {
    "type": "Point",
    "coordinates": [
     8.527583,
     54.709379
    ]
   },
   "properties": {
    "ref": "492",
    "name": "Bobklint",
    "addr:city": "Oevenum",
    "emergency": "fire_hydrant",
    "art": "E-Bohrbrunnen",
    "description": "Quelle: Datenexport Wasserwerk 2026, vermessen (Rechtswert/Hochwert ETRS89/UTM32N).",
    "survey:date": ""
   }
  },
  {
   "type": "Feature",
   "geometry": {
    "type": "Point",
    "coordinates": [
     8.528228,
     54.709611
    ]
   },
   "properties": {
    "ref": "493",
    "name": "Karkenstieg",
    "addr:city": "Oevenum",
    "emergency": "fire_hydrant",
    "art": "Hydrant",
    "fire_hydrant:diameter": "DN 80",
    "flow_rate": 1600,
    "description": "Quelle: Datenexport Wasserwerk 2026, vermessen (Rechtswert/Hochwert ETRS89/UTM32N). Nennweite DN 80",
    "survey:date": ""
   }
  },
  {
   "type": "Feature",
   "geometry": {
    "type": "Point",
    "coordinates": [
     8.529445,
     54.709939
    ]
   },
   "properties": {
    "ref": "494",
    "name": "Karkenstieg",
    "addr:city": "Oevenum",
    "emergency": "fire_hydrant",
    "art": "Hydrant",
    "fire_hydrant:diameter": "DN 80",
    "flow_rate": 1600,
    "description": "Quelle: Datenexport Wasserwerk 2026, vermessen (Rechtswert/Hochwert ETRS89/UTM32N). Nennweite DN 80",
    "survey:date": ""
   }
  },
  {
   "type": "Feature",
   "geometry": {
    "type": "Point",
    "coordinates": [
     8.528784,
     54.710123
    ]
   },
   "properties": {
    "ref": "495",
    "name": "Möhlenstieg",
    "addr:city": "Oevenum",
    "emergency": "fire_hydrant",
    "art": "Hydrant",
    "fire_hydrant:diameter": "DN 80",
    "flow_rate": 1600,
    "description": "Quelle: Datenexport Wasserwerk 2026, vermessen (Rechtswert/Hochwert ETRS89/UTM32N). Nennweite DN 80",
    "survey:date": ""
   }
  },
  {
   "type": "Feature",
   "geometry": {
    "type": "Point",
    "coordinates": [
     8.52858,
     54.710546
    ]
   },
   "properties": {
    "ref": "496",
    "name": "Möhlenstieg",
    "addr:city": "Oevenum",
    "emergency": "fire_hydrant",
    "art": "Hydrant",
    "fire_hydrant:diameter": "DN 80",
    "flow_rate": 1600,
    "description": "Quelle: Datenexport Wasserwerk 2026, vermessen (Rechtswert/Hochwert ETRS89/UTM32N). Nennweite DN 80",
    "survey:date": ""
   }
  },
  {
   "type": "Feature",
   "geometry": {
    "type": "Point",
    "coordinates": [
     8.530955,
     54.710078
    ]
   },
   "properties": {
    "ref": "497",
    "name": "Buurnstraat",
    "addr:city": "Oevenum",
    "emergency": "fire_hydrant",
    "art": "Hydrant",
    "fire_hydrant:diameter": "DN 80",
    "flow_rate": 1600,
    "description": "Quelle: Datenexport Wasserwerk 2026, vermessen (Rechtswert/Hochwert ETRS89/UTM32N). Nennweite DN 80",
    "survey:date": ""
   }
  },
  {
   "type": "Feature",
   "geometry": {
    "type": "Point",
    "coordinates": [
     8.532228,
     54.711075
    ]
   },
   "properties": {
    "ref": "498",
    "name": "Buurnstraat 35",
    "addr:city": "Oevenum",
    "emergency": "fire_hydrant",
    "art": "Hydrant",
    "fire_hydrant:diameter": "DN 80",
    "flow_rate": 3200,
    "description": "Quelle: Datenexport Wasserwerk 2026, vermessen (Rechtswert/Hochwert ETRS89/UTM32N). Nennweite DN 80",
    "survey:date": ""
   }
  },
  {
   "type": "Feature",
   "geometry": {
    "type": "Point",
    "coordinates": [
     8.530407,
     54.710387
    ]
   },
   "properties": {
    "ref": "499",
    "name": "Karkenstieg 2",
    "addr:city": "Oevenum",
    "emergency": "fire_hydrant",
    "art": "Bohrbrunnen",
    "description": "Quelle: Datenexport Wasserwerk 2026, vermessen (Rechtswert/Hochwert ETRS89/UTM32N).",
    "survey:date": ""
   }
  },
  {
   "type": "Feature",
   "geometry": {
    "type": "Point",
    "coordinates": [
     8.530099,
     54.710847
    ]
   },
   "properties": {
    "ref": "502",
    "name": "Dörpstrat",
    "addr:city": "Oevenum",
    "emergency": "fire_hydrant",
    "art": "Hydrant",
    "fire_hydrant:diameter": "DN 80",
    "flow_rate": 1600,
    "description": "Quelle: Datenexport Wasserwerk 2026, vermessen (Rechtswert/Hochwert ETRS89/UTM32N). Nennweite DN 80",
    "survey:date": ""
   }
  },
  {
   "type": "Feature",
   "geometry": {
    "type": "Point",
    "coordinates": [
     8.532075,
     54.711809
    ]
   },
   "properties": {
    "ref": "503",
    "name": "Buurnstraat 40",
    "addr:city": "Oevenum",
    "emergency": "fire_hydrant",
    "art": "Bohrbrunnen",
    "description": "Quelle: Datenexport Wasserwerk 2026, vermessen (Rechtswert/Hochwert ETRS89/UTM32N).",
    "survey:date": ""
   }
  },
  {
   "type": "Feature",
   "geometry": {
    "type": "Point",
    "coordinates": [
     8.531262,
     54.712074
    ]
   },
   "properties": {
    "ref": "504",
    "name": "Buurnstraat 48",
    "addr:city": "Oevenum",
    "emergency": "fire_hydrant",
    "art": "Hydrant",
    "fire_hydrant:diameter": "DN 80",
    "flow_rate": 1600,
    "description": "Quelle: Datenexport Wasserwerk 2026, vermessen (Rechtswert/Hochwert ETRS89/UTM32N). Nennweite DN 80",
    "survey:date": ""
   }
  },
  {
   "type": "Feature",
   "geometry": {
    "type": "Point",
    "coordinates": [
     8.528983,
     54.711413
    ]
   },
   "properties": {
    "ref": "505",
    "name": "Dörpstrat",
    "addr:city": "Oevenum",
    "emergency": "fire_hydrant",
    "art": "Hydrant",
    "fire_hydrant:diameter": "DN 80",
    "flow_rate": 1600,
    "description": "Quelle: Datenexport Wasserwerk 2026, vermessen (Rechtswert/Hochwert ETRS89/UTM32N). Nennweite DN 80",
    "survey:date": ""
   }
  },
  {
   "type": "Feature",
   "geometry": {
    "type": "Point",
    "coordinates": [
     8.528722,
     54.711428
    ]
   },
   "properties": {
    "ref": "506",
    "name": "Doerpstraat 71",
    "addr:city": "Oevenum",
    "emergency": "fire_hydrant",
    "art": "Bohrbrunnen",
    "description": "Quelle: Datenexport Wasserwerk 2026, vermessen (Rechtswert/Hochwert ETRS89/UTM32N).",
    "survey:date": ""
   }
  },
  {
   "type": "Feature",
   "geometry": {
    "type": "Point",
    "coordinates": [
     8.52991,
     54.712497
    ]
   },
   "properties": {
    "ref": "507",
    "name": "Buurnstraat 56",
    "addr:city": "Oevenum",
    "emergency": "fire_hydrant",
    "art": "Bohrbrunnen",
    "description": "Quelle: Datenexport Wasserwerk 2026, vermessen (Rechtswert/Hochwert ETRS89/UTM32N).",
    "survey:date": ""
   }
  },
  {
   "type": "Feature",
   "geometry": {
    "type": "Point",
    "coordinates": [
     8.529605,
     54.712539
    ]
   },
   "properties": {
    "ref": "508",
    "name": "Buurnstraat 61",
    "addr:city": "Oevenum",
    "emergency": "fire_hydrant",
    "art": "Hydrant",
    "fire_hydrant:diameter": "DN 80",
    "flow_rate": 1600,
    "description": "Quelle: Datenexport Wasserwerk 2026, vermessen (Rechtswert/Hochwert ETRS89/UTM32N). Nennweite DN 80",
    "survey:date": ""
   }
  },
  {
   "type": "Feature",
   "geometry": {
    "type": "Point",
    "coordinates": [
     8.528174,
     54.71176
    ]
   },
   "properties": {
    "ref": "509",
    "name": "Dörpstrat",
    "addr:city": "Oevenum",
    "emergency": "fire_hydrant",
    "art": "Hydrant",
    "fire_hydrant:diameter": "DN 80",
    "flow_rate": 1600,
    "description": "Quelle: Datenexport Wasserwerk 2026, vermessen (Rechtswert/Hochwert ETRS89/UTM32N). Nennweite DN 80",
    "survey:date": ""
   }
  },
  {
   "type": "Feature",
   "geometry": {
    "type": "Point",
    "coordinates": [
     8.526315,
     54.711668
    ]
   },
   "properties": {
    "ref": "512",
    "name": "Mühlenweg",
    "addr:city": "Oevenum",
    "emergency": "fire_hydrant",
    "art": "Hydrant",
    "fire_hydrant:diameter": "DN 80",
    "flow_rate": 1600,
    "description": "Quelle: Datenexport Wasserwerk 2026, vermessen (Rechtswert/Hochwert ETRS89/UTM32N). Nennweite DN 80",
    "survey:date": ""
   }
  },
  {
   "type": "Feature",
   "geometry": {
    "type": "Point",
    "coordinates": [
     8.526412,
     54.711864
    ]
   },
   "properties": {
    "ref": "513",
    "name": "Roerdenstieg",
    "addr:city": "Oevenum",
    "emergency": "fire_hydrant",
    "art": "Bohrbrunnen",
    "description": "Quelle: Datenexport Wasserwerk 2026, vermessen (Rechtswert/Hochwert ETRS89/UTM32N).",
    "survey:date": ""
   }
  },
  {
   "type": "Feature",
   "geometry": {
    "type": "Point",
    "coordinates": [
     8.528132,
     54.712977
    ]
   },
   "properties": {
    "ref": "514",
    "name": "Buurnstraat 74",
    "addr:city": "Oevenum",
    "emergency": "fire_hydrant",
    "art": "Hydrant",
    "fire_hydrant:diameter": "DN 80",
    "flow_rate": 1600,
    "description": "Quelle: Datenexport Wasserwerk 2026, vermessen (Rechtswert/Hochwert ETRS89/UTM32N). Nennweite DN 80",
    "survey:date": ""
   }
  },
  {
   "type": "Feature",
   "geometry": {
    "type": "Point",
    "coordinates": [
     8.526374,
     54.713205
    ]
   },
   "properties": {
    "ref": "515",
    "name": "Dörpstraat 117",
    "addr:city": "Oevenum",
    "emergency": "fire_hydrant",
    "art": "Hydrant",
    "fire_hydrant:diameter": "DN 80",
    "flow_rate": 800,
    "description": "Quelle: Datenexport Wasserwerk 2026, vermessen (Rechtswert/Hochwert ETRS89/UTM32N). Nennweite DN 80",
    "survey:date": ""
   }
  },
  {
   "type": "Feature",
   "geometry": {
    "type": "Point",
    "coordinates": [
     8.534238,
     54.715075
    ]
   },
   "properties": {
    "ref": "521",
    "name": "Kanal",
    "addr:city": "Oevenum",
    "emergency": "fire_hydrant",
    "art": "Saugstelle",
    "description": "Quelle: Datenexport Wasserwerk 2026, vermessen (Rechtswert/Hochwert ETRS89/UTM32N).",
    "survey:date": ""
   }
  },
  {
   "type": "Feature",
   "geometry": {
    "type": "Point",
    "coordinates": [
     8.55017,
     54.730058
    ]
   },
   "properties": {
    "ref": "522",
    "name": "Siedlerweg",
    "addr:city": "Oevenum",
    "emergency": "fire_hydrant",
    "art": "Hydrant",
    "fire_hydrant:diameter": "DN 80",
    "flow_rate": 1600,
    "description": "Quelle: Datenexport Wasserwerk 2026, vermessen (Rechtswert/Hochwert ETRS89/UTM32N). Nennweite DN 80",
    "survey:date": ""
   }
  },
  {
   "type": "Feature",
   "geometry": {
    "type": "Point",
    "coordinates": [
     8.561991,
     54.743029
    ]
   },
   "properties": {
    "ref": "523",
    "name": "Siedlerweg",
    "addr:city": "Oevenum",
    "emergency": "fire_hydrant",
    "art": "Hydrant",
    "fire_hydrant:diameter": "DN 80",
    "flow_rate": 400,
    "description": "Quelle: Datenexport Wasserwerk 2026, vermessen (Rechtswert/Hochwert ETRS89/UTM32N). Nennweite DN 80",
    "survey:date": ""
   }
  },
  {
   "type": "Feature",
   "geometry": {
    "type": "Point",
    "coordinates": [
     8.557026,
     54.745268
    ]
   },
   "properties": {
    "ref": "524",
    "name": "Siedlerweg",
    "addr:city": "Oevenum",
    "emergency": "fire_hydrant",
    "art": "Hydrant",
    "fire_hydrant:diameter": "DN 80",
    "flow_rate": 400,
    "description": "Quelle: Datenexport Wasserwerk 2026, vermessen (Rechtswert/Hochwert ETRS89/UTM32N). Nennweite DN 80",
    "survey:date": ""
   }
  },
  {
   "type": "Feature",
   "geometry": {
    "type": "Point",
    "coordinates": [
     8.524494767189028,
     54.718025590437186
    ]
   },
   "properties": {
    "ref": "531",
    "name": "Kanal",
    "addr:city": "Midlum",
    "emergency": "fire_hydrant",
    "art": "Saugstelle",
    "description": "Quelle: Datenexport Wasserwerk 2026, vermessen (Rechtswert/Hochwert ETRS89/UTM32N).",
    "survey:date": ""
   }
  },
  {
   "type": "Feature",
   "geometry": {
    "type": "Point",
    "coordinates": [
     8.523523,
     54.717477
    ]
   },
   "properties": {
    "ref": "532",
    "name": "An de Marsch 1A",
    "addr:city": "Midlum",
    "emergency": "fire_hydrant",
    "art": "Hydrant",
    "fire_hydrant:diameter": "DN 80",
    "flow_rate": 800,
    "description": "Quelle: Datenexport Wasserwerk 2026, vermessen (Rechtswert/Hochwert ETRS89/UTM32N). Nennweite DN 80",
    "survey:date": ""
   }
  },
  {
   "type": "Feature",
   "geometry": {
    "type": "Point",
    "coordinates": [
     8.521142,
     54.717205
    ]
   },
   "properties": {
    "ref": "533",
    "name": "An de Marsch 21",
    "addr:city": "Midlum",
    "emergency": "fire_hydrant",
    "art": "Hydrant",
    "fire_hydrant:diameter": "DN 80",
    "flow_rate": 1600,
    "description": "Quelle: Datenexport Wasserwerk 2026, vermessen (Rechtswert/Hochwert ETRS89/UTM32N). Nennweite DN 80",
    "survey:date": ""
   }
  },
  {
   "type": "Feature",
   "geometry": {
    "type": "Point",
    "coordinates": [
     8.51907,
     54.716652
    ]
   },
   "properties": {
    "ref": "534",
    "name": "An de Marsch Bi de Krog",
    "addr:city": "Midlum",
    "emergency": "fire_hydrant",
    "art": "Hydrant",
    "fire_hydrant:diameter": "DN 80",
    "flow_rate": 1600,
    "description": "Quelle: Datenexport Wasserwerk 2026, vermessen (Rechtswert/Hochwert ETRS89/UTM32N). Nennweite DN 80",
    "survey:date": ""
   }
  },
  {
   "type": "Feature",
   "geometry": {
    "type": "Point",
    "coordinates": [
     8.517604,
     54.716184
    ]
   },
   "properties": {
    "ref": "535",
    "name": "An de Marsch 61A",
    "addr:city": "Midlum",
    "emergency": "fire_hydrant",
    "art": "Hydrant",
    "fire_hydrant:diameter": "DN 80",
    "flow_rate": 1600,
    "description": "Quelle: Datenexport Wasserwerk 2026, vermessen (Rechtswert/Hochwert ETRS89/UTM32N). Nennweite DN 80",
    "survey:date": ""
   }
  },
  {
   "type": "Feature",
   "geometry": {
    "type": "Point",
    "coordinates": [
     8.515589,
     54.714861
    ]
   },
   "properties": {
    "ref": "536",
    "name": "Dörps End 4",
    "addr:city": "Midlum",
    "emergency": "fire_hydrant",
    "art": "Hydrant",
    "fire_hydrant:diameter": "DN 80",
    "flow_rate": 1600,
    "description": "Quelle: Datenexport Wasserwerk 2026, vermessen (Rechtswert/Hochwert ETRS89/UTM32N). Nennweite DN 80",
    "survey:date": ""
   }
  },
  {
   "type": "Feature",
   "geometry": {
    "type": "Point",
    "coordinates": [
     8.523473,
     54.716705
    ]
   },
   "properties": {
    "ref": "537",
    "name": "Buurnstraat 9",
    "addr:city": "Midlum",
    "emergency": "fire_hydrant",
    "art": "Hydrant",
    "fire_hydrant:diameter": "DN 80",
    "flow_rate": 1600,
    "description": "Quelle: Datenexport Wasserwerk 2026, vermessen (Rechtswert/Hochwert ETRS89/UTM32N). Nennweite DN 80",
    "survey:date": ""
   }
  },
  {
   "type": "Feature",
   "geometry": {
    "type": "Point",
    "coordinates": [
     8.523364,
     54.715882
    ]
   },
   "properties": {
    "ref": "538",
    "name": "Buurnstraat 4",
    "addr:city": "Midlum",
    "emergency": "fire_hydrant",
    "art": "Bohrbrunnen",
    "description": "Quelle: Datenexport Wasserwerk 2026, vermessen (Rechtswert/Hochwert ETRS89/UTM32N).",
    "survey:date": ""
   }
  },
  {
   "type": "Feature",
   "geometry": {
    "type": "Point",
    "coordinates": [
     8.522974,
     54.715482
    ]
   },
   "properties": {
    "ref": "539",
    "name": "Dörpstraat 3",
    "addr:city": "Midlum",
    "emergency": "fire_hydrant",
    "art": "Hydrant",
    "fire_hydrant:diameter": "DN 80",
    "flow_rate": 1600,
    "description": "Quelle: Datenexport Wasserwerk 2026, vermessen (Rechtswert/Hochwert ETRS89/UTM32N). Nennweite DN 80",
    "survey:date": ""
   }
  },
  {
   "type": "Feature",
   "geometry": {
    "type": "Point",
    "coordinates": [
     8.521018,
     54.71517
    ]
   },
   "properties": {
    "ref": "541",
    "name": "Dörpstraat 28",
    "addr:city": "Midlum",
    "emergency": "fire_hydrant",
    "art": "Hydrant",
    "fire_hydrant:diameter": "DN 80",
    "flow_rate": 1600,
    "description": "Quelle: Datenexport Wasserwerk 2026, vermessen (Rechtswert/Hochwert ETRS89/UTM32N). Nennweite DN 80",
    "survey:date": ""
   }
  },
  {
   "type": "Feature",
   "geometry": {
    "type": "Point",
    "coordinates": [
     8.520369,
     54.714849
    ]
   },
   "properties": {
    "ref": "542",
    "name": "Dörpstraat 47",
    "addr:city": "Midlum",
    "emergency": "fire_hydrant",
    "art": "Bohrbrunnen",
    "description": "Quelle: Datenexport Wasserwerk 2026, vermessen (Rechtswert/Hochwert ETRS89/UTM32N).",
    "survey:date": ""
   }
  },
  {
   "type": "Feature",
   "geometry": {
    "type": "Point",
    "coordinates": [
     8.518897,
     54.714761
    ]
   },
   "properties": {
    "ref": "543",
    "name": "Dörpstraat 57",
    "addr:city": "Midlum",
    "emergency": "fire_hydrant",
    "art": "Hydrant",
    "fire_hydrant:diameter": "DN 80",
    "flow_rate": 1600,
    "description": "Quelle: Datenexport Wasserwerk 2026, vermessen (Rechtswert/Hochwert ETRS89/UTM32N). Nennweite DN 80",
    "survey:date": ""
   }
  },
  {
   "type": "Feature",
   "geometry": {
    "type": "Point",
    "coordinates": [
     8.51854,
     54.714821
    ]
   },
   "properties": {
    "ref": "544",
    "name": "Dörpstraat 58",
    "addr:city": "Midlum",
    "emergency": "fire_hydrant",
    "art": "Bohrbrunnen",
    "description": "Quelle: Datenexport Wasserwerk 2026, vermessen (Rechtswert/Hochwert ETRS89/UTM32N).",
    "survey:date": ""
   }
  },
  {
   "type": "Feature",
   "geometry": {
    "type": "Point",
    "coordinates": [
     8.518448,
     54.71409
    ]
   },
   "properties": {
    "ref": "545",
    "name": "Dörpstraat 61",
    "addr:city": "Midlum",
    "emergency": "fire_hydrant",
    "art": "Hydrant",
    "fire_hydrant:diameter": "DN 80",
    "flow_rate": 1600,
    "description": "Quelle: Datenexport Wasserwerk 2026, vermessen (Rechtswert/Hochwert ETRS89/UTM32N). Nennweite DN 80",
    "survey:date": ""
   }
  },
  {
   "type": "Feature",
   "geometry": {
    "type": "Point",
    "coordinates": [
     8.522324,
     54.713913
    ]
   },
   "properties": {
    "ref": "547",
    "name": "Schulweg 12",
    "addr:city": "Midlum",
    "emergency": "fire_hydrant",
    "art": "Hydrant",
    "fire_hydrant:diameter": "DN 80",
    "flow_rate": 1600,
    "description": "Quelle: Datenexport Wasserwerk 2026, vermessen (Rechtswert/Hochwert ETRS89/UTM32N). Nennweite DN 80",
    "survey:date": ""
   }
  },
  {
   "type": "Feature",
   "geometry": {
    "type": "Point",
    "coordinates": [
     8.52223,
     54.714994
    ]
   },
   "properties": {
    "ref": "548",
    "name": "Schulweg 1",
    "addr:city": "Midlum",
    "emergency": "fire_hydrant",
    "art": "Hydrant",
    "fire_hydrant:diameter": "DN 80",
    "flow_rate": 1600,
    "description": "Quelle: Datenexport Wasserwerk 2026, vermessen (Rechtswert/Hochwert ETRS89/UTM32N). Nennweite DN 80",
    "survey:date": ""
   }
  },
  {
   "type": "Feature",
   "geometry": {
    "type": "Point",
    "coordinates": [
     8.522171,
     54.713583
    ]
   },
   "properties": {
    "ref": "549",
    "name": "Schulweg 16",
    "addr:city": "Midlum",
    "emergency": "fire_hydrant",
    "art": "Bohrbrunnen",
    "description": "Quelle: Datenexport Wasserwerk 2026, vermessen (Rechtswert/Hochwert ETRS89/UTM32N).",
    "survey:date": ""
   }
  },
  {
   "type": "Feature",
   "geometry": {
    "type": "Point",
    "coordinates": [
     8.522446,
     54.71326
    ]
   },
   "properties": {
    "ref": "551",
    "name": "Schulweg Thingstig",
    "addr:city": "Midlum",
    "emergency": "fire_hydrant",
    "art": "Bohrbrunnen",
    "description": "Quelle: Datenexport Wasserwerk 2026, vermessen (Rechtswert/Hochwert ETRS89/UTM32N).",
    "survey:date": ""
   }
  },
  {
   "type": "Feature",
   "geometry": {
    "type": "Point",
    "coordinates": [
     8.521842,
     54.713318
    ]
   },
   "properties": {
    "ref": "552",
    "name": "Am Thingstieg 2",
    "addr:city": "Midlum",
    "emergency": "fire_hydrant",
    "art": "Hydrant",
    "fire_hydrant:diameter": "DN 80",
    "flow_rate": 1600,
    "description": "Quelle: Datenexport Wasserwerk 2026, vermessen (Rechtswert/Hochwert ETRS89/UTM32N). Nennweite DN 80",
    "survey:date": ""
   }
  },
  {
   "type": "Feature",
   "geometry": {
    "type": "Point",
    "coordinates": [
     8.520481,
     54.713094
    ]
   },
   "properties": {
    "ref": "553",
    "name": "Am Thingstieg 11",
    "addr:city": "Midlum",
    "emergency": "fire_hydrant",
    "art": "Hydrant",
    "fire_hydrant:diameter": "DN 80",
    "flow_rate": 800,
    "description": "Quelle: Datenexport Wasserwerk 2026, vermessen (Rechtswert/Hochwert ETRS89/UTM32N). Nennweite DN 80",
    "survey:date": ""
   }
  },
  {
   "type": "Feature",
   "geometry": {
    "type": "Point",
    "coordinates": [
     8.522357,
     54.712473
    ]
   },
   "properties": {
    "ref": "554",
    "name": "Schulweg 20",
    "addr:city": "Midlum",
    "emergency": "fire_hydrant",
    "art": "Hydrant",
    "fire_hydrant:diameter": "DN 80",
    "flow_rate": 1600,
    "description": "Quelle: Datenexport Wasserwerk 2026, vermessen (Rechtswert/Hochwert ETRS89/UTM32N). Nennweite DN 80",
    "survey:date": ""
   }
  },
  {
   "type": "Feature",
   "geometry": {
    "type": "Point",
    "coordinates": [
     8.522356,
     54.711843
    ]
   },
   "properties": {
    "ref": "555",
    "name": "Mühlenweg 10",
    "addr:city": "Midlum",
    "emergency": "fire_hydrant",
    "art": "Hydrant",
    "fire_hydrant:diameter": "DN 80",
    "flow_rate": 1600,
    "description": "Quelle: Datenexport Wasserwerk 2026, vermessen (Rechtswert/Hochwert ETRS89/UTM32N). Nennweite DN 80",
    "survey:date": ""
   }
  },
  {
   "type": "Feature",
   "geometry": {
    "type": "Point",
    "coordinates": [
     8.518501,
     54.712187
    ]
   },
   "properties": {
    "ref": "556",
    "name": "Mühlenweg 14",
    "addr:city": "Midlum",
    "emergency": "fire_hydrant",
    "art": "Hydrant",
    "fire_hydrant:diameter": "DN 80",
    "flow_rate": 1600,
    "description": "Quelle: Datenexport Wasserwerk 2026, vermessen (Rechtswert/Hochwert ETRS89/UTM32N). Nennweite DN 80",
    "survey:date": ""
   }
  },
  {
   "type": "Feature",
   "geometry": {
    "type": "Point",
    "coordinates": [
     8.517117,
     54.712388
    ]
   },
   "properties": {
    "ref": "557",
    "name": "Dörpstraat Mühlenweg",
    "addr:city": "Midlum",
    "emergency": "fire_hydrant",
    "art": "Hydrant",
    "fire_hydrant:diameter": "DN 80",
    "flow_rate": 1600,
    "description": "Quelle: Datenexport Wasserwerk 2026, vermessen (Rechtswert/Hochwert ETRS89/UTM32N). Nennweite DN 80",
    "survey:date": ""
   }
  },
  {
   "type": "Feature",
   "geometry": {
    "type": "Point",
    "coordinates": [
     8.517791,
     54.71302
    ]
   },
   "properties": {
    "ref": "558",
    "name": "Doerpstraat 65",
    "addr:city": "Midlum",
    "emergency": "fire_hydrant",
    "art": "Bohrbrunnen",
    "description": "Quelle: Datenexport Wasserwerk 2026, vermessen (Rechtswert/Hochwert ETRS89/UTM32N).",
    "survey:date": ""
   }
  },
  {
   "type": "Feature",
   "geometry": {
    "type": "Point",
    "coordinates": [
     8.518009,
     54.713315
    ]
   },
   "properties": {
    "ref": "559",
    "name": "Dörpstraat 63-65",
    "addr:city": "Midlum",
    "emergency": "fire_hydrant",
    "art": "Hydrant",
    "fire_hydrant:diameter": "DN 80",
    "flow_rate": 1600,
    "description": "Quelle: Datenexport Wasserwerk 2026, vermessen (Rechtswert/Hochwert ETRS89/UTM32N). Nennweite DN 80",
    "survey:date": ""
   }
  },
  {
   "type": "Feature",
   "geometry": {
    "type": "Point",
    "coordinates": [
     8.526513,
     54.734636
    ]
   },
   "properties": {
    "ref": "561",
    "name": "Siedlerweg",
    "addr:city": "Midlum",
    "emergency": "fire_hydrant",
    "art": "Hydrant",
    "fire_hydrant:diameter": "DN 80",
    "flow_rate": 800,
    "description": "Quelle: Datenexport Wasserwerk 2026, vermessen (Rechtswert/Hochwert ETRS89/UTM32N). Nennweite DN 80",
    "survey:date": ""
   }
  },
  {
   "type": "Feature",
   "geometry": {
    "type": "Point",
    "coordinates": [
     8.523599,
     54.742153
    ]
   },
   "properties": {
    "ref": "562",
    "name": "Siedlerweg",
    "addr:city": "Midlum",
    "emergency": "fire_hydrant",
    "art": "Hydrant",
    "fire_hydrant:diameter": "DN 80",
    "flow_rate": 800,
    "description": "Quelle: Datenexport Wasserwerk 2026, vermessen (Rechtswert/Hochwert ETRS89/UTM32N). Nennweite DN 80",
    "survey:date": ""
   }
  },
  {
   "type": "Feature",
   "geometry": {
    "type": "Point",
    "coordinates": [
     8.525172,
     54.744428
    ]
   },
   "properties": {
    "ref": "563",
    "name": "Siedlerweg",
    "addr:city": "Midlum",
    "emergency": "fire_hydrant",
    "art": "Hydrant",
    "fire_hydrant:diameter": "DN 80",
    "flow_rate": 800,
    "description": "Quelle: Datenexport Wasserwerk 2026, vermessen (Rechtswert/Hochwert ETRS89/UTM32N). Nennweite DN 80",
    "survey:date": ""
   }
  },
  {
   "type": "Feature",
   "geometry": {
    "type": "Point",
    "coordinates": [
     8.511653,
     54.736432
    ]
   },
   "properties": {
    "ref": "564",
    "name": "Siedlerweg",
    "addr:city": "Midlum",
    "emergency": "fire_hydrant",
    "art": "Hydrant",
    "fire_hydrant:diameter": "DN 80",
    "flow_rate": 800,
    "description": "Quelle: Datenexport Wasserwerk 2026, vermessen (Rechtswert/Hochwert ETRS89/UTM32N). Nennweite DN 80",
    "survey:date": ""
   }
  },
  {
   "type": "Feature",
   "geometry": {
    "type": "Point",
    "coordinates": [
     8.510603,
     54.708823
    ]
   },
   "properties": {
    "ref": "567",
    "name": "Schmalstieg 5",
    "addr:city": "Alkersum",
    "emergency": "fire_hydrant",
    "art": "Hydrant",
    "fire_hydrant:diameter": "DN 80",
    "flow_rate": 1600,
    "description": "Quelle: Datenexport Wasserwerk 2026, vermessen (Rechtswert/Hochwert ETRS89/UTM32N). Nennweite DN 80",
    "survey:date": ""
   }
  },
  {
   "type": "Feature",
   "geometry": {
    "type": "Point",
    "coordinates": [
     8.509991,
     54.711991
    ]
   },
   "properties": {
    "ref": "571",
    "name": "Poststraße Müller",
    "addr:city": "Alkersum",
    "emergency": "fire_hydrant",
    "art": "Bohrbrunnen",
    "description": "Quelle: Datenexport Wasserwerk 2026, vermessen (Rechtswert/Hochwert ETRS89/UTM32N).",
    "survey:date": ""
   }
  },
  {
   "type": "Feature",
   "geometry": {
    "type": "Point",
    "coordinates": [
     8.509641,
     54.710202
    ]
   },
   "properties": {
    "ref": "572",
    "name": "Poststraße 5",
    "addr:city": "Alkersum",
    "emergency": "fire_hydrant",
    "art": "Hydrant",
    "fire_hydrant:diameter": "DN 80",
    "flow_rate": 800,
    "description": "Quelle: Datenexport Wasserwerk 2026, vermessen (Rechtswert/Hochwert ETRS89/UTM32N). Nennweite DN 80",
    "survey:date": ""
   }
  },
  {
   "type": "Feature",
   "geometry": {
    "type": "Point",
    "coordinates": [
     8.509396,
     54.709489
    ]
   },
   "properties": {
    "ref": "575",
    "name": "Poststraße 3",
    "addr:city": "Alkersum",
    "emergency": "fire_hydrant",
    "art": "Bohrbrunnen",
    "description": "Quelle: Datenexport Wasserwerk 2026, vermessen (Rechtswert/Hochwert ETRS89/UTM32N).",
    "survey:date": ""
   }
  },
  {
   "type": "Feature",
   "geometry": {
    "type": "Point",
    "coordinates": [
     8.511809,
     54.708478
    ]
   },
   "properties": {
    "ref": "576",
    "name": "Midlumweg 6",
    "addr:city": "Alkersum",
    "emergency": "fire_hydrant",
    "art": "Hydrant",
    "fire_hydrant:diameter": "DN 80",
    "flow_rate": 1600,
    "description": "Quelle: Datenexport Wasserwerk 2026, vermessen (Rechtswert/Hochwert ETRS89/UTM32N). Nennweite DN 80",
    "survey:date": ""
   }
  },
  {
   "type": "Feature",
   "geometry": {
    "type": "Point",
    "coordinates": [
     8.507993,
     54.709094
    ]
   },
   "properties": {
    "ref": "578",
    "name": "Marschweg 9",
    "addr:city": "Alkersum",
    "emergency": "fire_hydrant",
    "art": "Hydrant",
    "fire_hydrant:diameter": "DN 80",
    "flow_rate": 1600,
    "description": "Quelle: Datenexport Wasserwerk 2026, vermessen (Rechtswert/Hochwert ETRS89/UTM32N). Nennweite DN 80",
    "survey:date": ""
   }
  },
  {
   "type": "Feature",
   "geometry": {
    "type": "Point",
    "coordinates": [
     8.509013,
     54.708787
    ]
   },
   "properties": {
    "ref": "579",
    "name": "Hauptstraße 7",
    "addr:city": "Alkersum",
    "emergency": "fire_hydrant",
    "art": "Hydrant",
    "fire_hydrant:diameter": "DN 80",
    "flow_rate": 1600,
    "description": "Quelle: Datenexport Wasserwerk 2026, vermessen (Rechtswert/Hochwert ETRS89/UTM32N). Nennweite DN 80",
    "survey:date": ""
   }
  },
  {
   "type": "Feature",
   "geometry": {
    "type": "Point",
    "coordinates": [
     8.510708,
     54.707843
    ]
   },
   "properties": {
    "ref": "581",
    "name": "Süderweg 2",
    "addr:city": "Alkersum",
    "emergency": "fire_hydrant",
    "art": "Bohrbrunnen",
    "description": "Quelle: Datenexport Wasserwerk 2026, vermessen (Rechtswert/Hochwert ETRS89/UTM32N).",
    "survey:date": ""
   }
  },
  {
   "type": "Feature",
   "geometry": {
    "type": "Point",
    "coordinates": [
     8.510419,
     54.707878
    ]
   },
   "properties": {
    "ref": "582",
    "name": "Süderweg 2",
    "addr:city": "Alkersum",
    "emergency": "fire_hydrant",
    "art": "Hydrant",
    "fire_hydrant:diameter": "DN 80",
    "flow_rate": 1600,
    "description": "Quelle: Datenexport Wasserwerk 2026, vermessen (Rechtswert/Hochwert ETRS89/UTM32N). Nennweite DN 80",
    "survey:date": ""
   }
  },
  {
   "type": "Feature",
   "geometry": {
    "type": "Point",
    "coordinates": [
     8.508929,
     54.708189
    ]
   },
   "properties": {
    "ref": "583",
    "name": "Marschweg 4",
    "addr:city": "Alkersum",
    "emergency": "fire_hydrant",
    "art": "Bohrbrunnen",
    "description": "Quelle: Datenexport Wasserwerk 2026, vermessen (Rechtswert/Hochwert ETRS89/UTM32N).",
    "survey:date": ""
   }
  },
  {
   "type": "Feature",
   "geometry": {
    "type": "Point",
    "coordinates": [
     8.508528,
     54.707816
    ]
   },
   "properties": {
    "ref": "584",
    "name": "Marschweg 5",
    "addr:city": "Alkersum",
    "emergency": "fire_hydrant",
    "art": "Hydrant",
    "fire_hydrant:diameter": "DN 80",
    "flow_rate": 1600,
    "description": "Quelle: Datenexport Wasserwerk 2026, vermessen (Rechtswert/Hochwert ETRS89/UTM32N). Nennweite DN 80",
    "survey:date": ""
   }
  },
  {
   "type": "Feature",
   "geometry": {
    "type": "Point",
    "coordinates": [
     8.50752,
     54.707909
    ]
   },
   "properties": {
    "ref": "585",
    "name": "Marschweg 9",
    "addr:city": "Alkersum",
    "emergency": "fire_hydrant",
    "art": "Hydrant",
    "fire_hydrant:diameter": "DN 80",
    "flow_rate": 1600,
    "description": "Quelle: Datenexport Wasserwerk 2026, vermessen (Rechtswert/Hochwert ETRS89/UTM32N). Nennweite DN 80",
    "survey:date": ""
   }
  },
  {
   "type": "Feature",
   "geometry": {
    "type": "Point",
    "coordinates": [
     8.505825,
     54.70795
    ]
   },
   "properties": {
    "ref": "586",
    "name": "Marschweg 17",
    "addr:city": "Alkersum",
    "emergency": "fire_hydrant",
    "art": "Hydrant",
    "fire_hydrant:diameter": "DN 80",
    "flow_rate": 1600,
    "description": "Quelle: Datenexport Wasserwerk 2026, vermessen (Rechtswert/Hochwert ETRS89/UTM32N). Nennweite DN 80",
    "survey:date": ""
   }
  },
  {
   "type": "Feature",
   "geometry": {
    "type": "Point",
    "coordinates": [
     8.505621,
     54.707689
    ]
   },
   "properties": {
    "ref": "587",
    "name": "Marschweg 17",
    "addr:city": "Alkersum",
    "emergency": "fire_hydrant",
    "art": "Saugstelle",
    "description": "Quelle: Datenexport Wasserwerk 2026, vermessen (Rechtswert/Hochwert ETRS89/UTM32N).",
    "survey:date": ""
   }
  },
  {
   "type": "Feature",
   "geometry": {
    "type": "Point",
    "coordinates": [
     8.503569,
     54.706769
    ]
   },
   "properties": {
    "ref": "589",
    "name": "Marschweg 23",
    "addr:city": "Alkersum",
    "emergency": "fire_hydrant",
    "art": "Bohrbrunnen",
    "description": "Quelle: Datenexport Wasserwerk 2026, vermessen (Rechtswert/Hochwert ETRS89/UTM32N).",
    "survey:date": ""
   }
  },
  {
   "type": "Feature",
   "geometry": {
    "type": "Point",
    "coordinates": [
     8.510232,
     54.707193
    ]
   },
   "properties": {
    "ref": "591",
    "name": "Nieblumweg",
    "addr:city": "Alkersum",
    "emergency": "fire_hydrant",
    "art": "Hydrant",
    "fire_hydrant:diameter": "DN 80",
    "flow_rate": 1600,
    "description": "Quelle: Datenexport Wasserwerk 2026, vermessen (Rechtswert/Hochwert ETRS89/UTM32N). Nennweite DN 80",
    "survey:date": ""
   }
  },
  {
   "type": "Feature",
   "geometry": {
    "type": "Point",
    "coordinates": [
     8.509061,
     54.706098
    ]
   },
   "properties": {
    "ref": "592",
    "name": "Nieblumweg",
    "addr:city": "Alkersum",
    "emergency": "fire_hydrant",
    "art": "Hydrant",
    "fire_hydrant:diameter": "DN 80",
    "flow_rate": 1600,
    "description": "Quelle: Datenexport Wasserwerk 2026, vermessen (Rechtswert/Hochwert ETRS89/UTM32N). Nennweite DN 80",
    "survey:date": ""
   }
  },
  {
   "type": "Feature",
   "geometry": {
    "type": "Point",
    "coordinates": [
     8.508048,
     54.706356
    ]
   },
   "properties": {
    "ref": "593",
    "name": "Petalumaweg 3",
    "addr:city": "Alkersum",
    "emergency": "fire_hydrant",
    "art": "Hydrant",
    "fire_hydrant:diameter": "DN 80",
    "flow_rate": 1600,
    "description": "Quelle: Datenexport Wasserwerk 2026, vermessen (Rechtswert/Hochwert ETRS89/UTM32N). Nennweite DN 80",
    "survey:date": ""
   }
  },
  {
   "type": "Feature",
   "geometry": {
    "type": "Point",
    "coordinates": [
     8.506932,
     54.706596
    ]
   },
   "properties": {
    "ref": "594",
    "name": "Petalumaweg 8",
    "addr:city": "Alkersum",
    "emergency": "fire_hydrant",
    "art": "Hydrant",
    "fire_hydrant:diameter": "DN 80",
    "flow_rate": 1600,
    "description": "Quelle: Datenexport Wasserwerk 2026, vermessen (Rechtswert/Hochwert ETRS89/UTM32N). Nennweite DN 80",
    "survey:date": ""
   }
  },
  {
   "type": "Feature",
   "geometry": {
    "type": "Point",
    "coordinates": [
     8.505758,
     54.706911
    ]
   },
   "properties": {
    "ref": "595",
    "name": "Petalumaweg 11",
    "addr:city": "Alkersum",
    "emergency": "fire_hydrant",
    "art": "Hydrant",
    "fire_hydrant:diameter": "DN 80",
    "flow_rate": 1600,
    "description": "Quelle: Datenexport Wasserwerk 2026, vermessen (Rechtswert/Hochwert ETRS89/UTM32N). Nennweite DN 80",
    "survey:date": ""
   }
  },
  {
   "type": "Feature",
   "geometry": {
    "type": "Point",
    "coordinates": [
     8.507619,
     54.705893
    ]
   },
   "properties": {
    "ref": "596",
    "name": "Volker-Ady-Weg 3",
    "addr:city": "Alkersum",
    "emergency": "fire_hydrant",
    "art": "Hydrant",
    "fire_hydrant:diameter": "DN 80",
    "flow_rate": 1600,
    "description": "Quelle: Datenexport Wasserwerk 2026, vermessen (Rechtswert/Hochwert ETRS89/UTM32N). Nennweite DN 80",
    "survey:date": ""
   }
  },
  {
   "type": "Feature",
   "geometry": {
    "type": "Point",
    "coordinates": [
     8.506307,
     54.706342
    ]
   },
   "properties": {
    "ref": "597",
    "name": "Volker-Ady-Weg 9",
    "addr:city": "Alkersum",
    "emergency": "fire_hydrant",
    "art": "Hydrant",
    "fire_hydrant:diameter": "DN 80",
    "flow_rate": 800,
    "description": "Quelle: Datenexport Wasserwerk 2026, vermessen (Rechtswert/Hochwert ETRS89/UTM32N). Nennweite DN 80",
    "survey:date": ""
   }
  },
  {
   "type": "Feature",
   "geometry": {
    "type": "Point",
    "coordinates": [
     8.505387,
     54.706494
    ]
   },
   "properties": {
    "ref": "598",
    "name": "Volker-Ady-Weg 13",
    "addr:city": "Alkersum",
    "emergency": "fire_hydrant",
    "art": "Hydrant",
    "fire_hydrant:diameter": "DN 80",
    "flow_rate": 800,
    "description": "Quelle: Datenexport Wasserwerk 2026, vermessen (Rechtswert/Hochwert ETRS89/UTM32N). Nennweite DN 80",
    "survey:date": ""
   }
  },
  {
   "type": "Feature",
   "geometry": {
    "type": "Point",
    "coordinates": [
     8.508514,
     54.705631
    ]
   },
   "properties": {
    "ref": "599",
    "name": "Nieblumweg 23",
    "addr:city": "Alkersum",
    "emergency": "fire_hydrant",
    "art": "Hydrant",
    "fire_hydrant:diameter": "DN 80",
    "flow_rate": 1600,
    "description": "Quelle: Datenexport Wasserwerk 2026, vermessen (Rechtswert/Hochwert ETRS89/UTM32N). Nennweite DN 80",
    "survey:date": ""
   }
  },
  {
   "type": "Feature",
   "geometry": {
    "type": "Point",
    "coordinates": [
     8.510707,
     54.705896
    ]
   },
   "properties": {
    "ref": "601",
    "name": "Reitweg 8",
    "addr:city": "Alkersum",
    "emergency": "fire_hydrant",
    "art": "Hydrant",
    "fire_hydrant:diameter": "DN 80",
    "flow_rate": 800,
    "description": "Quelle: Datenexport Wasserwerk 2026, vermessen (Rechtswert/Hochwert ETRS89/UTM32N). Nennweite DN 80",
    "survey:date": ""
   }
  },
  {
   "type": "Feature",
   "geometry": {
    "type": "Point",
    "coordinates": [
     8.51128,
     54.704566
    ]
   },
   "properties": {
    "ref": "602",
    "name": "Luetje Klint 13",
    "addr:city": "Alkersum",
    "emergency": "fire_hydrant",
    "art": "Hydrant",
    "fire_hydrant:diameter": "DN 80",
    "flow_rate": 800,
    "description": "Quelle: Datenexport Wasserwerk 2026, vermessen (Rechtswert/Hochwert ETRS89/UTM32N). Nennweite DN 80",
    "survey:date": ""
   }
  },
  {
   "type": "Feature",
   "geometry": {
    "type": "Point",
    "coordinates": [
     8.513102,
     54.705245
    ]
   },
   "properties": {
    "ref": "603",
    "name": "Kirchweg 7",
    "addr:city": "Alkersum",
    "emergency": "fire_hydrant",
    "art": "Bohrbrunnen",
    "description": "Quelle: Datenexport Wasserwerk 2026, vermessen (Rechtswert/Hochwert ETRS89/UTM32N).",
    "survey:date": ""
   }
  },
  {
   "type": "Feature",
   "geometry": {
    "type": "Point",
    "coordinates": [
     8.513916,
     54.706236
    ]
   },
   "properties": {
    "ref": "605",
    "name": "Kirchweg 5",
    "addr:city": "Alkersum",
    "emergency": "fire_hydrant",
    "art": "Bohrbrunnen",
    "description": "Quelle: Datenexport Wasserwerk 2026, vermessen (Rechtswert/Hochwert ETRS89/UTM32N).",
    "survey:date": ""
   }
  },
  {
   "type": "Feature",
   "geometry": {
    "type": "Point",
    "coordinates": [
     8.515888,
     54.705955
    ]
   },
   "properties": {
    "ref": "606",
    "name": "Sandackerum",
    "addr:city": "Alkersum",
    "emergency": "fire_hydrant",
    "art": "Hydrant",
    "fire_hydrant:diameter": "DN 80",
    "flow_rate": 800,
    "description": "Quelle: Datenexport Wasserwerk 2026, vermessen (Rechtswert/Hochwert ETRS89/UTM32N). Nennweite DN 80",
    "survey:date": ""
   }
  },
  {
   "type": "Feature",
   "geometry": {
    "type": "Point",
    "coordinates": [
     8.517645,
     54.706386
    ]
   },
   "properties": {
    "ref": "607",
    "name": "Kirchweg müll-Ex",
    "addr:city": "Alkersum",
    "emergency": "fire_hydrant",
    "art": "Hydrant",
    "fire_hydrant:diameter": "DN 80",
    "description": "Quelle: Datenexport Wasserwerk 2026, vermessen (Rechtswert/Hochwert ETRS89/UTM32N). Nennweite DN 80",
    "survey:date": ""
   }
  },
  {
   "type": "Feature",
   "geometry": {
    "type": "Point",
    "coordinates": [
     8.516666,
     54.705459
    ]
   },
   "properties": {
    "ref": "608",
    "name": "Hochstieg 3",
    "addr:city": "Alkersum",
    "emergency": "fire_hydrant",
    "art": "Bohrbrunnen",
    "description": "Quelle: Datenexport Wasserwerk 2026, vermessen (Rechtswert/Hochwert ETRS89/UTM32N).",
    "survey:date": ""
   }
  },
  {
   "type": "Feature",
   "geometry": {
    "type": "Point",
    "coordinates": [
     8.503087,
     54.701005
    ]
   },
   "properties": {
    "ref": "611",
    "name": "Nieblumweg",
    "addr:city": "Alkersum",
    "emergency": "fire_hydrant",
    "art": "Hydrant",
    "fire_hydrant:diameter": "DN 80",
    "flow_rate": 800,
    "description": "Quelle: Datenexport Wasserwerk 2026, vermessen (Rechtswert/Hochwert ETRS89/UTM32N). Nennweite DN 80",
    "survey:date": ""
   }
  },
  {
   "type": "Feature",
   "geometry": {
    "type": "Point",
    "coordinates": [
     8.499018,
     54.698559
    ]
   },
   "properties": {
    "ref": "612",
    "name": "Nieblumweg 28",
    "addr:city": "Alkersum",
    "emergency": "fire_hydrant",
    "art": "Hydrant",
    "fire_hydrant:diameter": "DN 80",
    "flow_rate": 800,
    "description": "Quelle: Datenexport Wasserwerk 2026, vermessen (Rechtswert/Hochwert ETRS89/UTM32N). Nennweite DN 80",
    "survey:date": ""
   }
  },
  {
   "type": "Feature",
   "geometry": {
    "type": "Point",
    "coordinates": [
     8.498605,
     54.698064
    ]
   },
   "properties": {
    "ref": "613",
    "name": "Nieblumweg 27",
    "addr:city": "Alkersum",
    "emergency": "fire_hydrant",
    "art": "Bohrbrunnen",
    "description": "Quelle: Datenexport Wasserwerk 2026, vermessen (Rechtswert/Hochwert ETRS89/UTM32N).",
    "survey:date": ""
   }
  },
  {
   "type": "Feature",
   "geometry": {
    "type": "Point",
    "coordinates": [
     8.493925,
     54.733476
    ]
   },
   "properties": {
    "ref": "614",
    "name": "Aussiedlungshof 25",
    "addr:city": "Alkersum",
    "emergency": "fire_hydrant",
    "art": "Hydrant",
    "fire_hydrant:diameter": "DN 80",
    "flow_rate": 800,
    "description": "Quelle: Datenexport Wasserwerk 2026, vermessen (Rechtswert/Hochwert ETRS89/UTM32N). Nennweite DN 80",
    "survey:date": ""
   }
  },
  {
   "type": "Feature",
   "geometry": {
    "type": "Point",
    "coordinates": [
     8.502169,
     54.737828
    ]
   },
   "properties": {
    "ref": "615",
    "name": "Siedlerweg",
    "addr:city": "Alkersum",
    "emergency": "fire_hydrant",
    "art": "Hydrant",
    "fire_hydrant:diameter": "DN 80",
    "flow_rate": 800,
    "description": "Quelle: Datenexport Wasserwerk 2026, vermessen (Rechtswert/Hochwert ETRS89/UTM32N). Nennweite DN 80",
    "survey:date": ""
   }
  },
  {
   "type": "Feature",
   "geometry": {
    "type": "Point",
    "coordinates": [
     8.525944,
     54.683477
    ]
   },
   "properties": {
    "ref": "621",
    "name": "Grevelingstieg",
    "addr:city": "Nieblum",
    "emergency": "fire_hydrant",
    "art": "Hydrant",
    "fire_hydrant:diameter": "DN 80",
    "flow_rate": 1600,
    "description": "Quelle: Datenexport Wasserwerk 2026, vermessen (Rechtswert/Hochwert ETRS89/UTM32N). Nennweite DN 80",
    "survey:date": ""
   }
  },
  {
   "type": "Feature",
   "geometry": {
    "type": "Point",
    "coordinates": [
     8.526181,
     54.682579
    ]
   },
   "properties": {
    "ref": "622",
    "name": "Greveling",
    "addr:city": "Nieblum",
    "emergency": "fire_hydrant",
    "art": "Hydrant",
    "fire_hydrant:diameter": "DN 80",
    "flow_rate": 1600,
    "description": "Quelle: Datenexport Wasserwerk 2026, vermessen (Rechtswert/Hochwert ETRS89/UTM32N). Nennweite DN 80",
    "survey:date": ""
   }
  },
  {
   "type": "Feature",
   "geometry": {
    "type": "Point",
    "coordinates": [
     8.524947,
     54.683605
    ]
   },
   "properties": {
    "ref": "623",
    "name": "",
    "addr:city": "Greveling/Bredland",
    "emergency": "fire_hydrant",
    "art": "Hydrant",
    "flow_rate": 3200,
    "description": "kartografische Symbolposition; nicht vermessungstechnisch oder vor Ort bestätigt · Quelle: Greveling_Bredland.pdf",
    "survey:date": ""
   }
  },
  {
   "type": "Feature",
   "geometry": {
    "type": "Point",
    "coordinates": [
     8.524598,
     54.682219
    ]
   },
   "properties": {
    "ref": "624",
    "name": "Greveling bei Nr.6",
    "addr:city": "Nieblum",
    "emergency": "fire_hydrant",
    "art": "Hydrant",
    "fire_hydrant:diameter": "DN 80",
    "flow_rate": 1600,
    "description": "Quelle: Datenexport Wasserwerk 2026, vermessen (Rechtswert/Hochwert ETRS89/UTM32N). Nennweite DN 80",
    "survey:date": ""
   }
  },
  {
   "type": "Feature",
   "geometry": {
    "type": "Point",
    "coordinates": [
     8.523612,
     54.682188
    ]
   },
   "properties": {
    "ref": "625",
    "name": "Greveling bei Nr. 26",
    "addr:city": "Nieblum",
    "emergency": "fire_hydrant",
    "art": "Hydrant",
    "fire_hydrant:diameter": "DN 80",
    "flow_rate": 1600,
    "description": "Quelle: Datenexport Wasserwerk 2026, vermessen (Rechtswert/Hochwert ETRS89/UTM32N). Nennweite DN 80",
    "survey:date": ""
   }
  },
  {
   "type": "Feature",
   "geometry": {
    "type": "Point",
    "coordinates": [
     8.523865,
     54.683691
    ]
   },
   "properties": {
    "ref": "626",
    "name": "Grevelingstieg",
    "addr:city": "Nieblum",
    "emergency": "fire_hydrant",
    "art": "Hydrant",
    "fire_hydrant:diameter": "DN 80",
    "flow_rate": 1600,
    "description": "Quelle: Datenexport Wasserwerk 2026, vermessen (Rechtswert/Hochwert ETRS89/UTM32N). Nennweite DN 80",
    "survey:date": ""
   }
  },
  {
   "type": "Feature",
   "geometry": {
    "type": "Point",
    "coordinates": [
     8.522181,
     54.682783
    ]
   },
   "properties": {
    "ref": "627",
    "name": "Greveling bei Nr.27",
    "addr:city": "Nieblum",
    "emergency": "fire_hydrant",
    "art": "Hydrant",
    "fire_hydrant:diameter": "DN 80",
    "flow_rate": 1600,
    "description": "Quelle: Datenexport Wasserwerk 2026, vermessen (Rechtswert/Hochwert ETRS89/UTM32N). Nennweite DN 80",
    "survey:date": ""
   }
  },
  {
   "type": "Feature",
   "geometry": {
    "type": "Point",
    "coordinates": [
     8.521574,
     54.68323
    ]
   },
   "properties": {
    "ref": "628",
    "name": "",
    "addr:city": "Greveling/Bredland",
    "emergency": "fire_hydrant",
    "art": "Hydrant",
    "flow_rate": 1600,
    "description": "kartografische Symbolposition; nicht vermessungstechnisch oder vor Ort bestätigt · Quelle: Greveling_Bredland.pdf",
    "survey:date": ""
   }
  },
  {
   "type": "Feature",
   "geometry": {
    "type": "Point",
    "coordinates": [
     8.521238,
     54.683936
    ]
   },
   "properties": {
    "ref": "629",
    "name": "Grevelingstieg",
    "addr:city": "Nieblum",
    "emergency": "fire_hydrant",
    "art": "Hydrant",
    "fire_hydrant:diameter": "DN 80",
    "flow_rate": 1600,
    "description": "Quelle: Datenexport Wasserwerk 2026, vermessen (Rechtswert/Hochwert ETRS89/UTM32N). Nennweite DN 80",
    "survey:date": ""
   }
  },
  {
   "type": "Feature",
   "geometry": {
    "type": "Point",
    "coordinates": [
     8.515639,
     54.684912
    ]
   },
   "properties": {
    "ref": "631",
    "name": "Grevelingstieg 5",
    "addr:city": "Nieblum",
    "emergency": "fire_hydrant",
    "art": "Hydrant",
    "fire_hydrant:diameter": "DN 80",
    "flow_rate": 1600,
    "description": "Quelle: Datenexport Wasserwerk 2026, vermessen (Rechtswert/Hochwert ETRS89/UTM32N). Nennweite DN 80",
    "survey:date": ""
   }
  },
  {
   "type": "Feature",
   "geometry": {
    "type": "Point",
    "coordinates": [
     8.514541,
     54.683949
    ]
   },
   "properties": {
    "ref": "632",
    "name": "Bredland",
    "addr:city": "Nieblum",
    "emergency": "fire_hydrant",
    "art": "Hydrant",
    "fire_hydrant:diameter": "DN 80",
    "flow_rate": 1600,
    "description": "Quelle: Datenexport Wasserwerk 2026, vermessen (Rechtswert/Hochwert ETRS89/UTM32N). Nennweite DN 80",
    "survey:date": ""
   }
  },
  {
   "type": "Feature",
   "geometry": {
    "type": "Point",
    "coordinates": [
     8.513612,
     54.683277
    ]
   },
   "properties": {
    "ref": "633",
    "name": "Bredland 6",
    "addr:city": "Nieblum",
    "emergency": "fire_hydrant",
    "art": "Hydrant",
    "fire_hydrant:diameter": "DN 80",
    "flow_rate": 1600,
    "description": "Quelle: Datenexport Wasserwerk 2026, vermessen (Rechtswert/Hochwert ETRS89/UTM32N). Nennweite DN 80",
    "survey:date": ""
   }
  },
  {
   "type": "Feature",
   "geometry": {
    "type": "Point",
    "coordinates": [
     8.513615,
     54.682675
    ]
   },
   "properties": {
    "ref": "634",
    "name": "",
    "addr:city": "Greveling/Bredland",
    "emergency": "fire_hydrant",
    "art": "Hydrant",
    "flow_rate": 800,
    "description": "kartografische Symbolposition; nicht vermessungstechnisch oder vor Ort bestätigt · Quelle: Greveling_Bredland.pdf",
    "survey:date": ""
   }
  },
  {
   "type": "Feature",
   "geometry": {
    "type": "Point",
    "coordinates": [
     8.515463,
     54.682256
    ]
   },
   "properties": {
    "ref": "635",
    "name": "Bredland 16",
    "addr:city": "Nieblum",
    "emergency": "fire_hydrant",
    "art": "Hydrant",
    "fire_hydrant:diameter": "DN 80",
    "flow_rate": 800,
    "description": "Quelle: Datenexport Wasserwerk 2026, vermessen (Rechtswert/Hochwert ETRS89/UTM32N). Nennweite DN 80",
    "survey:date": ""
   }
  },
  {
   "type": "Feature",
   "geometry": {
    "type": "Point",
    "coordinates": [
     8.515786,
     54.68305
    ]
   },
   "properties": {
    "ref": "636",
    "name": "Bredland 24",
    "addr:city": "Nieblum",
    "emergency": "fire_hydrant",
    "art": "Hydrant",
    "fire_hydrant:diameter": "DN 80",
    "flow_rate": 800,
    "description": "Quelle: Datenexport Wasserwerk 2026, vermessen (Rechtswert/Hochwert ETRS89/UTM32N). Nennweite DN 80",
    "survey:date": ""
   }
  },
  {
   "type": "Feature",
   "geometry": {
    "type": "Point",
    "coordinates": [
     8.515393,
     54.683854
    ]
   },
   "properties": {
    "ref": "637",
    "name": "Grevelingstieg 3",
    "addr:city": "Nieblum",
    "emergency": "fire_hydrant",
    "art": "Hydrant",
    "fire_hydrant:diameter": "DN 80",
    "flow_rate": 800,
    "description": "Quelle: Datenexport Wasserwerk 2026, vermessen (Rechtswert/Hochwert ETRS89/UTM32N). Nennweite DN 80",
    "survey:date": ""
   }
  },
  {
   "type": "Feature",
   "geometry": {
    "type": "Point",
    "coordinates": [
     8.51298,
     54.684022
    ]
   },
   "properties": {
    "ref": "638",
    "name": "Bredland 4",
    "addr:city": "Nieblum",
    "emergency": "fire_hydrant",
    "art": "Hydrant",
    "fire_hydrant:diameter": "DN 80",
    "flow_rate": 1600,
    "description": "Quelle: Datenexport Wasserwerk 2026, vermessen (Rechtswert/Hochwert ETRS89/UTM32N). Nennweite DN 80",
    "survey:date": ""
   }
  },
  {
   "type": "Feature",
   "geometry": {
    "type": "Point",
    "coordinates": [
     8.508808,
     54.684251
    ]
   },
   "properties": {
    "ref": "639",
    "name": "Grevelingstieg",
    "addr:city": "Nieblum",
    "emergency": "fire_hydrant",
    "art": "Hydrant",
    "fire_hydrant:diameter": "DN 80",
    "flow_rate": 1600,
    "description": "Quelle: Datenexport Wasserwerk 2026, vermessen (Rechtswert/Hochwert ETRS89/UTM32N). Nennweite DN 80",
    "survey:date": ""
   }
  },
  {
   "type": "Feature",
   "geometry": {
    "type": "Point",
    "coordinates": [
     8.507802,
     54.684283
    ]
   },
   "properties": {
    "ref": "641",
    "name": "Grevelingstieg 11",
    "addr:city": "Nieblum",
    "emergency": "fire_hydrant",
    "art": "E-Bohrbrunnen",
    "description": "Quelle: Datenexport Wasserwerk 2026, vermessen (Rechtswert/Hochwert ETRS89/UTM32N).",
    "survey:date": ""
   }
  },
  {
   "type": "Feature",
   "geometry": {
    "type": "Point",
    "coordinates": [
     8.50484,
     54.687642
    ]
   },
   "properties": {
    "ref": "642",
    "name": "Grevelingstieg 12",
    "addr:city": "Nieblum",
    "emergency": "fire_hydrant",
    "art": "Hydrant",
    "fire_hydrant:diameter": "DN 80",
    "flow_rate": 1600,
    "description": "Quelle: Datenexport Wasserwerk 2026, vermessen (Rechtswert/Hochwert ETRS89/UTM32N). Nennweite DN 80",
    "survey:date": ""
   }
  },
  {
   "type": "Feature",
   "geometry": {
    "type": "Point",
    "coordinates": [
     8.499967,
     54.683189
    ]
   },
   "properties": {
    "ref": "643",
    "name": "Meedsweg 8",
    "addr:city": "Nieblum",
    "emergency": "fire_hydrant",
    "art": "Hydrant",
    "fire_hydrant:diameter": "DN 80",
    "flow_rate": 800,
    "description": "Quelle: Datenexport Wasserwerk 2026, vermessen (Rechtswert/Hochwert ETRS89/UTM32N). Nennweite DN 80",
    "survey:date": ""
   }
  },
  {
   "type": "Feature",
   "geometry": {
    "type": "Point",
    "coordinates": [
     8.49294,
     54.686542
    ]
   },
   "properties": {
    "ref": "644",
    "name": "Westerheideweg 4",
    "addr:city": "Nieblum",
    "emergency": "fire_hydrant",
    "art": "Hydrant",
    "fire_hydrant:diameter": "DN 80",
    "flow_rate": 800,
    "description": "Quelle: Datenexport Wasserwerk 2026, vermessen (Rechtswert/Hochwert ETRS89/UTM32N). Nennweite DN 80",
    "survey:date": ""
   }
  },
  {
   "type": "Feature",
   "geometry": {
    "type": "Point",
    "coordinates": [
     8.493183,
     54.687554
    ]
   },
   "properties": {
    "ref": "645",
    "name": "Strandstraße",
    "addr:city": "Nieblum",
    "emergency": "fire_hydrant",
    "art": "Hydrant",
    "fire_hydrant:diameter": "DN 80",
    "flow_rate": 1600,
    "description": "Quelle: Datenexport Wasserwerk 2026, vermessen (Rechtswert/Hochwert ETRS89/UTM32N). Nennweite DN 80",
    "survey:date": ""
   }
  },
  {
   "type": "Feature",
   "geometry": {
    "type": "Point",
    "coordinates": [
     8.495772,
     54.688331
    ]
   },
   "properties": {
    "ref": "646",
    "name": "Grevelingstieg",
    "addr:city": "Nieblum",
    "emergency": "fire_hydrant",
    "art": "Hydrant",
    "fire_hydrant:diameter": "DN 80",
    "flow_rate": 1600,
    "description": "Quelle: Datenexport Wasserwerk 2026, vermessen (Rechtswert/Hochwert ETRS89/UTM32N). Nennweite DN 80",
    "survey:date": ""
   }
  },
  {
   "type": "Feature",
   "geometry": {
    "type": "Point",
    "coordinates": [
     8.49215,
     54.688275
    ]
   },
   "properties": {
    "ref": "647",
    "name": "Strandstraße 19",
    "addr:city": "Nieblum",
    "emergency": "fire_hydrant",
    "art": "Hydrant",
    "fire_hydrant:diameter": "DN 80",
    "flow_rate": 1600,
    "description": "Quelle: Datenexport Wasserwerk 2026, vermessen (Rechtswert/Hochwert ETRS89/UTM32N). Nennweite DN 80",
    "survey:date": ""
   }
  },
  {
   "type": "Feature",
   "geometry": {
    "type": "Point",
    "coordinates": [
     8.491445,
     54.687836
    ]
   },
   "properties": {
    "ref": "648",
    "name": "Hochstieg 6",
    "addr:city": "Nieblum",
    "emergency": "fire_hydrant",
    "art": "Hydrant",
    "fire_hydrant:diameter": "DN 80",
    "flow_rate": 800,
    "description": "Quelle: Datenexport Wasserwerk 2026, vermessen (Rechtswert/Hochwert ETRS89/UTM32N). Nennweite DN 80",
    "survey:date": ""
   }
  },
  {
   "type": "Feature",
   "geometry": {
    "type": "Point",
    "coordinates": [
     8.490759,
     54.687377
    ]
   },
   "properties": {
    "ref": "649",
    "name": "Hochstieg 30",
    "addr:city": "Nieblum",
    "emergency": "fire_hydrant",
    "art": "Hydrant",
    "fire_hydrant:diameter": "DN 80",
    "flow_rate": 800,
    "description": "Quelle: Datenexport Wasserwerk 2026, vermessen (Rechtswert/Hochwert ETRS89/UTM32N). Nennweite DN 80",
    "survey:date": ""
   }
  },
  {
   "type": "Feature",
   "geometry": {
    "type": "Point",
    "coordinates": [
     8.489647,
     54.687295
    ]
   },
   "properties": {
    "ref": "651",
    "name": "Hochstieg 44",
    "addr:city": "Nieblum",
    "emergency": "fire_hydrant",
    "art": "Hydrant",
    "fire_hydrant:diameter": "DN 80",
    "flow_rate": 800,
    "description": "Quelle: Datenexport Wasserwerk 2026, vermessen (Rechtswert/Hochwert ETRS89/UTM32N). Nennweite DN 80",
    "survey:date": ""
   }
  },
  {
   "type": "Feature",
   "geometry": {
    "type": "Point",
    "coordinates": [
     8.491498,
     54.688719
    ]
   },
   "properties": {
    "ref": "652",
    "name": "Strandstraße 17A",
    "addr:city": "Nieblum",
    "emergency": "fire_hydrant",
    "art": "Hydrant",
    "fire_hydrant:diameter": "DN 80",
    "flow_rate": 1600,
    "description": "Quelle: Datenexport Wasserwerk 2026, vermessen (Rechtswert/Hochwert ETRS89/UTM32N). Nennweite DN 80",
    "survey:date": ""
   }
  },
  {
   "type": "Feature",
   "geometry": {
    "type": "Point",
    "coordinates": [
     8.48983,
     54.688235
    ]
   },
   "properties": {
    "ref": "653",
    "name": "Bi de Meere 8",
    "addr:city": "Nieblum",
    "emergency": "fire_hydrant",
    "art": "Hydrant",
    "fire_hydrant:diameter": "DN 80",
    "flow_rate": 800,
    "description": "Quelle: Datenexport Wasserwerk 2026, vermessen (Rechtswert/Hochwert ETRS89/UTM32N). Nennweite DN 80",
    "survey:date": ""
   }
  },
  {
   "type": "Feature",
   "geometry": {
    "type": "Point",
    "coordinates": [
     8.489316,
     54.68798
    ]
   },
   "properties": {
    "ref": "654",
    "name": "Bi de Meere 13",
    "addr:city": "Nieblum",
    "emergency": "fire_hydrant",
    "art": "Hydrant",
    "fire_hydrant:diameter": "DN 80",
    "flow_rate": 800,
    "description": "Quelle: Datenexport Wasserwerk 2026, vermessen (Rechtswert/Hochwert ETRS89/UTM32N). Nennweite DN 80",
    "survey:date": ""
   }
  },
  {
   "type": "Feature",
   "geometry": {
    "type": "Point",
    "coordinates": [
     8.489129,
     54.687608
    ]
   },
   "properties": {
    "ref": "655",
    "name": "Bi de Meere 17",
    "addr:city": "Nieblum",
    "emergency": "fire_hydrant",
    "art": "Hydrant",
    "fire_hydrant:diameter": "DN 80",
    "flow_rate": 800,
    "description": "Quelle: Datenexport Wasserwerk 2026, vermessen (Rechtswert/Hochwert ETRS89/UTM32N). Nennweite DN 80",
    "survey:date": ""
   }
  },
  {
   "type": "Feature",
   "geometry": {
    "type": "Point",
    "coordinates": [
     8.493192,
     54.69027
    ]
   },
   "properties": {
    "ref": "656",
    "name": "Babendörp-Stieg 8",
    "addr:city": "Nieblum",
    "emergency": "fire_hydrant",
    "art": "Hydrant",
    "fire_hydrant:diameter": "DN 80",
    "flow_rate": 1600,
    "description": "Quelle: Datenexport Wasserwerk 2026, vermessen (Rechtswert/Hochwert ETRS89/UTM32N). Nennweite DN 80",
    "survey:date": ""
   }
  },
  {
   "type": "Feature",
   "geometry": {
    "type": "Point",
    "coordinates": [
     8.490996,
     54.689177
    ]
   },
   "properties": {
    "ref": "657",
    "name": "",
    "addr:city": "Nieblum",
    "emergency": "fire_hydrant",
    "art": "Hydrant",
    "flow_rate": 1600,
    "description": "kartografische Symbolposition; nicht vermessungstechnisch oder vor Ort bestätigt · Quelle: Nieblum_Dorf.pdf",
    "survey:date": ""
   }
  },
  {
   "type": "Feature",
   "geometry": {
    "type": "Point",
    "coordinates": [
     8.495598,
     54.692395
    ]
   },
   "properties": {
    "ref": "658",
    "name": "Bi De Süd 1",
    "addr:city": "Nieblum",
    "emergency": "fire_hydrant",
    "art": "Hydrant",
    "fire_hydrant:diameter": "DN 80",
    "flow_rate": 800,
    "description": "Quelle: Datenexport Wasserwerk 2026, vermessen (Rechtswert/Hochwert ETRS89/UTM32N). Nennweite DN 80",
    "survey:date": ""
   }
  },
  {
   "type": "Feature",
   "geometry": {
    "type": "Point",
    "coordinates": [
     8.495068,
     54.696138
    ]
   },
   "properties": {
    "ref": "659",
    "name": "Nieblumweg 1",
    "addr:city": "Alkersum",
    "emergency": "fire_hydrant",
    "art": "Hydrant",
    "fire_hydrant:diameter": "DN 80",
    "flow_rate": 800,
    "description": "Quelle: Datenexport Wasserwerk 2026, vermessen (Rechtswert/Hochwert ETRS89/UTM32N). Nennweite DN 80",
    "survey:date": ""
   }
  },
  {
   "type": "Feature",
   "geometry": {
    "type": "Point",
    "coordinates": [
     8.493054,
     54.694135
    ]
   },
   "properties": {
    "ref": "661",
    "name": "Josiaskoog 1",
    "addr:city": "Nieblum",
    "emergency": "fire_hydrant",
    "art": "Hydrant",
    "fire_hydrant:diameter": "DN 80",
    "flow_rate": 800,
    "description": "Quelle: Datenexport Wasserwerk 2026, vermessen (Rechtswert/Hochwert ETRS89/UTM32N). Nennweite DN 80",
    "survey:date": ""
   }
  },
  {
   "type": "Feature",
   "geometry": {
    "type": "Point",
    "coordinates": [
     8.493917,
     54.693908
    ]
   },
   "properties": {
    "ref": "662",
    "name": "Josiaskoog 4",
    "addr:city": "Nieblum",
    "emergency": "fire_hydrant",
    "art": "Hydrant",
    "fire_hydrant:diameter": "DN 80",
    "flow_rate": 800,
    "description": "Quelle: Datenexport Wasserwerk 2026, vermessen (Rechtswert/Hochwert ETRS89/UTM32N). Nennweite DN 80",
    "survey:date": ""
   }
  },
  {
   "type": "Feature",
   "geometry": {
    "type": "Point",
    "coordinates": [
     8.491935,
     54.693256
    ]
   },
   "properties": {
    "ref": "663",
    "name": "Alkersumer Stieg Kirche",
    "addr:city": "Nieblum",
    "emergency": "fire_hydrant",
    "art": "Hydrant",
    "fire_hydrant:diameter": "DN 80",
    "flow_rate": 1600,
    "description": "Quelle: Datenexport Wasserwerk 2026, vermessen (Rechtswert/Hochwert ETRS89/UTM32N). Nennweite DN 80",
    "survey:date": ""
   }
  },
  {
   "type": "Feature",
   "geometry": {
    "type": "Point",
    "coordinates": [
     8.491734,
     54.692454
    ]
   },
   "properties": {
    "ref": "664",
    "name": "Alkersumer Stieg 2",
    "addr:city": "Nieblum",
    "emergency": "fire_hydrant",
    "art": "Hydrant",
    "fire_hydrant:diameter": "DN 80",
    "flow_rate": 1600,
    "description": "Quelle: Datenexport Wasserwerk 2026, vermessen (Rechtswert/Hochwert ETRS89/UTM32N). Nennweite DN 80",
    "survey:date": ""
   }
  },
  {
   "type": "Feature",
   "geometry": {
    "type": "Point",
    "coordinates": [
     8.493929,
     54.692423
    ]
   },
   "properties": {
    "ref": "665",
    "name": "Jens-Jakob-Eschel Stra 10",
    "addr:city": "Nieblum",
    "emergency": "fire_hydrant",
    "art": "Bohrbrunnen",
    "description": "Quelle: Datenexport Wasserwerk 2026, vermessen (Rechtswert/Hochwert ETRS89/UTM32N).",
    "survey:date": ""
   }
  },
  {
   "type": "Feature",
   "geometry": {
    "type": "Point",
    "coordinates": [
     8.492367,
     54.691027
    ]
   },
   "properties": {
    "ref": "666",
    "name": "Bi De Süd 15",
    "addr:city": "Nieblum",
    "emergency": "fire_hydrant",
    "art": "Bohrbrunnen",
    "description": "Quelle: Datenexport Wasserwerk 2026, vermessen (Rechtswert/Hochwert ETRS89/UTM32N).",
    "survey:date": ""
   }
  },
  {
   "type": "Feature",
   "geometry": {
    "type": "Point",
    "coordinates": [
     8.492174,
     54.690958
    ]
   },
   "properties": {
    "ref": "667",
    "name": "Babendörp-Stieg 4",
    "addr:city": "Nieblum",
    "emergency": "fire_hydrant",
    "art": "Hydrant",
    "fire_hydrant:diameter": "DN 80",
    "flow_rate": 1600,
    "description": "Quelle: Datenexport Wasserwerk 2026, vermessen (Rechtswert/Hochwert ETRS89/UTM32N). Nennweite DN 80",
    "survey:date": ""
   }
  },
  {
   "type": "Feature",
   "geometry": {
    "type": "Point",
    "coordinates": [
     8.490765,
     54.691206
    ]
   },
   "properties": {
    "ref": "668",
    "name": "Bi De Süd 23",
    "addr:city": "Nieblum",
    "emergency": "fire_hydrant",
    "art": "Hydrant",
    "fire_hydrant:diameter": "DN 80",
    "flow_rate": 1600,
    "description": "Quelle: Datenexport Wasserwerk 2026, vermessen (Rechtswert/Hochwert ETRS89/UTM32N). Nennweite DN 80",
    "survey:date": ""
   }
  },
  {
   "type": "Feature",
   "geometry": {
    "type": "Point",
    "coordinates": [
     8.490696,
     54.692529
    ]
   },
   "properties": {
    "ref": "669",
    "name": "Namine-Witt-Wai 1",
    "addr:city": "Nieblum",
    "emergency": "fire_hydrant",
    "art": "Bohrbrunnen",
    "description": "Quelle: Datenexport Wasserwerk 2026, vermessen (Rechtswert/Hochwert ETRS89/UTM32N).",
    "survey:date": ""
   }
  },
  {
   "type": "Feature",
   "geometry": {
    "type": "Point",
    "coordinates": [
     8.489384651184084,
     54.693194418468856
    ]
   },
   "properties": {
    "ref": "671",
    "name": "",
    "addr:city": "Nieblum",
    "emergency": "fire_hydrant",
    "art": "Hydrant",
    "flow_rate": "800",
    "description": "kartografische Symbolposition; nicht vermessungstechnisch oder vor Ort bestätigt · Quelle: Nieblum_Dorf.pdf",
    "survey:date": ""
   }
  },
  {
   "type": "Feature",
   "geometry": {
    "type": "Point",
    "coordinates": [
     8.489017,
     54.691942
    ]
   },
   "properties": {
    "ref": "672",
    "name": "",
    "addr:city": "Nieblum",
    "emergency": "fire_hydrant",
    "art": "Hydrant",
    "flow_rate": 800,
    "description": "kartografische Symbolposition; nicht vermessungstechnisch oder vor Ort bestätigt · Quelle: Nieblum_Dorf.pdf",
    "survey:date": ""
   }
  },
  {
   "type": "Feature",
   "geometry": {
    "type": "Point",
    "coordinates": [
     8.489532,
     54.691024
    ]
   },
   "properties": {
    "ref": "673",
    "name": "",
    "addr:city": "Nieblum",
    "emergency": "fire_hydrant",
    "art": "Hydrant",
    "flow_rate": 1600,
    "description": "kartografische Symbolposition; nicht vermessungstechnisch oder vor Ort bestätigt · Quelle: Nieblum_Dorf.pdf",
    "survey:date": ""
   }
  },
  {
   "type": "Feature",
   "geometry": {
    "type": "Point",
    "coordinates": [
     8.488125,
     54.691605
    ]
   },
   "properties": {
    "ref": "674",
    "name": "Kertelheimallee 3",
    "addr:city": "Nieblum",
    "emergency": "fire_hydrant",
    "art": "Bohrbrunnen",
    "description": "Quelle: Datenexport Wasserwerk 2026, vermessen (Rechtswert/Hochwert ETRS89/UTM32N).",
    "survey:date": ""
   }
  },
  {
   "type": "Feature",
   "geometry": {
    "type": "Point",
    "coordinates": [
     8.486883,
     54.691298
    ]
   },
   "properties": {
    "ref": "675",
    "name": "Kertelheimallee 11",
    "addr:city": "Nieblum",
    "emergency": "fire_hydrant",
    "art": "Hydrant",
    "fire_hydrant:diameter": "DN 80",
    "flow_rate": 1600,
    "description": "Quelle: Datenexport Wasserwerk 2026, vermessen (Rechtswert/Hochwert ETRS89/UTM32N). Nennweite DN 80",
    "survey:date": ""
   }
  },
  {
   "type": "Feature",
   "geometry": {
    "type": "Point",
    "coordinates": [
     8.485872,
     54.690495
    ]
   },
   "properties": {
    "ref": "676",
    "name": "",
    "addr:city": "Goting",
    "emergency": "fire_hydrant",
    "art": "Hydrant",
    "flow_rate": 1600,
    "description": "kartografische Symbolposition; nicht vermessungstechnisch oder vor Ort bestätigt · Quelle: Goting_Dorf.pdf",
    "survey:date": ""
   }
  },
  {
   "type": "Feature",
   "geometry": {
    "type": "Point",
    "coordinates": [
     8.488022089004518,
     54.68972028291158
    ]
   },
   "properties": {
    "ref": "678",
    "name": "Bi De Süd Meere",
    "addr:city": "Nieblum",
    "emergency": "fire_hydrant",
    "art": "Saugstelle",
    "description": "Quelle: Datenexport Wasserwerk 2026, vermessen (Rechtswert/Hochwert ETRS89/UTM32N).",
    "survey:date": ""
   }
  },
  {
   "type": "Feature",
   "geometry": {
    "type": "Point",
    "coordinates": [
     8.487513,
     54.68901
    ]
   },
   "properties": {
    "ref": "679",
    "name": "Heidweg 11",
    "addr:city": "Nieblum",
    "emergency": "fire_hydrant",
    "art": "Hydrant",
    "fire_hydrant:diameter": "DN 80",
    "flow_rate": 1600,
    "description": "Quelle: Datenexport Wasserwerk 2026, vermessen (Rechtswert/Hochwert ETRS89/UTM32N). Nennweite DN 80",
    "survey:date": ""
   }
  },
  {
   "type": "Feature",
   "geometry": {
    "type": "Point",
    "coordinates": [
     8.484854,
     54.689848
    ]
   },
   "properties": {
    "ref": "681",
    "name": "Westerstieg 03A",
    "addr:city": "Nieblum",
    "emergency": "fire_hydrant",
    "art": "Hydrant",
    "fire_hydrant:diameter": "DN 80",
    "flow_rate": 1600,
    "description": "Quelle: Datenexport Wasserwerk 2026, vermessen (Rechtswert/Hochwert ETRS89/UTM32N). Nennweite DN 80",
    "survey:date": ""
   }
  },
  {
   "type": "Feature",
   "geometry": {
    "type": "Point",
    "coordinates": [
     8.48512,
     54.689252
    ]
   },
   "properties": {
    "ref": "682",
    "name": "Westerstieg 13",
    "addr:city": "Nieblum",
    "emergency": "fire_hydrant",
    "art": "Hydrant",
    "fire_hydrant:diameter": "DN 80",
    "flow_rate": 1600,
    "description": "Quelle: Datenexport Wasserwerk 2026, vermessen (Rechtswert/Hochwert ETRS89/UTM32N). Nennweite DN 80",
    "survey:date": ""
   }
  },
  {
   "type": "Feature",
   "geometry": {
    "type": "Point",
    "coordinates": [
     8.485408,
     54.688622
    ]
   },
   "properties": {
    "ref": "683",
    "name": "Westerstieg 27",
    "addr:city": "Nieblum",
    "emergency": "fire_hydrant",
    "art": "Hydrant",
    "fire_hydrant:diameter": "DN 80",
    "flow_rate": 1600,
    "description": "Quelle: Datenexport Wasserwerk 2026, vermessen (Rechtswert/Hochwert ETRS89/UTM32N). Nennweite DN 80",
    "survey:date": ""
   }
  },
  {
   "type": "Feature",
   "geometry": {
    "type": "Point",
    "coordinates": [
     8.486273,
     54.68739
    ]
   },
   "properties": {
    "ref": "684",
    "name": "Heidweg 15",
    "addr:city": "Nieblum",
    "emergency": "fire_hydrant",
    "art": "Hydrant",
    "fire_hydrant:diameter": "DN 80",
    "flow_rate": 800,
    "description": "Quelle: Datenexport Wasserwerk 2026, vermessen (Rechtswert/Hochwert ETRS89/UTM32N). Nennweite DN 80",
    "survey:date": ""
   }
  },
  {
   "type": "Feature",
   "geometry": {
    "type": "Point",
    "coordinates": [
     8.486776,
     54.687905
    ]
   },
   "properties": {
    "ref": "685",
    "name": "Heidweg 12",
    "addr:city": "Nieblum",
    "emergency": "fire_hydrant",
    "art": "Hydrant",
    "fire_hydrant:diameter": "DN 80",
    "flow_rate": 1600,
    "description": "Quelle: Datenexport Wasserwerk 2026, vermessen (Rechtswert/Hochwert ETRS89/UTM32N). Nennweite DN 80",
    "survey:date": ""
   }
  },
  {
   "type": "Feature",
   "geometry": {
    "type": "Point",
    "coordinates": [
     8.481505,
     54.690695
    ]
   },
   "properties": {
    "ref": "701",
    "name": "",
    "addr:city": "Goting",
    "emergency": "fire_hydrant",
    "art": "Hydrant",
    "flow_rate": 1600,
    "description": "kartografische Symbolposition; nicht vermessungstechnisch oder vor Ort bestätigt · Quelle: Goting_Dorf.pdf",
    "survey:date": ""
   }
  },
  {
   "type": "Feature",
   "geometry": {
    "type": "Point",
    "coordinates": [
     8.476838,
     54.68988
    ]
   },
   "properties": {
    "ref": "702",
    "name": "Uasteranjstich 2",
    "addr:city": "Goting",
    "emergency": "fire_hydrant",
    "art": "Bohrbrunnen",
    "description": "Quelle: Datenexport Wasserwerk 2026, vermessen (Rechtswert/Hochwert ETRS89/UTM32N).",
    "survey:date": ""
   }
  },
  {
   "type": "Feature",
   "geometry": {
    "type": "Point",
    "coordinates": [
     8.474383,
     54.689687
    ]
   },
   "properties": {
    "ref": "703",
    "name": "Uasteranjstich 7",
    "addr:city": "Goting",
    "emergency": "fire_hydrant",
    "art": "Hydrant",
    "fire_hydrant:diameter": "DN 80",
    "flow_rate": 1600,
    "description": "Quelle: Datenexport Wasserwerk 2026, vermessen (Rechtswert/Hochwert ETRS89/UTM32N). Nennweite DN 80",
    "survey:date": ""
   }
  },
  {
   "type": "Feature",
   "geometry": {
    "type": "Point",
    "coordinates": [
     8.47439,
     54.688502
    ]
   },
   "properties": {
    "ref": "704",
    "name": "Greenwai 1",
    "addr:city": "Goting",
    "emergency": "fire_hydrant",
    "art": "Hydrant",
    "fire_hydrant:diameter": "DN 80",
    "flow_rate": 800,
    "description": "Quelle: Datenexport Wasserwerk 2026, vermessen (Rechtswert/Hochwert ETRS89/UTM32N). Nennweite DN 80",
    "survey:date": ""
   }
  },
  {
   "type": "Feature",
   "geometry": {
    "type": "Point",
    "coordinates": [
     8.472652,
     54.688361
    ]
   },
   "properties": {
    "ref": "705",
    "name": "Greenwai 7",
    "addr:city": "Goting",
    "emergency": "fire_hydrant",
    "art": "Hydrant",
    "fire_hydrant:diameter": "DN 80",
    "flow_rate": 800,
    "description": "Quelle: Datenexport Wasserwerk 2026, vermessen (Rechtswert/Hochwert ETRS89/UTM32N). Nennweite DN 80",
    "survey:date": ""
   }
  },
  {
   "type": "Feature",
   "geometry": {
    "type": "Point",
    "coordinates": [
     8.47116,
     54.688332
    ]
   },
   "properties": {
    "ref": "706",
    "name": "Greenwai 13",
    "addr:city": "Goting",
    "emergency": "fire_hydrant",
    "art": "Hydrant",
    "fire_hydrant:diameter": "DN 80",
    "flow_rate": 800,
    "description": "Quelle: Datenexport Wasserwerk 2026, vermessen (Rechtswert/Hochwert ETRS89/UTM32N). Nennweite DN 80",
    "survey:date": ""
   }
  },
  {
   "type": "Feature",
   "geometry": {
    "type": "Point",
    "coordinates": [
     8.469425,
     54.686439
    ]
   },
   "properties": {
    "ref": "707",
    "name": "Kliff 31",
    "addr:city": "Goting",
    "emergency": "fire_hydrant",
    "art": "Hydrant",
    "fire_hydrant:diameter": "DN 80",
    "flow_rate": 800,
    "description": "Quelle: Datenexport Wasserwerk 2026, vermessen (Rechtswert/Hochwert ETRS89/UTM32N). Nennweite DN 80",
    "survey:date": ""
   }
  },
  {
   "type": "Feature",
   "geometry": {
    "type": "Point",
    "coordinates": [
     8.470778,
     54.686307
    ]
   },
   "properties": {
    "ref": "708",
    "name": "Kliff 10",
    "addr:city": "Goting",
    "emergency": "fire_hydrant",
    "art": "Hydrant",
    "fire_hydrant:diameter": "DN 80",
    "flow_rate": 800,
    "description": "Quelle: Datenexport Wasserwerk 2026, vermessen (Rechtswert/Hochwert ETRS89/UTM32N). Nennweite DN 80",
    "survey:date": ""
   }
  },
  {
   "type": "Feature",
   "geometry": {
    "type": "Point",
    "coordinates": [
     8.468503,
     54.68596
    ]
   },
   "properties": {
    "ref": "709",
    "name": "Deelswai 14",
    "addr:city": "Goting",
    "emergency": "fire_hydrant",
    "art": "Hydrant",
    "fire_hydrant:diameter": "DN 80",
    "flow_rate": 800,
    "description": "Quelle: Datenexport Wasserwerk 2026, vermessen (Rechtswert/Hochwert ETRS89/UTM32N). Nennweite DN 80",
    "survey:date": ""
   }
  },
  {
   "type": "Feature",
   "geometry": {
    "type": "Point",
    "coordinates": [
     8.470158,
     54.688776
    ]
   },
   "properties": {
    "ref": "711",
    "name": "",
    "addr:city": "Goting",
    "emergency": "fire_hydrant",
    "art": "Hydrant",
    "flow_rate": 1600,
    "description": "kartografische Symbolposition; nicht vermessungstechnisch oder vor Ort bestätigt · Quelle: Goting_Dorf.pdf",
    "survey:date": ""
   }
  },
  {
   "type": "Feature",
   "geometry": {
    "type": "Point",
    "coordinates": [
     8.471623,
     54.689245
    ]
   },
   "properties": {
    "ref": "712",
    "name": "Uasteranjstich 15A",
    "addr:city": "Goting",
    "emergency": "fire_hydrant",
    "art": "Bohrbrunnen",
    "description": "Quelle: Datenexport Wasserwerk 2026, vermessen (Rechtswert/Hochwert ETRS89/UTM32N).",
    "survey:date": ""
   }
  },
  {
   "type": "Feature",
   "geometry": {
    "type": "Point",
    "coordinates": [
     8.471316,
     54.689617
    ]
   },
   "properties": {
    "ref": "713",
    "name": "Guatingwai 16A",
    "addr:city": "Goting",
    "emergency": "fire_hydrant",
    "art": "Hydrant",
    "fire_hydrant:diameter": "DN 80",
    "flow_rate": 1600,
    "description": "Quelle: Datenexport Wasserwerk 2026, vermessen (Rechtswert/Hochwert ETRS89/UTM32N). Nennweite DN 80",
    "survey:date": ""
   }
  },
  {
   "type": "Feature",
   "geometry": {
    "type": "Point",
    "coordinates": [
     8.471836,
     54.690619
    ]
   },
   "properties": {
    "ref": "714",
    "name": "Guatingwai 04A",
    "addr:city": "Goting",
    "emergency": "fire_hydrant",
    "art": "Hydrant",
    "fire_hydrant:diameter": "DN 80",
    "flow_rate": 1600,
    "description": "Quelle: Datenexport Wasserwerk 2026, vermessen (Rechtswert/Hochwert ETRS89/UTM32N). Nennweite DN 80",
    "survey:date": ""
   }
  },
  {
   "type": "Feature",
   "geometry": {
    "type": "Point",
    "coordinates": [
     8.471938,
     54.692003
    ]
   },
   "properties": {
    "ref": "715",
    "name": "Rundfoehrstrasse 7",
    "addr:city": "Goting",
    "emergency": "fire_hydrant",
    "art": "Hydrant",
    "fire_hydrant:diameter": "DN 80",
    "flow_rate": 1600,
    "description": "Quelle: Datenexport Wasserwerk 2026, vermessen (Rechtswert/Hochwert ETRS89/UTM32N). Nennweite DN 80",
    "survey:date": ""
   }
  },
  {
   "type": "Feature",
   "geometry": {
    "type": "Point",
    "coordinates": [
     8.46807,
     54.693284
    ]
   },
   "properties": {
    "ref": "716",
    "name": "Traumstraße 2",
    "addr:city": "Goting",
    "emergency": "fire_hydrant",
    "art": "Hydrant",
    "fire_hydrant:diameter": "DN 80",
    "flow_rate": 1600,
    "description": "Quelle: Datenexport Wasserwerk 2026, vermessen (Rechtswert/Hochwert ETRS89/UTM32N). Nennweite DN 80",
    "survey:date": ""
   }
  },
  {
   "type": "Feature",
   "geometry": {
    "type": "Point",
    "coordinates": [
     8.464168,
     54.694225
    ]
   },
   "properties": {
    "ref": "717",
    "name": "Traumstraße 3",
    "addr:city": "Goting",
    "emergency": "fire_hydrant",
    "art": "Hydrant",
    "fire_hydrant:diameter": "DN 80",
    "flow_rate": 1600,
    "description": "Quelle: Datenexport Wasserwerk 2026, vermessen (Rechtswert/Hochwert ETRS89/UTM32N). Nennweite DN 80",
    "survey:date": ""
   }
  },
  {
   "type": "Feature",
   "geometry": {
    "type": "Point",
    "coordinates": [
     8.463532,
     54.697144
    ]
   },
   "properties": {
    "ref": "725",
    "name": "Taarepswoi 2",
    "addr:city": "Borgsum",
    "emergency": "fire_hydrant",
    "art": "Hydrant",
    "fire_hydrant:diameter": "DN 80",
    "flow_rate": 800,
    "description": "Quelle: Datenexport Wasserwerk 2026, vermessen (Rechtswert/Hochwert ETRS89/UTM32N). Nennweite DN 80",
    "survey:date": ""
   }
  },
  {
   "type": "Feature",
   "geometry": {
    "type": "Point",
    "coordinates": [
     8.46279,
     54.697738
    ]
   },
   "properties": {
    "ref": "726",
    "name": "Taarepswoi 4",
    "addr:city": "Borgsum",
    "emergency": "fire_hydrant",
    "art": "Hydrant",
    "fire_hydrant:diameter": "DN 80",
    "flow_rate": 800,
    "description": "Quelle: Datenexport Wasserwerk 2026, vermessen (Rechtswert/Hochwert ETRS89/UTM32N). Nennweite DN 80",
    "survey:date": ""
   }
  },
  {
   "type": "Feature",
   "geometry": {
    "type": "Point",
    "coordinates": [
     8.461893,
     54.698435
    ]
   },
   "properties": {
    "ref": "727",
    "name": "Taarepswoi 6",
    "addr:city": "Borgsum",
    "emergency": "fire_hydrant",
    "art": "Hydrant",
    "fire_hydrant:diameter": "DN 80",
    "flow_rate": 800,
    "description": "Quelle: Datenexport Wasserwerk 2026, vermessen (Rechtswert/Hochwert ETRS89/UTM32N). Nennweite DN 80",
    "survey:date": ""
   }
  },
  {
   "type": "Feature",
   "geometry": {
    "type": "Point",
    "coordinates": [
     8.461153,
     54.6974
    ]
   },
   "properties": {
    "ref": "728",
    "name": "Strunwoi 5",
    "addr:city": "Borgsum",
    "emergency": "fire_hydrant",
    "art": "Hydrant",
    "fire_hydrant:diameter": "DN 80",
    "flow_rate": 800,
    "description": "Quelle: Datenexport Wasserwerk 2026, vermessen (Rechtswert/Hochwert ETRS89/UTM32N). Nennweite DN 80",
    "survey:date": ""
   }
  },
  {
   "type": "Feature",
   "geometry": {
    "type": "Point",
    "coordinates": [
     8.459882,
     54.695133
    ]
   },
   "properties": {
    "ref": "729",
    "name": "Traumstraße",
    "addr:city": "Borgsum",
    "emergency": "fire_hydrant",
    "art": "Hydrant",
    "fire_hydrant:diameter": "DN 80",
    "flow_rate": 1600,
    "description": "Quelle: Datenexport Wasserwerk 2026, vermessen (Rechtswert/Hochwert ETRS89/UTM32N). Nennweite DN 80",
    "survey:date": ""
   }
  },
  {
   "type": "Feature",
   "geometry": {
    "type": "Point",
    "coordinates": [
     8.461048,
     54.69914
    ]
   },
   "properties": {
    "ref": "731",
    "name": "Taarepswoi 9",
    "addr:city": "Borgsum",
    "emergency": "fire_hydrant",
    "art": "Bohrbrunnen",
    "description": "Quelle: Datenexport Wasserwerk 2026, vermessen (Rechtswert/Hochwert ETRS89/UTM32N).",
    "survey:date": ""
   }
  },
  {
   "type": "Feature",
   "geometry": {
    "type": "Point",
    "coordinates": [
     8.460824,
     54.699275
    ]
   },
   "properties": {
    "ref": "732",
    "name": "Taarepswoi 9",
    "addr:city": "Borgsum",
    "emergency": "fire_hydrant",
    "art": "Hydrant",
    "fire_hydrant:diameter": "DN 80",
    "flow_rate": 800,
    "description": "Quelle: Datenexport Wasserwerk 2026, vermessen (Rechtswert/Hochwert ETRS89/UTM32N). Nennweite DN 80",
    "survey:date": ""
   }
  },
  {
   "type": "Feature",
   "geometry": {
    "type": "Point",
    "coordinates": [
     8.459823,
     54.699919
    ]
   },
   "properties": {
    "ref": "733",
    "name": "Taarepswoi 16",
    "addr:city": "Borgsum",
    "emergency": "fire_hydrant",
    "art": "Hydrant",
    "fire_hydrant:diameter": "DN 80",
    "flow_rate": 800,
    "description": "Quelle: Datenexport Wasserwerk 2026, vermessen (Rechtswert/Hochwert ETRS89/UTM32N). Nennweite DN 80",
    "survey:date": ""
   }
  },
  {
   "type": "Feature",
   "geometry": {
    "type": "Point",
    "coordinates": [
     8.459095,
     54.699388
    ]
   },
   "properties": {
    "ref": "734",
    "name": "Süüderwoi 3",
    "addr:city": "Borgsum",
    "emergency": "fire_hydrant",
    "art": "Hydrant",
    "fire_hydrant:diameter": "DN 80",
    "flow_rate": 800,
    "description": "Quelle: Datenexport Wasserwerk 2026, vermessen (Rechtswert/Hochwert ETRS89/UTM32N). Nennweite DN 80",
    "survey:date": ""
   }
  },
  {
   "type": "Feature",
   "geometry": {
    "type": "Point",
    "coordinates": [
     8.458786,
     54.698912
    ]
   },
   "properties": {
    "ref": "735",
    "name": "Süüderwoi 7",
    "addr:city": "Borgsum",
    "emergency": "fire_hydrant",
    "art": "Hydrant",
    "fire_hydrant:diameter": "DN 80",
    "flow_rate": 800,
    "description": "Quelle: Datenexport Wasserwerk 2026, vermessen (Rechtswert/Hochwert ETRS89/UTM32N). Nennweite DN 80",
    "survey:date": ""
   }
  },
  {
   "type": "Feature",
   "geometry": {
    "type": "Point",
    "coordinates": [
     8.458618,
     54.698293
    ]
   },
   "properties": {
    "ref": "736",
    "name": "Süüderwoi 13",
    "addr:city": "Borgsum",
    "emergency": "fire_hydrant",
    "art": "Hydrant",
    "fire_hydrant:diameter": "DN 80",
    "flow_rate": 800,
    "description": "Quelle: Datenexport Wasserwerk 2026, vermessen (Rechtswert/Hochwert ETRS89/UTM32N). Nennweite DN 80",
    "survey:date": ""
   }
  },
  {
   "type": "Feature",
   "geometry": {
    "type": "Point",
    "coordinates": [
     8.458988,
     54.700391
    ]
   },
   "properties": {
    "ref": "737",
    "name": "Taarepswoi 20",
    "addr:city": "Borgsum",
    "emergency": "fire_hydrant",
    "art": "Hydrant",
    "fire_hydrant:diameter": "DN 80",
    "flow_rate": 800,
    "description": "Quelle: Datenexport Wasserwerk 2026, vermessen (Rechtswert/Hochwert ETRS89/UTM32N). Nennweite DN 80",
    "survey:date": ""
   }
  },
  {
   "type": "Feature",
   "geometry": {
    "type": "Point",
    "coordinates": [
     8.458051,
     54.700988
    ]
   },
   "properties": {
    "ref": "738",
    "name": "Taarepswoi 22",
    "addr:city": "Borgsum",
    "emergency": "fire_hydrant",
    "art": "Hydrant",
    "fire_hydrant:diameter": "DN 80",
    "flow_rate": 1600,
    "description": "Quelle: Datenexport Wasserwerk 2026, vermessen (Rechtswert/Hochwert ETRS89/UTM32N). Nennweite DN 80",
    "survey:date": ""
   }
  },
  {
   "type": "Feature",
   "geometry": {
    "type": "Point",
    "coordinates": [
     8.457384,
     54.701418
    ]
   },
   "properties": {
    "ref": "739",
    "name": "Taarepswoi 24",
    "addr:city": "Borgsum",
    "emergency": "fire_hydrant",
    "art": "Hydrant",
    "fire_hydrant:diameter": "DN 80",
    "flow_rate": 1600,
    "description": "Quelle: Datenexport Wasserwerk 2026, vermessen (Rechtswert/Hochwert ETRS89/UTM32N). Nennweite DN 80",
    "survey:date": ""
   }
  },
  {
   "type": "Feature",
   "geometry": {
    "type": "Point",
    "coordinates": [
     8.456888,
     54.701834
    ]
   },
   "properties": {
    "ref": "741",
    "name": "Stianbrag 1",
    "addr:city": "Borgsum",
    "emergency": "fire_hydrant",
    "art": "Hydrant",
    "fire_hydrant:diameter": "DN 80",
    "flow_rate": 1600,
    "description": "Quelle: Datenexport Wasserwerk 2026, vermessen (Rechtswert/Hochwert ETRS89/UTM32N). Nennweite DN 80",
    "survey:date": ""
   }
  },
  {
   "type": "Feature",
   "geometry": {
    "type": "Point",
    "coordinates": [
     8.455955,
     54.700849
    ]
   },
   "properties": {
    "ref": "742",
    "name": "Malnstich",
    "addr:city": "Borgsum",
    "emergency": "fire_hydrant",
    "art": "Bohrbrunnen",
    "description": "Quelle: Datenexport Wasserwerk 2026, vermessen (Rechtswert/Hochwert ETRS89/UTM32N).",
    "survey:date": ""
   }
  },
  {
   "type": "Feature",
   "geometry": {
    "type": "Point",
    "coordinates": [
     8.45627,
     54.700546
    ]
   },
   "properties": {
    "ref": "743",
    "name": "Boowen Taarep 1",
    "addr:city": "Borgsum",
    "emergency": "fire_hydrant",
    "art": "Hydrant",
    "fire_hydrant:diameter": "DN 80",
    "flow_rate": 1600,
    "description": "Quelle: Datenexport Wasserwerk 2026, vermessen (Rechtswert/Hochwert ETRS89/UTM32N). Nennweite DN 80",
    "survey:date": ""
   }
  },
  {
   "type": "Feature",
   "geometry": {
    "type": "Point",
    "coordinates": [
     8.457029,
     54.700248
    ]
   },
   "properties": {
    "ref": "744",
    "name": "Boowen Taarep 5",
    "addr:city": "Borgsum",
    "emergency": "fire_hydrant",
    "art": "Hydrant",
    "fire_hydrant:diameter": "DN 80",
    "flow_rate": 800,
    "description": "Quelle: Datenexport Wasserwerk 2026, vermessen (Rechtswert/Hochwert ETRS89/UTM32N). Nennweite DN 80",
    "survey:date": ""
   }
  },
  {
   "type": "Feature",
   "geometry": {
    "type": "Point",
    "coordinates": [
     8.457459,
     54.699801
    ]
   },
   "properties": {
    "ref": "745",
    "name": "Boowen Taarep 7",
    "addr:city": "Borgsum",
    "emergency": "fire_hydrant",
    "art": "Hydrant",
    "fire_hydrant:diameter": "DN 80",
    "flow_rate": 800,
    "description": "Quelle: Datenexport Wasserwerk 2026, vermessen (Rechtswert/Hochwert ETRS89/UTM32N). Nennweite DN 80",
    "survey:date": ""
   }
  },
  {
   "type": "Feature",
   "geometry": {
    "type": "Point",
    "coordinates": [
     8.458138,
     54.699403
    ]
   },
   "properties": {
    "ref": "746",
    "name": "Boowen Taarep 15",
    "addr:city": "Borgsum",
    "emergency": "fire_hydrant",
    "art": "Hydrant",
    "fire_hydrant:diameter": "DN 80",
    "flow_rate": 800,
    "description": "Quelle: Datenexport Wasserwerk 2026, vermessen (Rechtswert/Hochwert ETRS89/UTM32N). Nennweite DN 80",
    "survey:date": ""
   }
  },
  {
   "type": "Feature",
   "geometry": {
    "type": "Point",
    "coordinates": [
     8.457857,
     54.699183
    ]
   },
   "properties": {
    "ref": "747",
    "name": "Boowen Taarep 16",
    "addr:city": "Borgsum",
    "emergency": "fire_hydrant",
    "art": "Bohrbrunnen",
    "description": "Quelle: Datenexport Wasserwerk 2026, vermessen (Rechtswert/Hochwert ETRS89/UTM32N).",
    "survey:date": ""
   }
  },
  {
   "type": "Feature",
   "geometry": {
    "type": "Point",
    "coordinates": [
     8.457706,
     54.698713
    ]
   },
   "properties": {
    "ref": "748",
    "name": "Boowen Taarep 20",
    "addr:city": "Borgsum",
    "emergency": "fire_hydrant",
    "art": "Hydrant",
    "fire_hydrant:diameter": "DN 80",
    "flow_rate": 800,
    "description": "Quelle: Datenexport Wasserwerk 2026, vermessen (Rechtswert/Hochwert ETRS89/UTM32N). Nennweite DN 80",
    "survey:date": ""
   }
  },
  {
   "type": "Feature",
   "geometry": {
    "type": "Point",
    "coordinates": [
     8.454918,
     54.699018
    ]
   },
   "properties": {
    "ref": "749",
    "name": "Malnstich 5",
    "addr:city": "Borgsum",
    "emergency": "fire_hydrant",
    "art": "Hydrant",
    "fire_hydrant:diameter": "DN 80",
    "flow_rate": 1600,
    "description": "Quelle: Datenexport Wasserwerk 2026, vermessen (Rechtswert/Hochwert ETRS89/UTM32N). Nennweite DN 80",
    "survey:date": ""
   }
  },
  {
   "type": "Feature",
   "geometry": {
    "type": "Point",
    "coordinates": [
     8.46246,
     54.701751
    ]
   },
   "properties": {
    "ref": "751",
    "name": "Feld",
    "addr:city": "Borgsum",
    "emergency": "fire_hydrant",
    "art": "Hydrant",
    "fire_hydrant:diameter": "DN 80",
    "flow_rate": 1600,
    "description": "Quelle: Datenexport Wasserwerk 2026, vermessen (Rechtswert/Hochwert ETRS89/UTM32N). Nennweite DN 80",
    "survey:date": ""
   }
  },
  {
   "type": "Feature",
   "geometry": {
    "type": "Point",
    "coordinates": [
     8.462407,
     54.701708
    ]
   },
   "properties": {
    "ref": "752",
    "name": "Kuiwoi",
    "addr:city": "Borgsum",
    "emergency": "fire_hydrant",
    "art": "Hydrant",
    "fire_hydrant:diameter": "DN 80",
    "flow_rate": 1600,
    "description": "Quelle: Datenexport Wasserwerk 2026, vermessen (Rechtswert/Hochwert ETRS89/UTM32N). Nennweite DN 80",
    "survey:date": ""
   }
  },
  {
   "type": "Feature",
   "geometry": {
    "type": "Point",
    "coordinates": [
     8.460689,
     54.701454
    ]
   },
   "properties": {
    "ref": "753",
    "name": "Uasterjaat 8",
    "addr:city": "Borgsum",
    "emergency": "fire_hydrant",
    "art": "Hydrant",
    "fire_hydrant:diameter": "DN 80",
    "flow_rate": 1600,
    "description": "Quelle: Datenexport Wasserwerk 2026, vermessen (Rechtswert/Hochwert ETRS89/UTM32N). Nennweite DN 80",
    "survey:date": ""
   }
  },
  {
   "type": "Feature",
   "geometry": {
    "type": "Point",
    "coordinates": [
     8.459506,
     54.702058
    ]
   },
   "properties": {
    "ref": "754",
    "name": "Stianbrag 04B",
    "addr:city": "Borgsum",
    "emergency": "fire_hydrant",
    "art": "Hydrant",
    "fire_hydrant:diameter": "DN 80",
    "flow_rate": 1600,
    "description": "Quelle: Datenexport Wasserwerk 2026, vermessen (Rechtswert/Hochwert ETRS89/UTM32N). Nennweite DN 80",
    "survey:date": ""
   }
  },
  {
   "type": "Feature",
   "geometry": {
    "type": "Point",
    "coordinates": [
     8.458083,
     54.702059
    ]
   },
   "properties": {
    "ref": "755",
    "name": "Stianbrag 3",
    "addr:city": "Borgsum",
    "emergency": "fire_hydrant",
    "art": "Hydrant",
    "fire_hydrant:diameter": "DN 80",
    "flow_rate": 1600,
    "description": "Quelle: Datenexport Wasserwerk 2026, vermessen (Rechtswert/Hochwert ETRS89/UTM32N). Nennweite DN 80",
    "survey:date": ""
   }
  },
  {
   "type": "Feature",
   "geometry": {
    "type": "Point",
    "coordinates": [
     8.458714,
     54.702622
    ]
   },
   "properties": {
    "ref": "756",
    "name": "Noorderwoi 2",
    "addr:city": "Borgsum",
    "emergency": "fire_hydrant",
    "art": "Hydrant",
    "fire_hydrant:diameter": "DN 80",
    "flow_rate": 1600,
    "description": "Quelle: Datenexport Wasserwerk 2026, vermessen (Rechtswert/Hochwert ETRS89/UTM32N). Nennweite DN 80",
    "survey:date": ""
   }
  },
  {
   "type": "Feature",
   "geometry": {
    "type": "Point",
    "coordinates": [
     8.459039,
     54.702632
    ]
   },
   "properties": {
    "ref": "757",
    "name": "Stianbrag FFW",
    "addr:city": "Borgsum",
    "emergency": "fire_hydrant",
    "art": "Bohrbrunnen",
    "description": "Quelle: Datenexport Wasserwerk 2026, vermessen (Rechtswert/Hochwert ETRS89/UTM32N).",
    "survey:date": ""
   }
  },
  {
   "type": "Feature",
   "geometry": {
    "type": "Point",
    "coordinates": [
     8.458746,
     54.703633
    ]
   },
   "properties": {
    "ref": "758",
    "name": "Noorderwoi 3",
    "addr:city": "Borgsum",
    "emergency": "fire_hydrant",
    "art": "Hydrant",
    "fire_hydrant:diameter": "DN 80",
    "flow_rate": 1600,
    "description": "Quelle: Datenexport Wasserwerk 2026, vermessen (Rechtswert/Hochwert ETRS89/UTM32N). Nennweite DN 80",
    "survey:date": ""
   }
  },
  {
   "type": "Feature",
   "geometry": {
    "type": "Point",
    "coordinates": [
     8.457804,
     54.704541
    ]
   },
   "properties": {
    "ref": "759",
    "name": "Noorderwoi 5",
    "addr:city": "Borgsum",
    "emergency": "fire_hydrant",
    "art": "Hydrant",
    "fire_hydrant:diameter": "DN 80",
    "flow_rate": 800,
    "description": "Quelle: Datenexport Wasserwerk 2026, vermessen (Rechtswert/Hochwert ETRS89/UTM32N). Nennweite DN 80",
    "survey:date": ""
   }
  },
  {
   "type": "Feature",
   "geometry": {
    "type": "Point",
    "coordinates": [
     8.454558,
     54.702384
    ]
   },
   "properties": {
    "ref": "761",
    "name": "Taarepswoi 34A",
    "addr:city": "Borgsum",
    "emergency": "fire_hydrant",
    "art": "Hydrant",
    "fire_hydrant:diameter": "DN 80",
    "flow_rate": 1600,
    "description": "Quelle: Datenexport Wasserwerk 2026, vermessen (Rechtswert/Hochwert ETRS89/UTM32N). Nennweite DN 80",
    "survey:date": ""
   }
  },
  {
   "type": "Feature",
   "geometry": {
    "type": "Point",
    "coordinates": [
     8.453467,
     54.702654
    ]
   },
   "properties": {
    "ref": "762",
    "name": "Taarepswoi 42",
    "addr:city": "Borgsum",
    "emergency": "fire_hydrant",
    "art": "Hydrant",
    "fire_hydrant:diameter": "DN 80",
    "flow_rate": 800,
    "description": "Quelle: Datenexport Wasserwerk 2026, vermessen (Rechtswert/Hochwert ETRS89/UTM32N). Nennweite DN 80",
    "survey:date": ""
   }
  },
  {
   "type": "Feature",
   "geometry": {
    "type": "Point",
    "coordinates": [
     8.452329,
     54.70305
    ]
   },
   "properties": {
    "ref": "763",
    "name": "Borigwoi 1",
    "addr:city": "Borgsum",
    "emergency": "fire_hydrant",
    "art": "Hydrant",
    "fire_hydrant:diameter": "DN 80",
    "flow_rate": 800,
    "description": "Quelle: Datenexport Wasserwerk 2026, vermessen (Rechtswert/Hochwert ETRS89/UTM32N). Nennweite DN 80",
    "survey:date": ""
   }
  },
  {
   "type": "Feature",
   "geometry": {
    "type": "Point",
    "coordinates": [
     8.45304,
     54.704282
    ]
   },
   "properties": {
    "ref": "764",
    "name": "Borigwoi 8",
    "addr:city": "Borgsum",
    "emergency": "fire_hydrant",
    "art": "Hydrant",
    "fire_hydrant:diameter": "DN 80",
    "flow_rate": 800,
    "description": "Quelle: Datenexport Wasserwerk 2026, vermessen (Rechtswert/Hochwert ETRS89/UTM32N). Nennweite DN 80",
    "survey:date": ""
   }
  },
  {
   "type": "Feature",
   "geometry": {
    "type": "Point",
    "coordinates": [
     8.453308,
     54.704454
    ]
   },
   "properties": {
    "ref": "765",
    "name": "Borigwoi 8",
    "addr:city": "Borgsum",
    "emergency": "fire_hydrant",
    "art": "Bohrbrunnen",
    "description": "Quelle: Datenexport Wasserwerk 2026, vermessen (Rechtswert/Hochwert ETRS89/UTM32N).",
    "survey:date": ""
   }
  },
  {
   "type": "Feature",
   "geometry": {
    "type": "Point",
    "coordinates": [
     8.454878,
     54.705226
    ]
   },
   "properties": {
    "ref": "766",
    "name": "Noorderwoi 10",
    "addr:city": "Borgsum",
    "emergency": "fire_hydrant",
    "art": "Hydrant",
    "fire_hydrant:diameter": "DN 80",
    "flow_rate": 800,
    "description": "Quelle: Datenexport Wasserwerk 2026, vermessen (Rechtswert/Hochwert ETRS89/UTM32N). Nennweite DN 80",
    "survey:date": ""
   }
  },
  {
   "type": "Feature",
   "geometry": {
    "type": "Point",
    "coordinates": [
     8.444207,
     54.708385
    ]
   },
   "properties": {
    "ref": "767",
    "name": "Borgsum-Feld 2",
    "addr:city": "Borgsum",
    "emergency": "fire_hydrant",
    "art": "Hydrant",
    "fire_hydrant:diameter": "DN 80",
    "flow_rate": 400,
    "description": "Quelle: Datenexport Wasserwerk 2026, vermessen (Rechtswert/Hochwert ETRS89/UTM32N). Nennweite DN 80",
    "survey:date": ""
   }
  },
  {
   "type": "Feature",
   "geometry": {
    "type": "Point",
    "coordinates": [
     8.479307,
     54.71993
    ]
   },
   "properties": {
    "ref": "774",
    "name": "Aussiedlungshof 27",
    "addr:city": "Borgsum",
    "emergency": "fire_hydrant",
    "art": "Hydrant",
    "fire_hydrant:diameter": "DN 80",
    "flow_rate": 800,
    "description": "Quelle: Datenexport Wasserwerk 2026, vermessen (Rechtswert/Hochwert ETRS89/UTM32N). Nennweite DN 80",
    "survey:date": ""
   }
  },
  {
   "type": "Feature",
   "geometry": {
    "type": "Point",
    "coordinates": [
     8.475647,
     54.719946
    ]
   },
   "properties": {
    "ref": "775",
    "name": "Aussiedlungshof 28",
    "addr:city": "Borgsum",
    "emergency": "fire_hydrant",
    "art": "Hydrant",
    "fire_hydrant:diameter": "DN 80",
    "flow_rate": 800,
    "description": "Quelle: Datenexport Wasserwerk 2026, vermessen (Rechtswert/Hochwert ETRS89/UTM32N). Nennweite DN 80",
    "survey:date": ""
   }
  },
  {
   "type": "Feature",
   "geometry": {
    "type": "Point",
    "coordinates": [
     8.442038,
     54.698055
    ]
   },
   "properties": {
    "ref": "780",
    "name": "Traumstraße Eelenböög",
    "addr:city": "Witsum",
    "emergency": "fire_hydrant",
    "art": "Hydrant",
    "fire_hydrant:diameter": "DN 80",
    "flow_rate": 1600,
    "description": "Quelle: Datenexport Wasserwerk 2026, vermessen (Rechtswert/Hochwert ETRS89/UTM32N). Nennweite DN 80",
    "survey:date": ""
   }
  },
  {
   "type": "Feature",
   "geometry": {
    "type": "Point",
    "coordinates": [
     8.442074,
     54.699002
    ]
   },
   "properties": {
    "ref": "781",
    "name": "Eelenböög 8",
    "addr:city": "Witsum",
    "emergency": "fire_hydrant",
    "art": "Hydrant",
    "fire_hydrant:diameter": "DN 80",
    "flow_rate": 1600,
    "description": "Quelle: Datenexport Wasserwerk 2026, vermessen (Rechtswert/Hochwert ETRS89/UTM32N). Nennweite DN 80",
    "survey:date": ""
   }
  },
  {
   "type": "Feature",
   "geometry": {
    "type": "Point",
    "coordinates": [
     8.442459,
     54.699958
    ]
   },
   "properties": {
    "ref": "782",
    "name": "Nei Lun",
    "addr:city": "Witsum",
    "emergency": "fire_hydrant",
    "art": "Hydrant",
    "fire_hydrant:diameter": "DN 80",
    "flow_rate": 800,
    "description": "Quelle: Datenexport Wasserwerk 2026, vermessen (Rechtswert/Hochwert ETRS89/UTM32N). Nennweite DN 80",
    "survey:date": ""
   }
  },
  {
   "type": "Feature",
   "geometry": {
    "type": "Point",
    "coordinates": [
     8.439664,
     54.700466
    ]
   },
   "properties": {
    "ref": "783",
    "name": "Nei Lun",
    "addr:city": "Witsum",
    "emergency": "fire_hydrant",
    "art": "Hydrant",
    "fire_hydrant:diameter": "DN 80",
    "flow_rate": 800,
    "description": "Quelle: Datenexport Wasserwerk 2026, vermessen (Rechtswert/Hochwert ETRS89/UTM32N). Nennweite DN 80",
    "survey:date": ""
   }
  },
  {
   "type": "Feature",
   "geometry": {
    "type": "Point",
    "coordinates": [
     8.439978,
     54.699097
    ]
   },
   "properties": {
    "ref": "784",
    "name": "Traumstraße 23",
    "addr:city": "Witsum",
    "emergency": "fire_hydrant",
    "art": "Bohrbrunnen",
    "description": "Quelle: Datenexport Wasserwerk 2026, vermessen (Rechtswert/Hochwert ETRS89/UTM32N).",
    "survey:date": ""
   }
  },
  {
   "type": "Feature",
   "geometry": {
    "type": "Point",
    "coordinates": [
     8.439658,
     54.698866
    ]
   },
   "properties": {
    "ref": "785",
    "name": "Ban Taarep 12",
    "addr:city": "Witsum",
    "emergency": "fire_hydrant",
    "art": "Hydrant",
    "fire_hydrant:diameter": "DN 80",
    "flow_rate": 1600,
    "description": "Quelle: Datenexport Wasserwerk 2026, vermessen (Rechtswert/Hochwert ETRS89/UTM32N). Nennweite DN 80",
    "survey:date": ""
   }
  },
  {
   "type": "Feature",
   "geometry": {
    "type": "Point",
    "coordinates": [
     8.434237,
     54.699948
    ]
   },
   "properties": {
    "ref": "786",
    "name": "Salwertstich 1",
    "addr:city": "Witsum",
    "emergency": "fire_hydrant",
    "art": "Hydrant",
    "fire_hydrant:diameter": "DN 80",
    "flow_rate": 1600,
    "description": "Quelle: Datenexport Wasserwerk 2026, vermessen (Rechtswert/Hochwert ETRS89/UTM32N). Nennweite DN 80",
    "survey:date": ""
   }
  },
  {
   "type": "Feature",
   "geometry": {
    "type": "Point",
    "coordinates": [
     8.434555,
     54.701478
    ]
   },
   "properties": {
    "ref": "789",
    "name": "Salwertstich Traumstr.",
    "addr:city": "Witsum",
    "emergency": "fire_hydrant",
    "art": "Hydrant",
    "fire_hydrant:diameter": "DN 80",
    "flow_rate": 1600,
    "description": "Quelle: Datenexport Wasserwerk 2026, vermessen (Rechtswert/Hochwert ETRS89/UTM32N). Nennweite DN 80",
    "survey:date": ""
   }
  },
  {
   "type": "Feature",
   "geometry": {
    "type": "Point",
    "coordinates": [
     8.464179,
     54.72976
    ]
   },
   "properties": {
    "ref": "795",
    "name": "Haus",
    "addr:city": "Oldsum",
    "emergency": "fire_hydrant",
    "art": "Hydrant",
    "fire_hydrant:diameter": "DN 80",
    "flow_rate": 800,
    "description": "Quelle: Datenexport Wasserwerk 2026, vermessen (Rechtswert/Hochwert ETRS89/UTM32N). Nennweite DN 80",
    "survey:date": ""
   }
  },
  {
   "type": "Feature",
   "geometry": {
    "type": "Point",
    "coordinates": [
     8.464309,
     54.729247
    ]
   },
   "properties": {
    "ref": "796",
    "name": "Haus",
    "addr:city": "Oldsum",
    "emergency": "fire_hydrant",
    "art": "Hydrant",
    "fire_hydrant:diameter": "DN 80",
    "flow_rate": 800,
    "description": "Quelle: Datenexport Wasserwerk 2026, vermessen (Rechtswert/Hochwert ETRS89/UTM32N). Nennweite DN 80",
    "survey:date": ""
   }
  },
  {
   "type": "Feature",
   "geometry": {
    "type": "Point",
    "coordinates": [
     8.463884,
     54.731307
    ]
   },
   "properties": {
    "ref": "797",
    "name": "797",
    "addr:city": "Oldsum",
    "emergency": "fire_hydrant",
    "art": "Saugstelle",
    "description": "Quelle: Datenexport Wasserwerk 2026, vermessen (Rechtswert/Hochwert ETRS89/UTM32N).",
    "survey:date": ""
   }
  },
  {
   "type": "Feature",
   "geometry": {
    "type": "Point",
    "coordinates": [
     8.463374,
     54.730282
    ]
   },
   "properties": {
    "ref": "798",
    "name": "Haus",
    "addr:city": "Oldsum",
    "emergency": "fire_hydrant",
    "art": "Hydrant",
    "fire_hydrant:diameter": "DN 80",
    "flow_rate": 800,
    "description": "Quelle: Datenexport Wasserwerk 2026, vermessen (Rechtswert/Hochwert ETRS89/UTM32N). Nennweite DN 80",
    "survey:date": ""
   }
  },
  {
   "type": "Feature",
   "geometry": {
    "type": "Point",
    "coordinates": [
     8.463589,
     54.728882
    ]
   },
   "properties": {
    "ref": "799",
    "name": "Haus",
    "addr:city": "Oldsum",
    "emergency": "fire_hydrant",
    "art": "Hydrant",
    "fire_hydrant:diameter": "DN 80",
    "flow_rate": 800,
    "description": "Quelle: Datenexport Wasserwerk 2026, vermessen (Rechtswert/Hochwert ETRS89/UTM32N). Nennweite DN 80",
    "survey:date": ""
   }
  },
  {
   "type": "Feature",
   "geometry": {
    "type": "Point",
    "coordinates": [
     8.462786,
     54.728931
    ]
   },
   "properties": {
    "ref": "801",
    "name": "Haus",
    "addr:city": "Oldsum",
    "emergency": "fire_hydrant",
    "art": "Hydrant",
    "fire_hydrant:diameter": "DN 80",
    "flow_rate": 800,
    "description": "Quelle: Datenexport Wasserwerk 2026, vermessen (Rechtswert/Hochwert ETRS89/UTM32N). Nennweite DN 80",
    "survey:date": ""
   }
  },
  {
   "type": "Feature",
   "geometry": {
    "type": "Point",
    "coordinates": [
     8.462214,
     54.72812
    ]
   },
   "properties": {
    "ref": "802",
    "name": "Haus",
    "addr:city": "Oldsum",
    "emergency": "fire_hydrant",
    "art": "Hydrant",
    "fire_hydrant:diameter": "DN 80",
    "flow_rate": 800,
    "description": "Quelle: Datenexport Wasserwerk 2026, vermessen (Rechtswert/Hochwert ETRS89/UTM32N). Nennweite DN 80",
    "survey:date": ""
   }
  },
  {
   "type": "Feature",
   "geometry": {
    "type": "Point",
    "coordinates": [
     8.460766,
     54.727935
    ]
   },
   "properties": {
    "ref": "803",
    "name": "Rackmersstigh",
    "addr:city": "Oldsum",
    "emergency": "fire_hydrant",
    "art": "Hydrant",
    "fire_hydrant:diameter": "DN 80",
    "flow_rate": 800,
    "description": "Quelle: Datenexport Wasserwerk 2026, vermessen (Rechtswert/Hochwert ETRS89/UTM32N). Nennweite DN 80",
    "survey:date": ""
   }
  },
  {
   "type": "Feature",
   "geometry": {
    "type": "Point",
    "coordinates": [
     8.462119,
     54.73089
    ]
   },
   "properties": {
    "ref": "804",
    "name": "Haus",
    "addr:city": "Oldsum",
    "emergency": "fire_hydrant",
    "art": "Hydrant",
    "fire_hydrant:diameter": "DN 80",
    "flow_rate": 800,
    "description": "Quelle: Datenexport Wasserwerk 2026, vermessen (Rechtswert/Hochwert ETRS89/UTM32N). Nennweite DN 80",
    "survey:date": ""
   }
  },
  {
   "type": "Feature",
   "geometry": {
    "type": "Point",
    "coordinates": [
     8.461074,
     54.731001
    ]
   },
   "properties": {
    "ref": "805",
    "name": "Haus",
    "addr:city": "Oldsum",
    "emergency": "fire_hydrant",
    "art": "Hydrant",
    "fire_hydrant:diameter": "DN 80",
    "flow_rate": 800,
    "description": "Quelle: Datenexport Wasserwerk 2026, vermessen (Rechtswert/Hochwert ETRS89/UTM32N). Nennweite DN 80",
    "survey:date": ""
   }
  },
  {
   "type": "Feature",
   "geometry": {
    "type": "Point",
    "coordinates": [
     8.461874,
     54.729255
    ]
   },
   "properties": {
    "ref": "806",
    "name": "Haus 214",
    "addr:city": "Oldsum",
    "emergency": "fire_hydrant",
    "art": "Bohrbrunnen",
    "description": "Quelle: Datenexport Wasserwerk 2026, vermessen (Rechtswert/Hochwert ETRS89/UTM32N).",
    "survey:date": ""
   }
  },
  {
   "type": "Feature",
   "geometry": {
    "type": "Point",
    "coordinates": [
     8.46116,
     54.72926
    ]
   },
   "properties": {
    "ref": "807",
    "name": "Haus",
    "addr:city": "Oldsum",
    "emergency": "fire_hydrant",
    "art": "Hydrant",
    "fire_hydrant:diameter": "DN 80",
    "flow_rate": 800,
    "description": "Quelle: Datenexport Wasserwerk 2026, vermessen (Rechtswert/Hochwert ETRS89/UTM32N). Nennweite DN 80",
    "survey:date": ""
   }
  },
  {
   "type": "Feature",
   "geometry": {
    "type": "Point",
    "coordinates": [
     8.460077,
     54.729435
    ]
   },
   "properties": {
    "ref": "808",
    "name": "Haus",
    "addr:city": "Oldsum",
    "emergency": "fire_hydrant",
    "art": "Hydrant",
    "fire_hydrant:diameter": "DN 80",
    "flow_rate": 800,
    "description": "Quelle: Datenexport Wasserwerk 2026, vermessen (Rechtswert/Hochwert ETRS89/UTM32N). Nennweite DN 80",
    "survey:date": ""
   }
  },
  {
   "type": "Feature",
   "geometry": {
    "type": "Point",
    "coordinates": [
     8.459216,
     54.729577
    ]
   },
   "properties": {
    "ref": "809",
    "name": "Haus 192",
    "addr:city": "Oldsum",
    "emergency": "fire_hydrant",
    "art": "Hydrant",
    "fire_hydrant:diameter": "DN 80",
    "flow_rate": 800,
    "description": "Quelle: Datenexport Wasserwerk 2026, vermessen (Rechtswert/Hochwert ETRS89/UTM32N). Nennweite DN 80",
    "survey:date": ""
   }
  },
  {
   "type": "Feature",
   "geometry": {
    "type": "Point",
    "coordinates": [
     8.459171,
     54.73102
    ]
   },
   "properties": {
    "ref": "811",
    "name": "Haus",
    "addr:city": "Oldsum",
    "emergency": "fire_hydrant",
    "art": "Hydrant",
    "fire_hydrant:diameter": "DN 80",
    "flow_rate": 800,
    "description": "Quelle: Datenexport Wasserwerk 2026, vermessen (Rechtswert/Hochwert ETRS89/UTM32N). Nennweite DN 80",
    "survey:date": ""
   }
  },
  {
   "type": "Feature",
   "geometry": {
    "type": "Point",
    "coordinates": [
     8.457794,
     54.731363
    ]
   },
   "properties": {
    "ref": "812",
    "name": "Haus",
    "addr:city": "Oldsum",
    "emergency": "fire_hydrant",
    "art": "Hydrant",
    "fire_hydrant:diameter": "DN 80",
    "flow_rate": 800,
    "description": "Quelle: Datenexport Wasserwerk 2026, vermessen (Rechtswert/Hochwert ETRS89/UTM32N). Nennweite DN 80",
    "survey:date": ""
   }
  },
  {
   "type": "Feature",
   "geometry": {
    "type": "Point",
    "coordinates": [
     8.45629,
     54.728544
    ]
   },
   "properties": {
    "ref": "813",
    "name": "Haus 191",
    "addr:city": "Oldsum",
    "emergency": "fire_hydrant",
    "art": "Hydrant",
    "fire_hydrant:diameter": "DN 80",
    "flow_rate": 800,
    "description": "Quelle: Datenexport Wasserwerk 2026, vermessen (Rechtswert/Hochwert ETRS89/UTM32N). Nennweite DN 80",
    "survey:date": ""
   }
  },
  {
   "type": "Feature",
   "geometry": {
    "type": "Point",
    "coordinates": [
     8.455758,
     54.731699
    ]
   },
   "properties": {
    "ref": "814",
    "name": "Haus",
    "addr:city": "Oldsum",
    "emergency": "fire_hydrant",
    "art": "Hydrant",
    "fire_hydrant:diameter": "DN 80",
    "flow_rate": 800,
    "description": "Quelle: Datenexport Wasserwerk 2026, vermessen (Rechtswert/Hochwert ETRS89/UTM32N). Nennweite DN 80",
    "survey:date": ""
   }
  },
  {
   "type": "Feature",
   "geometry": {
    "type": "Point",
    "coordinates": [
     8.456271,
     54.732609
    ]
   },
   "properties": {
    "ref": "815",
    "name": "815",
    "addr:city": "Oldsum",
    "emergency": "fire_hydrant",
    "art": "Saugstelle",
    "description": "Quelle: Datenexport Wasserwerk 2026, vermessen (Rechtswert/Hochwert ETRS89/UTM32N).",
    "survey:date": ""
   }
  },
  {
   "type": "Feature",
   "geometry": {
    "type": "Point",
    "coordinates": [
     8.454451,
     54.731717
    ]
   },
   "properties": {
    "ref": "816",
    "name": "Haus",
    "addr:city": "Oldsum",
    "emergency": "fire_hydrant",
    "art": "Hydrant",
    "fire_hydrant:diameter": "DN 80",
    "flow_rate": 800,
    "description": "Quelle: Datenexport Wasserwerk 2026, vermessen (Rechtswert/Hochwert ETRS89/UTM32N). Nennweite DN 80",
    "survey:date": ""
   }
  },
  {
   "type": "Feature",
   "geometry": {
    "type": "Point",
    "coordinates": [
     8.453024,
     54.730273
    ]
   },
   "properties": {
    "ref": "817",
    "name": "Haus 95",
    "addr:city": "Oldsum",
    "emergency": "fire_hydrant",
    "art": "Bohrbrunnen",
    "description": "Quelle: Datenexport Wasserwerk 2026, vermessen (Rechtswert/Hochwert ETRS89/UTM32N).",
    "survey:date": ""
   }
  },
  {
   "type": "Feature",
   "geometry": {
    "type": "Point",
    "coordinates": [
     8.45238,
     54.730068
    ]
   },
   "properties": {
    "ref": "818",
    "name": "Haus 92",
    "addr:city": "Oldsum",
    "emergency": "fire_hydrant",
    "art": "Hydrant",
    "fire_hydrant:diameter": "DN 80",
    "flow_rate": 800,
    "description": "Quelle: Datenexport Wasserwerk 2026, vermessen (Rechtswert/Hochwert ETRS89/UTM32N). Nennweite DN 80",
    "survey:date": ""
   }
  },
  {
   "type": "Feature",
   "geometry": {
    "type": "Point",
    "coordinates": [
     8.453088,
     54.732106
    ]
   },
   "properties": {
    "ref": "819",
    "name": "Haus",
    "addr:city": "Oldsum",
    "emergency": "fire_hydrant",
    "art": "Hydrant",
    "fire_hydrant:diameter": "DN 80",
    "flow_rate": 800,
    "description": "Quelle: Datenexport Wasserwerk 2026, vermessen (Rechtswert/Hochwert ETRS89/UTM32N). Nennweite DN 80",
    "survey:date": ""
   }
  },
  {
   "type": "Feature",
   "geometry": {
    "type": "Point",
    "coordinates": [
     8.452069,
     54.732751
    ]
   },
   "properties": {
    "ref": "821",
    "name": "Haus",
    "addr:city": "Oldsum",
    "emergency": "fire_hydrant",
    "art": "Hydrant",
    "fire_hydrant:diameter": "DN 80",
    "flow_rate": 800,
    "description": "Quelle: Datenexport Wasserwerk 2026, vermessen (Rechtswert/Hochwert ETRS89/UTM32N). Nennweite DN 80",
    "survey:date": ""
   }
  },
  {
   "type": "Feature",
   "geometry": {
    "type": "Point",
    "coordinates": [
     8.449835,
     54.731099
    ]
   },
   "properties": {
    "ref": "822",
    "name": "Haus 86",
    "addr:city": "Oldsum",
    "emergency": "fire_hydrant",
    "art": "Hydrant",
    "fire_hydrant:diameter": "DN 80",
    "flow_rate": 800,
    "description": "Quelle: Datenexport Wasserwerk 2026, vermessen (Rechtswert/Hochwert ETRS89/UTM32N). Nennweite DN 80",
    "survey:date": ""
   }
  },
  {
   "type": "Feature",
   "geometry": {
    "type": "Point",
    "coordinates": [
     8.448778,
     54.730401
    ]
   },
   "properties": {
    "ref": "823",
    "name": "Haus 63",
    "addr:city": "Oldsum",
    "emergency": "fire_hydrant",
    "art": "Hydrant",
    "fire_hydrant:diameter": "DN 80",
    "flow_rate": 800,
    "description": "Quelle: Datenexport Wasserwerk 2026, vermessen (Rechtswert/Hochwert ETRS89/UTM32N). Nennweite DN 80",
    "survey:date": ""
   }
  },
  {
   "type": "Feature",
   "geometry": {
    "type": "Point",
    "coordinates": [
     8.448181,
     54.729965
    ]
   },
   "properties": {
    "ref": "824",
    "name": "Haus 52",
    "addr:city": "Oldsum",
    "emergency": "fire_hydrant",
    "art": "Hydrant",
    "fire_hydrant:diameter": "DN 80",
    "flow_rate": 800,
    "description": "Quelle: Datenexport Wasserwerk 2026, vermessen (Rechtswert/Hochwert ETRS89/UTM32N). Nennweite DN 80",
    "survey:date": ""
   }
  },
  {
   "type": "Feature",
   "geometry": {
    "type": "Point",
    "coordinates": [
     8.450449,
     54.733011
    ]
   },
   "properties": {
    "ref": "825",
    "name": "Haus 109C",
    "addr:city": "Oldsum",
    "emergency": "fire_hydrant",
    "art": "Hydrant",
    "fire_hydrant:diameter": "DN 80",
    "flow_rate": 800,
    "description": "Quelle: Datenexport Wasserwerk 2026, vermessen (Rechtswert/Hochwert ETRS89/UTM32N). Nennweite DN 80",
    "survey:date": ""
   }
  },
  {
   "type": "Feature",
   "geometry": {
    "type": "Point",
    "coordinates": [
     8.449349,
     54.732311
    ]
   },
   "properties": {
    "ref": "826",
    "name": "Haus",
    "addr:city": "Oldsum",
    "emergency": "fire_hydrant",
    "art": "Hydrant",
    "fire_hydrant:diameter": "DN 80",
    "flow_rate": 1600,
    "description": "Quelle: Datenexport Wasserwerk 2026, vermessen (Rechtswert/Hochwert ETRS89/UTM32N). Nennweite DN 80",
    "survey:date": ""
   }
  },
  {
   "type": "Feature",
   "geometry": {
    "type": "Point",
    "coordinates": [
     8.448303,
     54.731685
    ]
   },
   "properties": {
    "ref": "827",
    "name": "",
    "addr:city": "Oldsum",
    "emergency": "fire_hydrant",
    "art": "Hydrant",
    "flow_rate": 1600,
    "description": "kartografische Symbolposition; nicht vermessungstechnisch oder vor Ort bestätigt · Quelle: Oldsum_Dorf.pdf",
    "survey:date": ""
   }
  },
  {
   "type": "Feature",
   "geometry": {
    "type": "Point",
    "coordinates": [
     8.448302,
     54.731692
    ]
   },
   "properties": {
    "ref": "828",
    "name": "Haus 79",
    "addr:city": "Oldsum",
    "emergency": "fire_hydrant",
    "art": "Hydrant",
    "fire_hydrant:diameter": "DN 80",
    "flow_rate": 1600,
    "description": "Quelle: Datenexport Wasserwerk 2026, vermessen (Rechtswert/Hochwert ETRS89/UTM32N). Nennweite DN 80",
    "survey:date": ""
   }
  },
  {
   "type": "Feature",
   "geometry": {
    "type": "Point",
    "coordinates": [
     8.447207,
     54.731175
    ]
   },
   "properties": {
    "ref": "829",
    "name": "Haus",
    "addr:city": "Oldsum",
    "emergency": "fire_hydrant",
    "art": "Hydrant",
    "fire_hydrant:diameter": "DN 80",
    "flow_rate": 1600,
    "description": "Quelle: Datenexport Wasserwerk 2026, vermessen (Rechtswert/Hochwert ETRS89/UTM32N). Nennweite DN 80",
    "survey:date": ""
   }
  },
  {
   "type": "Feature",
   "geometry": {
    "type": "Point",
    "coordinates": [
     8.445665,
     54.730446
    ]
   },
   "properties": {
    "ref": "831",
    "name": "",
    "addr:city": "Oldsum",
    "emergency": "fire_hydrant",
    "art": "Hydrant",
    "flow_rate": 1600,
    "description": "kartografische Symbolposition; nicht vermessungstechnisch oder vor Ort bestätigt · Quelle: Oldsum_Dorf.pdf",
    "survey:date": ""
   }
  },
  {
   "type": "Feature",
   "geometry": {
    "type": "Point",
    "coordinates": [
     8.4467,
     54.729944
    ]
   },
   "properties": {
    "ref": "832",
    "name": "Haus 43",
    "addr:city": "Oldsum",
    "emergency": "fire_hydrant",
    "art": "Bohrbrunnen",
    "description": "Quelle: Datenexport Wasserwerk 2026, vermessen (Rechtswert/Hochwert ETRS89/UTM32N).",
    "survey:date": ""
   }
  },
  {
   "type": "Feature",
   "geometry": {
    "type": "Point",
    "coordinates": [
     8.448703,
     54.732895
    ]
   },
   "properties": {
    "ref": "834",
    "name": "Haus 5",
    "addr:city": "Oldsum",
    "emergency": "fire_hydrant",
    "art": "E-Bohrbrunnen",
    "description": "Quelle: Datenexport Wasserwerk 2026, vermessen (Rechtswert/Hochwert ETRS89/UTM32N).",
    "survey:date": ""
   }
  },
  {
   "type": "Feature",
   "geometry": {
    "type": "Point",
    "coordinates": [
     8.442894,
     54.732324
    ]
   },
   "properties": {
    "ref": "835",
    "name": "Waasterstieg",
    "addr:city": "Oldsum",
    "emergency": "fire_hydrant",
    "art": "Hydrant",
    "fire_hydrant:diameter": "DN 80",
    "flow_rate": 800,
    "description": "Quelle: Datenexport Wasserwerk 2026, vermessen (Rechtswert/Hochwert ETRS89/UTM32N). Nennweite DN 80",
    "survey:date": ""
   }
  },
  {
   "type": "Feature",
   "geometry": {
    "type": "Point",
    "coordinates": [
     8.438853,
     54.733425
    ]
   },
   "properties": {
    "ref": "836",
    "name": "Haus",
    "addr:city": "Oldsum",
    "emergency": "fire_hydrant",
    "art": "Hydrant",
    "fire_hydrant:diameter": "DN 80",
    "flow_rate": 800,
    "description": "Quelle: Datenexport Wasserwerk 2026, vermessen (Rechtswert/Hochwert ETRS89/UTM32N). Nennweite DN 80",
    "survey:date": ""
   }
  },
  {
   "type": "Feature",
   "geometry": {
    "type": "Point",
    "coordinates": [
     8.486011,
     54.741046
    ]
   },
   "properties": {
    "ref": "838",
    "name": "Siedlerweg 24",
    "addr:city": "Oldsum",
    "emergency": "fire_hydrant",
    "art": "Hydrant",
    "fire_hydrant:diameter": "DN 80",
    "flow_rate": 800,
    "description": "Quelle: Datenexport Wasserwerk 2026, vermessen (Rechtswert/Hochwert ETRS89/UTM32N). Nennweite DN 80",
    "survey:date": ""
   }
  },
  {
   "type": "Feature",
   "geometry": {
    "type": "Point",
    "coordinates": [
     8.495636,
     54.739206
    ]
   },
   "properties": {
    "ref": "839",
    "name": "Siedlerweg 22/23",
    "addr:city": "Oldsum",
    "emergency": "fire_hydrant",
    "art": "Hydrant",
    "fire_hydrant:diameter": "DN 80",
    "flow_rate": 800,
    "description": "Quelle: Datenexport Wasserwerk 2026, vermessen (Rechtswert/Hochwert ETRS89/UTM32N). Nennweite DN 80",
    "survey:date": ""
   }
  },
  {
   "type": "Feature",
   "geometry": {
    "type": "Point",
    "coordinates": [
     8.466204,
     54.722115
    ]
   },
   "properties": {
    "ref": "841",
    "name": "Haus",
    "addr:city": "Oldsum",
    "emergency": "fire_hydrant",
    "art": "Hydrant",
    "fire_hydrant:diameter": "DN 80",
    "flow_rate": 800,
    "description": "Quelle: Datenexport Wasserwerk 2026, vermessen (Rechtswert/Hochwert ETRS89/UTM32N). Nennweite DN 80",
    "survey:date": ""
   }
  },
  {
   "type": "Feature",
   "geometry": {
    "type": "Point",
    "coordinates": [
     8.454697,
     54.71823
    ]
   },
   "properties": {
    "ref": "855",
    "name": "Haus",
    "addr:city": "Süderende",
    "emergency": "fire_hydrant",
    "art": "Hydrant",
    "fire_hydrant:diameter": "DN 80",
    "flow_rate": 800,
    "description": "Quelle: Datenexport Wasserwerk 2026, vermessen (Rechtswert/Hochwert ETRS89/UTM32N). Nennweite DN 80",
    "survey:date": ""
   }
  },
  {
   "type": "Feature",
   "geometry": {
    "type": "Point",
    "coordinates": [
     8.448949,
     54.721355
    ]
   },
   "properties": {
    "ref": "856",
    "name": "Haus",
    "addr:city": "Süderende",
    "emergency": "fire_hydrant",
    "art": "Hydrant",
    "fire_hydrant:diameter": "DN 80",
    "flow_rate": 800,
    "description": "Quelle: Datenexport Wasserwerk 2026, vermessen (Rechtswert/Hochwert ETRS89/UTM32N). Nennweite DN 80",
    "survey:date": ""
   }
  },
  {
   "type": "Feature",
   "geometry": {
    "type": "Point",
    "coordinates": [
     8.451113,
     54.724694
    ]
   },
   "properties": {
    "ref": "857",
    "name": "Aussiedlungshof 30",
    "addr:city": "Süderende",
    "emergency": "fire_hydrant",
    "art": "Hydrant",
    "fire_hydrant:diameter": "DN 80",
    "flow_rate": 800,
    "description": "Quelle: Datenexport Wasserwerk 2026, vermessen (Rechtswert/Hochwert ETRS89/UTM32N). Nennweite DN 80",
    "survey:date": ""
   }
  },
  {
   "type": "Feature",
   "geometry": {
    "type": "Point",
    "coordinates": [
     8.447666,
     54.722014
    ]
   },
   "properties": {
    "ref": "858",
    "name": "Haus",
    "addr:city": "Süderende",
    "emergency": "fire_hydrant",
    "art": "Hydrant",
    "fire_hydrant:diameter": "DN 80",
    "flow_rate": 1600,
    "description": "Quelle: Datenexport Wasserwerk 2026, vermessen (Rechtswert/Hochwert ETRS89/UTM32N). Nennweite DN 80",
    "survey:date": ""
   }
  },
  {
   "type": "Feature",
   "geometry": {
    "type": "Point",
    "coordinates": [
     8.444819,
     54.722664
    ]
   },
   "properties": {
    "ref": "859",
    "name": "Aussiedlungshof 40",
    "addr:city": "Süderende",
    "emergency": "fire_hydrant",
    "art": "Hydrant",
    "fire_hydrant:diameter": "DN 80",
    "flow_rate": 1600,
    "description": "Quelle: Datenexport Wasserwerk 2026, vermessen (Rechtswert/Hochwert ETRS89/UTM32N). Nennweite DN 80",
    "survey:date": ""
   }
  },
  {
   "type": "Feature",
   "geometry": {
    "type": "Point",
    "coordinates": [
     8.429884,
     54.728765
    ]
   },
   "properties": {
    "ref": "861",
    "name": "Aussiedlungshof 35",
    "addr:city": "Süderende",
    "emergency": "fire_hydrant",
    "art": "Hydrant",
    "fire_hydrant:diameter": "DN 80",
    "flow_rate": 1600,
    "description": "Quelle: Datenexport Wasserwerk 2026, vermessen (Rechtswert/Hochwert ETRS89/UTM32N). Nennweite DN 80",
    "survey:date": ""
   }
  },
  {
   "type": "Feature",
   "geometry": {
    "type": "Point",
    "coordinates": [
     8.442888,
     54.727089
    ]
   },
   "properties": {
    "ref": "862",
    "name": "Haus 68",
    "addr:city": "Süderende",
    "emergency": "fire_hydrant",
    "art": "Hydrant",
    "fire_hydrant:diameter": "DN 80",
    "flow_rate": 800,
    "description": "Quelle: Datenexport Wasserwerk 2026, vermessen (Rechtswert/Hochwert ETRS89/UTM32N). Nennweite DN 80",
    "survey:date": ""
   }
  },
  {
   "type": "Feature",
   "geometry": {
    "type": "Point",
    "coordinates": [
     8.440466,
     54.726783
    ]
   },
   "properties": {
    "ref": "863",
    "name": "Haus 58",
    "addr:city": "Süderende",
    "emergency": "fire_hydrant",
    "art": "Hydrant",
    "fire_hydrant:diameter": "DN 80",
    "flow_rate": 1600,
    "description": "Quelle: Datenexport Wasserwerk 2026, vermessen (Rechtswert/Hochwert ETRS89/UTM32N). Nennweite DN 80",
    "survey:date": ""
   }
  },
  {
   "type": "Feature",
   "geometry": {
    "type": "Point",
    "coordinates": [
     8.443616,
     54.726102
    ]
   },
   "properties": {
    "ref": "864",
    "name": "Löschteich",
    "addr:city": "Süderende",
    "emergency": "fire_hydrant",
    "art": "Saugstelle",
    "description": "Quelle: Datenexport Wasserwerk 2026, vermessen (Rechtswert/Hochwert ETRS89/UTM32N).",
    "survey:date": ""
   }
  },
  {
   "type": "Feature",
   "geometry": {
    "type": "Point",
    "coordinates": [
     8.442345,
     54.725964
    ]
   },
   "properties": {
    "ref": "865",
    "name": "Haus 49",
    "addr:city": "Süderende",
    "emergency": "fire_hydrant",
    "art": "Hydrant",
    "fire_hydrant:diameter": "DN 80",
    "flow_rate": 1600,
    "description": "Quelle: Datenexport Wasserwerk 2026, vermessen (Rechtswert/Hochwert ETRS89/UTM32N). Nennweite DN 80",
    "survey:date": ""
   }
  },
  {
   "type": "Feature",
   "geometry": {
    "type": "Point",
    "coordinates": [
     8.442104,
     54.725688
    ]
   },
   "properties": {
    "ref": "866",
    "name": "Haus 74",
    "addr:city": "Süderende",
    "emergency": "fire_hydrant",
    "art": "Hydrant",
    "fire_hydrant:diameter": "DN 80",
    "flow_rate": 1600,
    "description": "Quelle: Datenexport Wasserwerk 2026, vermessen (Rechtswert/Hochwert ETRS89/UTM32N). Nennweite DN 80",
    "survey:date": ""
   }
  },
  {
   "type": "Feature",
   "geometry": {
    "type": "Point",
    "coordinates": [
     8.44338,
     54.725474
    ]
   },
   "properties": {
    "ref": "867",
    "name": "Haus 79",
    "addr:city": "Süderende",
    "emergency": "fire_hydrant",
    "art": "Hydrant",
    "fire_hydrant:diameter": "DN 80",
    "flow_rate": 1600,
    "description": "Quelle: Datenexport Wasserwerk 2026, vermessen (Rechtswert/Hochwert ETRS89/UTM32N). Nennweite DN 80",
    "survey:date": ""
   }
  },
  {
   "type": "Feature",
   "geometry": {
    "type": "Point",
    "coordinates": [
     8.443335,
     54.7248
    ]
   },
   "properties": {
    "ref": "868",
    "name": "Haus 86",
    "addr:city": "Süderende",
    "emergency": "fire_hydrant",
    "art": "Hydrant",
    "fire_hydrant:diameter": "DN 80",
    "flow_rate": 800,
    "description": "Quelle: Datenexport Wasserwerk 2026, vermessen (Rechtswert/Hochwert ETRS89/UTM32N). Nennweite DN 80",
    "survey:date": ""
   }
  },
  {
   "type": "Feature",
   "geometry": {
    "type": "Point",
    "coordinates": [
     8.439512,
     54.725994
    ]
   },
   "properties": {
    "ref": "869",
    "name": "Haus 42",
    "addr:city": "Süderende",
    "emergency": "fire_hydrant",
    "art": "Hydrant",
    "fire_hydrant:diameter": "DN 80",
    "flow_rate": 800,
    "description": "Quelle: Datenexport Wasserwerk 2026, vermessen (Rechtswert/Hochwert ETRS89/UTM32N). Nennweite DN 80",
    "survey:date": ""
   }
  },
  {
   "type": "Feature",
   "geometry": {
    "type": "Point",
    "coordinates": [
     8.440745,
     54.724968
    ]
   },
   "properties": {
    "ref": "871",
    "name": "Haus 32",
    "addr:city": "Süderende",
    "emergency": "fire_hydrant",
    "art": "Hydrant",
    "fire_hydrant:diameter": "DN 80",
    "flow_rate": 1600,
    "description": "Quelle: Datenexport Wasserwerk 2026, vermessen (Rechtswert/Hochwert ETRS89/UTM32N). Nennweite DN 80",
    "survey:date": ""
   }
  },
  {
   "type": "Feature",
   "geometry": {
    "type": "Point",
    "coordinates": [
     8.439275,
     54.725102
    ]
   },
   "properties": {
    "ref": "872",
    "name": "Haus 27A",
    "addr:city": "Süderende",
    "emergency": "fire_hydrant",
    "art": "Hydrant",
    "fire_hydrant:diameter": "DN 80",
    "flow_rate": 1600,
    "description": "Quelle: Datenexport Wasserwerk 2026, vermessen (Rechtswert/Hochwert ETRS89/UTM32N). Nennweite DN 80",
    "survey:date": ""
   }
  },
  {
   "type": "Feature",
   "geometry": {
    "type": "Point",
    "coordinates": [
     8.437952,
     54.722731
    ]
   },
   "properties": {
    "ref": "874",
    "name": "Haus 22",
    "addr:city": "Süderende",
    "emergency": "fire_hydrant",
    "art": "Hydrant",
    "fire_hydrant:diameter": "DN 80",
    "flow_rate": 1600,
    "description": "Quelle: Datenexport Wasserwerk 2026, vermessen (Rechtswert/Hochwert ETRS89/UTM32N). Nennweite DN 80",
    "survey:date": ""
   }
  },
  {
   "type": "Feature",
   "geometry": {
    "type": "Point",
    "coordinates": [
     8.436454,
     54.719669
    ]
   },
   "properties": {
    "ref": "875",
    "name": "",
    "addr:city": "Süderende",
    "emergency": "fire_hydrant",
    "art": "Hydrant",
    "flow_rate": 1600,
    "description": "kartografische Symbolposition; nicht vermessungstechnisch oder vor Ort bestätigt · Quelle: Süderende.pdf",
    "survey:date": ""
   }
  },
  {
   "type": "Feature",
   "geometry": {
    "type": "Point",
    "coordinates": [
     8.436147,
     54.719089
    ]
   },
   "properties": {
    "ref": "876",
    "name": "Haus 4",
    "addr:city": "Süderende",
    "emergency": "fire_hydrant",
    "art": "Hydrant",
    "fire_hydrant:diameter": "DN 80",
    "flow_rate": 1600,
    "description": "Quelle: Datenexport Wasserwerk 2026, vermessen (Rechtswert/Hochwert ETRS89/UTM32N). Nennweite DN 80",
    "survey:date": ""
   }
  },
  {
   "type": "Feature",
   "geometry": {
    "type": "Point",
    "coordinates": [
     8.435891,
     54.717408
    ]
   },
   "properties": {
    "ref": "877",
    "name": "Haus 3",
    "addr:city": "Süderende",
    "emergency": "fire_hydrant",
    "art": "Hydrant",
    "fire_hydrant:diameter": "DN 80",
    "flow_rate": 1600,
    "description": "Quelle: Datenexport Wasserwerk 2026, vermessen (Rechtswert/Hochwert ETRS89/UTM32N). Nennweite DN 80",
    "survey:date": ""
   }
  },
  {
   "type": "Feature",
   "geometry": {
    "type": "Point",
    "coordinates": [
     8.42476,
     54.729946
    ]
   },
   "properties": {
    "ref": "891",
    "name": "Kleindunsum 38",
    "addr:city": "Dunsum",
    "emergency": "fire_hydrant",
    "art": "Hydrant",
    "fire_hydrant:diameter": "DN 80",
    "flow_rate": 1600,
    "description": "Quelle: Datenexport Wasserwerk 2026, vermessen (Rechtswert/Hochwert ETRS89/UTM32N). Nennweite DN 80",
    "survey:date": ""
   }
  },
  {
   "type": "Feature",
   "geometry": {
    "type": "Point",
    "coordinates": [
     8.425009,
     54.730541
    ]
   },
   "properties": {
    "ref": "892",
    "name": "Kleindunsum 32A",
    "addr:city": "Dunsum",
    "emergency": "fire_hydrant",
    "art": "Hydrant",
    "fire_hydrant:diameter": "DN 80",
    "flow_rate": 1600,
    "description": "Quelle: Datenexport Wasserwerk 2026, vermessen (Rechtswert/Hochwert ETRS89/UTM32N). Nennweite DN 80",
    "survey:date": ""
   }
  },
  {
   "type": "Feature",
   "geometry": {
    "type": "Point",
    "coordinates": [
     8.425257,
     54.731067
    ]
   },
   "properties": {
    "ref": "893",
    "name": "Kleindunsum 30",
    "addr:city": "Dunsum",
    "emergency": "fire_hydrant",
    "art": "Hydrant",
    "fire_hydrant:diameter": "DN 80",
    "flow_rate": 800,
    "description": "Quelle: Datenexport Wasserwerk 2026, vermessen (Rechtswert/Hochwert ETRS89/UTM32N). Nennweite DN 80",
    "survey:date": ""
   }
  },
  {
   "type": "Feature",
   "geometry": {
    "type": "Point",
    "coordinates": [
     8.425592,
     54.731724
    ]
   },
   "properties": {
    "ref": "894",
    "name": "Kleindunsum 26",
    "addr:city": "Dunsum",
    "emergency": "fire_hydrant",
    "art": "Hydrant",
    "fire_hydrant:diameter": "DN 80",
    "flow_rate": 800,
    "description": "Quelle: Datenexport Wasserwerk 2026, vermessen (Rechtswert/Hochwert ETRS89/UTM32N). Nennweite DN 80",
    "survey:date": ""
   }
  },
  {
   "type": "Feature",
   "geometry": {
    "type": "Point",
    "coordinates": [
     8.425756,
     54.732035
    ]
   },
   "properties": {
    "ref": "895",
    "name": "Kleindunsum 25",
    "addr:city": "Dunsum",
    "emergency": "fire_hydrant",
    "art": "Hydrant",
    "fire_hydrant:diameter": "DN 80",
    "flow_rate": 800,
    "description": "Quelle: Datenexport Wasserwerk 2026, vermessen (Rechtswert/Hochwert ETRS89/UTM32N). Nennweite DN 80",
    "survey:date": ""
   }
  },
  {
   "type": "Feature",
   "geometry": {
    "type": "Point",
    "coordinates": [
     8.418111,
     54.731206
    ]
   },
   "properties": {
    "ref": "897",
    "name": "Kleindunsum abzweig Nr23",
    "addr:city": "Dunsum",
    "emergency": "fire_hydrant",
    "art": "Hydrant",
    "fire_hydrant:diameter": "DN 80",
    "flow_rate": 1600,
    "description": "Quelle: Datenexport Wasserwerk 2026, vermessen (Rechtswert/Hochwert ETRS89/UTM32N). Nennweite DN 80",
    "survey:date": ""
   }
  },
  {
   "type": "Feature",
   "geometry": {
    "type": "Point",
    "coordinates": [
     8.414427,
     54.731684
    ]
   },
   "properties": {
    "ref": "898",
    "name": "Grossdunsum 16",
    "addr:city": "Dunsum",
    "emergency": "fire_hydrant",
    "art": "Bohrbrunnen",
    "description": "Quelle: Datenexport Wasserwerk 2026, vermessen (Rechtswert/Hochwert ETRS89/UTM32N).",
    "survey:date": ""
   }
  },
  {
   "type": "Feature",
   "geometry": {
    "type": "Point",
    "coordinates": [
     8.414554,
     54.731489
    ]
   },
   "properties": {
    "ref": "899",
    "name": "Grossdunsum 16",
    "addr:city": "Dunsum",
    "emergency": "fire_hydrant",
    "art": "Hydrant",
    "fire_hydrant:diameter": "DN 80",
    "flow_rate": 1600,
    "description": "Quelle: Datenexport Wasserwerk 2026, vermessen (Rechtswert/Hochwert ETRS89/UTM32N). Nennweite DN 80",
    "survey:date": ""
   }
  },
  {
   "type": "Feature",
   "geometry": {
    "type": "Point",
    "coordinates": [
     8.414206,
     54.729747
    ]
   },
   "properties": {
    "ref": "901",
    "name": "Grossdunsum 8",
    "addr:city": "Dunsum",
    "emergency": "fire_hydrant",
    "art": "Hydrant",
    "fire_hydrant:diameter": "DN 80",
    "flow_rate": 1600,
    "description": "Quelle: Datenexport Wasserwerk 2026, vermessen (Rechtswert/Hochwert ETRS89/UTM32N). Nennweite DN 80",
    "survey:date": ""
   }
  },
  {
   "type": "Feature",
   "geometry": {
    "type": "Point",
    "coordinates": [
     8.412703,
     54.727008
    ]
   },
   "properties": {
    "ref": "902",
    "name": "Dunsem Stich Kanal",
    "addr:city": "Dunsum",
    "emergency": "fire_hydrant",
    "art": "Saugstelle",
    "description": "Quelle: Datenexport Wasserwerk 2026, vermessen (Rechtswert/Hochwert ETRS89/UTM32N).",
    "survey:date": ""
   }
  },
  {
   "type": "Feature",
   "geometry": {
    "type": "Point",
    "coordinates": [
     8.411719,
     54.724446
    ]
   },
   "properties": {
    "ref": "906",
    "name": "Dunsem Stich 2",
    "addr:city": "Utersum",
    "emergency": "fire_hydrant",
    "art": "Hydrant",
    "fire_hydrant:diameter": "DN 80",
    "flow_rate": 1600,
    "description": "Quelle: Datenexport Wasserwerk 2026, vermessen (Rechtswert/Hochwert ETRS89/UTM32N). Nennweite DN 80",
    "survey:date": ""
   }
  },
  {
   "type": "Feature",
   "geometry": {
    "type": "Point",
    "coordinates": [
     8.410985,
     54.719561
    ]
   },
   "properties": {
    "ref": "907",
    "name": "Dunsem Stich 1",
    "addr:city": "Utersum",
    "emergency": "fire_hydrant",
    "art": "Hydrant",
    "fire_hydrant:diameter": "DN 80",
    "flow_rate": 1600,
    "description": "Quelle: Datenexport Wasserwerk 2026, vermessen (Rechtswert/Hochwert ETRS89/UTM32N). Nennweite DN 80",
    "survey:date": ""
   }
  },
  {
   "type": "Feature",
   "geometry": {
    "type": "Point",
    "coordinates": [
     8.407768,
     54.715922
    ]
   },
   "properties": {
    "ref": "908",
    "name": "Dunsem Stich Oner Taarep",
    "addr:city": "Utersum",
    "emergency": "fire_hydrant",
    "art": "Hydrant",
    "fire_hydrant:diameter": "DN 80",
    "flow_rate": 1600,
    "description": "Quelle: Datenexport Wasserwerk 2026, vermessen (Rechtswert/Hochwert ETRS89/UTM32N). Nennweite DN 80",
    "survey:date": ""
   }
  },
  {
   "type": "Feature",
   "geometry": {
    "type": "Point",
    "coordinates": [
     8.407458,
     54.715625
    ]
   },
   "properties": {
    "ref": "909",
    "name": "Lung Jaat 18",
    "addr:city": "Utersum",
    "emergency": "fire_hydrant",
    "art": "Hydrant",
    "fire_hydrant:diameter": "DN 80",
    "flow_rate": 1600,
    "description": "Quelle: Datenexport Wasserwerk 2026, vermessen (Rechtswert/Hochwert ETRS89/UTM32N). Nennweite DN 80",
    "survey:date": ""
   }
  },
  {
   "type": "Feature",
   "geometry": {
    "type": "Point",
    "coordinates": [
     8.403095,
     54.71567
    ]
   },
   "properties": {
    "ref": "911",
    "name": "Strunwai 16",
    "addr:city": "Utersum",
    "emergency": "fire_hydrant",
    "art": "Hydrant",
    "fire_hydrant:diameter": "DN 80",
    "flow_rate": 400,
    "description": "Quelle: Datenexport Wasserwerk 2026, vermessen (Rechtswert/Hochwert ETRS89/UTM32N). Nennweite DN 80",
    "survey:date": ""
   }
  },
  {
   "type": "Feature",
   "geometry": {
    "type": "Point",
    "coordinates": [
     8.404373,
     54.715436
    ]
   },
   "properties": {
    "ref": "913",
    "name": "Strunwai 3",
    "addr:city": "Utersum",
    "emergency": "fire_hydrant",
    "art": "E-Bohrbrunnen",
    "description": "Quelle: Datenexport Wasserwerk 2026, vermessen (Rechtswert/Hochwert ETRS89/UTM32N).",
    "survey:date": ""
   }
  },
  {
   "type": "Feature",
   "geometry": {
    "type": "Point",
    "coordinates": [
     8.404055,
     54.714748
    ]
   },
   "properties": {
    "ref": "914",
    "name": "Triibergem 5",
    "addr:city": "Utersum",
    "emergency": "fire_hydrant",
    "art": "Hydrant",
    "fire_hydrant:diameter": "DN 80",
    "flow_rate": 1600,
    "description": "Quelle: Datenexport Wasserwerk 2026, vermessen (Rechtswert/Hochwert ETRS89/UTM32N). Nennweite DN 80",
    "survey:date": ""
   }
  },
  {
   "type": "Feature",
   "geometry": {
    "type": "Point",
    "coordinates": [
     8.406956,
     54.714624
    ]
   },
   "properties": {
    "ref": "915",
    "name": "Ban Taarep 1",
    "addr:city": "Utersum",
    "emergency": "fire_hydrant",
    "art": "E-Bohrbrunnen",
    "description": "Quelle: Datenexport Wasserwerk 2026, vermessen (Rechtswert/Hochwert ETRS89/UTM32N).",
    "survey:date": ""
   }
  },
  {
   "type": "Feature",
   "geometry": {
    "type": "Point",
    "coordinates": [
     8.407121,
     54.714591
    ]
   },
   "properties": {
    "ref": "916",
    "name": "Ban Taarep 1",
    "addr:city": "Utersum",
    "emergency": "fire_hydrant",
    "art": "Bohrbrunnen",
    "description": "Quelle: Datenexport Wasserwerk 2026, vermessen (Rechtswert/Hochwert ETRS89/UTM32N).",
    "survey:date": ""
   }
  },
  {
   "type": "Feature",
   "geometry": {
    "type": "Point",
    "coordinates": [
     8.4038,
     54.71384
    ]
   },
   "properties": {
    "ref": "918",
    "name": "Triibergem 17",
    "addr:city": "Utersum",
    "emergency": "fire_hydrant",
    "art": "Hydrant",
    "fire_hydrant:diameter": "DN 80",
    "flow_rate": 1600,
    "description": "Quelle: Datenexport Wasserwerk 2026, vermessen (Rechtswert/Hochwert ETRS89/UTM32N). Nennweite DN 80",
    "survey:date": ""
   }
  },
  {
   "type": "Feature",
   "geometry": {
    "type": "Point",
    "coordinates": [
     8.406615,
     54.713793
    ]
   },
   "properties": {
    "ref": "919",
    "name": "Jaardenhuug 3",
    "addr:city": "Utersum",
    "emergency": "fire_hydrant",
    "art": "Hydrant",
    "fire_hydrant:diameter": "DN 80",
    "flow_rate": 1600,
    "description": "Quelle: Datenexport Wasserwerk 2026, vermessen (Rechtswert/Hochwert ETRS89/UTM32N). Nennweite DN 80",
    "survey:date": ""
   }
  },
  {
   "type": "Feature",
   "geometry": {
    "type": "Point",
    "coordinates": [
     8.406475,
     54.711884
    ]
   },
   "properties": {
    "ref": "921",
    "name": "Jaardenhuug E-On",
    "addr:city": "Utersum",
    "emergency": "fire_hydrant",
    "art": "Hydrant",
    "fire_hydrant:diameter": "DN 80",
    "flow_rate": 1600,
    "description": "Quelle: Datenexport Wasserwerk 2026, vermessen (Rechtswert/Hochwert ETRS89/UTM32N). Nennweite DN 80",
    "survey:date": ""
   }
  },
  {
   "type": "Feature",
   "geometry": {
    "type": "Point",
    "coordinates": [
     8.405159,
     54.712006
    ]
   },
   "properties": {
    "ref": "922",
    "name": "Butj Dik 5 Garage",
    "addr:city": "Utersum",
    "emergency": "fire_hydrant",
    "art": "Hydrant",
    "fire_hydrant:diameter": "DN 80",
    "flow_rate": 1600,
    "description": "Quelle: Datenexport Wasserwerk 2026, vermessen (Rechtswert/Hochwert ETRS89/UTM32N). Nennweite DN 80",
    "survey:date": ""
   }
  },
  {
   "type": "Feature",
   "geometry": {
    "type": "Point",
    "coordinates": [
     8.404939,
     54.712359
    ]
   },
   "properties": {
    "ref": "923",
    "name": "Bi Trentaeft 6",
    "addr:city": "Utersum",
    "emergency": "fire_hydrant",
    "art": "Hydrant",
    "fire_hydrant:diameter": "DN 80",
    "flow_rate": 1600,
    "description": "Quelle: Datenexport Wasserwerk 2026, vermessen (Rechtswert/Hochwert ETRS89/UTM32N). Nennweite DN 80",
    "survey:date": ""
   }
  },
  {
   "type": "Feature",
   "geometry": {
    "type": "Point",
    "coordinates": [
     8.403991,
     54.712305
    ]
   },
   "properties": {
    "ref": "924",
    "name": "Bi Trentaeft 12",
    "addr:city": "Utersum",
    "emergency": "fire_hydrant",
    "art": "Hydrant",
    "fire_hydrant:diameter": "DN 80",
    "flow_rate": 1600,
    "description": "Quelle: Datenexport Wasserwerk 2026, vermessen (Rechtswert/Hochwert ETRS89/UTM32N). Nennweite DN 80",
    "survey:date": ""
   }
  },
  {
   "type": "Feature",
   "geometry": {
    "type": "Point",
    "coordinates": [
     8.402815,
     54.712196
    ]
   },
   "properties": {
    "ref": "925",
    "name": "Triibergem 35A",
    "addr:city": "Utersum",
    "emergency": "fire_hydrant",
    "art": "Hydrant",
    "fire_hydrant:diameter": "DN 80",
    "flow_rate": 1600,
    "description": "Quelle: Datenexport Wasserwerk 2026, vermessen (Rechtswert/Hochwert ETRS89/UTM32N). Nennweite DN 80",
    "survey:date": ""
   }
  },
  {
   "type": "Feature",
   "geometry": {
    "type": "Point",
    "coordinates": [
     8.398543,
     54.712778
    ]
   },
   "properties": {
    "ref": "926",
    "name": "Klaf 4",
    "addr:city": "Utersum",
    "emergency": "fire_hydrant",
    "art": "Hydrant",
    "fire_hydrant:diameter": "DN 80",
    "flow_rate": 1600,
    "description": "Quelle: Datenexport Wasserwerk 2026, vermessen (Rechtswert/Hochwert ETRS89/UTM32N). Nennweite DN 80",
    "survey:date": ""
   }
  },
  {
   "type": "Feature",
   "geometry": {
    "type": "Point",
    "coordinates": [
     8.397284,
     54.713586
    ]
   },
   "properties": {
    "ref": "927",
    "name": "Klaf 2",
    "addr:city": "Utersum",
    "emergency": "fire_hydrant",
    "art": "Hydrant",
    "fire_hydrant:diameter": "DN 80",
    "flow_rate": 800,
    "description": "Quelle: Datenexport Wasserwerk 2026, vermessen (Rechtswert/Hochwert ETRS89/UTM32N). Nennweite DN 80",
    "survey:date": ""
   }
  },
  {
   "type": "Feature",
   "geometry": {
    "type": "Point",
    "coordinates": [
     8.398342,
     54.711114
    ]
   },
   "properties": {
    "ref": "928",
    "name": "Klaf 16",
    "addr:city": "Utersum",
    "emergency": "fire_hydrant",
    "art": "Hydrant",
    "fire_hydrant:diameter": "DN 80",
    "flow_rate": 1600,
    "description": "Quelle: Datenexport Wasserwerk 2026, vermessen (Rechtswert/Hochwert ETRS89/UTM32N). Nennweite DN 80",
    "survey:date": ""
   }
  },
  {
   "type": "Feature",
   "geometry": {
    "type": "Point",
    "coordinates": [
     8.397577,
     54.709666
    ]
   },
   "properties": {
    "ref": "929",
    "name": "Klaf 24",
    "addr:city": "Utersum",
    "emergency": "fire_hydrant",
    "art": "Hydrant",
    "fire_hydrant:diameter": "DN 80",
    "flow_rate": 1600,
    "description": "Quelle: Datenexport Wasserwerk 2026, vermessen (Rechtswert/Hochwert ETRS89/UTM32N). Nennweite DN 80",
    "survey:date": ""
   }
  },
  {
   "type": "Feature",
   "geometry": {
    "type": "Point",
    "coordinates": [
     8.404531,
     54.709821
    ]
   },
   "properties": {
    "ref": "931",
    "name": "Jaardenhuug 42",
    "addr:city": "Utersum",
    "emergency": "fire_hydrant",
    "art": "Hydrant",
    "fire_hydrant:diameter": "DN 80",
    "flow_rate": 1600,
    "description": "Quelle: Datenexport Wasserwerk 2026, vermessen (Rechtswert/Hochwert ETRS89/UTM32N). Nennweite DN 80",
    "survey:date": ""
   }
  },
  {
   "type": "Feature",
   "geometry": {
    "type": "Point",
    "coordinates": [
     8.401212,
     54.709402
    ]
   },
   "properties": {
    "ref": "932",
    "name": "Triibergem 55",
    "addr:city": "Utersum",
    "emergency": "fire_hydrant",
    "art": "Hydrant",
    "fire_hydrant:diameter": "DN 80",
    "flow_rate": 1600,
    "description": "Quelle: Datenexport Wasserwerk 2026, vermessen (Rechtswert/Hochwert ETRS89/UTM32N). Nennweite DN 80",
    "survey:date": ""
   }
  },
  {
   "type": "Feature",
   "geometry": {
    "type": "Point",
    "coordinates": [
     8.405901,
     54.709352
    ]
   },
   "properties": {
    "ref": "933",
    "name": "Jaardenhuug 40",
    "addr:city": "Utersum",
    "emergency": "fire_hydrant",
    "art": "Hydrant",
    "fire_hydrant:diameter": "DN 80",
    "flow_rate": 1600,
    "description": "Quelle: Datenexport Wasserwerk 2026, vermessen (Rechtswert/Hochwert ETRS89/UTM32N). Nennweite DN 80",
    "survey:date": ""
   }
  },
  {
   "type": "Feature",
   "geometry": {
    "type": "Point",
    "coordinates": [
     8.402802,
     54.708777
    ]
   },
   "properties": {
    "ref": "934",
    "name": "Tewelken 24",
    "addr:city": "Utersum",
    "emergency": "fire_hydrant",
    "art": "Hydrant",
    "fire_hydrant:diameter": "DN 80",
    "flow_rate": 1600,
    "description": "Quelle: Datenexport Wasserwerk 2026, vermessen (Rechtswert/Hochwert ETRS89/UTM32N). Nennweite DN 80",
    "survey:date": ""
   }
  },
  {
   "type": "Feature",
   "geometry": {
    "type": "Point",
    "coordinates": [
     8.403463,
     54.708815
    ]
   },
   "properties": {
    "ref": "935",
    "name": "Tewelken 15",
    "addr:city": "Utersum",
    "emergency": "fire_hydrant",
    "art": "E-Bohrbrunnen",
    "description": "Quelle: Datenexport Wasserwerk 2026, vermessen (Rechtswert/Hochwert ETRS89/UTM32N).",
    "survey:date": ""
   }
  },
  {
   "type": "Feature",
   "geometry": {
    "type": "Point",
    "coordinates": [
     8.404078,
     54.708744
    ]
   },
   "properties": {
    "ref": "936",
    "name": "Tewelken 4",
    "addr:city": "Utersum",
    "emergency": "fire_hydrant",
    "art": "Hydrant",
    "fire_hydrant:diameter": "DN 80",
    "flow_rate": 1600,
    "description": "Quelle: Datenexport Wasserwerk 2026, vermessen (Rechtswert/Hochwert ETRS89/UTM32N). Nennweite DN 80",
    "survey:date": ""
   }
  },
  {
   "type": "Feature",
   "geometry": {
    "type": "Point",
    "coordinates": [
     8.400997,
     54.708428
    ]
   },
   "properties": {
    "ref": "937",
    "name": "Triibergem 61",
    "addr:city": "Utersum",
    "emergency": "fire_hydrant",
    "art": "Hydrant",
    "fire_hydrant:diameter": "DN 80",
    "flow_rate": 1600,
    "description": "Quelle: Datenexport Wasserwerk 2026, vermessen (Rechtswert/Hochwert ETRS89/UTM32N). Nennweite DN 80",
    "survey:date": ""
   }
  },
  {
   "type": "Feature",
   "geometry": {
    "type": "Point",
    "coordinates": [
     8.405682,
     54.707178
    ]
   },
   "properties": {
    "ref": "938",
    "name": "Jaardenhuug Zur BFA",
    "addr:city": "Utersum",
    "emergency": "fire_hydrant",
    "art": "Hydrant",
    "fire_hydrant:diameter": "DN 80",
    "flow_rate": 1600,
    "description": "Quelle: Datenexport Wasserwerk 2026, vermessen (Rechtswert/Hochwert ETRS89/UTM32N). Nennweite DN 80",
    "survey:date": ""
   }
  },
  {
   "type": "Feature",
   "geometry": {
    "type": "Point",
    "coordinates": [
     8.405565,
     54.707193
    ]
   },
   "properties": {
    "ref": "939",
    "name": "Traumstraße",
    "addr:city": "Utersum",
    "emergency": "fire_hydrant",
    "art": "Hydrant",
    "fire_hydrant:diameter": "DN 80",
    "flow_rate": 1600,
    "description": "Quelle: Datenexport Wasserwerk 2026, vermessen (Rechtswert/Hochwert ETRS89/UTM32N). Nennweite DN 80",
    "survey:date": ""
   }
  },
  {
   "type": "Feature",
   "geometry": {
    "type": "Point",
    "coordinates": [
     8.399503,
     54.70514
    ]
   },
   "properties": {
    "ref": "941",
    "name": "Uaster Jügem 1",
    "addr:city": "Utersum",
    "emergency": "fire_hydrant",
    "art": "E-Bohrbrunnen",
    "description": "Quelle: Datenexport Wasserwerk 2026, vermessen (Rechtswert/Hochwert ETRS89/UTM32N).",
    "survey:date": ""
   }
  },
  {
   "type": "Feature",
   "geometry": {
    "type": "Point",
    "coordinates": [
     8.400147,
     54.705082
    ]
   },
   "properties": {
    "ref": "942",
    "name": "Uaster Jügem BFA Pers",
    "addr:city": "Utersum",
    "emergency": "fire_hydrant",
    "art": "Hydrant",
    "fire_hydrant:diameter": "DN 80",
    "flow_rate": 1600,
    "description": "Quelle: Datenexport Wasserwerk 2026, vermessen (Rechtswert/Hochwert ETRS89/UTM32N). Nennweite DN 80",
    "survey:date": ""
   }
  },
  {
   "type": "Feature",
   "geometry": {
    "type": "Point",
    "coordinates": [
     8.400036,
     54.704487
    ]
   },
   "properties": {
    "ref": "943",
    "name": "",
    "addr:city": "Utersum",
    "emergency": "fire_hydrant",
    "art": "Hydrant",
    "flow_rate": 1600,
    "description": "kartografische Symbolposition; nicht vermessungstechnisch oder vor Ort bestätigt · Quelle: Utersum.pdf",
    "survey:date": ""
   }
  },
  {
   "type": "Feature",
   "geometry": {
    "type": "Point",
    "coordinates": [
     8.399626,
     54.7044
    ]
   },
   "properties": {
    "ref": "944",
    "name": "Uaster Jügem",
    "addr:city": "Utersum",
    "emergency": "fire_hydrant",
    "art": "Hydrant",
    "fire_hydrant:diameter": "DN 80",
    "flow_rate": 1600,
    "description": "Quelle: Datenexport Wasserwerk 2026, vermessen (Rechtswert/Hochwert ETRS89/UTM32N). Nennweite DN 80",
    "survey:date": ""
   }
  },
  {
   "type": "Feature",
   "geometry": {
    "type": "Point",
    "coordinates": [
     8.401877,
     54.703841
    ]
   },
   "properties": {
    "ref": "945",
    "name": "Uaster Jügem 1",
    "addr:city": "Utersum",
    "emergency": "fire_hydrant",
    "art": "E-Bohrbrunnen",
    "description": "Quelle: Datenexport Wasserwerk 2026, vermessen (Rechtswert/Hochwert ETRS89/UTM32N).",
    "survey:date": ""
   }
  },
  {
   "type": "Feature",
   "geometry": {
    "type": "Point",
    "coordinates": [
     8.399938,
     54.703234
    ]
   },
   "properties": {
    "ref": "946",
    "name": "Uaster Jügem",
    "addr:city": "Utersum",
    "emergency": "fire_hydrant",
    "art": "Hydrant",
    "fire_hydrant:diameter": "DN 80",
    "flow_rate": 800,
    "description": "Quelle: Datenexport Wasserwerk 2026, vermessen (Rechtswert/Hochwert ETRS89/UTM32N). Nennweite DN 80",
    "survey:date": ""
   }
  },
  {
   "type": "Feature",
   "geometry": {
    "type": "Point",
    "coordinates": [
     8.400018,
     54.70317
    ]
   },
   "properties": {
    "ref": "947",
    "name": "Uaster Jügem 1",
    "addr:city": "Utersum",
    "emergency": "fire_hydrant",
    "art": "E-Bohrbrunnen",
    "description": "Quelle: Datenexport Wasserwerk 2026, vermessen (Rechtswert/Hochwert ETRS89/UTM32N).",
    "survey:date": ""
   }
  },
  {
   "type": "Feature",
   "geometry": {
    "type": "Point",
    "coordinates": [
     8.401058,
     54.703243
    ]
   },
   "properties": {
    "ref": "948",
    "name": "Uaster Jügem 1",
    "addr:city": "Utersum",
    "emergency": "fire_hydrant",
    "art": "Hydrant",
    "fire_hydrant:diameter": "DN 80",
    "flow_rate": 800,
    "description": "Quelle: Datenexport Wasserwerk 2026, vermessen (Rechtswert/Hochwert ETRS89/UTM32N). Nennweite DN 80",
    "survey:date": ""
   }
  },
  {
   "type": "Feature",
   "geometry": {
    "type": "Point",
    "coordinates": [
     8.401878,
     54.702903
    ]
   },
   "properties": {
    "ref": "949",
    "name": "Uaster Jügem BFA",
    "addr:city": "Utersum",
    "emergency": "fire_hydrant",
    "art": "Hydrant",
    "fire_hydrant:diameter": "DN 80",
    "flow_rate": 800,
    "description": "Quelle: Datenexport Wasserwerk 2026, vermessen (Rechtswert/Hochwert ETRS89/UTM32N). Nennweite DN 80",
    "survey:date": ""
   }
  },
  {
   "type": "Feature",
   "geometry": {
    "type": "Point",
    "coordinates": [
     8.401783,
     54.702908
    ]
   },
   "properties": {
    "ref": "951",
    "name": "Uaster Jügem 1",
    "addr:city": "Utersum",
    "emergency": "fire_hydrant",
    "art": "E-Bohrbrunnen",
    "description": "Quelle: Datenexport Wasserwerk 2026, vermessen (Rechtswert/Hochwert ETRS89/UTM32N).",
    "survey:date": ""
   }
  },
  {
   "type": "Feature",
   "geometry": {
    "type": "Point",
    "coordinates": [
     8.403744,
     54.703348
    ]
   },
   "properties": {
    "ref": "952",
    "name": "Uaster Jügem BFA",
    "addr:city": "Utersum",
    "emergency": "fire_hydrant",
    "art": "Hydrant",
    "fire_hydrant:diameter": "DN 80",
    "flow_rate": 1600,
    "description": "Quelle: Datenexport Wasserwerk 2026, vermessen (Rechtswert/Hochwert ETRS89/UTM32N). Nennweite DN 80",
    "survey:date": ""
   }
  },
  {
   "type": "Feature",
   "geometry": {
    "type": "Point",
    "coordinates": [
     8.422061,
     54.716139
    ]
   },
   "properties": {
    "ref": "954",
    "name": "Hoofstich 1",
    "addr:city": "Utersum",
    "emergency": "fire_hydrant",
    "art": "Hydrant",
    "fire_hydrant:diameter": "DN 80",
    "flow_rate": 800,
    "description": "Quelle: Datenexport Wasserwerk 2026, vermessen (Rechtswert/Hochwert ETRS89/UTM32N). Nennweite DN 80",
    "survey:date": ""
   }
  },
  {
   "type": "Feature",
   "geometry": {
    "type": "Point",
    "coordinates": [
     8.425575,
     54.716156
    ]
   },
   "properties": {
    "ref": "955",
    "name": "Hoofstich 2",
    "addr:city": "Utersum",
    "emergency": "fire_hydrant",
    "art": "Hydrant",
    "fire_hydrant:diameter": "DN 80",
    "flow_rate": 800,
    "description": "Quelle: Datenexport Wasserwerk 2026, vermessen (Rechtswert/Hochwert ETRS89/UTM32N). Nennweite DN 80",
    "survey:date": ""
   }
  },
  {
   "type": "Feature",
   "geometry": {
    "type": "Point",
    "coordinates": [
     8.415284,
     54.70564
    ]
   },
   "properties": {
    "ref": "966",
    "name": "Traumstraße 58",
    "addr:city": "Hedehusum",
    "emergency": "fire_hydrant",
    "art": "Hydrant",
    "fire_hydrant:diameter": "DN 80",
    "flow_rate": 1600,
    "description": "Quelle: Datenexport Wasserwerk 2026, vermessen (Rechtswert/Hochwert ETRS89/UTM32N). Nennweite DN 80",
    "survey:date": ""
   }
  },
  {
   "type": "Feature",
   "geometry": {
    "type": "Point",
    "coordinates": [
     8.416727,
     54.705298
    ]
   },
   "properties": {
    "ref": "967",
    "name": "Traumstraße 54",
    "addr:city": "Hedehusum",
    "emergency": "fire_hydrant",
    "art": "Hydrant",
    "fire_hydrant:diameter": "DN 80",
    "flow_rate": 3200,
    "description": "Quelle: Datenexport Wasserwerk 2026, vermessen (Rechtswert/Hochwert ETRS89/UTM32N). Nennweite DN 80",
    "survey:date": ""
   }
  },
  {
   "type": "Feature",
   "geometry": {
    "type": "Point",
    "coordinates": [
     8.418127,
     54.704988
    ]
   },
   "properties": {
    "ref": "968",
    "name": "Traumstraße 48",
    "addr:city": "Hedehusum",
    "emergency": "fire_hydrant",
    "art": "Hydrant",
    "fire_hydrant:diameter": "DN 80",
    "flow_rate": 3200,
    "description": "Quelle: Datenexport Wasserwerk 2026, vermessen (Rechtswert/Hochwert ETRS89/UTM32N). Nennweite DN 80",
    "survey:date": ""
   }
  },
  {
   "type": "Feature",
   "geometry": {
    "type": "Point",
    "coordinates": [
     8.418218,
     54.703915
    ]
   },
   "properties": {
    "ref": "969",
    "name": "Poolstich 5",
    "addr:city": "Hedehusum",
    "emergency": "fire_hydrant",
    "art": "Bohrbrunnen",
    "description": "Quelle: Datenexport Wasserwerk 2026, vermessen (Rechtswert/Hochwert ETRS89/UTM32N).",
    "survey:date": ""
   }
  },
  {
   "type": "Feature",
   "geometry": {
    "type": "Point",
    "coordinates": [
     8.417269,
     54.703467
    ]
   },
   "properties": {
    "ref": "972",
    "name": "Poolstich WC",
    "addr:city": "Hedehusum",
    "emergency": "fire_hydrant",
    "art": "Hydrant",
    "fire_hydrant:diameter": "DN 80",
    "flow_rate": 800,
    "description": "Quelle: Datenexport Wasserwerk 2026, vermessen (Rechtswert/Hochwert ETRS89/UTM32N). Nennweite DN 80",
    "survey:date": ""
   }
  },
  {
   "type": "Feature",
   "geometry": {
    "type": "Point",
    "coordinates": [
     8.416144,
     54.703695
    ]
   },
   "properties": {
    "ref": "973",
    "name": "Poolstich 8",
    "addr:city": "Hedehusum",
    "emergency": "fire_hydrant",
    "art": "Hydrant",
    "fire_hydrant:diameter": "DN 80",
    "flow_rate": 800,
    "description": "Quelle: Datenexport Wasserwerk 2026, vermessen (Rechtswert/Hochwert ETRS89/UTM32N). Nennweite DN 80",
    "survey:date": ""
   }
  },
  {
   "type": "Feature",
   "geometry": {
    "type": "Point",
    "coordinates": [
     8.419533,
     54.704698
    ]
   },
   "properties": {
    "ref": "974",
    "name": "Traumstraße 49",
    "addr:city": "Hedehusum",
    "emergency": "fire_hydrant",
    "art": "Hydrant",
    "fire_hydrant:diameter": "DN 80",
    "flow_rate": 3200,
    "description": "Quelle: Datenexport Wasserwerk 2026, vermessen (Rechtswert/Hochwert ETRS89/UTM32N). Nennweite DN 80",
    "survey:date": ""
   }
  },
  {
   "type": "Feature",
   "geometry": {
    "type": "Point",
    "coordinates": [
     8.421469,
     54.704352
    ]
   },
   "properties": {
    "ref": "977",
    "name": "Traumstraße 40",
    "addr:city": "Hedehusum",
    "emergency": "fire_hydrant",
    "art": "Hydrant",
    "fire_hydrant:diameter": "DN 80",
    "flow_rate": 3200,
    "description": "Quelle: Datenexport Wasserwerk 2026, vermessen (Rechtswert/Hochwert ETRS89/UTM32N). Nennweite DN 80",
    "survey:date": ""
   }
  },
  {
   "type": "Feature",
   "geometry": {
    "type": "Point",
    "coordinates": [
     8.423974,
     54.703856
    ]
   },
   "properties": {
    "ref": "978",
    "name": "Traumstraße 36",
    "addr:city": "Hedehusum",
    "emergency": "fire_hydrant",
    "art": "Hydrant",
    "fire_hydrant:diameter": "DN 80",
    "flow_rate": 1600,
    "description": "Quelle: Datenexport Wasserwerk 2026, vermessen (Rechtswert/Hochwert ETRS89/UTM32N). Nennweite DN 80",
    "survey:date": ""
   }
  },
  {
   "type": "Feature",
   "geometry": {
    "type": "Point",
    "coordinates": [
     8.421631,
     54.70669
    ]
   },
   "properties": {
    "ref": "982",
    "name": "Klant 15",
    "addr:city": "Hedehusum",
    "emergency": "fire_hydrant",
    "art": "Hydrant",
    "fire_hydrant:diameter": "DN 80",
    "flow_rate": 3200,
    "description": "Quelle: Datenexport Wasserwerk 2026, vermessen (Rechtswert/Hochwert ETRS89/UTM32N). Nennweite DN 80",
    "survey:date": ""
   }
  },
  {
   "type": "Feature",
   "geometry": {
    "type": "Point",
    "coordinates": [
     8.422386,
     54.706576
    ]
   },
   "properties": {
    "ref": "983",
    "name": "Klant",
    "addr:city": "Hedehusum",
    "emergency": "fire_hydrant",
    "art": "Hydrant",
    "fire_hydrant:diameter": "DN 80",
    "flow_rate": 1600,
    "description": "Quelle: Datenexport Wasserwerk 2026, vermessen (Rechtswert/Hochwert ETRS89/UTM32N). Nennweite DN 80",
    "survey:date": ""
   }
  },
  {
   "type": "Feature",
   "geometry": {
    "type": "Point",
    "coordinates": [
     8.422444,
     54.706397
    ]
   },
   "properties": {
    "ref": "984",
    "name": "Klant 15",
    "addr:city": "Hedehusum",
    "emergency": "fire_hydrant",
    "art": "Hydrant",
    "fire_hydrant:diameter": "DN 80",
    "flow_rate": 3200,
    "description": "Quelle: Datenexport Wasserwerk 2026, vermessen (Rechtswert/Hochwert ETRS89/UTM32N). Nennweite DN 80",
    "survey:date": ""
   }
  },
  {
   "type": "Feature",
   "geometry": {
    "type": "Point",
    "coordinates": [
     8.42318,
     54.706432
    ]
   },
   "properties": {
    "ref": "985",
    "name": "",
    "addr:city": "Hedehusum",
    "emergency": "fire_hydrant",
    "art": "Hydrant",
    "flow_rate": 3200,
    "description": "kartografische Symbolposition; nicht vermessungstechnisch oder vor Ort bestätigt · Quelle: Hedehusum_Aussied.pdf",
    "survey:date": ""
   }
  },
  {
   "type": "Feature",
   "geometry": {
    "type": "Point",
    "coordinates": [
     8.438943028450014,
     54.726025398688925
    ]
   },
   "properties": {
    "ref": "GH SUE",
    "name": "Hauptstraße",
    "addr:city": "Süderende",
    "emergency": "fire_hydrant",
    "art": "Gerätehaus",
    "survey:date": "2026-09-08"
   }
  },
  {
   "type": "Feature",
   "geometry": {
    "type": "Point",
    "coordinates": [
     8.45102906227112,
     54.73312386141984
    ]
   },
   "properties": {
    "ref": "GH OLD",
    "name": "",
    "addr:city": "Oldsum",
    "emergency": "fire_hydrant",
    "art": "Gerätehaus",
    "survey:date": "2026-09-08"
   }
  },
  {
   "type": "Feature",
   "geometry": {
    "type": "Point",
    "coordinates": [
     8.405136466026308,
     54.71237073808073
    ]
   },
   "properties": {
    "ref": "GH UTE",
    "name": "",
    "addr:city": "Utersum",
    "emergency": "fire_hydrant",
    "art": "Gerätehaus",
    "survey:date": "2026-09-08"
   }
  },
  {
   "type": "Feature",
   "geometry": {
    "type": "Point",
    "coordinates": [
     8.576866,
     54.692525
    ]
   },
   "properties": {
    "ref": "1",
    "name": "Am Hafen",
    "addr:city": "Wyk auf Föhr",
    "emergency": "fire_hydrant",
    "art": "Schachthydrant",
    "fire_hydrant:diameter": "DN 80",
    "flow_rate": 800,
    "description": "Quelle: Datenexport Wasserwerk 2026, vermessen (Rechtswert/Hochwert ETRS89/UTM32N). Nennweite DN 80",
    "survey:date": ""
   }
  },
  {
   "type": "Feature",
   "geometry": {
    "type": "Point",
    "coordinates": [
     8.576981,
     54.692437
    ]
   },
   "properties": {
    "ref": "2",
    "name": "Am Hafen",
    "addr:city": "Wyk auf Föhr",
    "emergency": "fire_hydrant",
    "art": "Hydrant",
    "fire_hydrant:diameter": "DN 80",
    "flow_rate": 800,
    "description": "Quelle: Datenexport Wasserwerk 2026, vermessen (Rechtswert/Hochwert ETRS89/UTM32N). Nennweite DN 80",
    "survey:date": ""
   }
  },
  {
   "type": "Feature",
   "geometry": {
    "type": "Point",
    "coordinates": [
     8.575854,
     54.692722
    ]
   },
   "properties": {
    "ref": "3",
    "name": "Am Hafen Anleger 2",
    "addr:city": "Wyk auf Föhr",
    "emergency": "fire_hydrant",
    "art": "Schachthydrant",
    "fire_hydrant:diameter": "DN 80",
    "flow_rate": 800,
    "description": "Quelle: Datenexport Wasserwerk 2026, vermessen (Rechtswert/Hochwert ETRS89/UTM32N). Nennweite DN 80",
    "survey:date": ""
   }
  },
  {
   "type": "Feature",
   "geometry": {
    "type": "Point",
    "coordinates": [
     8.575073,
     54.692441
    ]
   },
   "properties": {
    "ref": "4",
    "name": "Am Hafen",
    "addr:city": "Wyk auf Föhr",
    "emergency": "fire_hydrant",
    "art": "Hydrant",
    "fire_hydrant:diameter": "DN 80",
    "flow_rate": 800,
    "description": "Quelle: Datenexport Wasserwerk 2026, vermessen (Rechtswert/Hochwert ETRS89/UTM32N). Nennweite DN 80",
    "survey:date": ""
   }
  },
  {
   "type": "Feature",
   "geometry": {
    "type": "Point",
    "coordinates": [
     8.574206,
     54.691924
    ]
   },
   "properties": {
    "ref": "5",
    "name": "Am Hafen",
    "addr:city": "Wyk auf Föhr",
    "emergency": "fire_hydrant",
    "art": "Hydrant",
    "fire_hydrant:diameter": "DN 80",
    "flow_rate": 800,
    "description": "Quelle: Datenexport Wasserwerk 2026, vermessen (Rechtswert/Hochwert ETRS89/UTM32N). Nennweite DN 80",
    "survey:date": ""
   }
  },
  {
   "type": "Feature",
   "geometry": {
    "type": "Point",
    "coordinates": [
     8.575333,
     54.692923
    ]
   },
   "properties": {
    "ref": "6",
    "name": "Am Hafen",
    "addr:city": "Wyk auf Föhr",
    "emergency": "fire_hydrant",
    "art": "Hydrant",
    "fire_hydrant:diameter": "DN 80",
    "flow_rate": 800,
    "description": "Quelle: Datenexport Wasserwerk 2026, vermessen (Rechtswert/Hochwert ETRS89/UTM32N). Nennweite DN 80",
    "survey:date": ""
   }
  },
  {
   "type": "Feature",
   "geometry": {
    "type": "Point",
    "coordinates": [
     8.576672,
     54.693349
    ]
   },
   "properties": {
    "ref": "7",
    "name": "Am Hafen",
    "addr:city": "Wyk auf Föhr",
    "emergency": "fire_hydrant",
    "art": "Schachthydrant",
    "fire_hydrant:diameter": "DN 80",
    "flow_rate": 800,
    "description": "Quelle: Datenexport Wasserwerk 2026, vermessen (Rechtswert/Hochwert ETRS89/UTM32N). Nennweite DN 80",
    "survey:date": ""
   }
  },
  {
   "type": "Feature",
   "geometry": {
    "type": "Point",
    "coordinates": [
     8.576379,
     54.693296
    ]
   },
   "properties": {
    "ref": "8",
    "name": "Am Hafen",
    "addr:city": "Wyk auf Föhr",
    "emergency": "fire_hydrant",
    "art": "Schachthydrant",
    "fire_hydrant:diameter": "DN 80",
    "flow_rate": 800,
    "description": "Quelle: Datenexport Wasserwerk 2026, vermessen (Rechtswert/Hochwert ETRS89/UTM32N). Nennweite DN 80",
    "survey:date": ""
   }
  },
  {
   "type": "Feature",
   "geometry": {
    "type": "Point",
    "coordinates": [
     8.576095,
     54.693329
    ]
   },
   "properties": {
    "ref": "9",
    "name": "Am Hafen",
    "addr:city": "Wyk auf Föhr",
    "emergency": "fire_hydrant",
    "art": "Schachthydrant",
    "fire_hydrant:diameter": "DN 80",
    "flow_rate": 800,
    "description": "Quelle: Datenexport Wasserwerk 2026, vermessen (Rechtswert/Hochwert ETRS89/UTM32N). Nennweite DN 80",
    "survey:date": ""
   }
  },
  {
   "type": "Feature",
   "geometry": {
    "type": "Point",
    "coordinates": [
     8.575662,
     54.693323
    ]
   },
   "properties": {
    "ref": "11",
    "name": "Am Hafen",
    "addr:city": "Wyk auf Föhr",
    "emergency": "fire_hydrant",
    "art": "Schachthydrant",
    "fire_hydrant:diameter": "DN 80",
    "flow_rate": 800,
    "description": "Quelle: Datenexport Wasserwerk 2026, vermessen (Rechtswert/Hochwert ETRS89/UTM32N). Nennweite DN 80",
    "survey:date": ""
   }
  },
  {
   "type": "Feature",
   "geometry": {
    "type": "Point",
    "coordinates": [
     8.575232,
     54.69319
    ]
   },
   "properties": {
    "ref": "12",
    "name": "Am Hafen",
    "addr:city": "Wyk auf Föhr",
    "emergency": "fire_hydrant",
    "art": "Schachthydrant",
    "fire_hydrant:diameter": "DN 80",
    "flow_rate": 800,
    "description": "Quelle: Datenexport Wasserwerk 2026, vermessen (Rechtswert/Hochwert ETRS89/UTM32N). Nennweite DN 80",
    "survey:date": ""
   }
  },
  {
   "type": "Feature",
   "geometry": {
    "type": "Point",
    "coordinates": [
     8.574827,
     54.693061
    ]
   },
   "properties": {
    "ref": "13",
    "name": "Am Hafen",
    "addr:city": "Wyk auf Föhr",
    "emergency": "fire_hydrant",
    "art": "Schachthydrant",
    "fire_hydrant:diameter": "DN 80",
    "flow_rate": 800,
    "description": "Quelle: Datenexport Wasserwerk 2026, vermessen (Rechtswert/Hochwert ETRS89/UTM32N). Nennweite DN 80",
    "survey:date": ""
   }
  },
  {
   "type": "Feature",
   "geometry": {
    "type": "Point",
    "coordinates": [
     8.574393,
     54.692926
    ]
   },
   "properties": {
    "ref": "14",
    "name": "Am Hafen",
    "addr:city": "Wyk auf Föhr",
    "emergency": "fire_hydrant",
    "art": "Schachthydrant",
    "fire_hydrant:diameter": "DN 80",
    "flow_rate": 800,
    "description": "Quelle: Datenexport Wasserwerk 2026, vermessen (Rechtswert/Hochwert ETRS89/UTM32N). Nennweite DN 80",
    "survey:date": ""
   }
  },
  {
   "type": "Feature",
   "geometry": {
    "type": "Point",
    "coordinates": [
     8.574004,
     54.692813
    ]
   },
   "properties": {
    "ref": "15",
    "name": "Am Hafen",
    "addr:city": "Wyk auf Föhr",
    "emergency": "fire_hydrant",
    "art": "Schachthydrant",
    "fire_hydrant:diameter": "DN 80",
    "flow_rate": 800,
    "description": "Quelle: Datenexport Wasserwerk 2026, vermessen (Rechtswert/Hochwert ETRS89/UTM32N). Nennweite DN 80",
    "survey:date": ""
   }
  },
  {
   "type": "Feature",
   "geometry": {
    "type": "Point",
    "coordinates": [
     8.573659,
     54.692707
    ]
   },
   "properties": {
    "ref": "16",
    "name": "Am Hafen",
    "addr:city": "Wyk auf Föhr",
    "emergency": "fire_hydrant",
    "art": "Schachthydrant",
    "fire_hydrant:diameter": "DN 80",
    "flow_rate": 800,
    "description": "Quelle: Datenexport Wasserwerk 2026, vermessen (Rechtswert/Hochwert ETRS89/UTM32N). Nennweite DN 80",
    "survey:date": ""
   }
  },
  {
   "type": "Feature",
   "geometry": {
    "type": "Point",
    "coordinates": [
     8.572748,
     54.692417
    ]
   },
   "properties": {
    "ref": "17",
    "name": "Am Hafen",
    "addr:city": "Wyk auf Föhr",
    "emergency": "fire_hydrant",
    "art": "Hydrant",
    "fire_hydrant:diameter": "DN 80",
    "flow_rate": 800,
    "description": "Quelle: Datenexport Wasserwerk 2026, vermessen (Rechtswert/Hochwert ETRS89/UTM32N). Nennweite DN 80",
    "survey:date": ""
   }
  },
  {
   "type": "Feature",
   "geometry": {
    "type": "Point",
    "coordinates": [
     8.572651,
     54.692207
    ]
   },
   "properties": {
    "ref": "18",
    "name": "Am Hafen",
    "addr:city": "Wyk auf Föhr",
    "emergency": "fire_hydrant",
    "art": "Hydrant",
    "fire_hydrant:diameter": "DN 80",
    "flow_rate": 800,
    "description": "Quelle: Datenexport Wasserwerk 2026, vermessen (Rechtswert/Hochwert ETRS89/UTM32N). Nennweite DN 80",
    "survey:date": ""
   }
  },
  {
   "type": "Feature",
   "geometry": {
    "type": "Point",
    "coordinates": [
     8.572549,
     54.69199
    ]
   },
   "properties": {
    "ref": "19",
    "name": "Am Hafen",
    "addr:city": "Wyk auf Föhr",
    "emergency": "fire_hydrant",
    "art": "Hydrant",
    "fire_hydrant:diameter": "DN 80",
    "flow_rate": 800,
    "description": "Quelle: Datenexport Wasserwerk 2026, vermessen (Rechtswert/Hochwert ETRS89/UTM32N). Nennweite DN 80",
    "survey:date": ""
   }
  },
  {
   "type": "Feature",
   "geometry": {
    "type": "Point",
    "coordinates": [
     8.572369,
     54.691779
    ]
   },
   "properties": {
    "ref": "21",
    "name": "Am Hafen Ostkaje 05",
    "addr:city": "Wyk auf Föhr",
    "emergency": "fire_hydrant",
    "art": "Schachthydrant",
    "fire_hydrant:diameter": "DN 80",
    "flow_rate": 800,
    "description": "Quelle: Datenexport Wasserwerk 2026, vermessen (Rechtswert/Hochwert ETRS89/UTM32N). Nennweite DN 80",
    "survey:date": ""
   }
  },
  {
   "type": "Feature",
   "geometry": {
    "type": "Point",
    "coordinates": [
     8.572269,
     54.691563
    ]
   },
   "properties": {
    "ref": "22",
    "name": "Am Hafen",
    "addr:city": "Wyk auf Föhr",
    "emergency": "fire_hydrant",
    "art": "Hydrant",
    "fire_hydrant:diameter": "DN 80",
    "flow_rate": 800,
    "description": "Quelle: Datenexport Wasserwerk 2026, vermessen (Rechtswert/Hochwert ETRS89/UTM32N). Nennweite DN 80",
    "survey:date": ""
   }
  },
  {
   "type": "Feature",
   "geometry": {
    "type": "Point",
    "coordinates": [
     8.572168,
     54.691347
    ]
   },
   "properties": {
    "ref": "24",
    "name": "Am Hafen",
    "addr:city": "Wyk auf Föhr",
    "emergency": "fire_hydrant",
    "art": "Hydrant",
    "fire_hydrant:diameter": "DN 80",
    "flow_rate": 1600,
    "description": "Quelle: Datenexport Wasserwerk 2026, vermessen (Rechtswert/Hochwert ETRS89/UTM32N). Nennweite DN 80",
    "survey:date": ""
   }
  },
  {
   "type": "Feature",
   "geometry": {
    "type": "Point",
    "coordinates": [
     8.572855,
     54.692156
    ]
   },
   "properties": {
    "ref": "25",
    "name": "Am Hafen",
    "addr:city": "Wyk auf Föhr",
    "emergency": "fire_hydrant",
    "art": "Hydrant",
    "fire_hydrant:diameter": "DN 80",
    "flow_rate": 800,
    "description": "Quelle: Datenexport Wasserwerk 2026, vermessen (Rechtswert/Hochwert ETRS89/UTM32N). Nennweite DN 80",
    "survey:date": ""
   }
  },
  {
   "type": "Feature",
   "geometry": {
    "type": "Point",
    "coordinates": [
     8.572716,
     54.691943
    ]
   },
   "properties": {
    "ref": "26",
    "name": "Am Hafen",
    "addr:city": "Wyk auf Föhr",
    "emergency": "fire_hydrant",
    "art": "Hydrant",
    "fire_hydrant:diameter": "DN 80",
    "flow_rate": 800,
    "description": "Quelle: Datenexport Wasserwerk 2026, vermessen (Rechtswert/Hochwert ETRS89/UTM32N). Nennweite DN 80",
    "survey:date": ""
   }
  },
  {
   "type": "Feature",
   "geometry": {
    "type": "Point",
    "coordinates": [
     8.572646,
     54.691796
    ]
   },
   "properties": {
    "ref": "27",
    "name": "Am Hafen",
    "addr:city": "Wyk auf Föhr",
    "emergency": "fire_hydrant",
    "art": "Hydrant",
    "fire_hydrant:diameter": "DN 80",
    "flow_rate": 800,
    "description": "Quelle: Datenexport Wasserwerk 2026, vermessen (Rechtswert/Hochwert ETRS89/UTM32N). Nennweite DN 80",
    "survey:date": ""
   }
  },
  {
   "type": "Feature",
   "geometry": {
    "type": "Point",
    "coordinates": [
     8.572489,
     54.691476
    ]
   },
   "properties": {
    "ref": "28",
    "name": "Am Hafen",
    "addr:city": "Wyk auf Föhr",
    "emergency": "fire_hydrant",
    "art": "Hydrant",
    "fire_hydrant:diameter": "DN 80",
    "flow_rate": 800,
    "description": "Quelle: Datenexport Wasserwerk 2026, vermessen (Rechtswert/Hochwert ETRS89/UTM32N). Nennweite DN 80",
    "survey:date": ""
   }
  },
  {
   "type": "Feature",
   "geometry": {
    "type": "Point",
    "coordinates": [
     8.572399,
     54.691294
    ]
   },
   "properties": {
    "ref": "29",
    "name": "Am Hafen",
    "addr:city": "Wyk auf Föhr",
    "emergency": "fire_hydrant",
    "art": "Hydrant",
    "fire_hydrant:diameter": "DN 80",
    "flow_rate": 1600,
    "description": "Quelle: Datenexport Wasserwerk 2026, vermessen (Rechtswert/Hochwert ETRS89/UTM32N). Nennweite DN 80",
    "survey:date": ""
   }
  },
  {
   "type": "Feature",
   "geometry": {
    "type": "Point",
    "coordinates": [
     8.572006,
     54.691181
    ]
   },
   "properties": {
    "ref": "31",
    "name": "Am Hafen",
    "addr:city": "Wyk auf Föhr",
    "emergency": "fire_hydrant",
    "art": "Hydrant",
    "fire_hydrant:diameter": "DN 80",
    "flow_rate": 1600,
    "description": "Quelle: Datenexport Wasserwerk 2026, vermessen (Rechtswert/Hochwert ETRS89/UTM32N). Nennweite DN 80",
    "survey:date": ""
   }
  },
  {
   "type": "Feature",
   "geometry": {
    "type": "Point",
    "coordinates": [
     8.573468,
     54.693293
    ]
   },
   "properties": {
    "ref": "33",
    "name": "Am Hafen",
    "addr:city": "Wyk auf Föhr",
    "emergency": "fire_hydrant",
    "art": "Hydrant",
    "fire_hydrant:diameter": "DN 80",
    "flow_rate": 800,
    "description": "Quelle: Datenexport Wasserwerk 2026, vermessen (Rechtswert/Hochwert ETRS89/UTM32N). Nennweite DN 80",
    "survey:date": ""
   }
  },
  {
   "type": "Feature",
   "geometry": {
    "type": "Point",
    "coordinates": [
     8.573217,
     54.692892
    ]
   },
   "properties": {
    "ref": "34",
    "name": "Am Hafen Poller 15",
    "addr:city": "Wyk auf Föhr",
    "emergency": "fire_hydrant",
    "art": "Schachthydrant",
    "fire_hydrant:diameter": "DN 80",
    "flow_rate": 800,
    "description": "Quelle: Datenexport Wasserwerk 2026, vermessen (Rechtswert/Hochwert ETRS89/UTM32N). Nennweite DN 80",
    "survey:date": ""
   }
  },
  {
   "type": "Feature",
   "geometry": {
    "type": "Point",
    "coordinates": [
     8.572559,
     54.692687
    ]
   },
   "properties": {
    "ref": "35",
    "name": "Am Hafen Poller 22",
    "addr:city": "Wyk auf Föhr",
    "emergency": "fire_hydrant",
    "art": "Schachthydrant",
    "fire_hydrant:diameter": "DN 80",
    "flow_rate": 800,
    "description": "Quelle: Datenexport Wasserwerk 2026, vermessen (Rechtswert/Hochwert ETRS89/UTM32N). Nennweite DN 80",
    "survey:date": ""
   }
  },
  {
   "type": "Feature",
   "geometry": {
    "type": "Point",
    "coordinates": [
     8.571779,
     54.692421
    ]
   },
   "properties": {
    "ref": "36",
    "name": "Am Hafen",
    "addr:city": "Wyk auf Föhr",
    "emergency": "fire_hydrant",
    "art": "Hydrant",
    "fire_hydrant:diameter": "DN 80",
    "flow_rate": 800,
    "description": "Quelle: Datenexport Wasserwerk 2026, vermessen (Rechtswert/Hochwert ETRS89/UTM32N). Nennweite DN 80",
    "survey:date": ""
   }
  },
  {
   "type": "Feature",
   "geometry": {
    "type": "Point",
    "coordinates": [
     8.571515,
     54.69211
    ]
   },
   "properties": {
    "ref": "37",
    "name": "Am Hafen",
    "addr:city": "Wyk auf Föhr",
    "emergency": "fire_hydrant",
    "art": "Hydrant",
    "fire_hydrant:diameter": "DN 80",
    "flow_rate": 800,
    "description": "Quelle: Datenexport Wasserwerk 2026, vermessen (Rechtswert/Hochwert ETRS89/UTM32N). Nennweite DN 80",
    "survey:date": ""
   }
  },
  {
   "type": "Feature",
   "geometry": {
    "type": "Point",
    "coordinates": [
     8.571299,
     54.691693
    ]
   },
   "properties": {
    "ref": "38",
    "name": "Am Hafen",
    "addr:city": "Wyk auf Föhr",
    "emergency": "fire_hydrant",
    "art": "Hydrant",
    "fire_hydrant:diameter": "DN 80",
    "flow_rate": 800,
    "description": "Quelle: Datenexport Wasserwerk 2026, vermessen (Rechtswert/Hochwert ETRS89/UTM32N). Nennweite DN 80",
    "survey:date": ""
   }
  },
  {
   "type": "Feature",
   "geometry": {
    "type": "Point",
    "coordinates": [
     8.569389,
     54.692024
    ]
   },
   "properties": {
    "ref": "39",
    "name": "Am Hafen",
    "addr:city": "Wyk auf Föhr",
    "emergency": "fire_hydrant",
    "art": "Hydrant",
    "fire_hydrant:diameter": "DN 80",
    "flow_rate": 800,
    "description": "Quelle: Datenexport Wasserwerk 2026, vermessen (Rechtswert/Hochwert ETRS89/UTM32N). Nennweite DN 80",
    "survey:date": ""
   }
  },
  {
   "type": "Feature",
   "geometry": {
    "type": "Point",
    "coordinates": [
     8.568955,
     54.692511
    ]
   },
   "properties": {
    "ref": "40",
    "name": "Koogskuhl",
    "addr:city": "Wyk auf Föhr",
    "emergency": "fire_hydrant",
    "art": "Bohrbrunnen",
    "description": "Quelle: Datenexport Wasserwerk 2026, vermessen (Rechtswert/Hochwert ETRS89/UTM32N).",
    "survey:date": ""
   }
  },
  {
   "type": "Feature",
   "geometry": {
    "type": "Point",
    "coordinates": [
     8.569263,
     54.692989
    ]
   },
   "properties": {
    "ref": "41",
    "name": "Koogskuhl",
    "addr:city": "Wyk auf Föhr",
    "emergency": "fire_hydrant",
    "art": "Hydrant",
    "fire_hydrant:diameter": "DN 80",
    "flow_rate": 1600,
    "description": "Quelle: Datenexport Wasserwerk 2026, vermessen (Rechtswert/Hochwert ETRS89/UTM32N). Nennweite DN 80",
    "survey:date": ""
   }
  },
  {
   "type": "Feature",
   "geometry": {
    "type": "Point",
    "coordinates": [
     8.56918,
     54.693784
    ]
   },
   "properties": {
    "ref": "42",
    "name": "Koogskuhl Pump",
    "addr:city": "Wyk auf Föhr",
    "emergency": "fire_hydrant",
    "art": "E-Bohrbrunnen",
    "description": "Quelle: Datenexport Wasserwerk 2026, vermessen (Rechtswert/Hochwert ETRS89/UTM32N).",
    "survey:date": ""
   }
  },
  {
   "type": "Feature",
   "geometry": {
    "type": "Point",
    "coordinates": [
     8.569371,
     54.693747
    ]
   },
   "properties": {
    "ref": "43",
    "name": "Koogskuhl",
    "addr:city": "Wyk auf Föhr",
    "emergency": "fire_hydrant",
    "art": "Hydrant",
    "fire_hydrant:diameter": "DN 80",
    "flow_rate": 1600,
    "description": "Quelle: Datenexport Wasserwerk 2026, vermessen (Rechtswert/Hochwert ETRS89/UTM32N). Nennweite DN 80",
    "survey:date": ""
   }
  },
  {
   "type": "Feature",
   "geometry": {
    "type": "Point",
    "coordinates": [
     8.569344,
     54.694437
    ]
   },
   "properties": {
    "ref": "44",
    "name": "Koogskuhl",
    "addr:city": "Wyk auf Föhr",
    "emergency": "fire_hydrant",
    "art": "Hydrant",
    "fire_hydrant:diameter": "DN 80",
    "flow_rate": 1600,
    "description": "Quelle: Datenexport Wasserwerk 2026, vermessen (Rechtswert/Hochwert ETRS89/UTM32N). Nennweite DN 80",
    "survey:date": ""
   }
  },
  {
   "type": "Feature",
   "geometry": {
    "type": "Point",
    "coordinates": [
     8.574091,
     54.695535
    ]
   },
   "properties": {
    "ref": "45",
    "name": "Ziegeleiweg 16",
    "addr:city": "Wyk auf Föhr",
    "emergency": "fire_hydrant",
    "art": "Hydrant",
    "fire_hydrant:diameter": "DN 80",
    "flow_rate": 800,
    "description": "Quelle: Datenexport Wasserwerk 2026, vermessen (Rechtswert/Hochwert ETRS89/UTM32N). Nennweite DN 80",
    "survey:date": ""
   }
  },
  {
   "type": "Feature",
   "geometry": {
    "type": "Point",
    "coordinates": [
     8.572945,
     54.696083
    ]
   },
   "properties": {
    "ref": "46",
    "name": "Ziegeleiweg",
    "addr:city": "Wyk auf Föhr",
    "emergency": "fire_hydrant",
    "art": "Bohrbrunnen",
    "description": "Quelle: Datenexport Wasserwerk 2026, vermessen (Rechtswert/Hochwert ETRS89/UTM32N).",
    "survey:date": ""
   }
  },
  {
   "type": "Feature",
   "geometry": {
    "type": "Point",
    "coordinates": [
     8.572644,
     54.695952
    ]
   },
   "properties": {
    "ref": "47",
    "name": "Ziegeleiweg",
    "addr:city": "Wyk auf Föhr",
    "emergency": "fire_hydrant",
    "art": "Hydrant",
    "fire_hydrant:diameter": "DN 80",
    "flow_rate": 800,
    "description": "Quelle: Datenexport Wasserwerk 2026, vermessen (Rechtswert/Hochwert ETRS89/UTM32N). Nennweite DN 80",
    "survey:date": ""
   }
  },
  {
   "type": "Feature",
   "geometry": {
    "type": "Point",
    "coordinates": [
     8.571926,
     54.695158
    ]
   },
   "properties": {
    "ref": "48",
    "name": "Ziegeleiweg",
    "addr:city": "Wyk auf Föhr",
    "emergency": "fire_hydrant",
    "art": "Hydrant",
    "fire_hydrant:diameter": "DN 80",
    "flow_rate": 800,
    "description": "Quelle: Datenexport Wasserwerk 2026, vermessen (Rechtswert/Hochwert ETRS89/UTM32N). Nennweite DN 80",
    "survey:date": ""
   }
  },
  {
   "type": "Feature",
   "geometry": {
    "type": "Point",
    "coordinates": [
     8.571623,
     54.694506
    ]
   },
   "properties": {
    "ref": "49",
    "name": "Ziegeleiweg",
    "addr:city": "Wyk auf Föhr",
    "emergency": "fire_hydrant",
    "art": "Bohrbrunnen",
    "description": "Quelle: Datenexport Wasserwerk 2026, vermessen (Rechtswert/Hochwert ETRS89/UTM32N).",
    "survey:date": ""
   }
  },
  {
   "type": "Feature",
   "geometry": {
    "type": "Point",
    "coordinates": [
     8.572413,
     54.694074
    ]
   },
   "properties": {
    "ref": "50",
    "name": "Hemkweg",
    "addr:city": "Wyk auf Föhr",
    "emergency": "fire_hydrant",
    "art": "Hydrant",
    "fire_hydrant:diameter": "DN 80",
    "flow_rate": 800,
    "description": "Quelle: Datenexport Wasserwerk 2026, vermessen (Rechtswert/Hochwert ETRS89/UTM32N). Nennweite DN 80",
    "survey:date": ""
   }
  },
  {
   "type": "Feature",
   "geometry": {
    "type": "Point",
    "coordinates": [
     8.570597,
     54.69456
    ]
   },
   "properties": {
    "ref": "51",
    "name": "Hemkweg",
    "addr:city": "Wyk auf Föhr",
    "emergency": "fire_hydrant",
    "art": "Hydrant",
    "fire_hydrant:diameter": "DN 80",
    "flow_rate": 1600,
    "description": "Quelle: Datenexport Wasserwerk 2026, vermessen (Rechtswert/Hochwert ETRS89/UTM32N). Nennweite DN 80",
    "survey:date": ""
   }
  },
  {
   "type": "Feature",
   "geometry": {
    "type": "Point",
    "coordinates": [
     8.56998,
     54.695105
    ]
   },
   "properties": {
    "ref": "52",
    "name": "Hemkweg 09b",
    "addr:city": "Wyk auf Föhr",
    "emergency": "fire_hydrant",
    "art": "Hydrant",
    "fire_hydrant:diameter": "DN 80",
    "flow_rate": 1600,
    "description": "Quelle: Datenexport Wasserwerk 2026, vermessen (Rechtswert/Hochwert ETRS89/UTM32N). Nennweite DN 80",
    "survey:date": ""
   }
  },
  {
   "type": "Feature",
   "geometry": {
    "type": "Point",
    "coordinates": [
     8.570005,
     54.69542
    ]
   },
   "properties": {
    "ref": "53",
    "name": "Hemkweg 09c",
    "addr:city": "Wyk auf Föhr",
    "emergency": "fire_hydrant",
    "art": "Hydrant",
    "fire_hydrant:diameter": "DN 80",
    "flow_rate": 1600,
    "description": "Quelle: Datenexport Wasserwerk 2026, vermessen (Rechtswert/Hochwert ETRS89/UTM32N). Nennweite DN 80",
    "survey:date": ""
   }
  },
  {
   "type": "Feature",
   "geometry": {
    "type": "Point",
    "coordinates": [
     8.572413,
     54.698209
    ]
   },
   "properties": {
    "ref": "54",
    "name": "Laglumsweg 3",
    "addr:city": "Wyk auf Föhr",
    "emergency": "fire_hydrant",
    "art": "Hydrant",
    "fire_hydrant:diameter": "DN 80",
    "flow_rate": 800,
    "description": "Quelle: Datenexport Wasserwerk 2026, vermessen (Rechtswert/Hochwert ETRS89/UTM32N). Nennweite DN 80",
    "survey:date": ""
   }
  },
  {
   "type": "Feature",
   "geometry": {
    "type": "Point",
    "coordinates": [
     8.567578,
     54.694686
    ]
   },
   "properties": {
    "ref": "55",
    "name": "Hemkweg",
    "addr:city": "Wyk auf Föhr",
    "emergency": "fire_hydrant",
    "art": "Hydrant",
    "fire_hydrant:diameter": "DN 80",
    "flow_rate": 1600,
    "description": "Quelle: Datenexport Wasserwerk 2026, vermessen (Rechtswert/Hochwert ETRS89/UTM32N). Nennweite DN 80",
    "survey:date": ""
   }
  },
  {
   "type": "Feature",
   "geometry": {
    "type": "Point",
    "coordinates": [
     8.566196,
     54.694734
    ]
   },
   "properties": {
    "ref": "56",
    "name": "Hemkweg",
    "addr:city": "Wyk auf Föhr",
    "emergency": "fire_hydrant",
    "art": "Hydrant",
    "fire_hydrant:diameter": "DN 80",
    "flow_rate": 1600,
    "description": "Quelle: Datenexport Wasserwerk 2026, vermessen (Rechtswert/Hochwert ETRS89/UTM32N). Nennweite DN 80",
    "survey:date": ""
   }
  },
  {
   "type": "Feature",
   "geometry": {
    "type": "Point",
    "coordinates": [
     8.567022,
     54.695615
    ]
   },
   "properties": {
    "ref": "57",
    "name": "Kohharder Weg",
    "addr:city": "Wyk auf Föhr",
    "emergency": "fire_hydrant",
    "art": "Hydrant",
    "fire_hydrant:diameter": "DN 80",
    "flow_rate": 1600,
    "description": "Quelle: Datenexport Wasserwerk 2026, vermessen (Rechtswert/Hochwert ETRS89/UTM32N). Nennweite DN 80",
    "survey:date": ""
   }
  },
  {
   "type": "Feature",
   "geometry": {
    "type": "Point",
    "coordinates": [
     8.566945,
     54.695862
    ]
   },
   "properties": {
    "ref": "58",
    "name": "Kohharder Weg",
    "addr:city": "Wyk auf Föhr",
    "emergency": "fire_hydrant",
    "art": "Bohrbrunnen",
    "description": "Quelle: Datenexport Wasserwerk 2026, vermessen (Rechtswert/Hochwert ETRS89/UTM32N).",
    "survey:date": ""
   }
  },
  {
   "type": "Feature",
   "geometry": {
    "type": "Point",
    "coordinates": [
     8.56577,
     54.696042
    ]
   },
   "properties": {
    "ref": "59",
    "name": "Kohharder Weg",
    "addr:city": "Wyk auf Föhr",
    "emergency": "fire_hydrant",
    "art": "Hydrant",
    "fire_hydrant:diameter": "DN 80",
    "flow_rate": 1600,
    "description": "Quelle: Datenexport Wasserwerk 2026, vermessen (Rechtswert/Hochwert ETRS89/UTM32N). Nennweite DN 80",
    "survey:date": ""
   }
  },
  {
   "type": "Feature",
   "geometry": {
    "type": "Point",
    "coordinates": [
     8.563909,
     54.696351
    ]
   },
   "properties": {
    "ref": "60",
    "name": "Kohharder Weg",
    "addr:city": "Wyk auf Föhr",
    "emergency": "fire_hydrant",
    "art": "E-Bohrbrunnen",
    "description": "Quelle: Datenexport Wasserwerk 2026, vermessen (Rechtswert/Hochwert ETRS89/UTM32N).",
    "survey:date": ""
   }
  },
  {
   "type": "Feature",
   "geometry": {
    "type": "Point",
    "coordinates": [
     8.567189,
     54.6963
    ]
   },
   "properties": {
    "ref": "61",
    "name": "Kohharder Weg 12",
    "addr:city": "Wyk auf Föhr",
    "emergency": "fire_hydrant",
    "art": "Hydrant",
    "fire_hydrant:diameter": "DN 80",
    "flow_rate": 1600,
    "description": "Quelle: Datenexport Wasserwerk 2026, vermessen (Rechtswert/Hochwert ETRS89/UTM32N). Nennweite DN 80",
    "survey:date": ""
   }
  },
  {
   "type": "Feature",
   "geometry": {
    "type": "Point",
    "coordinates": [
     8.566055,
     54.697384
    ]
   },
   "properties": {
    "ref": "62",
    "name": "Kohharder Weg",
    "addr:city": "Wyk auf Föhr",
    "emergency": "fire_hydrant",
    "art": "Hydrant",
    "fire_hydrant:diameter": "DN 80",
    "flow_rate": 1600,
    "description": "Quelle: Datenexport Wasserwerk 2026, vermessen (Rechtswert/Hochwert ETRS89/UTM32N). Nennweite DN 80",
    "survey:date": ""
   }
  },
  {
   "type": "Feature",
   "geometry": {
    "type": "Point",
    "coordinates": [
     8.564275,
     54.696691
    ]
   },
   "properties": {
    "ref": "63",
    "name": "Kohharder Weg",
    "addr:city": "Wyk auf Föhr",
    "emergency": "fire_hydrant",
    "art": "Hydrant",
    "fire_hydrant:diameter": "DN 80",
    "flow_rate": 1600,
    "description": "Quelle: Datenexport Wasserwerk 2026, vermessen (Rechtswert/Hochwert ETRS89/UTM32N). Nennweite DN 80",
    "survey:date": ""
   }
  },
  {
   "type": "Feature",
   "geometry": {
    "type": "Point",
    "coordinates": [
     8.562567,
     54.695922
    ]
   },
   "properties": {
    "ref": "65",
    "name": "Kohharder Weg",
    "addr:city": "Wyk auf Föhr",
    "emergency": "fire_hydrant",
    "art": "Hydrant",
    "fire_hydrant:diameter": "DN 80",
    "flow_rate": 1600,
    "description": "Quelle: Datenexport Wasserwerk 2026, vermessen (Rechtswert/Hochwert ETRS89/UTM32N). Nennweite DN 80",
    "survey:date": ""
   }
  },
  {
   "type": "Feature",
   "geometry": {
    "type": "Point",
    "coordinates": [
     8.567064,
     54.690895
    ]
   },
   "properties": {
    "ref": "66",
    "name": "Badestraße vor Nr.1",
    "addr:city": "Wyk auf Föhr",
    "emergency": "fire_hydrant",
    "art": "Hydrant",
    "fire_hydrant:diameter": "DN 80",
    "flow_rate": 1600,
    "description": "Quelle: Datenexport Wasserwerk 2026, vermessen (Rechtswert/Hochwert ETRS89/UTM32N). Nennweite DN 80",
    "survey:date": ""
   }
  },
  {
   "type": "Feature",
   "geometry": {
    "type": "Point",
    "coordinates": [
     8.571767,
     54.690661
    ]
   },
   "properties": {
    "ref": "67",
    "name": "Hafenstraße 1",
    "addr:city": "Wyk auf Föhr",
    "emergency": "fire_hydrant",
    "art": "Bohrbrunnen",
    "description": "Quelle: Datenexport Wasserwerk 2026, vermessen (Rechtswert/Hochwert ETRS89/UTM32N).",
    "survey:date": ""
   }
  },
  {
   "type": "Feature",
   "geometry": {
    "type": "Point",
    "coordinates": [
     8.571633,
     54.690539
    ]
   },
   "properties": {
    "ref": "68",
    "name": "Königstraße",
    "addr:city": "Wyk auf Föhr",
    "emergency": "fire_hydrant",
    "art": "Hydrant",
    "fire_hydrant:diameter": "DN 80",
    "flow_rate": 1600,
    "description": "Quelle: Datenexport Wasserwerk 2026, vermessen (Rechtswert/Hochwert ETRS89/UTM32N). Nennweite DN 80",
    "survey:date": ""
   }
  },
  {
   "type": "Feature",
   "geometry": {
    "type": "Point",
    "coordinates": [
     8.570263,
     54.690783
    ]
   },
   "properties": {
    "ref": "69",
    "name": "Hafenstraße",
    "addr:city": "Wyk auf Föhr",
    "emergency": "fire_hydrant",
    "art": "Hydrant",
    "fire_hydrant:diameter": "DN 80",
    "flow_rate": 1600,
    "description": "Quelle: Datenexport Wasserwerk 2026, vermessen (Rechtswert/Hochwert ETRS89/UTM32N). Nennweite DN 80",
    "survey:date": ""
   }
  },
  {
   "type": "Feature",
   "geometry": {
    "type": "Point",
    "coordinates": [
     8.56912,
     54.690966
    ]
   },
   "properties": {
    "ref": "71",
    "name": "Hafenstraße",
    "addr:city": "Wyk auf Föhr",
    "emergency": "fire_hydrant",
    "art": "Hydrant",
    "fire_hydrant:diameter": "DN 80",
    "flow_rate": 1600,
    "description": "Quelle: Datenexport Wasserwerk 2026, vermessen (Rechtswert/Hochwert ETRS89/UTM32N). Nennweite DN 80",
    "survey:date": ""
   }
  },
  {
   "type": "Feature",
   "geometry": {
    "type": "Point",
    "coordinates": [
     8.567961,
     54.69113
    ]
   },
   "properties": {
    "ref": "72",
    "name": "Hafenstraße",
    "addr:city": "Wyk auf Föhr",
    "emergency": "fire_hydrant",
    "art": "Hydrant",
    "fire_hydrant:diameter": "DN 80",
    "flow_rate": 1600,
    "description": "Quelle: Datenexport Wasserwerk 2026, vermessen (Rechtswert/Hochwert ETRS89/UTM32N). Nennweite DN 80",
    "survey:date": ""
   }
  },
  {
   "type": "Feature",
   "geometry": {
    "type": "Point",
    "coordinates": [
     8.567965,
     54.691898
    ]
   },
   "properties": {
    "ref": "73",
    "name": "Heymannsweg",
    "addr:city": "Wyk auf Föhr",
    "emergency": "fire_hydrant",
    "art": "Hydrant",
    "fire_hydrant:diameter": "DN 80",
    "flow_rate": 1600,
    "description": "Quelle: Datenexport Wasserwerk 2026, vermessen (Rechtswert/Hochwert ETRS89/UTM32N). Nennweite DN 80",
    "survey:date": ""
   }
  },
  {
   "type": "Feature",
   "geometry": {
    "type": "Point",
    "coordinates": [
     8.566927,
     54.69072
    ]
   },
   "properties": {
    "ref": "74",
    "name": "Badestraße",
    "addr:city": "Wyk auf Föhr",
    "emergency": "fire_hydrant",
    "art": "Hydrant",
    "fire_hydrant:diameter": "DN 80",
    "flow_rate": 1600,
    "description": "Quelle: Datenexport Wasserwerk 2026, vermessen (Rechtswert/Hochwert ETRS89/UTM32N). Nennweite DN 80",
    "survey:date": ""
   }
  },
  {
   "type": "Feature",
   "geometry": {
    "type": "Point",
    "coordinates": [
     8.567763,
     54.690633
    ]
   },
   "properties": {
    "ref": "75",
    "name": "Grosse Straße vor Nr 40",
    "addr:city": "Wyk auf Föhr",
    "emergency": "fire_hydrant",
    "art": "Hydrant",
    "fire_hydrant:diameter": "DN 80",
    "flow_rate": 1600,
    "description": "Quelle: Datenexport Wasserwerk 2026, vermessen (Rechtswert/Hochwert ETRS89/UTM32N). Nennweite DN 80",
    "survey:date": ""
   }
  },
  {
   "type": "Feature",
   "geometry": {
    "type": "Point",
    "coordinates": [
     8.568509,
     54.690482
    ]
   },
   "properties": {
    "ref": "76",
    "name": "Grosse Straße vor Nr 32",
    "addr:city": "Wyk auf Föhr",
    "emergency": "fire_hydrant",
    "art": "Hydrant",
    "fire_hydrant:diameter": "DN 80",
    "flow_rate": 1600,
    "description": "Quelle: Datenexport Wasserwerk 2026, vermessen (Rechtswert/Hochwert ETRS89/UTM32N). Nennweite DN 80",
    "survey:date": ""
   }
  },
  {
   "type": "Feature",
   "geometry": {
    "type": "Point",
    "coordinates": [
     8.569362,
     54.690382
    ]
   },
   "properties": {
    "ref": "77",
    "name": "Grosse Straße vor Nr.20",
    "addr:city": "Wyk auf Föhr",
    "emergency": "fire_hydrant",
    "art": "Hydrant",
    "fire_hydrant:diameter": "DN 80",
    "flow_rate": 1600,
    "description": "Quelle: Datenexport Wasserwerk 2026, vermessen (Rechtswert/Hochwert ETRS89/UTM32N). Nennweite DN 80",
    "survey:date": ""
   }
  },
  {
   "type": "Feature",
   "geometry": {
    "type": "Point",
    "coordinates": [
     8.570546,
     54.690198
    ]
   },
   "properties": {
    "ref": "78",
    "name": "Grosse Straße 6",
    "addr:city": "Wyk auf Föhr",
    "emergency": "fire_hydrant",
    "art": "Hydrant",
    "fire_hydrant:diameter": "DN 80",
    "flow_rate": 1600,
    "description": "Quelle: Datenexport Wasserwerk 2026, vermessen (Rechtswert/Hochwert ETRS89/UTM32N). Nennweite DN 80",
    "survey:date": ""
   }
  },
  {
   "type": "Feature",
   "geometry": {
    "type": "Point",
    "coordinates": [
     8.571281,
     54.690014
    ]
   },
   "properties": {
    "ref": "79",
    "name": "Königstraße",
    "addr:city": "Wyk auf Föhr",
    "emergency": "fire_hydrant",
    "art": "Hydrant",
    "fire_hydrant:diameter": "DN 80",
    "flow_rate": 1600,
    "description": "Quelle: Datenexport Wasserwerk 2026, vermessen (Rechtswert/Hochwert ETRS89/UTM32N). Nennweite DN 80",
    "survey:date": ""
   }
  },
  {
   "type": "Feature",
   "geometry": {
    "type": "Point",
    "coordinates": [
     8.569994,
     54.689607
    ]
   },
   "properties": {
    "ref": "80",
    "name": "Häberlinstraße",
    "addr:city": "Wyk auf Föhr",
    "emergency": "fire_hydrant",
    "art": "Hydrant",
    "fire_hydrant:diameter": "DN 80",
    "flow_rate": 1600,
    "description": "Quelle: Datenexport Wasserwerk 2026, vermessen (Rechtswert/Hochwert ETRS89/UTM32N). Nennweite DN 80",
    "survey:date": ""
   }
  },
  {
   "type": "Feature",
   "geometry": {
    "type": "Point",
    "coordinates": [
     8.56926,
     54.689792
    ]
   },
   "properties": {
    "ref": "81",
    "name": "Häberlinstraße",
    "addr:city": "Wyk auf Föhr",
    "emergency": "fire_hydrant",
    "art": "Hydrant",
    "fire_hydrant:diameter": "DN 80",
    "flow_rate": 1600,
    "description": "Quelle: Datenexport Wasserwerk 2026, vermessen (Rechtswert/Hochwert ETRS89/UTM32N). Nennweite DN 80",
    "survey:date": ""
   }
  },
  {
   "type": "Feature",
   "geometry": {
    "type": "Point",
    "coordinates": [
     8.568538,
     54.689991
    ]
   },
   "properties": {
    "ref": "82",
    "name": "Häberlinstraße",
    "addr:city": "Wyk auf Föhr",
    "emergency": "fire_hydrant",
    "art": "Hydrant",
    "fire_hydrant:diameter": "DN 80",
    "flow_rate": 1600,
    "description": "Quelle: Datenexport Wasserwerk 2026, vermessen (Rechtswert/Hochwert ETRS89/UTM32N). Nennweite DN 80",
    "survey:date": ""
   }
  },
  {
   "type": "Feature",
   "geometry": {
    "type": "Point",
    "coordinates": [
     8.56766,
     54.690358
    ]
   },
   "properties": {
    "ref": "83",
    "name": "Mittelstraße",
    "addr:city": "Wyk auf Föhr",
    "emergency": "fire_hydrant",
    "art": "Hydrant",
    "fire_hydrant:diameter": "DN 80",
    "flow_rate": 1600,
    "description": "Quelle: Datenexport Wasserwerk 2026, vermessen (Rechtswert/Hochwert ETRS89/UTM32N). Nennweite DN 80",
    "survey:date": ""
   }
  },
  {
   "type": "Feature",
   "geometry": {
    "type": "Point",
    "coordinates": [
     8.56767,
     54.690208
    ]
   },
   "properties": {
    "ref": "84",
    "name": "Mittelstraße",
    "addr:city": "Wyk auf Föhr",
    "emergency": "fire_hydrant",
    "art": "E-Bohrbrunnen",
    "description": "Quelle: Datenexport Wasserwerk 2026, vermessen (Rechtswert/Hochwert ETRS89/UTM32N).",
    "survey:date": ""
   }
  },
  {
   "type": "Feature",
   "geometry": {
    "type": "Point",
    "coordinates": [
     8.568318,
     54.689731
    ]
   },
   "properties": {
    "ref": "85",
    "name": "Mittelstraße",
    "addr:city": "Wyk auf Föhr",
    "emergency": "fire_hydrant",
    "art": "Hydrant",
    "fire_hydrant:diameter": "DN 80",
    "flow_rate": 1600,
    "description": "Quelle: Datenexport Wasserwerk 2026, vermessen (Rechtswert/Hochwert ETRS89/UTM32N). Nennweite DN 80",
    "survey:date": ""
   }
  },
  {
   "type": "Feature",
   "geometry": {
    "type": "Point",
    "coordinates": [
     8.568782,
     54.689468
    ]
   },
   "properties": {
    "ref": "86",
    "name": "Mittelstraße",
    "addr:city": "Wyk auf Föhr",
    "emergency": "fire_hydrant",
    "art": "Hydrant",
    "fire_hydrant:diameter": "DN 80",
    "flow_rate": 1600,
    "description": "Quelle: Datenexport Wasserwerk 2026, vermessen (Rechtswert/Hochwert ETRS89/UTM32N). Nennweite DN 80",
    "survey:date": ""
   }
  },
  {
   "type": "Feature",
   "geometry": {
    "type": "Point",
    "coordinates": [
     8.56963,
     54.689279
    ]
   },
   "properties": {
    "ref": "87",
    "name": "Mittelstraße",
    "addr:city": "Wyk auf Föhr",
    "emergency": "fire_hydrant",
    "art": "Hydrant",
    "fire_hydrant:diameter": "DN 80",
    "flow_rate": 1600,
    "description": "Quelle: Datenexport Wasserwerk 2026, vermessen (Rechtswert/Hochwert ETRS89/UTM32N). Nennweite DN 80",
    "survey:date": ""
   }
  },
  {
   "type": "Feature",
   "geometry": {
    "type": "Point",
    "coordinates": [
     8.5706,
     54.689058
    ]
   },
   "properties": {
    "ref": "88",
    "name": "Sandwall",
    "addr:city": "Wyk auf Föhr",
    "emergency": "fire_hydrant",
    "art": "Hydrant",
    "fire_hydrant:diameter": "DN 80",
    "flow_rate": 1600,
    "description": "Quelle: Datenexport Wasserwerk 2026, vermessen (Rechtswert/Hochwert ETRS89/UTM32N). Nennweite DN 80",
    "survey:date": ""
   }
  },
  {
   "type": "Feature",
   "geometry": {
    "type": "Point",
    "coordinates": [
     8.570603,
     54.688855
    ]
   },
   "properties": {
    "ref": "89",
    "name": "Sandwall",
    "addr:city": "Wyk auf Föhr",
    "emergency": "fire_hydrant",
    "art": "Bohrbrunnen",
    "description": "Quelle: Datenexport Wasserwerk 2026, vermessen (Rechtswert/Hochwert ETRS89/UTM32N).",
    "survey:date": ""
   }
  },
  {
   "type": "Feature",
   "geometry": {
    "type": "Point",
    "coordinates": [
     8.569412,
     54.688841
    ]
   },
   "properties": {
    "ref": "90",
    "name": "Mühlenstraße",
    "addr:city": "Wyk auf Föhr",
    "emergency": "fire_hydrant",
    "art": "Hydrant",
    "fire_hydrant:diameter": "DN 80",
    "flow_rate": 1600,
    "description": "Quelle: Datenexport Wasserwerk 2026, vermessen (Rechtswert/Hochwert ETRS89/UTM32N). Nennweite DN 80",
    "survey:date": ""
   }
  },
  {
   "type": "Feature",
   "geometry": {
    "type": "Point",
    "coordinates": [
     8.568611,
     54.689102
    ]
   },
   "properties": {
    "ref": "91",
    "name": "Wilhelmstraße",
    "addr:city": "Wyk auf Föhr",
    "emergency": "fire_hydrant",
    "art": "Hydrant",
    "fire_hydrant:diameter": "DN 80",
    "flow_rate": 1600,
    "description": "Quelle: Datenexport Wasserwerk 2026, vermessen (Rechtswert/Hochwert ETRS89/UTM32N). Nennweite DN 80",
    "survey:date": ""
   }
  },
  {
   "type": "Feature",
   "geometry": {
    "type": "Point",
    "coordinates": [
     8.566458,
     54.690166
    ]
   },
   "properties": {
    "ref": "92",
    "name": "Badestraße",
    "addr:city": "Wyk auf Föhr",
    "emergency": "fire_hydrant",
    "art": "Hydrant",
    "fire_hydrant:diameter": "DN 80",
    "flow_rate": 1600,
    "description": "Quelle: Datenexport Wasserwerk 2026, vermessen (Rechtswert/Hochwert ETRS89/UTM32N). Nennweite DN 80",
    "survey:date": ""
   }
  },
  {
   "type": "Feature",
   "geometry": {
    "type": "Point",
    "coordinates": [
     8.56584,
     54.689444
    ]
   },
   "properties": {
    "ref": "93",
    "name": "Badestraße",
    "addr:city": "Wyk auf Föhr",
    "emergency": "fire_hydrant",
    "art": "Hydrant",
    "fire_hydrant:diameter": "DN 80",
    "flow_rate": 1600,
    "description": "Quelle: Datenexport Wasserwerk 2026, vermessen (Rechtswert/Hochwert ETRS89/UTM32N). Nennweite DN 80",
    "survey:date": ""
   }
  },
  {
   "type": "Feature",
   "geometry": {
    "type": "Point",
    "coordinates": [
     8.567071,
     54.68915
    ]
   },
   "properties": {
    "ref": "94",
    "name": "Süderstrasse",
    "addr:city": "Wyk auf Föhr",
    "emergency": "fire_hydrant",
    "art": "Hydrant",
    "fire_hydrant:diameter": "DN 80",
    "flow_rate": 1600,
    "description": "Quelle: Datenexport Wasserwerk 2026, vermessen (Rechtswert/Hochwert ETRS89/UTM32N). Nennweite DN 80",
    "survey:date": ""
   }
  },
  {
   "type": "Feature",
   "geometry": {
    "type": "Point",
    "coordinates": [
     8.56793,
     54.688915
    ]
   },
   "properties": {
    "ref": "95",
    "name": "Süderstrasse 12",
    "addr:city": "Wyk auf Föhr",
    "emergency": "fire_hydrant",
    "art": "Hydrant",
    "fire_hydrant:diameter": "DN 80",
    "flow_rate": 1600,
    "description": "Quelle: Datenexport Wasserwerk 2026, vermessen (Rechtswert/Hochwert ETRS89/UTM32N). Nennweite DN 80",
    "survey:date": ""
   }
  },
  {
   "type": "Feature",
   "geometry": {
    "type": "Point",
    "coordinates": [
     8.568926,
     54.68863
    ]
   },
   "properties": {
    "ref": "96",
    "name": "Süderstrasse",
    "addr:city": "Wyk auf Föhr",
    "emergency": "fire_hydrant",
    "art": "Hydrant",
    "fire_hydrant:diameter": "DN 80",
    "flow_rate": 1600,
    "description": "Quelle: Datenexport Wasserwerk 2026, vermessen (Rechtswert/Hochwert ETRS89/UTM32N). Nennweite DN 80",
    "survey:date": ""
   }
  },
  {
   "type": "Feature",
   "geometry": {
    "type": "Point",
    "coordinates": [
     8.570085,
     54.688289
    ]
   },
   "properties": {
    "ref": "98",
    "name": "Sandwall",
    "addr:city": "Wyk auf Föhr",
    "emergency": "fire_hydrant",
    "art": "Hydrant",
    "fire_hydrant:diameter": "DN 80",
    "flow_rate": 1600,
    "description": "Quelle: Datenexport Wasserwerk 2026, vermessen (Rechtswert/Hochwert ETRS89/UTM32N). Nennweite DN 80",
    "survey:date": ""
   }
  },
  {
   "type": "Feature",
   "geometry": {
    "type": "Point",
    "coordinates": [
     8.509223,
     54.709521
    ]
   },
   "properties": {
    "ref": "574",
    "name": "Poststraße 3",
    "addr:city": "Alkersum",
    "emergency": "fire_hydrant",
    "art": "Hydrant",
    "fire_hydrant:diameter": "DN 80",
    "flow_rate": 1600,
    "description": "Quelle: Datenexport Wasserwerk 2026, vermessen (Rechtswert/Hochwert ETRS89/UTM32N). Nennweite DN 80",
    "survey:date": ""
   }
  },
  {
   "type": "Feature",
   "geometry": {
    "type": "Point",
    "coordinates": [
     8.503622,
     54.70683
    ]
   },
   "properties": {
    "ref": "588",
    "name": "Marschweg 23",
    "addr:city": "Alkersum",
    "emergency": "fire_hydrant",
    "art": "Hydrant",
    "fire_hydrant:diameter": "DN 80",
    "flow_rate": 1600,
    "description": "Quelle: Datenexport Wasserwerk 2026, vermessen (Rechtswert/Hochwert ETRS89/UTM32N). Nennweite DN 80",
    "survey:date": ""
   }
  },
  {
   "type": "Feature",
   "geometry": {
    "type": "Point",
    "coordinates": [
     8.422256,
     54.706945
    ]
   },
   "properties": {
    "ref": "<Null>",
    "name": "Klant 15",
    "addr:city": "Hedehusum",
    "emergency": "fire_hydrant",
    "art": "Hydrant",
    "fire_hydrant:diameter": "DN 80",
    "description": "Quelle: Datenexport Wasserwerk 2026, vermessen (Rechtswert/Hochwert ETRS89/UTM32N). Nennweite DN 80",
    "survey:date": ""
   }
  },
  {
   "type": "Feature",
   "geometry": {
    "type": "Point",
    "coordinates": [
     8.495544,
     54.688513
    ]
   },
   "properties": {
    "ref": "6460",
    "name": "Babendörp-Stieg 24",
    "addr:city": "Nieblum",
    "emergency": "fire_hydrant",
    "art": "Hydrant",
    "fire_hydrant:diameter": "DN 80",
    "flow_rate": 1600,
    "description": "Quelle: Datenexport Wasserwerk 2026, vermessen (Rechtswert/Hochwert ETRS89/UTM32N). Nennweite DN 80",
    "survey:date": ""
   }
  },
  {
   "type": "Feature",
   "geometry": {
    "type": "Point",
    "coordinates": [
     8.41806,
     54.7039
    ]
   },
   "properties": {
    "ref": "971",
    "name": "Poolstich 5",
    "addr:city": "Hedehusum",
    "emergency": "fire_hydrant",
    "art": "Hydrant",
    "fire_hydrant:diameter": "DN 80",
    "flow_rate": 1600,
    "description": "Quelle: Datenexport Wasserwerk 2026, vermessen (Rechtswert/Hochwert ETRS89/UTM32N). Nennweite DN 80",
    "survey:date": ""
   }
  },
  {
   "type": "Feature",
   "geometry": {
    "type": "Point",
    "coordinates": [
     8.407233,
     54.714554
    ]
   },
   "properties": {
    "ref": "917",
    "name": "Lung Jaat 4",
    "addr:city": "Utersum",
    "emergency": "fire_hydrant",
    "art": "Hydrant",
    "fire_hydrant:diameter": "DN 80",
    "flow_rate": 1600,
    "description": "Quelle: Datenexport Wasserwerk 2026, vermessen (Rechtswert/Hochwert ETRS89/UTM32N). Nennweite DN 80",
    "survey:date": ""
   }
  },
  {
   "type": "Feature",
   "geometry": {
    "type": "Point",
    "coordinates": [
     8.55743,
     54.697631
    ]
   },
   "properties": {
    "ref": "401",
    "name": "But Doerp 3",
    "addr:city": "Wyk-Boldixum",
    "emergency": "fire_hydrant",
    "art": "Hydrant",
    "fire_hydrant:diameter": "DN 80",
    "flow_rate": 1600,
    "description": "Quelle: Datenexport Wasserwerk 2026, vermessen (Rechtswert/Hochwert ETRS89/UTM32N). Nennweite DN 80",
    "survey:date": ""
   }
  },
  {
   "type": "Feature",
   "geometry": {
    "type": "Point",
    "coordinates": [
     8.404231,
     54.715434
    ]
   },
   "properties": {
    "ref": "912",
    "name": "Strunwai 3",
    "addr:city": "Utersum",
    "emergency": "fire_hydrant",
    "art": "Hydrant",
    "fire_hydrant:diameter": "DN 80",
    "flow_rate": 1600,
    "description": "Quelle: Datenexport Wasserwerk 2026, vermessen (Rechtswert/Hochwert ETRS89/UTM32N). Nennweite DN 80",
    "survey:date": ""
   }
  },
  {
   "type": "Feature",
   "geometry": {
    "type": "Point",
    "coordinates": [
     8.509403,
     54.709556
    ]
   },
   "properties": {
    "ref": "573",
    "name": "Poststraße 4",
    "addr:city": "Alkersum",
    "emergency": "fire_hydrant",
    "art": "Hydrant",
    "fire_hydrant:diameter": "DN 80",
    "flow_rate": 1600,
    "description": "Quelle: Datenexport Wasserwerk 2026, vermessen (Rechtswert/Hochwert ETRS89/UTM32N). Nennweite DN 80",
    "survey:date": ""
   }
  },
  {
   "type": "Feature",
   "geometry": {
    "type": "Point",
    "coordinates": [
     8.514064,
     54.706201
    ]
   },
   "properties": {
    "ref": "604",
    "name": "Kirchweg 5",
    "addr:city": "Alkersum",
    "emergency": "fire_hydrant",
    "art": "Hydrant",
    "fire_hydrant:diameter": "DN 80",
    "flow_rate": 800,
    "description": "Quelle: Datenexport Wasserwerk 2026, vermessen (Rechtswert/Hochwert ETRS89/UTM32N). Nennweite DN 80",
    "survey:date": ""
   }
  },
  {
   "type": "Feature",
   "geometry": {
    "type": "Point",
    "coordinates": [
     8.563333,
     54.6852
    ]
   },
   "properties": {
    "ref": "132",
    "name": "Rebbelstieg",
    "addr:city": "Wyk auf Föhr",
    "emergency": "fire_hydrant",
    "art": "Hydrant",
    "fire_hydrant:diameter": "DN 80",
    "flow_rate": 1600,
    "description": "Quelle: Datenexport Wasserwerk 2026, vermessen (Rechtswert/Hochwert ETRS89/UTM32N). Nennweite DN 80",
    "survey:date": ""
   }
  },
  {
   "type": "Feature",
   "geometry": {
    "type": "Point",
    "coordinates": [
     8.510277,
     54.738942
    ]
   },
   "properties": {
    "ref": "565",
    "name": "Aussiedlungshof 17",
    "addr:city": "Midlum",
    "emergency": "fire_hydrant",
    "art": "Saugstelle",
    "description": "Quelle: Datenexport Wasserwerk 2026, vermessen (Rechtswert/Hochwert ETRS89/UTM32N).",
    "survey:date": ""
   }
  },
  {
   "type": "Feature",
   "geometry": {
    "type": "Point",
    "coordinates": [
     8.492801,
     54.694214
    ]
   },
   "properties": {
    "ref": "660",
    "name": "Alkersumer Stieg",
    "addr:city": "Nieblum",
    "emergency": "fire_hydrant",
    "art": "Hydrant",
    "fire_hydrant:diameter": "DN 80",
    "flow_rate": 800,
    "description": "Quelle: Datenexport Wasserwerk 2026, vermessen (Rechtswert/Hochwert ETRS89/UTM32N). Nennweite DN 80",
    "survey:date": ""
   }
  },
  {
   "type": "Feature",
   "geometry": {
    "type": "Point",
    "coordinates": [
     8.505155,
     54.702598
    ]
   },
   "properties": {
    "ref": "610",
    "name": "Nieblumweg 25",
    "addr:city": "Alkersum",
    "emergency": "fire_hydrant",
    "art": "Hydrant",
    "fire_hydrant:diameter": "DN 80",
    "flow_rate": 800,
    "description": "Quelle: Datenexport Wasserwerk 2026, vermessen (Rechtswert/Hochwert ETRS89/UTM32N). Nennweite DN 80",
    "survey:date": ""
   }
  },
  {
   "type": "Feature",
   "geometry": {
    "type": "Point",
    "coordinates": [
     8.507643,
     54.704919
    ]
   },
   "properties": {
    "ref": "609",
    "name": "Nieblumweg",
    "addr:city": "Alkersum",
    "emergency": "fire_hydrant",
    "art": "Hydrant",
    "fire_hydrant:diameter": "DN 80",
    "flow_rate": 800,
    "description": "Quelle: Datenexport Wasserwerk 2026, vermessen (Rechtswert/Hochwert ETRS89/UTM32N). Nennweite DN 80",
    "survey:date": ""
   }
  },
  {
   "type": "Feature",
   "geometry": {
    "type": "Point",
    "coordinates": [
     8.564755,
     54.687964
    ]
   },
   "properties": {
    "ref": "117",
    "name": "Badestraße 32",
    "addr:city": "Wyk auf Föhr",
    "emergency": "fire_hydrant",
    "art": "E-Bohrbrunnen",
    "description": "Quelle: Datenexport Wasserwerk 2026, vermessen (Rechtswert/Hochwert ETRS89/UTM32N).",
    "survey:date": ""
   }
  },
  {
   "type": "Feature",
   "geometry": {
    "type": "Point",
    "coordinates": [
     8.551923,
     54.68167
    ]
   },
   "properties": {
    "ref": "171",
    "name": "Gartenstraße 22",
    "addr:city": "Wyk auf Föhr",
    "emergency": "fire_hydrant",
    "art": "E-Bohrbrunnen",
    "description": "Quelle: Datenexport Wasserwerk 2026, vermessen (Rechtswert/Hochwert ETRS89/UTM32N).",
    "survey:date": ""
   }
  },
  {
   "type": "Feature",
   "geometry": {
    "type": "Point",
    "coordinates": [
     8.532502,
     54.692686
    ]
   },
   "properties": {
    "ref": "419",
    "name": "Hialwai",
    "addr:city": "Wrixum",
    "emergency": "fire_hydrant",
    "art": "Hydrant",
    "fire_hydrant:diameter": "DN 80",
    "flow_rate": 3200,
    "description": "Quelle: Datenexport Wasserwerk 2026, vermessen (Rechtswert/Hochwert ETRS89/UTM32N). Nennweite DN 80",
    "survey:date": ""
   }
  },
  {
   "type": "Feature",
   "geometry": {
    "type": "Point",
    "coordinates": [
     8.487286,
     54.69046
    ]
   },
   "properties": {
    "ref": "677",
    "name": "Heidweg",
    "addr:city": "Nieblum",
    "emergency": "fire_hydrant",
    "art": "Hydrant",
    "fire_hydrant:diameter": "DN 80",
    "flow_rate": 1600,
    "description": "Quelle: Datenexport Wasserwerk 2026, vermessen (Rechtswert/Hochwert ETRS89/UTM32N). Nennweite DN 80",
    "survey:date": ""
   }
  },
  {
   "type": "Feature",
   "geometry": {
    "type": "Point",
    "coordinates": [
     8.565962,
     54.680843
    ]
   },
   "properties": {
    "ref": "151",
    "name": "Stockmannsweg",
    "addr:city": "Wyk auf Föhr",
    "emergency": "fire_hydrant",
    "art": "Hydrant",
    "fire_hydrant:diameter": "DN 80",
    "flow_rate": 1600,
    "description": "Quelle: Datenexport Wasserwerk 2026, vermessen (Rechtswert/Hochwert ETRS89/UTM32N). Nennweite DN 80",
    "survey:date": ""
   }
  },
  {
   "type": "Feature",
   "geometry": {
    "type": "Point",
    "coordinates": [
     8.510801,
     54.70787
    ]
   },
   "properties": {
    "ref": "580",
    "name": "Süderweg",
    "addr:city": "Alkersum",
    "emergency": "fire_hydrant",
    "art": "Hydrant",
    "fire_hydrant:diameter": "DN 80",
    "flow_rate": 1600,
    "description": "Quelle: Datenexport Wasserwerk 2026, vermessen (Rechtswert/Hochwert ETRS89/UTM32N). Nennweite DN 80",
    "survey:date": ""
   }
  },
  {
   "type": "Feature",
   "geometry": {
    "type": "Point",
    "coordinates": [
     8.557139,
     54.694831
    ]
   },
   "properties": {
    "ref": "274",
    "name": "Strandstraße",
    "addr:city": "Wyk-Boldixum",
    "emergency": "fire_hydrant",
    "art": "Hydrant",
    "fire_hydrant:diameter": "DN 80",
    "flow_rate": 3200,
    "description": "Quelle: Datenexport Wasserwerk 2026, vermessen (Rechtswert/Hochwert ETRS89/UTM32N). Nennweite DN 80",
    "survey:date": ""
   }
  },
  {
   "type": "Feature",
   "geometry": {
    "type": "Point",
    "coordinates": [
     8.406464,
     54.711804
    ]
   },
   "properties": {
    "ref": "920",
    "name": "Jaardenhuug",
    "addr:city": "Utersum",
    "emergency": "fire_hydrant",
    "art": "Hydrant",
    "fire_hydrant:diameter": "DN 80",
    "flow_rate": 1600,
    "description": "Quelle: Datenexport Wasserwerk 2026, vermessen (Rechtswert/Hochwert ETRS89/UTM32N). Nennweite DN 80",
    "survey:date": ""
   }
  },
  {
   "type": "Feature",
   "geometry": {
    "type": "Point",
    "coordinates": [
     8.40555,
     54.707708
    ]
   },
   "properties": {
    "ref": "940",
    "name": "Jaardenhuug",
    "addr:city": "Utersum",
    "emergency": "fire_hydrant",
    "art": "Hydrant",
    "fire_hydrant:diameter": "DN 80",
    "flow_rate": 1600,
    "description": "Quelle: Datenexport Wasserwerk 2026, vermessen (Rechtswert/Hochwert ETRS89/UTM32N). Nennweite DN 80",
    "survey:date": ""
   }
  },
  {
   "type": "Feature",
   "geometry": {
    "type": "Point",
    "coordinates": [
     8.398,
     54.7132
    ]
   },
   "properties": {
    "ref": "AED-UTS-01",
    "name": "DLRG Hauptstrand",
    "addr:city": "Utersum",
    "emergency": "defibrillator",
    "art": "Defibrillator",
    "description": "Position genähert (keine Koordinate in der Quelle) an Adresse \"Hauptstrand, 25938 Utersum auf Föhr\" · Quelle: Defikataster (definetz.online) · nicht vor Ort bestätigt",
    "survey:date": ""
   }
  },
  {
   "type": "Feature",
   "geometry": {
    "type": "Point",
    "coordinates": [
     8.396494388580324,
     54.70948770154465
    ]
   },
   "properties": {
    "ref": "Defi 1",
    "name": "Surfschule",
    "addr:city": "Utersum",
    "emergency": "defibrillator",
    "art": "Defibrillator",
    "survey:date": "2026-09-12"
   }
  },
  {
   "type": "Feature",
   "geometry": {
    "type": "Point",
    "coordinates": [
     8.408789634704592,
     54.71441112671899
    ]
   },
   "properties": {
    "ref": "Defi 4",
    "name": "oner Taarep",
    "addr:city": "Utersum",
    "emergency": "defibrillator",
    "art": "Defibrillator",
    "survey:date": "2026-09-12"
   }
  },
  {
   "type": "Feature",
   "geometry": {
    "type": "Point",
    "coordinates": [
     8.43248,
     54.71984
    ]
   },
   "properties": {
    "ref": "Defi 6",
    "name": "Tennishalle",
    "addr:city": "Süderende",
    "emergency": "defibrillator",
    "art": "Defibrillator",
    "description": "Eventuell nicht 24/7 erreichbar",
    "survey:date": "2026-09-12"
   }
  },
  {
   "type": "Feature",
   "geometry": {
    "type": "Point",
    "coordinates": [
     8.5942423,
     54.6382215
    ]
   },
   "properties": {
    "ref": "OSM-AED-01",
    "name": "",
    "addr:city": "Defibrillatoren",
    "emergency": "defibrillator",
    "art": "Defibrillator",
    "description": "Quelle: OpenStreetMap/OpenAEDMap, nicht vor Ort bestätigt, Ortschaft noch einzutragen",
    "survey:date": ""
   }
  },
  {
   "type": "Feature",
   "geometry": {
    "type": "Point",
    "coordinates": [
     8.4717102,
     54.6836584
    ]
   },
   "properties": {
    "ref": "OSM-AED-02",
    "name": "Vorraum Toiletten",
    "addr:city": "Defibrillatoren",
    "emergency": "defibrillator",
    "art": "Defibrillator",
    "description": "Quelle: OpenStreetMap/OpenAEDMap, nicht vor Ort bestätigt, Ortschaft noch einzutragen",
    "survey:date": ""
   }
  },
  {
   "type": "Feature",
   "geometry": {
    "type": "Point",
    "coordinates": [
     8.491744,
     54.6919616
    ]
   },
   "properties": {
    "ref": "OSM-AED-03",
    "name": "An der Touristeninformation draußen",
    "addr:city": "Defibrillatoren",
    "emergency": "defibrillator",
    "art": "Defibrillator",
    "description": "Quelle: OpenStreetMap/OpenAEDMap, nicht vor Ort bestätigt, Ortschaft noch einzutragen",
    "survey:date": ""
   }
  },
  {
   "type": "Feature",
   "geometry": {
    "type": "Point",
    "coordinates": [
     8.4071467,
     54.7147622
    ]
   },
   "properties": {
    "ref": "OSM-AED-04",
    "name": "",
    "addr:city": "Defibrillatoren",
    "emergency": "defibrillator",
    "art": "Defibrillator",
    "description": "Quelle: OpenStreetMap/OpenAEDMap, nicht vor Ort bestätigt, Ortschaft noch einzutragen",
    "survey:date": ""
   }
  },
  {
   "type": "Feature",
   "geometry": {
    "type": "Point",
    "coordinates": [
     8.4490743,
     54.7327716
    ]
   },
   "properties": {
    "ref": "OSM-AED-05",
    "name": "",
    "addr:city": "Defibrillatoren",
    "emergency": "defibrillator",
    "art": "Defibrillator",
    "description": "Quelle: OpenStreetMap/OpenAEDMap, nicht vor Ort bestätigt, Ortschaft noch einzutragen",
    "survey:date": ""
   }
  },
  {
   "type": "Feature",
   "geometry": {
    "type": "Point",
    "coordinates": [
     8.5568377,
     54.6917095
    ]
   },
   "properties": {
    "ref": "OSM-AED-06",
    "name": "Schulverwaltung",
    "addr:city": "Defibrillatoren",
    "emergency": "defibrillator",
    "art": "Defibrillator",
    "description": "Quelle: OpenStreetMap/OpenAEDMap, nicht vor Ort bestätigt, Ortschaft noch einzutragen",
    "survey:date": ""
   }
  },
  {
   "type": "Feature",
   "geometry": {
    "type": "Point",
    "coordinates": [
     8.5477142,
     54.699355
    ]
   },
   "properties": {
    "ref": "OSM-AED-07",
    "name": "",
    "addr:city": "Defibrillatoren",
    "emergency": "defibrillator",
    "art": "Defibrillator",
    "description": "Quelle: OpenStreetMap/OpenAEDMap, nicht vor Ort bestätigt, Ortschaft noch einzutragen",
    "survey:date": ""
   }
  },
  {
   "type": "Feature",
   "geometry": {
    "type": "Point",
    "coordinates": [
     8.5649072,
     54.6917014
    ]
   },
   "properties": {
    "ref": "OSM-AED-08",
    "name": "Weißer Kasten an zentrale Säule, hinter zweiter Glastür",
    "addr:city": "Defibrillatoren",
    "emergency": "defibrillator",
    "art": "Defibrillator",
    "description": "Quelle: OpenStreetMap/OpenAEDMap, nicht vor Ort bestätigt, Ortschaft noch einzutragen",
    "survey:date": ""
   }
  },
  {
   "type": "Feature",
   "geometry": {
    "type": "Point",
    "coordinates": [
     8.510863,
     54.7081254
    ]
   },
   "properties": {
    "ref": "OSM-AED-09",
    "name": "Links neben dem Toiletteneingang",
    "addr:city": "Defibrillatoren",
    "emergency": "defibrillator",
    "art": "Defibrillator",
    "description": "Quelle: OpenStreetMap/OpenAEDMap, nicht vor Ort bestätigt, Ortschaft noch einzutragen",
    "survey:date": ""
   }
  },
  {
   "type": "Feature",
   "geometry": {
    "type": "Point",
    "coordinates": [
     8.4579225,
     54.7007283
    ]
   },
   "properties": {
    "ref": "OSM-AED-10",
    "name": "Außenwand rechts neben Feuerwehrtor",
    "addr:city": "Defibrillatoren",
    "emergency": "defibrillator",
    "art": "Defibrillator",
    "description": "Quelle: OpenStreetMap/OpenAEDMap, nicht vor Ort bestätigt, Ortschaft noch einzutragen",
    "survey:date": ""
   }
  },
  {
   "type": "Feature",
   "geometry": {
    "type": "Point",
    "coordinates": [
     8.46251964569092,
     54.72915632532034
    ]
   },
   "properties": {
    "ref": "Defi 7",
    "name": "",
    "addr:city": "Oldsum",
    "emergency": "defibrillator",
    "art": "Defibrillator",
    "survey:date": "2026-09-19"
   }
  },
  {
   "type": "Feature",
   "geometry": {
    "type": "Point",
    "coordinates": [
     8.510853052139284,
     54.70693704909146
    ]
   },
   "properties": {
    "ref": "GH ALK",
    "name": "",
    "addr:city": "Alkersum",
    "emergency": "fire_hydrant",
    "art": "Gerätehaus",
    "survey:date": "2026-09-19"
   }
  },
  {
   "type": "Feature",
   "geometry": {
    "type": "Point",
    "coordinates": [
     8.553722798824312,
     54.69636227318181
    ]
   },
   "properties": {
    "ref": "GH BOL",
    "name": "",
    "addr:city": "Wyk-Boldixum",
    "emergency": "fire_hydrant",
    "art": "Gerätehaus",
    "survey:date": "2026-09-19"
   }
  },
  {
   "type": "Feature",
   "geometry": {
    "type": "Point",
    "coordinates": [
     8.457933068275453,
     54.70062630242443
    ]
   },
   "properties": {
    "ref": "GH BOR",
    "name": "",
    "addr:city": "Borgsum",
    "emergency": "fire_hydrant",
    "art": "Gerätehaus",
    "survey:date": "2026-09-19"
   }
  },
  {
   "type": "Feature",
   "geometry": {
    "type": "Point",
    "coordinates": [
     8.520458042621614,
     54.714780719429285
    ]
   },
   "properties": {
    "ref": "GH MID",
    "name": "",
    "addr:city": "Midlum",
    "emergency": "fire_hydrant",
    "art": "Gerätehaus",
    "survey:date": "2026-09-19"
   }
  },
  {
   "type": "Feature",
   "geometry": {
    "type": "Point",
    "coordinates": [
     8.488325178623201,
     54.692348933353344
    ]
   },
   "properties": {
    "ref": "GH NIE",
    "name": "",
    "addr:city": "Nieblum",
    "emergency": "fire_hydrant",
    "art": "Gerätehaus",
    "survey:date": "2026-09-19"
   }
  },
  {
   "type": "Feature",
   "geometry": {
    "type": "Point",
    "coordinates": [
     8.530272245407106,
     54.70996963966169
    ]
   },
   "properties": {
    "ref": "GH OEV",
    "name": "",
    "addr:city": "Oevenum",
    "emergency": "fire_hydrant",
    "art": "Gerätehaus",
    "survey:date": "2026-09-19"
   }
  },
  {
   "type": "Feature",
   "geometry": {
    "type": "Point",
    "coordinates": [
     8.547623455524446,
     54.69932590625278
    ]
   },
   "properties": {
    "ref": "GH WRI",
    "name": "",
    "addr:city": "Wrixum",
    "emergency": "fire_hydrant",
    "art": "Gerätehaus",
    "survey:date": "2026-09-19"
   }
  },
  {
   "type": "Feature",
   "geometry": {
    "type": "Point",
    "coordinates": [
     8.559197187423708,
     54.69211112780839
    ]
   },
   "properties": {
    "ref": "GH WYK",
    "name": "",
    "addr:city": "Wyk auf Föhr",
    "emergency": "fire_hydrant",
    "art": "Gerätehaus",
    "survey:date": "2026-09-19"
   }
  }
 ]
}